Subjob id,Array Job id,Accuracy,Worst Class Accuracy,Benders Cuts - Cuts Added,Benders Cuts - Time,Solution Polishing - Solutions Found,Solution Polishing - Time,EQP Initial Cuts - Auxiliary Vars,EQP Initial Cuts - Cuts,EQP Initial Cuts - Time,Initial Root Relaxation - Obj,Initial Root Relaxation - Time,Initial Root Relaxation - Work,Presolve Relaxation - Obj,Presolve Relaxation - Time,Presolve Relaxation - Work,Final Root Relaxation - Obj,Final Root Relaxation - Time,Final Root Relaxation - Work,Model,Begin Opt Time,Dataset,Encoding,Buckets,|F|,|F^C|,|F^N|,|F^B|,|K|,Model Status,Objective,Bound,Gap,Solve Time,Node Count,Fingerprint,Memory Usage,Warmstart,Polish Warmstart,Results Directory,Compare Relaxations,depth,lambda,TimeLimit,Threads,MIPGap,MIPFocus,Heuristics,NodeMethod,Method,Seed,Presolve,NodeLimit,Benders Cuts-Enabled,Benders Cuts-Enhanced Cuts,Benders Cuts-Relax w,Benders Cuts-EC Level,Solution Polishing-Enabled,Solution Polishing-Check Validity,Solution Polishing-Use Cache,EQP Initial Cuts-Enabled,EQP Initial Cuts-Features Removed,EQP Initial Cuts-H Variant,EQP Initial Cuts-Disaggregate Alpha,EQP Initial Cuts-Group Selection,EQP Initial Cuts-Ignore Dataset Check,EQP Initial Cuts-Filter Dominated,EQP Initial Cuts-Beta Dependence,Memory,Walltime,CPUtime
21,23578656[].aqua,87.08,85.54,29325,11.201152801513672,0,0,43295,63277,3.3327503204345703,0.9289372,48.37,81.89,0.9289371544043508,83.95309281349182,116.83993078102584,0.923222411456904,320.3833658695221,535.6131642271736,BendWorstOCT,2026-07-10 10:48:31,ann-thyroid,Quantile Thresholds,5.0,21,15,6,39,3,9,0.8549216867469929,0.913653723037921,0.0686987325288303,3600.005808830261,711.0,-1969255927,1.432911712,False,False,EQP,False,3,0.0001,3600,1,0,0,0.05,-1,-1,0,-1,inf,True,False,False,1,False,False,True,True,2,Recursive,True,True,True,True,True,1.267716,3642,3580
313,23572848[].aqua,86.93,85.87,31415,11.183376550674438,0,0,43295,63277,3.282146453857422,0.9281372,59.35,83.19,0.928137154404351,103.31313514709473,128.40414869000992,0.9222974918129836,444.0591170787811,635.6910034434901,BendWorstOCT,2026-07-10 08:32:45,ann-thyroid,Quantile Thresholds,5.0,21,15,6,39,3,9,0.8572956521739091,0.9148156879538164,0.0670947480417628,3600.0163922309875,589.0,1635425925,0.958618688,False,False,EQP,False,3,0.0002,3600,1,0,0,0.05,-1,-1,0,-1,inf,True,False,False,1,False,False,True,True,2,Recursive,True,True,True,True,True,0.929292,3610,3579
17,23578656[].aqua,87.08,85.54,30243,11.519514083862305,0,0,43295,63277,3.368043899536133,0.9265372,48.97,80.38,0.9265371544043506,86.7584810256958,119.52041183583022,0.9205171210016504,344.32101821899414,546.5512054728852,BendWorstOCT,2026-07-10 10:48:31,ann-thyroid,Quantile Thresholds,5.0,21,15,6,39,3,9,0.8530216867469929,0.9044960567954096,0.0603435655249453,3600.0298731327057,661.0,-1720631519,1.41623664,False,False,EQP,False,3,0.0004,3600,1,0,0,0.05,-1,-1,0,-1,inf,True,False,False,1,False,False,True,True,2,Recursive,True,True,True,True,True,1.198256,3643,3582
46,23578656[].aqua,87.08,85.54,23956,8.656982660293579,0,0,43295,63277,3.0340678691864014,0.9249372,39.94,72.63,0.924937154404351,71.86881303787231,106.73714526395648,0.9189921998513952,308.29150199890137,545.13093125733,BendWorstOCT,2026-07-10 10:49:39,ann-thyroid,Quantile Thresholds,5.0,21,15,6,39,3,9,0.8518216867469864,0.9033576517804612,0.0605008839705465,3600.0058891773224,839.0,46056312,1.276768304,False,False,EQP,False,3,0.0006,3600,1,0,0,0.05,-1,-1,0,-1,inf,True,False,False,1,False,False,True,True,2,Recursive,True,True,True,True,True,1.12296,3676,3586
38,23578656[].aqua,87.08,85.54,40126,14.174482345581056,0,0,43295,63277,2.973421096801758,0.9233372,49.17,92.47,0.9233371544043504,79.12710809707642,127.4823571559628,0.9177083480574482,309.0479850769043,570.8626425308848,BendWorstOCT,2026-07-10 10:49:39,ann-thyroid,Quantile Thresholds,5.0,21,15,6,39,3,9,0.8490216867469879,0.9043154727715206,0.0651264707223085,3600.007008075714,591.0,239536136,1.661844736,False,False,EQP,False,3,0.0008,3600,1,0,0,0.05,-1,-1,0,-1,inf,True,False,False,1,False,False,True,True,2,Recursive,True,True,True,True,True,1.410208,3676,3587
32,23578656[].aqua,89.12,85.54,40723,16.54518699645996,0,0,43295,63277,3.4759745597839355,0.9217372,44.14,74.38,0.9217371544043506,81.43830990791321,108.62711610937806,0.916185785258522,350.39014291763306,542.1724717725649,BendWorstOCT,2026-07-10 10:48:31,ann-thyroid,Quantile Thresholds,5.0,21,15,6,39,3,9,0.8474216867469865,0.8980918217385696,0.0597932951021014,3600.029160022736,664.0,-503839369,1.65488024,False,False,EQP,False,3,0.001,3600,1,0,0,0.05,-1,-1,0,-1,inf,True,False,False,1,False,False,True,True,2,Recursive,True,True,True,True,True,1.549416,3643,3584
12,23578656[].aqua,87.08,85.54,28818,10.62142300605774,0,0,43295,63277,3.3366894721984863,0.9137372,49.36,85.17,0.9137371544043508,81.7508590221405,116.2306647175404,0.9082803588964828,367.8013899326325,621.1281218047031,BendWorstOCT,2026-07-10 10:49:11,ann-thyroid,Quantile Thresholds,5.0,21,15,6,39,3,9,0.8434216867469867,0.895131505058901,0.0613095668803053,3600.0357558727264,717.0,-1898254893,1.37271212,False,False,EQP,False,3,0.002,3600,1,0,0,0.05,-1,-1,0,-1,inf,True,False,False,1,False,False,True,True,2,Recursive,True,True,True,True,True,1.172544,3683,3590
11,23578656[].aqua,87.08,85.54,28937,11.317564487457275,0,0,43295,63277,3.5081636905670166,0.8977372,49.32,78.41,0.8977371544043509,87.3079559803009,114.93911172698174,0.8925612015153168,417.2604138851166,578.7794033590718,BendWorstOCT,2026-07-10 10:48:31,ann-thyroid,Quantile Thresholds,5.0,21,15,6,39,3,9,0.8354216867469865,0.8821598599137022,0.0559456067614278,3600.009486913681,615.0,1836835472,1.417501016,False,False,EQP,False,3,0.004,3600,1,0,0,0.05,-1,-1,0,-1,inf,True,False,False,1,False,False,True,True,2,Recursive,True,True,True,True,True,1.251552,3643,3579
22,23578656[].aqua,87.08,85.54,31267,11.16378092765808,0,0,43295,63277,3.3414342403411865,0.8819069,38.52,67.16,0.8819068933715192,84.59294009208679,118.60091099694138,0.8761234878557365,378.0160400867462,603.6343313418489,BendWorstOCT,2026-07-10 10:48:31,ann-thyroid,Quantile Thresholds,5.0,21,15,6,39,3,9,0.8314216867469877,0.864953833876648,0.0403310951159548,3600.0058450698853,671.0,1043062742,1.500573024,False,False,EQP,False,3,0.006,3600,1,0,0,0.05,-1,-1,0,-1,inf,True,False,False,1,False,False,True,True,2,Recursive,True,True,True,True,True,1.312224,3642,3580
305,23572848[].aqua,87.08,85.54,36993,7.251255989074707,0,0,43295,63277,2.9890265464782715,0.8702805,19.2,41.03,0.8702804582052854,41.95555281639099,56.7166482108605,0.863574293041237,220.57563495635983,355.9297633687026,BendWorstOCT,2026-07-10 08:33:23,ann-thyroid,Quantile Thresholds,5.0,21,15,6,39,3,9,0.8234216867469865,0.8607064061902846,0.0452802252398711,3600.016741991043,694.0,-121467298,1.050373,False,False,EQP,False,3,0.008,3600,1,0,0,0.05,-1,-1,0,-1,inf,True,False,False,1,False,False,True,True,2,Recursive,True,True,True,True,True,0.945992,3652,3589
37,23578656[].aqua,85.75,57.07,40884,9.862844228744509,0,0,43295,63277,2.9587883949279785,0.8614655,13.47,29.8,0.8614654619577388,26.66667413711548,37.73982078932537,0.8530383474849578,149.78404211997986,239.04099165849604,BendWorstOCT,2026-07-10 10:49:39,ann-thyroid,Quantile Thresholds,5.0,21,15,6,39,3,9,0.5406521739130455,0.8514911464228564,0.5749333629051566,3600.006117105484,617.0,321525297,1.631753072,False,False,EQP,False,3,0.01,3600,1,0,0,0.05,-1,-1,0,-1,inf,True,False,False,1,False,False,True,True,2,Recursive,True,True,True,True,True,1.55064,3676,3586
303,23572848[].aqua,85.89,66.3,30713,6.003180027008057,0,0,43295,63277,3.4063398838043213,0.8261818,18.92,35.87,0.8261817858713585,36.17545318603516,44.108016539050624,0.8092345045776587,183.13193917274475,206.3217128817912,BendWorstOCT,2026-07-10 08:32:26,ann-thyroid,Quantile Thresholds,5.0,21,15,6,39,3,9,0.6030434782608685,0.8061316413549999,0.3367720080147824,3600.008536100388,549.0,-776946340,0.921527456,False,False,EQP,False,3,0.02,3600,1,0,0,0.05,-1,-1,0,-1,inf,True,False,False,1,False,False,True,True,2,Recursive,True,True,True,True,True,0.86514,3612,3584
302,23572848[].aqua,87.08,85.54,34056,5.219553232192993,0,0,43295,63277,3.089132308959961,0.773869,21.77,51.08,0.7738690432286904,46.35211992263794,61.71430244354466,0.7395741022715174,173.25906205177307,226.15770681631523,BendWorstOCT,2026-07-10 08:32:26,ann-thyroid,Quantile Thresholds,5.0,21,15,6,39,3,9,0.6954216867469866,0.7107895534600384,0.0220986302353309,3600.006192922592,625.0,-1851893123,0.929714088,False,False,EQP,False,3,0.04,3600,1,0,0,0.05,-1,-1,0,-1,inf,True,False,False,1,False,False,True,True,2,Recursive,True,True,True,True,True,0.898468,3611,3582
34,23578656[].aqua,61.46,34.24,44899,8.092031002044678,0,0,43295,63277,3.071948289871216,0.7259218,25.77,58.88,0.7259218279298458,61.06901407241821,75.41511268027948,0.6824135823721955,225.1768040657044,304.10816801236643,BendWorstOCT,2026-07-10 10:49:39,ann-thyroid,Quantile Thresholds,5.0,21,15,6,39,3,9,0.1623913043478269,0.658677810512241,3.05611503126679,3600.072916984558,595.0,-649187642,1.474518816,False,False,EQP,False,3,0.06,3600,1,0,0,0.05,-1,-1,0,-1,inf,True,False,False,1,False,False,True,True,2,Recursive,True,True,True,True,True,1.183244,3676,3579
300,23572848[].aqua,87.08,85.54,48230,6.760067224502564,0,0,43295,63277,2.9065206050872803,0.6807123,30.4,70.83,0.6807123059049843,65.84434604644775,88.89248567348355,0.6358018720287858,213.1560561656952,293.8688052467847,BendWorstOCT,2026-07-10 08:32:22,ann-thyroid,Quantile Thresholds,5.0,21,15,6,39,3,9,0.5354216867469865,0.5711236948955878,0.0666801682343364,3600.010945081711,505.0,-1730497881,1.101132008,False,False,EQP,False,3,0.08,3600,1,0,0,0.05,-1,-1,0,-1,inf,True,False,False,1,False,False,True,True,2,Recursive,True,True,True,True,True,0.952156,3608,3582
28,23578656[].aqua,12.49,11.7,32057,9.316872596740724,0,0,85007,125845,4.320558547973633,0.953583,257.28,428.5,0.9535830206960334,409.28384017944336,639.46546855077,0.9535644572058676,888.3623061180115,1567.428867578515,BendWorstOCT,2026-07-10 10:48:32,ann-thyroid,Quantile Thresholds,5.0,21,15,6,39,3,9,0.1154117011701174,0.9417898594200232,7.160263213101939,3600.011228084564,28.0,1618583186,1.651006168,False,False,EQP,False,4,0.0001,3600,1,0,0,0.05,-1,-1,0,-1,inf,True,False,False,1,False,False,True,True,2,Recursive,True,True,True,True,True,1.358084,3643,3581
44,23578656[].aqua,50.5,39.4,28333,5.936961650848389,0,0,85007,125845,3.823975563049317,0.951983,248.93,486.75,0.9519830206960342,373.6831340789795,678.8763669664554,0.9514295310916742,1295.7169480323792,2774.621714197717,BendWorstOCT,2026-07-10 10:49:40,ann-thyroid,Quantile Thresholds,5.0,21,15,6,39,3,9,0.3908217391304358,0.9414008892165738,1.4087730925898765,3600.023055076599,22.0,-1992862327,1.576332824,False,False,EQP,False,4,0.0002,3600,1,0,0,0.05,-1,-1,0,-1,inf,True,False,False,1,False,False,True,True,2,Recursive,True,True,True,True,True,1.345276,3677,3589
49,23578656[].aqua,22.15,20.27,27142,4.201960802078247,0,0,85007,125845,3.8782434463500977,0.948783,240.06,457.95,0.9487830204849708,305.45786023139954,530.8405251504339,0.9487799833971614,626.6200611591339,1195.3767480800957,BendWorstOCT,2026-07-10 10:49:40,ann-thyroid,Quantile Thresholds,5.0,21,15,6,39,3,9,0.1962702670266962,0.9405485532011794,3.7921092045656017,3600.009353160858,31.0,203939746,1.715667872,False,False,EQP,False,4,0.0004,3600,1,0,0,0.05,-1,-1,0,-1,inf,True,False,False,1,False,False,True,True,2,Recursive,True,True,True,True,True,1.252932,3677,3588
39,23578656[].aqua,21.46,20.27,29416,5.25230884552002,0,0,85007,125845,3.878209590911865,0.945583,273.91,520.33,0.9455830206962208,344.91836285591125,601.0815787390508,0.9455767701788672,983.267392873764,2004.093530225505,BendWorstOCT,2026-07-10 10:49:40,ann-thyroid,Quantile Thresholds,5.0,21,15,6,39,3,9,0.1930702676984187,0.93696517,3.8529749358589287,3600.01650595665,22.0,893549232,1.535613304,False,False,EQP,False,4,0.0006,3600,1,0,0,0.05,-1,-1,0,-1,inf,True,False,False,1,False,False,True,True,2,Recursive,True,True,True,True,True,1.337332,3677,3587
40,23578656[].aqua,25.29,24.06,28846,5.128289222717285,0,0,85007,125845,3.780580759048462,0.942383,277.41,534.11,0.9423830206960332,438.216866016388,828.2621491985,0.942363231241576,920.2887380123138,1921.011367892596,BendWorstOCT,2026-07-10 10:49:40,ann-thyroid,Quantile Thresholds,5.0,21,15,6,39,3,9,0.2278240624062308,0.9314901440844892,3.0886381106819107,3600.0116300582886,58.0,1490305373,1.527664896,False,False,EQP,False,4,0.0008,3600,1,0,0,0.05,-1,-1,0,-1,inf,True,False,False,1,False,False,True,True,2,Recursive,True,True,True,True,True,1.308984,3677,3586
27,23578656[].aqua,41.68,14.46,23332,5.0838775634765625,0,0,85007,125845,4.288013935089111,0.939183,322.39,525.63,0.9391830206960338,467.2152020931244,750.0782159061914,0.9391326013616548,1020.8166661262512,1834.2501610216973,BendWorstOCT,2026-07-10 10:48:32,ann-thyroid,Quantile Thresholds,5.0,21,15,6,39,3,9,0.128578313253012,0.927147862532832,6.210763923371911,3600.0088889598846,38.0,94775117,1.410990992,False,False,EQP,False,4,0.001,3600,1,0,0,0.05,-1,-1,0,-1,inf,True,False,False,1,False,False,True,True,2,Recursive,True,True,True,True,True,1.21914,3643,3581
26,23578656[].aqua,51.21,0.54,25226,9.816622018814089,0,0,85007,125845,4.309628248214722,0.9238071,266.53,443.15,0.9238071111414196,457.0212910175324,678.8457457441432,0.9226215213983134,1703.0935220718384,3047.3637204834217,BendWorstOCT,2026-07-10 10:48:32,ann-thyroid,Quantile Thresholds,5.0,21,15,6,39,3,9,-0.0185652173913043,0.9212982627289042,50.62496497134613,3600.012195110321,19.0,-1005592146,1.496790304,False,False,EQP,False,4,0.002,3600,1,0,0,0.05,-1,-1,0,-1,inf,True,False,False,1,False,False,True,True,2,Recursive,True,True,True,True,True,1.205288,3643,3580
23,23578656[].aqua,18.92,13.25,39137,6.940513849258423,0,0,85007,125845,4.339712381362915,0.8998021,223.17,384.47,0.8998020997118505,345.4450891017914,496.43140486030205,0.8975265705283314,1593.4695498943329,2842.273538575577,BendWorstOCT,2026-07-10 10:48:32,ann-thyroid,Quantile Thresholds,5.0,21,15,6,39,3,9,0.0845301204819277,0.897516431240647,9.617711487025897,3600.010055065155,43.0,2032387841,1.68983104,False,False,EQP,False,4,0.004,3600,1,0,0,0.05,-1,-1,0,-1,inf,True,False,False,1,False,False,True,True,2,Recursive,True,True,True,True,True,1.409096,3643,3581
45,23578656[].aqua,85.89,66.3,35561,8.38007640838623,0,0,85007,125845,3.898882389068604,0.8819406,161.28,308.48,0.8819406099738996,232.8595762252808,364.6652109816896,0.8807604150941539,1129.297166109085,1974.701026558956,BendWorstOCT,2026-07-10 10:49:40,ann-thyroid,Quantile Thresholds,5.0,21,15,6,39,3,9,0.6390434782608685,0.8806628083441128,0.3780952913263457,3600.010453224182,365.0,2080435712,2.064985696,False,False,EQP,False,4,0.006,3600,1,0,0,0.05,-1,-1,0,-1,inf,True,False,False,1,False,False,True,True,2,Recursive,True,True,True,True,True,1.442476,3677,3587
1,23578656[].aqua,85.89,66.3,37173,7.2054595947265625,0,0,85007,125845,4.199918031692505,0.8699912,118.51,212.85,0.8699912114606432,189.0407359600067,258.7770521572185,0.8681568732959474,1048.0710508823397,1506.397874529596,BendWorstOCT,2026-07-10 10:48:32,ann-thyroid,Quantile Thresholds,5.0,21,15,6,39,3,9,0.6390434782608685,0.8679187656495585,0.358152919440732,3600.010662794113,547.0,73862241,2.276721328,False,False,EQP,False,4,0.008,3600,1,0,0,0.05,-1,-1,0,-1,inf,True,False,False,1,False,False,True,True,2,Recursive,True,True,True,True,True,1.701532,3644,3583
43,23578656[].aqua,84.6,73.37,42634,9.809128999710085,0,0,85007,125845,3.8922219276428223,0.8602879,102.54,194.79,0.8602878751241989,151.88797307014465,224.44074907674124,0.8565967482630215,598.2280550003052,821.6930018306275,BendWorstOCT,2026-07-10 10:49:40,ann-thyroid,Quantile Thresholds,5.0,21,15,6,39,3,9,0.6536956521739108,0.8561536068789583,0.3097128671909616,3600.025845050812,522.0,-1394671482,2.476470688,False,False,EQP,False,4,0.01,3600,1,0,0,0.05,-1,-1,0,-1,inf,True,False,False,1,False,False,True,True,2,Recursive,True,True,True,True,True,1.9146,3677,3587
0,23582897[].aqua,75.83,31.33,57215,11.412569046020508,0,0,85007,125845,4.125866889953613,0.8213958,106.05,191.79,0.8213957749457927,148.62520503997803,211.05341661289484,0.8125736715242591,473.5232088565826,621.8405744196365,BendWorstOCT,2026-07-10 12:02:30,ann-thyroid,Quantile Thresholds,5.0,21,15,6,39,3,9,0.2132530120481928,0.8074671659330623,2.786427953245433,3600.056484937668,543.0,1942837357,2.57910384,False,False,EQP,False,4,0.02,3600,1,0,0,0.05,-1,-1,0,-1,inf,True,False,False,1,False,False,True,True,2,Recursive,True,True,True,True,True,2.079552,3688,3587
31,23578656[].aqua,70.22,66.3,43619,7.601218938827515,0,0,85007,125845,3.982842683792114,0.7666423,112.87,204.3,0.7666423004713021,257.46714997291565,257.85681173178733,0.7411980022546328,931.7143659591676,1016.0228854010422,BendWorstOCT,2026-07-10 10:48:32,ann-thyroid,Quantile Thresholds,5.0,21,15,6,39,3,9,0.5430434782608685,0.7290212091494815,0.3424730032376387,3600.290690898896,574.0,1332744945,2.310195496,False,False,EQP,False,4,0.04,3600,1,0,0,0.05,-1,-1,0,-1,inf,True,False,False,1,False,False,True,True,2,Recursive,True,True,True,True,True,1.660032,3644,3587
35,23578656[].aqua,92.58,0.0,64522,11.015606164932253,0,0,85007,125845,4.018078565597534,0.7222375,133.5,237.24,0.72223746922631,265.2682890892029,303.2596535166073,0.6843385237363844,825.5367941856384,845.6925738936067,BendWorstOCT,2026-07-10 10:49:40,ann-thyroid,Quantile Thresholds,5.0,21,15,6,39,3,9,-0.06,0.6756201377267028,12.260335628778378,3600.0111830234528,362.0,1823946539,2.844495584,False,False,EQP,False,4,0.06,3600,1,0,0,0.05,-1,-1,0,-1,inf,True,False,False,1,False,False,True,True,2,Recursive,True,True,True,True,True,1.803824,3677,3587
15,23578656[].aqua,43.15,39.95,48854,9.929019927978516,0,0,85007,125845,4.094641208648682,0.6843039,145.73,234.08,0.6843039409473891,315.06657695770264,295.0888999463479,0.6293936371420455,883.0007610321045,819.9009201774277,BendWorstOCT,2026-07-10 10:48:32,ann-thyroid,Quantile Thresholds,5.0,21,15,6,39,3,9,0.1594565217391315,0.6165979839456931,2.8668721556239523,3600.040252923965,424.0,-388191660,2.39787932,False,False,EQP,False,4,0.08,3600,1,0,0,0.05,-1,-1,0,-1,inf,True,False,False,1,False,False,True,True,2,Recursive,True,True,True,True,True,1.667548,3644,3584
44,23572848[].aqua,52.48,46.94,3107,1.1715893745422363,0,0,26820,39336,0.7104282379150391,0.8090362,47.65,71.17,0.8090361959807396,63.41107487678528,86.74603703441755,0.802551283830157,168.37942481040955,244.55953180095565,BendWorstOCT,2026-07-10 07:24:45,balance-scale,,,4,4,0,20,3,9,0.468587755102041,0.6015328280356775,0.2837143554992938,3600.0018858909607,2650.0,-1510784481,0.399564384,False,False,EQP,False,3,0.0001,3600,1,0,0,0.05,-1,-1,0,-1,inf,True,False,False,1,False,False,True,True,2,Recursive,True,True,True,True,True,0.517456,3615,3574
43,23572848[].aqua,57.92,46.94,3102,0.8169562816619873,0,0,26820,39336,0.6617627143859863,0.8082362,41.02,65.0,0.8082361959807423,56.74679112434387,82.27262985565109,0.8011503269111666,163.60390520095825,250.487313887332,BendWorstOCT,2026-07-10 07:24:45,balance-scale,,,4,4,0,20,3,9,0.467987755102041,0.5744252583093948,0.2274365131287377,3600.002088069916,3280.0,1893508281,0.398698552,False,False,EQP,False,3,0.0002,3600,1,0,0,0.05,-1,-1,0,-1,inf,True,False,False,1,False,False,True,True,2,Recursive,True,True,True,True,True,0.51774,3615,3579
42,23572848[].aqua,48.32,46.94,3588,1.5393636226654053,0,0,26820,39336,0.6866612434387207,0.8066362,44.11,67.1,0.8066361959807412,62.47951602935791,83.930844503346,0.8001971238113067,157.16125392913818,218.00234432304453,BendWorstOCT,2026-07-10 07:26:00,balance-scale,,,4,4,0,20,3,9,0.466587755102041,0.5468037293023715,0.171920444381974,3600.0145721435547,4608.0,-67422162,0.434335912,False,False,EQP,False,3,0.0004,3600,1,0,0,0.05,-1,-1,0,-1,inf,True,False,False,1,False,False,True,True,2,Recursive,True,True,True,True,True,0.47304,3690,3591
41,23572848[].aqua,52.48,46.94,3651,1.2165184020996094,0,0,26820,39336,0.6591176986694336,0.8050362,46.77,74.49,0.8050361959807248,63.20542192459106,92.3448968183726,0.7978051740616707,147.3567910194397,220.49221039879507,BendWorstOCT,2026-07-10 07:24:45,balance-scale,,,4,4,0,20,3,9,0.4651877551020408,0.5203807781649239,0.1186467667249242,3600.002715110779,7278.0,1017417932,0.395363376,False,False,EQP,False,3,0.0006,3600,1,0,0,0.05,-1,-1,0,-1,inf,True,False,False,1,False,False,True,True,2,Recursive,True,True,True,True,True,0.498368,3631,3577
40,23572848[].aqua,52.48,46.94,2926,0.8468995094299316,0,0,26820,39336,0.6911201477050781,0.8034519,47.34,73.3,0.8034518713037879,66.8431441783905,93.08952666053789,0.7969402885047044,165.29769611358645,242.9990006021524,BendWorstOCT,2026-07-10 07:24:45,balance-scale,,,4,4,0,20,3,9,0.4637877553947987,0.5588078802501014,0.2048784681139694,3600.0030360221863,5540.0,-1835733678,0.399437016,False,False,EQP,False,3,0.0008,3600,1,0,0,0.05,-1,-1,0,-1,inf,True,False,False,1,False,False,True,True,2,Recursive,True,True,True,True,True,0.48506,3631,3577
39,23572848[].aqua,57.92,46.94,3167,1.0336334705352783,0,0,26820,39336,0.7006425857543945,0.8020048,49.58,72.05,0.8020048328278966,66.17646408081055,86.61039907896763,0.7959925198689493,158.1181321144104,228.4909289317972,BendWorstOCT,2026-07-10 07:24:46,balance-scale,,,4,4,0,20,3,9,0.4623877551020409,0.5532801341394291,0.1965717691147116,3600.0193009376526,5574.0,-782783523,0.388451728,False,False,EQP,False,3,0.001,3600,1,0,0,0.05,-1,-1,0,-1,inf,True,False,False,1,False,False,True,True,2,Recursive,True,True,True,True,True,0.497052,3647,3583
38,23572848[].aqua,52.48,46.94,3246,1.1340887546539309,0,0,26820,39336,0.6878774166107178,0.7950581,42.41,64.88,0.7950581445745664,65.07066583633423,85.99267805590156,0.7877910235201633,179.85808181762695,275.7031983836588,BendWorstOCT,2026-07-10 07:24:46,balance-scale,,,4,4,0,20,3,9,0.4553877551020409,0.5501128064684396,0.2080096583738251,3600.00305390358,5930.0,-1335467436,0.39917284,False,False,EQP,False,3,0.002,3600,1,0,0,0.05,-1,-1,0,-1,inf,True,False,False,1,False,False,True,True,2,Recursive,True,True,True,True,True,0.495228,3647,3587
37,23572848[].aqua,52.32,46.94,3876,1.4284613132476809,0,0,26820,39336,0.6281299591064453,0.7817425,40.79,64.77,0.781742522939829,55.98021221160889,79.18537638403855,0.7740583997557239,146.60941219329834,233.8077278429096,BendWorstOCT,2026-07-10 07:24:45,balance-scale,,,4,4,0,20,3,9,0.4413877551020409,0.5013048788087012,0.1357471361950413,3600.002674102783,6241.0,-239048824,0.459872728,False,False,EQP,False,3,0.004,3600,1,0,0,0.05,-1,-1,0,-1,inf,True,False,False,1,False,False,True,True,2,Recursive,True,True,True,True,True,0.505524,3647,3583
36,23572848[].aqua,50.24,48.26,3158,1.1141772270202637,0,0,26820,39336,0.7098832130432129,0.7687425,43.3,66.09,0.7687425229398293,62.86509585380554,84.93688818373413,0.7617327790627192,150.40174007415771,221.766545876159,BendWorstOCT,2026-07-10 07:24:45,balance-scale,,,4,4,0,20,3,9,0.4406388888888876,0.4960624732359511,0.1257800565148012,3600.00203704834,5206.0,-856467560,0.431205048,False,False,EQP,False,3,0.006,3600,1,0,0,0.05,-1,-1,0,-1,inf,True,False,False,1,False,False,True,True,2,Recursive,True,True,True,True,True,0.53984,3647,3579
35,23572848[].aqua,52.32,46.94,3726,1.9866375923156736,0,0,26820,39336,0.8335165977478027,0.7557425,48.51,63.8,0.7557425229398284,72.52823781967163,83.23284157497224,0.7466745142005538,186.17204785346985,240.08765296367315,BendWorstOCT,2026-07-10 07:24:46,balance-scale,,,4,4,0,20,3,9,0.4133877552433798,0.5102274744678251,0.234258799386623,3600.0278108119965,4973.0,511843441,0.452033848,False,False,EQP,False,3,0.008,3600,1,0,0,0.05,-1,-1,0,-1,inf,True,False,False,1,False,False,True,True,2,Recursive,True,True,True,True,True,0.502264,3648,3584
34,23572848[].aqua,50.24,48.26,4053,1.6014018058776855,0,0,26820,39336,0.7345938682556152,0.7427425,39.13,60.37,0.7427425229398295,57.99667191505432,81.19549747504699,0.7346070897632201,137.04671096801758,199.3363719193862,BendWorstOCT,2026-07-10 07:24:45,balance-scale,,,4,4,0,20,3,9,0.4026388888888876,0.4579073779193194,0.1372656505757537,3600.002769947052,7567.0,639574362,0.458847528,False,False,EQP,False,3,0.01,3600,1,0,0,0.05,-1,-1,0,-1,inf,True,False,False,1,False,False,True,True,2,Recursive,True,True,True,True,True,0.51122,3662,3576
33,23572848[].aqua,50.4,48.61,4160,2.1409151554107666,0,0,26820,39336,0.6301651000976562,0.6777425,38.16,61.89,0.6777425229398301,55.378896951675415,80.62747761692114,0.6694105514561025,136.59834694862366,212.5535590838948,BendWorstOCT,2026-07-10 07:24:45,balance-scale,,,4,4,0,20,3,2,0.3461111111111098,0.3461111111111097,0.0,3221.9117579460144,16827.0,-1323539077,0.39349152,False,False,EQP,False,3,0.02,3600,1,0,0,0.05,-1,-1,0,-1,inf,True,False,False,1,False,False,True,True,2,Recursive,True,True,True,True,True,0.491232,3285,3204
32,23572848[].aqua,43.2,40.97,3926,1.5228595733642578,0,0,26820,39336,0.7158000469207764,0.5477465,39.05,63.72,0.5477465151551029,57.87834405899048,81.11050569927829,0.5400658564407012,148.98992896080017,224.87684489232456,BendWorstOCT,2026-07-10 07:24:46,balance-scale,,,4,4,0,20,3,9,0.2097222222222213,0.3091792884818596,0.4742323689201315,3600.015881061554,19339.0,-306246086,0.54708172,False,False,EQP,False,3,0.04,3600,1,0,0,0.05,-1,-1,0,-1,inf,True,False,False,1,False,False,True,True,2,Recursive,True,True,True,True,True,0.55382,3662,3587
31,23572848[].aqua,35.2,30.56,4398,1.1383426189422607,0,0,26820,39336,0.7107992172241211,0.4747971,21.01,38.02,0.4747971164483769,41.816285848617554,45.99261086571183,0.4494525449070803,187.7933459281921,272.611455252567,BendWorstOCT,2026-07-10 07:24:45,balance-scale,,,4,4,0,20,3,2,0.1255555560057774,0.1255555560057774,0.0,2418.9881629943848,21713.0,-282722927,0.44078984,False,False,EQP,False,3,0.06,3600,1,0,0,0.05,-1,-1,0,-1,inf,True,False,False,1,False,False,True,True,2,Recursive,True,True,True,True,True,0.54408,2481,2409
30,23572848[].aqua,35.2,30.56,3037,0.5172204971313477,0,0,26820,39336,0.7251482009887695,0.4475472,23.77,40.46,0.4475472191360026,41.75101709365845,47.62150230887082,0.382112011760254,87.81604504585266,118.68044737784426,BendWorstOCT,2026-07-10 07:24:45,balance-scale,,,4,4,0,20,3,2,0.0655555555555563,0.0655555555555563,0.0,2106.474818944931,10910.0,-971320486,0.404630392,False,False,EQP,False,3,0.08,3600,1,0,0,0.05,-1,-1,0,-1,inf,True,False,False,1,False,False,True,True,2,Recursive,True,True,True,True,True,0.527,2169,2099
59,23572848[].aqua,46.08,26.53,2130,0.4534609317779541,0,0,55428,82248,1.3467648029327393,0.9163502,324.83,363.36,0.9163502265683078,485.22550797462463,563.4344300628012,0.9163019816496476,976.4798529148102,1223.233393247562,BendWorstOCT,2026-07-10 07:26:37,balance-scale,,,4,4,0,20,3,9,0.2644061224489796,0.9162305812433044,2.465239657678888,3600.0141909122467,17.0,1465353209,0.505289624,False,False,EQP,False,4,0.0001,3600,1,0,0,0.05,-1,-1,0,-1,inf,True,False,False,1,False,False,True,True,2,Recursive,True,True,True,True,True,0.570144,3668,3580
58,23572848[].aqua,38.72,26.74,2559,0.5823459625244141,0,0,55428,82248,1.2246785163879397,0.9153413,265.81,393.18,0.9153413019478848,389.8986849784851,595.5485643329619,0.9150026038592464,836.1297740936279,1322.833948086628,BendWorstOCT,2026-07-10 07:25:20,balance-scale,,,4,4,0,20,3,9,0.2657611111111127,0.9144121662865898,2.440729768413261,3600.0037500858307,90.0,1820968596,0.550739816,False,False,EQP,False,4,0.0002,3600,1,0,0,0.05,-1,-1,0,-1,inf,True,False,False,1,False,False,True,True,2,Recursive,True,True,True,True,True,0.593524,3607,3575
57,23572848[].aqua,22.4,13.54,2021,0.5428111553192139,0,0,55428,82248,1.5769526958465576,0.9133235,443.6,398.83,0.9133234527070384,660.0680260658264,626.8724397579439,0.9129280158771872,1373.2632281780243,1303.346930254365,BendWorstOCT,2026-07-10 07:26:37,balance-scale,,,4,4,0,20,3,9,0.1318166666666666,0.9129217102977734,5.925692580334608,3600.0055751800537,20.0,1534690502,0.534464784,False,False,EQP,False,4,0.0004,3600,1,0,0,0.05,-1,-1,0,-1,inf,True,False,False,1,False,False,True,True,2,Recursive,True,True,True,True,True,0.591792,3684,3589
56,23572848[].aqua,40.32,36.73,2557,0.556105375289917,0,0,55428,82248,1.3453614711761477,0.9113056,341.88,373.49,0.9113056034661928,473.17882204055786,546.7484627441002,0.9106469267799004,926.5938129425048,1137.0179355316145,BendWorstOCT,2026-07-10 07:26:37,balance-scale,,,4,4,0,20,3,9,0.3601469387755103,0.9106228583436032,1.528475908860133,3600.019294023514,14.0,-1219173672,0.482943488,False,False,EQP,False,4,0.0006,3600,1,0,0,0.05,-1,-1,0,-1,inf,True,False,False,1,False,False,True,True,2,Recursive,True,True,True,True,True,0.581208,3684,3581
55,23572848[].aqua,31.84,28.47,2368,0.3964941501617431,0,0,55428,82248,1.1803901195526123,0.9092878,249.1,390.18,0.9092877542253462,359.56658387184143,568.6049900149299,0.90863703630436,723.920648097992,1210.2635834618263,BendWorstOCT,2026-07-10 07:25:19,balance-scale,,,4,4,0,20,3,9,0.2775222222222217,0.90862669511158,2.274068245187266,3600.0050280094147,35.0,-1711268255,0.560369808,False,False,EQP,False,4,0.0008,3600,1,0,0,0.05,-1,-1,0,-1,inf,True,False,False,1,False,False,True,True,2,Recursive,True,True,True,True,True,0.596568,3605,3574
54,23572848[].aqua,43.04,28.12,1995,0.3238427639007568,0,0,55428,82248,1.185300350189209,0.9072699,289.2,447.32,0.9072699049845008,403.8559260368347,629.2408198503585,0.9043214311587864,1042.7010900974274,1795.9221683001872,BendWorstOCT,2026-07-10 07:25:19,balance-scale,,,4,4,0,20,3,9,0.27225,0.9039119104015282,2.32015394086879,3600.0053341388702,78.0,1109200523,0.547697392,False,False,EQP,False,4,0.001,3600,1,0,0,0.05,-1,-1,0,-1,inf,True,False,False,1,False,False,True,True,2,Recursive,True,True,True,True,True,0.591444,3605,3575
53,23572848[].aqua,24.0,13.89,2360,0.5284297466278076,0,0,55428,82248,1.1977944374084473,0.8973841,281.41,419.1,0.8973840624340098,382.8248500823975,560.3241535537398,0.8961553254358308,749.7152781486511,1176.3238343912044,BendWorstOCT,2026-07-10 07:26:00,balance-scale,,,4,4,0,20,3,9,0.1188888888888888,0.8961443335587228,6.537662618718231,3600.007509946823,29.0,-1640705803,0.563362416,False,False,EQP,False,4,0.002,3600,1,0,0,0.05,-1,-1,0,-1,inf,True,False,False,1,False,False,True,True,2,Recursive,True,True,True,True,True,0.58356,3671,3585
52,23572848[].aqua,37.44,18.37,2948,0.5911777019500732,0,0,55428,82248,1.2699837684631348,0.8786513,296.65,439.53,0.8786512847404335,341.3204119205475,502.1869379921458,0.874405849514028,1293.0966908931732,2141.301636206789,BendWorstOCT,2026-07-10 07:24:56,balance-scale,,,4,4,0,20,3,9,0.155673469387755,0.874405849514028,4.616922735472913,3600.0077090263367,14.0,779553625,0.4927446,False,False,EQP,False,4,0.004,3600,1,0,0,0.05,-1,-1,0,-1,inf,True,False,False,1,False,False,True,True,2,Recursive,True,True,True,True,True,0.611452,3606,3578
51,23572848[].aqua,31.36,25.35,2234,0.5413806438446045,0,0,55428,82248,1.3453731536865234,0.8606513,279.72,388.3,0.8606512847403898,377.9508337974548,519.1530356617013,0.8555092875070927,1064.33745098114,1639.3886791736,BendWorstOCT,2026-07-10 07:26:00,balance-scale,,,4,4,0,20,3,9,0.2174722222222218,0.8555092875070927,2.933878445555677,3600.024348974228,32.0,262678677,0.532997808,False,False,EQP,False,4,0.006,3600,1,0,0,0.05,-1,-1,0,-1,inf,True,False,False,1,False,False,True,True,2,Recursive,True,True,True,True,True,0.580524,3671,3582
50,23572848[].aqua,40.96,26.53,2626,0.6384575366973877,0,0,55428,82248,1.355346441268921,0.8426513,260.94,379.16,0.842651284740431,343.9969401359558,486.698167449236,0.8376064916260327,822.8014740943909,1166.3700641978653,BendWorstOCT,2026-07-10 07:26:00,balance-scale,,,4,4,0,20,3,9,0.1933061224489795,0.8376064916260327,3.3330572307512267,3600.015223026276,26.0,-916638945,0.563379856,False,False,EQP,False,4,0.008,3600,1,0,0,0.05,-1,-1,0,-1,inf,True,False,False,1,False,False,True,True,2,Recursive,True,True,True,True,True,0.610376,3671,3590
49,23572848[].aqua,34.72,24.31,2973,0.7235362529754639,0,0,55428,82248,1.257333517074585,0.8246513,258.31,400.59,0.824651284740454,303.29533886909485,464.1415321922341,0.8199908861848768,602.9617199897766,961.1039318376776,BendWorstOCT,2026-07-10 07:24:56,balance-scale,,,4,4,0,20,3,9,0.1730555556728607,0.8199908861848768,3.7383100935225912,3600.003942966461,95.0,5854328,0.651082104,False,False,EQP,False,4,0.01,3600,1,0,0,0.05,-1,-1,0,-1,inf,True,False,False,1,False,False,True,True,2,Recursive,True,True,True,True,True,0.644112,3606,3581
48,23572848[].aqua,48.48,23.96,2909,0.6035969257354736,0,0,55428,82248,1.2523424625396729,0.7346513,265.2,401.72,0.7346512847401897,382.2462501525879,590.4423512387841,0.7290256691180222,850.580372095108,1374.6397089376226,BendWorstOCT,2026-07-10 07:24:56,balance-scale,,,4,4,0,20,3,9,0.0595833333333329,0.7290256691152005,11.235395845290157,3600.0155420303345,301.0,-1562881539,0.475168296,False,False,EQP,False,4,0.02,3600,1,0,0,0.05,-1,-1,0,-1,inf,True,False,False,1,False,False,True,True,2,Recursive,True,True,True,True,True,0.584648,3607,3579
47,23572848[].aqua,44.8,42.36,3640,0.9066848754882812,0,0,55428,82248,1.2721004486083984,0.5546513,360.77,551.75,0.554651284740321,436.88102197647095,652.7700340196726,0.5505536404809261,1081.18549990654,1678.0217940489376,BendWorstOCT,2026-07-10 07:26:00,balance-scale,,,4,4,0,20,3,9,0.223611111111158,0.5505536404809218,1.4621032369327978,3600.021909952164,452.0,-27375159,0.576167824,False,False,EQP,False,4,0.04,3600,1,0,0,0.05,-1,-1,0,-1,inf,True,False,False,1,False,False,True,True,2,Recursive,True,True,True,True,True,0.638904,3671,3584
46,23572848[].aqua,53.12,44.9,3787,0.9722938537597656,0,0,55428,82248,1.3440766334533691,0.4748242,195.08,241.94,0.4748241645994439,229.41433095932007,258.49888035468064,0.4511545101937238,719.2014200687408,790.4421338661368,BendWorstOCT,2026-07-10 07:26:00,balance-scale,,,4,4,0,20,3,9,0.1489795918367348,0.4410564872338109,1.9605161471858503,3600.015021085739,543.0,1644605704,0.748584224,False,False,EQP,False,4,0.06,3600,1,0,0,0.05,-1,-1,0,-1,inf,True,False,False,1,False,False,True,True,2,Recursive,True,True,True,True,True,0.8232,3693,3591
45,23572848[].aqua,35.2,30.56,3667,0.6197359561920166,0,0,55428,82248,1.228315830230713,0.4475472,74.61,124.7,0.4475472191360027,104.89504408836363,141.42568224733444,0.3986795997780011,338.33924293518066,407.8856358663884,BendWorstOCT,2026-07-10 07:24:46,balance-scale,,,4,4,0,20,3,9,0.0655555555555552,0.3704123181191057,4.650357395037229,3600.0073449611664,651.0,-841533010,0.85464204,False,False,EQP,False,4,0.08,3600,1,0,0,0.05,-1,-1,0,-1,inf,True,False,False,1,False,False,True,True,2,Recursive,True,True,True,True,True,0.8256,3615,3576
14,23572848[].aqua,72.56,71.6,2179,0.9088618755340576,0,0,1032,1514,0.0550999641418457,0.9512937,0.14,0.22,0.9512936845578982,0.7214510440826416,0.4327752380338662,0.9487931564198024,1.4084720611572266,1.042646387965201,BendWorstOCT,2026-07-10 07:24:45,breast-cancer,,,9,9,0,38,2,9,0.7154493827160504,0.7898137184115515,0.1039407363986991,3600.0005600452423,488219.0,1562978351,0.232336096,False,False,EQP,False,3,0.0001,3600,1,0,0,0.05,-1,-1,0,-1,inf,True,False,False,1,False,False,True,True,2,Recursive,True,True,True,True,True,0.354556,3678,3578
13,23572848[].aqua,71.84,71.6,2149,0.901353359222412,0,0,1032,1514,0.4166877269744873,0.9504937,0.25,0.26,0.9504936845578982,2.6200430393218994,0.4633561126407473,0.9489126885114946,3.089318037033081,0.6940606905987968,BendWorstOCT,2026-07-10 07:24:45,breast-cancer,,,9,9,0,38,2,9,0.7146493827160504,0.7957134195070176,0.1134318992662953,3600.013332128525,486868.0,-1054050818,0.269796264,False,False,EQP,False,3,0.0002,3600,1,0,0,0.05,-1,-1,0,-1,inf,True,False,False,1,False,False,True,True,2,Recursive,True,True,True,True,True,0.388528,3679,3586
12,23572848[].aqua,72.56,71.6,2050,0.7032139301300049,0,0,1032,1514,0.0778884887695312,0.9488937,0.22,0.23,0.9488936845578982,2.2284789085388184,0.4146326676122394,0.9464229753392326,3.193011999130249,1.0806636032844417,BendWorstOCT,2026-07-10 07:24:45,breast-cancer,,,9,9,0,38,2,9,0.7140493827160499,0.7812331950556206,0.0940884677807881,3600.0005910396576,543842.0,1796508904,0.275126544,False,False,EQP,False,3,0.0004,3600,1,0,0,0.05,-1,-1,0,-1,inf,True,False,False,1,False,False,True,True,2,Recursive,True,True,True,True,True,0.400884,3678,3583
11,23572848[].aqua,72.56,72.45,2222,0.8591461181640625,0,0,1032,1514,0.0785987377166748,0.9472937,0.19,0.28,0.9472936845578984,1.953985929489136,0.4817479029757773,0.9456744903633436,2.5158441066741943,0.766388375771033,BendWorstOCT,2026-07-10 07:24:45,breast-cancer,,,9,9,0,38,2,9,0.7196897959183656,0.7870413146559524,0.0935840957028471,3600.000504016876,486893.0,-2068942564,0.224306856,False,False,EQP,False,3,0.0006,3600,1,0,0,0.05,-1,-1,0,-1,inf,True,False,False,1,False,False,True,True,2,Recursive,True,True,True,True,True,0.347772,3678,3582
10,23572848[].aqua,72.56,71.6,2202,0.6417040824890137,0,0,1032,1514,0.1104736328125,0.9456937,0.14,0.22,0.9456936845578986,0.4207570552825928,0.4584651081122805,0.943675992733264,0.8287410736083984,0.8901373561073254,BendWorstOCT,2026-07-10 07:24:45,breast-cancer,,,9,9,0,38,2,9,0.7112493827160521,0.7846250640136551,0.1031644920624083,3600.000600099564,521001.0,-414115805,0.25510412,False,False,EQP,False,3,0.0008,3600,1,0,0,0.05,-1,-1,0,-1,inf,True,False,False,1,False,False,True,True,2,Recursive,True,True,True,True,True,0.376212,3678,3576
9,23572848[].aqua,72.2,71.94,2186,0.7559864521026611,0,0,1032,1514,0.1054446697235107,0.9440937,0.14,0.2,0.9440936845578982,0.4479279518127441,0.4290631534180455,0.9423572912315706,0.8363790512084961,0.7737544024107158,BendWorstOCT,2026-07-10 07:24:45,breast-cancer,,,9,9,0,38,2,9,0.7113882654772642,0.7775973691896189,0.0930702781102743,3600.0004889965057,512314.0,1834685675,0.245491088,False,False,EQP,False,3,0.001,3600,1,0,0,0.05,-1,-1,0,-1,inf,True,False,False,1,False,False,True,True,2,Recursive,True,True,True,True,True,0.369516,3678,3579
8,23572848[].aqua,72.56,71.6,2049,1.0492300987243652,0,0,1032,1514,0.0914039611816406,0.9360937,0.15,0.23,0.936093684557898,1.0529158115386963,0.4474903468436523,0.9336275266919922,1.632778882980347,0.970873460081448,BendWorstOCT,2026-07-10 07:24:47,breast-cancer,,,9,9,0,38,2,9,0.7060493827160503,0.770478748731963,0.0912533423201419,3600.034834861756,557263.0,-539747684,0.262051272,False,False,EQP,False,3,0.002,3600,1,0,0,0.05,-1,-1,0,-1,inf,True,False,False,1,False,False,True,True,2,Recursive,True,True,True,True,True,0.402732,3686,3574
7,23572848[].aqua,72.56,71.6,2217,0.6823687553405762,0,0,1032,1514,0.07090425491333,0.9200937,0.16,0.21,0.9200936845578984,0.5432589054107666,0.465441526444744,0.9176598597186396,1.1406700611114502,0.9590250098070636,BendWorstOCT,2026-07-10 07:24:45,breast-cancer,,,9,9,0,38,2,9,0.6920493950617321,0.7382707020450788,0.066789028808014,3600.000540971756,560129.0,2053470962,0.232089488,False,False,EQP,False,3,0.004,3600,1,0,0,0.05,-1,-1,0,-1,inf,True,False,False,1,False,False,True,True,2,Recursive,True,True,True,True,True,0.353336,3678,3579
6,23572848[].aqua,72.56,71.6,2088,0.7055909633636475,0,0,1032,1514,0.0767955780029296,0.9040937,0.16,0.21,0.9040936845578982,0.5405938625335693,0.3954483377065703,0.9025090814773776,0.9710738658905028,0.6743865124093773,BendWorstOCT,2026-07-10 07:24:45,breast-cancer,,,9,9,0,38,2,9,0.6800493827160493,0.7375410094677988,0.084540370468588,3600.0005180835724,507961.0,-1171158495,0.227474632,False,False,EQP,False,3,0.006,3600,1,0,0,0.05,-1,-1,0,-1,inf,True,False,False,1,False,False,True,True,2,Recursive,True,True,True,True,True,0.366628,3678,3583
5,23572848[].aqua,72.56,71.6,2112,0.5976123809814453,0,0,1032,1514,0.06608247756958,0.888765,0.12,0.18,0.8887649936339858,0.4248979091644287,0.3427126559088086,0.8858903496380637,1.1519169807434082,0.964917980855896,BendWorstOCT,2026-07-10 07:24:45,breast-cancer,,,9,9,0,38,2,9,0.6760493827160503,0.6933056487695747,0.0255251561419918,3600.0007388591766,599473.0,-2026190853,0.20331572,False,False,EQP,False,3,0.008,3600,1,0,0,0.05,-1,-1,0,-1,inf,True,False,False,1,False,False,True,True,2,Recursive,True,True,True,True,True,0.318956,3678,3576
4,23572848[].aqua,72.56,71.6,2250,0.6222641468048096,0,0,1032,1514,0.0649352073669433,0.8749808,0.12,0.19,0.874980765948506,0.414931058883667,0.3852325233607589,0.8706338183012052,0.9428770542144777,0.829734384987567,BendWorstOCT,2026-07-10 07:24:45,breast-cancer,,,9,9,0,38,2,9,0.6660493827160499,0.7019415818459664,0.0538881951718858,3600.000547170639,491057.0,1466802131,0.1915494,False,False,EQP,False,3,0.01,3600,1,0,0,0.05,-1,-1,0,-1,inf,True,False,False,1,False,False,True,True,2,Recursive,True,True,True,True,True,0.307156,3678,3577
3,23572848[].aqua,68.23,67.9,2883,0.5376615524291992,0,0,1032,1514,0.104454755783081,0.8476286,0.11,0.16,0.842681564245809,0.3647539615631103,0.2629943801916826,0.8270920040867475,3.065802812576294,3.1506950505586686,BendWorstOCT,2026-07-10 07:24:45,breast-cancer,,,9,9,0,38,2,2,0.6190123456790131,0.6190123456790131,0.0,1439.0348408222198,186542.0,309491989,0.084311488,False,False,EQP,False,3,0.02,3600,1,0,0,0.05,-1,-1,0,-1,inf,True,False,False,1,False,False,True,True,2,Recursive,True,True,True,True,True,0.201332,1518,1433
2,23572848[].aqua,68.95,67.9,2441,0.2717010974884033,0,0,1032,1514,0.0279524326324462,0.8276286,0.08,0.14,0.8043055207026344,0.2456390857696533,0.3094376190621711,0.7712471852654849,0.8061270713806152,0.9672708677243864,BendWorstOCT,2026-07-10 07:23:32,breast-cancer,,,9,9,0,38,2,2,0.559012345679013,0.559012345679013,0.0,237.3611850738525,20331.0,1477215458,0.066199,False,False,EQP,False,3,0.04,3600,1,0,0,0.05,-1,-1,0,-1,inf,True,False,False,1,False,False,True,True,2,Recursive,True,True,True,True,True,0.162088,242,239
1,23572848[].aqua,68.23,67.9,2528,0.312070369720459,0,0,1032,1514,0.0290632247924804,0.8076286,0.04,0.07,0.7686444857872188,0.2322959899902343,0.263796759393514,0.733033601212425,0.7021548748016357,0.7440898953445221,BendWorstOCT,2026-07-10 07:23:31,breast-cancer,,,9,9,0,38,2,2,0.4990123456790126,0.4990123456790126,0.0,76.09583878517151,4464.0,-942057222,0.071784768,False,False,EQP,False,3,0.06,3600,1,0,0,0.05,-1,-1,0,-1,inf,True,False,False,1,False,False,True,True,2,Recursive,True,True,True,True,True,0.1599,80,79
0,23572848[].aqua,68.23,67.9,2328,0.2754459381103515,0,0,1032,1514,0.028517723083496,0.7876286,0.02,0.03,0.733594614580411,0.1736202239990234,0.1803243233069265,0.6816231230165986,0.6440021991729736,0.7226292721008526,BendWorstOCT,2026-07-10 07:23:31,breast-cancer,,,9,9,0,38,2,2,0.4390123458229145,0.4390123458229145,0.0,71.15226101875305,3371.0,1968593968,0.070717176,False,False,EQP,False,3,0.08,3600,1,0,0,0.05,-1,-1,0,-1,inf,True,False,False,1,False,False,True,True,2,Recursive,True,True,True,True,True,0.157932,76,74
29,23572848[].aqua,75.45,75.31,4063,1.509449481964111,0,0,2120,3146,0.1130821704864502,0.9770394,0.42,0.69,0.9770393501805034,0.9591109752655028,1.1024347856036891,0.9770206606050512,2.2089850902557373,2.816485697634458,BendWorstOCT,2026-07-10 07:24:45,breast-cancer,,,9,9,0,38,2,9,0.7514864201909676,0.9502376428169436,0.2644774639779512,3600.001374006272,207889.0,2131356455,0.457162024,False,False,EQP,False,4,0.0001,3600,1,0,0,0.05,-1,-1,0,-1,inf,True,False,False,1,False,False,True,True,2,Recursive,True,True,True,True,True,0.585288,3661,3583
28,23572848[].aqua,75.45,75.31,3993,1.5695815086364746,0,0,2120,3146,0.10068941116333,0.9757394,0.41,0.63,0.9757393501805028,0.9638090133666992,1.0600561899267882,0.9756878903264884,1.9841549396514893,2.0110951500545164,BendWorstOCT,2026-07-10 07:24:45,breast-cancer,,,9,9,0,38,2,9,0.7504864197530875,0.951858831254524,0.2683225254997801,3600.000741958618,208008.0,1338053476,0.444176752,False,False,EQP,False,4,0.0002,3600,1,0,0,0.05,-1,-1,0,-1,inf,True,False,False,1,False,False,True,True,2,Recursive,True,True,True,True,True,0.556496,3660,3578
27,23572848[].aqua,74.37,74.07,4020,1.950891733169556,0,0,2120,3146,0.4428772926330566,0.9731394,0.47,0.66,0.9731393501805028,3.0274219512939453,1.264308918890821,0.97311101684717,4.135442972183228,2.3701791031687782,BendWorstOCT,2026-07-10 07:24:45,breast-cancer,,,9,9,0,38,2,9,0.7351407407407414,0.9443028806584344,0.2845198590230997,3600.0146911144257,208043.0,207849337,0.449765448,False,False,EQP,False,4,0.0004,3600,1,0,0,0.05,-1,-1,0,-1,inf,True,False,False,1,False,False,True,True,2,Recursive,True,True,True,True,True,0.56236,3662,3587
26,23572848[].aqua,76.53,76.53,4543,1.917896747589112,0,0,2120,3146,0.0961511135101318,0.9705394,0.41,0.66,0.9705393501805036,2.264042854309082,1.1142355538268829,0.9704403501805028,3.770453929901123,2.5897652457269493,BendWorstOCT,2026-07-10 07:24:45,breast-cancer,,,9,9,0,38,2,9,0.7581061224489926,0.9434037954479366,0.2444218131366052,3600.015414953232,185790.0,1397304413,0.388269472,False,False,EQP,False,4,0.0006,3600,1,0,0,0.05,-1,-1,0,-1,inf,True,False,False,1,False,False,True,True,2,Recursive,True,True,True,True,True,0.507444,3662,3580
25,23572848[].aqua,75.81,75.31,4159,1.4096617698669434,0,0,2120,3146,0.0479390621185302,0.9679394,0.37,0.61,0.9679393501805033,0.7694721221923828,1.0306452379327076,0.9676296856413144,1.884660005569458,2.627152378741583,BendWorstOCT,2026-07-10 07:23:48,breast-cancer,,,9,9,0,38,2,9,0.7426864199709229,0.9334432732455512,0.2568471001288764,3600.0006351470947,255419.0,-156354241,0.496328352,False,False,EQP,False,4,0.0008,3600,1,0,0,0.05,-1,-1,0,-1,inf,True,False,False,1,False,False,True,True,2,Recursive,True,True,True,True,True,0.583584,3605,3578
24,23572848[].aqua,75.45,75.31,3964,1.378796100616455,0,0,2120,3146,0.0478417873382568,0.9653394,0.4,0.65,0.9653393501805034,0.856644868850708,1.146664912965079,0.9652043834923448,1.9414939880371087,2.542624285028644,BendWorstOCT,2026-07-10 07:23:48,breast-cancer,,,9,9,0,38,2,9,0.7390864197530875,0.9314899034987016,0.2603260980087983,3600.001072883606,206236.0,-159403496,0.45172344,False,False,EQP,False,4,0.001,3600,1,0,0,0.05,-1,-1,0,-1,inf,True,False,False,1,False,False,True,True,2,Recursive,True,True,True,True,True,0.552068,3605,3579
23,23572848[].aqua,75.45,75.31,4234,1.4296798706054688,0,0,2120,3146,0.0513064861297607,0.9523394,0.39,0.62,0.9523393501805034,0.8750300407409668,1.1109379502950572,0.9521590223116506,2.068944931030273,2.529654539975124,BendWorstOCT,2026-07-10 07:24:45,breast-cancer,,,9,9,0,38,2,9,0.7290864197530873,0.917516894609813,0.2584473798326125,3600.000606060028,216329.0,1679884488,0.436367392,False,False,EQP,False,4,0.002,3600,1,0,0,0.05,-1,-1,0,-1,inf,True,False,False,1,False,False,True,True,2,Recursive,True,True,True,True,True,0.5475,3678,3577
0,23578656[].aqua,72.92,72.84,4614,1.7008123397827148,0,0,2120,3146,0.0497257709503173,0.9271163,0.44,0.59,0.9271163082718544,2.795307874679565,1.02975337589645,0.9263228551315088,4.1949779987335205,2.2851980225928825,BendWorstOCT,2026-07-10 10:48:27,breast-cancer,,,9,9,0,38,2,9,0.6923950617284002,0.8914274601332587,0.2874549652448724,3600.0125739574432,160073.0,-610893691,0.397356272,False,False,EQP,False,4,0.004,3600,1,0,0,0.05,-1,-1,0,-1,inf,True,False,False,1,False,False,True,True,2,Recursive,True,True,True,True,True,0.473936,3640,3575
21,23572848[].aqua,71.48,70.37,4669,1.138930320739746,0,0,2120,3146,0.0512244701385498,0.9060491,0.37,0.55,0.9060491247586244,0.8769280910491943,0.8988258898787572,0.9049642877455072,1.798496961593628,2.1555636581625097,BendWorstOCT,2026-07-10 07:24:45,breast-cancer,,,9,9,0,38,2,9,0.6677037037037048,0.8659775658625568,0.2969488727695249,3600.000743865967,179817.0,59209222,0.444279712,False,False,EQP,False,4,0.006,3600,1,0,0,0.05,-1,-1,0,-1,inf,True,False,False,1,False,False,True,True,2,Recursive,True,True,True,True,True,0.542236,3678,3578
20,23572848[].aqua,72.92,71.6,4561,1.2966303825378418,0,0,2120,3146,0.0598738193511962,0.8892597,0.43,0.6,0.8892597272264645,2.7052218914031982,0.9520057126247315,0.8869561649904885,4.736804008483887,2.4807732624625545,BendWorstOCT,2026-07-10 07:24:45,breast-cancer,,,9,9,0,38,2,9,0.6680493827160487,0.8644819840176303,0.294039043196114,3600.0122668743134,87661.0,-1501204262,0.26578148,False,False,EQP,False,4,0.008,3600,1,0,0,0.05,-1,-1,0,-1,inf,True,False,False,1,False,False,True,True,2,Recursive,True,True,True,True,True,0.362856,3679,3588
19,23572848[].aqua,71.48,71.43,4526,1.5312376022338867,0,0,2120,3146,0.3473317623138428,0.8751305,0.4,0.54,0.8751304631441599,3.178277015686035,0.8301269706687883,0.8714818507278944,5.732892990112305,3.051707967678327,BendWorstOCT,2026-07-10 07:24:45,breast-cancer,,,9,9,0,38,2,9,0.6542862244897945,0.8227032786210859,0.2574057772080122,3600.0009109973907,134676.0,176989638,0.344029344,False,False,EQP,False,4,0.01,3600,1,0,0,0.05,-1,-1,0,-1,inf,True,False,False,1,False,False,True,True,2,Recursive,True,True,True,True,True,0.425212,3679,3586
18,23572848[].aqua,68.95,67.9,4900,0.7525012493133545,0,0,2120,3146,0.0593609809875488,0.8476286,0.32,0.48,0.8426815642458091,2.350266933441162,0.6662311805053067,0.8259668695603942,3.802306890487671,1.7940288295147144,BendWorstOCT,2026-07-10 07:24:45,breast-cancer,,,9,9,0,38,2,9,0.6190123456790122,0.730082019040512,0.1794304655421117,3600.01376080513,243414.0,-1572621789,0.465654832,False,False,EQP,False,4,0.02,3600,1,0,0,0.05,-1,-1,0,-1,inf,True,False,False,1,False,False,True,True,2,Recursive,True,True,True,True,True,0.570764,3679,3587
17,23572848[].aqua,68.95,67.9,4487,0.6738228797912598,0,0,2120,3146,0.1216926574707031,0.8276286,0.12,0.2,0.8043055207026342,0.56892991065979,0.5430450365374508,0.7590126545836817,6.091088056564331,7.514970277679207,BendWorstOCT,2026-07-10 07:24:45,breast-cancer,,,9,9,0,38,2,2,0.559012345679013,0.559012345679013,0.0,2743.5854198932648,148377.0,-765645382,0.154901464,False,False,EQP,False,4,0.04,3600,1,0,0,0.05,-1,-1,0,-1,inf,True,False,False,1,False,False,True,True,2,Recursive,True,True,True,True,True,0.267528,2822,2726
16,23572848[].aqua,68.95,67.9,2741,0.4182219505310058,0,0,2120,3146,0.1626737117767334,0.8076286,0.08,0.08,0.7686444857872186,0.5358591079711914,0.4188391569862923,0.6977799516878141,4.8409950733184814,4.928661404140509,BendWorstOCT,2026-07-10 07:24:45,breast-cancer,,,9,9,0,38,2,2,0.4990123458289145,0.4990123458289144,0.0,454.4137971401215,16313.0,2063571740,0.109976312,False,False,EQP,False,4,0.06,3600,1,0,0,0.05,-1,-1,0,-1,inf,True,False,False,1,False,False,True,True,2,Recursive,True,True,True,True,True,0.206964,533,457
15,23572848[].aqua,68.23,67.9,2834,0.4016509056091308,0,0,2120,3146,0.0769755840301513,0.7876286,0.03,0.04,0.7335946145804112,0.7065749168395996,0.3786813606752692,0.6598404644992563,2.542833089828491,2.1829693484772346,BendWorstOCT,2026-07-10 07:24:45,breast-cancer,,,9,9,0,38,2,2,0.4390123456790125,0.4390123456790125,0.0,95.12133002281188,3002.0,656720615,0.106813016,False,False,EQP,False,4,0.08,3600,1,0,0,0.05,-1,-1,0,-1,inf,True,False,False,1,False,False,True,True,2,Recursive,True,True,True,True,True,0.18466,174,99
104,23572848[].aqua,36.98,28.12,13543,2.583090543746948,0,0,34329,50093,0.8401200771331787,0.7085397,5.22,12.81,0.7085396894685297,11.56015396118164,17.096617886757734,0.7084526332316384,180.8134660720825,373.5715803233124,BendWorstOCT,2026-07-10 07:35:04,car_evaluation,,,6,6,0,19,4,9,0.2805499999999996,0.7083733573998788,1.524945134200249,3600.003872871399,1108.0,1411761575,0.750218176,False,False,EQP,False,3,0.0001,3600,1,0,0,0.05,-1,-1,0,-1,inf,True,False,False,1,False,False,True,True,2,Recursive,True,True,True,True,True,0.698628,3606,3583
103,23572848[].aqua,47.74,40.0,14864,3.2518253326416016,0,0,34329,50093,0.8302679061889648,0.7081316,6.14,14.2,0.7081316120495406,14.25868821144104,18.758057876729865,0.7081129759326581,67.21235799789429,140.61868887414502,BendWorstOCT,2026-07-10 07:35:04,car_evaluation,,,6,6,0,19,4,9,0.3986,0.7079640980404831,0.776126688510996,3600.0034651756287,2179.0,1717827864,0.676639064,False,False,EQP,False,3,0.0002,3600,1,0,0,0.05,-1,-1,0,-1,inf,True,False,False,1,False,False,True,True,2,Recursive,True,True,True,True,True,0.634564,3606,3582
102,23572848[].aqua,22.97,21.54,12770,2.431988000869751,0,0,34329,50093,0.8576648235321045,0.7073109,7.94,16.53,0.7073109277331286,31.72635793685913,42.8947716655946,0.7069892341983582,279.76765990257263,506.1464351448776,BendWorstOCT,2026-07-10 07:35:04,car_evaluation,,,6,6,0,19,4,9,0.2129846153846153,0.7066732198638744,2.31795429725165,3600.002970933914,1100.0,543855951,0.989267176,False,False,EQP,False,3,0.0004,3600,1,0,0,0.05,-1,-1,0,-1,inf,True,False,False,1,False,False,True,True,2,Recursive,True,True,True,True,True,0.880968,3606,3583
101,23572848[].aqua,44.16,32.31,12612,2.10549545288086,0,0,34329,50093,0.8324074745178223,0.7064888,6.82,13.58,0.7064887796593947,18.21090412139893,28.686261119829272,0.7060188508166488,200.9833641052246,403.4102473876968,BendWorstOCT,2026-07-10 07:33:19,car_evaluation,,,6,6,0,19,4,9,0.3182769230769231,0.7052939232801486,1.215975687026762,3600.004390001297,1567.0,675583071,0.7145748,False,False,EQP,False,3,0.0006,3600,1,0,0,0.05,-1,-1,0,-1,inf,True,False,False,1,False,False,True,True,2,Recursive,True,True,True,True,True,0.708448,3606,3579
100,23572848[].aqua,40.16,33.85,12770,2.989342451095581,0,0,34329,50093,0.946244478225708,0.7056666,5.39,10.56,0.7056666315856609,13.72769808769226,22.56441144805154,0.7049856697108581,182.6478500366211,372.14931792436977,BendWorstOCT,2026-07-10 07:32:53,car_evaluation,,,6,6,0,19,4,9,0.3337416666666665,0.7042835011911189,1.1102654284235391,3600.008005142212,1280.0,-1966133188,0.810795288,False,False,EQP,False,3,0.0008,3600,1,0,0,0.05,-1,-1,0,-1,inf,True,False,False,1,False,False,True,True,2,Recursive,True,True,True,True,True,0.792252,3606,3574
99,23572848[].aqua,31.77,27.69,15073,2.424546957015991,0,0,34329,50093,0.9110870361328124,0.7048445,7.88,14.69,0.7048444835119267,18.09240293502808,26.134008112134183,0.7040801385487045,211.00611901283264,425.09852213840384,BendWorstOCT,2026-07-10 07:33:33,car_evaluation,,,6,6,0,19,4,9,0.2709230769230769,0.7030388446709508,1.5949758605117432,3600.004320859909,1137.0,1174080473,0.75754412,False,False,EQP,False,3,0.001,3600,1,0,0,0.05,-1,-1,0,-1,inf,True,False,False,1,False,False,True,True,2,Recursive,True,True,True,True,True,0.702776,3673,3577
98,23572848[].aqua,46.12,26.09,13927,2.357629537582397,0,0,34329,50093,0.8838157653808594,0.7007337,7.66,13.85,0.7007337431432574,18.788714170455933,28.412493630307075,0.6990583511691094,166.0442252159119,324.1729269088867,BendWorstOCT,2026-07-10 07:33:33,car_evaluation,,,6,6,0,19,4,9,0.2528695652173924,0.6972264760205692,1.7572573845380024,3600.0041630268097,1188.0,810892992,0.874355016,False,False,EQP,False,3,0.002,3600,1,0,0,0.05,-1,-1,0,-1,inf,True,False,False,1,False,False,True,True,2,Recursive,True,True,True,True,True,0.73818,3673,3577
97,23572848[].aqua,31.25,28.12,14837,3.04722547531128,0,0,34329,50093,0.8902251720428467,0.6925123,8.64,15.27,0.6925122624059185,17.605791091918945,23.33959599374306,0.6892532917566461,144.9297230243683,260.1050320729246,BendWorstOCT,2026-07-10 07:33:33,car_evaluation,,,6,6,0,19,4,9,0.26525,0.6848561439854554,1.581927027277871,3600.0049669742584,1017.0,-382231524,0.872836648,False,False,EQP,False,3,0.004,3600,1,0,0,0.05,-1,-1,0,-1,inf,True,False,False,1,False,False,True,True,2,Recursive,True,True,True,True,True,0.807472,3673,3577
96,23572848[].aqua,47.4,40.0,12475,2.2157723903656006,0,0,34329,50093,0.8512656688690186,0.6842908,8.34,15.59,0.6842907816685794,20.67655301094055,35.639702709389475,0.6797160295298335,206.6746699810028,400.8394581407944,BendWorstOCT,2026-07-10 07:33:32,car_evaluation,,,6,6,0,19,4,9,0.3640000001364,0.6725251041129686,0.8475964391784516,3600.0062730312347,1295.0,-635894200,0.841473768,False,False,EQP,False,3,0.006,3600,1,0,0,0.05,-1,-1,0,-1,inf,True,False,False,1,False,False,True,True,2,Recursive,True,True,True,True,True,0.780088,3673,3578
95,23572848[].aqua,53.53,36.92,12519,1.967146396636963,0,0,34329,50093,0.8335344791412354,0.6760693,6.26,11.66,0.6760693009312404,13.69986891746521,18.178112725618966,0.6693864838021397,157.00283479690552,296.7990763809473,BendWorstOCT,2026-07-10 07:32:04,car_evaluation,,,6,6,0,19,4,9,0.3372307692307692,0.6588386214938909,0.9536729195758628,3600.003355026245,1299.0,-641129454,0.733608248,False,False,EQP,False,3,0.008,3600,1,0,0,0.05,-1,-1,0,-1,inf,True,False,False,1,False,False,True,True,2,Recursive,True,True,True,True,True,0.692832,3606,3579
94,23572848[].aqua,45.02,32.31,12443,2.3060009479522705,0,0,34329,50093,0.956796407699585,0.6678478,6.39,10.19,0.6678478201939015,11.084115028381348,14.776645433682136,0.6587986755533831,121.32430505752563,203.16263128305465,BendWorstOCT,2026-07-10 07:31:40,car_evaluation,,,6,6,0,19,4,9,0.283076923076923,0.6519586368463187,1.3031147497288431,3600.004217863083,1066.0,1186810890,0.736992496,False,False,EQP,False,3,0.01,3600,1,0,0,0.05,-1,-1,0,-1,inf,True,False,False,1,False,False,True,True,2,Recursive,True,True,True,True,True,0.677788,3607,3580
93,23572848[].aqua,47.4,22.66,13386,3.348304748535156,0,0,34329,50093,0.9628291130065918,0.6267404,8.13,12.89,0.6267404165072065,13.393938064575195,19.5245489737745,0.6104514530065744,130.53676009178162,220.3223765493589,BendWorstOCT,2026-07-10 07:31:40,car_evaluation,,,6,6,0,19,4,9,0.1065624999999997,0.5916896106498014,4.552512475306068,3600.0036029815674,1203.0,-919811800,0.845473552,False,False,EQP,False,3,0.02,3600,1,0,0,0.05,-1,-1,0,-1,inf,True,False,False,1,False,False,True,True,2,Recursive,True,True,True,True,True,0.855444,3607,3580
92,23572848[].aqua,29.63,26.09,12019,2.0269694328308105,0,0,34329,50093,0.8379919528961182,0.546659,5.74,11.25,0.5466590052877951,18.17146587371826,16.980819633200095,0.5223466160666907,110.76575589179993,173.03369697475844,BendWorstOCT,2026-07-10 07:31:16,car_evaluation,,,6,6,0,19,4,9,0.1008695653274782,0.4806941260675793,3.7655021066758914,3600.004235982895,1969.0,-743056464,0.784753968,False,False,EQP,False,3,0.04,3600,1,0,0,0.05,-1,-1,0,-1,inf,True,False,False,1,False,False,True,True,2,Recursive,True,True,True,True,True,0.693688,3606,3574
91,23572848[].aqua,47.8,36.92,15053,3.2834651470184326,0,0,34329,50093,0.8321878910064697,0.4744329,6.52,12.84,0.4744329120040993,20.411081790924072,20.37063274889754,0.435145793519854,117.25905394554138,187.9096229953589,BendWorstOCT,2026-07-10 07:31:16,car_evaluation,,,6,6,0,19,4,9,0.0692307692307692,0.337194016466536,3.8705802378499614,3600.004158973694,4865.0,-1596404208,0.7447508,False,False,EQP,False,3,0.06,3600,1,0,0,0.05,-1,-1,0,-1,inf,True,False,False,1,False,False,True,True,2,Recursive,True,True,True,True,True,0.701572,3606,3574
90,23572848[].aqua,70.02,0.0,14588,1.844010353088379,0,0,34329,50093,0.8959918022155762,0.4173573,9.56,19.47,0.4173572510490754,21.943072080612183,41.26265588508844,0.3712771376731499,153.99359107017517,184.8356144859526,BendWorstOCT,2026-07-10 07:31:16,car_evaluation,,,6,6,0,19,4,9,-0.08,0.2893915286316489,4.617394107895612,3600.0058810710907,3147.0,-774801911,0.701492512,False,False,EQP,False,3,0.08,3600,1,0,0,0.05,-1,-1,0,-1,inf,True,False,False,1,False,False,True,True,2,Recursive,True,True,True,True,True,0.722264,3606,3580
119,23572848[].aqua,68.34,26.09,9959,1.7536940574645996,0,0,69961,103541,1.537658929824829,0.7085436,32.94,77.74,0.7085436419009596,69.4546070098877,98.62759356413184,0.7084819548001123,954.5227000713348,1815.9544326722016,BendWorstOCT,2026-07-10 07:46:27,car_evaluation,,,6,6,0,19,4,9,0.2601695652173914,0.7084631335030733,1.7230822825532983,3600.006015062332,433.0,-1854503332,1.13837356,False,False,EQP,False,4,0.0001,3600,1,0,0,0.05,-1,-1,0,-1,inf,True,False,False,1,False,False,True,True,2,Recursive,True,True,True,True,True,0.872968,3606,3580
118,23572848[].aqua,38.31,33.33,7420,1.0052590370178225,0,0,69961,103541,1.5040733814239502,0.7081329,37.81,83.19,0.7081329277376845,66.71225595474243,105.82518328430918,0.7080211049648137,1080.490534067154,2135.087896521014,BendWorstOCT,2026-07-10 07:46:58,car_evaluation,,,6,6,0,19,4,9,0.3315333333333334,0.7079774988092312,1.135464002038702,3600.023736953736,540.0,857058950,1.205451752,False,False,EQP,False,4,0.0002,3600,1,0,0,0.05,-1,-1,0,-1,inf,True,False,False,1,False,False,True,True,2,Recursive,True,True,True,True,True,0.952272,3639,3579
24,23578656[].aqua,70.02,0.0,10367,2.1006979942321777,0,0,69961,103541,1.641434907913208,0.7073109,53.41,90.28,0.7073109277331286,96.19653701782228,126.03279441322668,0.7070843402018175,936.2383749485016,1660.902603939545,BendWorstOCT,2026-07-10 10:48:29,car_evaluation,,,6,6,0,19,4,9,-0.0004,0.7070126467101554,1768.5316167753883,3600.077208995819,532.0,1473142623,1.281201248,False,False,EQP,False,4,0.0004,3600,1,0,0,0.05,-1,-1,0,-1,inf,True,False,False,1,False,False,True,True,2,Recursive,True,True,True,True,True,1.024404,3640,3578
116,23572848[].aqua,70.02,0.0,6730,0.6060285568237305,0,0,69961,103541,1.7554972171783447,0.7064888,59.67,97.68,0.7064887796593946,158.27565598487854,140.6846031506695,0.7061674935777167,1134.004186153412,1694.4403292910129,BendWorstOCT,2026-07-10 07:46:58,car_evaluation,,,6,6,0,19,4,9,-0.0006,0.7061228521532896,1177.871420255483,3600.0213310718536,99.0,1531419926,0.901524328,False,False,EQP,False,4,0.0006,3600,1,0,0,0.05,-1,-1,0,-1,inf,True,False,False,1,False,False,True,True,2,Recursive,True,True,True,True,True,0.754008,3681,3580
115,23572848[].aqua,36.57,20.0,7283,1.3393473625183103,0,0,69961,103541,1.5665886402130127,0.7056666,60.33,108.46,0.7056666315856608,136.11739015579224,146.92467173121247,0.7052330311399156,1001.6432311534882,1729.2328099201784,BendWorstOCT,2026-07-10 07:45:25,car_evaluation,,,6,6,0,19,4,9,0.1912,0.7050823725421456,2.68766931245892,3600.006232023239,524.0,900833028,1.090529256,False,False,EQP,False,4,0.0008,3600,1,0,0,0.05,-1,-1,0,-1,inf,True,False,False,1,False,False,True,True,2,Recursive,True,True,True,True,True,0.993424,3608,3579
114,23572848[].aqua,70.02,0.0,11116,1.4853301048278809,0,0,69961,103541,1.5899665355682373,0.7048445,78.17,132.51,0.7048444835119267,176.5166540145874,332.4477247161168,0.7042432676813115,1223.53382396698,2335.032409880056,BendWorstOCT,2026-07-10 07:45:26,car_evaluation,,,6,6,0,19,4,9,-0.001,0.7040789641543621,705.0789641543621,3600.016541957855,527.0,1198316687,1.258745584,False,False,EQP,False,4,0.001,3600,1,0,0,0.05,-1,-1,0,-1,inf,True,False,False,1,False,False,True,True,2,Recursive,True,True,True,True,True,0.9667,3608,3580
7,23578656[].aqua,70.02,0.0,9486,1.4671595096588137,0,0,69961,103541,1.7370591163635254,0.7007337,104.04,161.8,0.7007337431432574,195.3370311260224,205.75270683813,0.6995776098776387,1180.857747077942,1991.293949038648,BendWorstOCT,2026-07-10 10:48:29,car_evaluation,,,6,6,0,19,4,9,-0.002,0.6994025731387211,350.70128656936055,3600.008243083954,525.0,1066485102,1.143004936,False,False,EQP,False,4,0.002,3600,1,0,0,0.05,-1,-1,0,-1,inf,True,False,False,1,False,False,True,True,2,Recursive,True,True,True,True,True,0.913572,3641,3580
19,23578656[].aqua,70.02,0.0,11269,1.94678807258606,0,0,69961,103541,1.749729871749878,0.6925123,107.37,161.95,0.6925122624059183,210.5905039310456,255.1026541679261,0.6903070906787715,1192.980906009674,1866.0805331165072,BendWorstOCT,2026-07-10 10:48:29,car_evaluation,,,6,6,0,19,4,9,-0.004,0.6894694873252641,173.36737183131604,3600.0050740242004,550.0,1640134719,1.238291664,False,False,EQP,False,4,0.004,3600,1,0,0,0.05,-1,-1,0,-1,inf,True,False,False,1,False,False,True,True,2,Recursive,True,True,True,True,True,0.974536,3640,3578
13,23578656[].aqua,3.99,0.0,11139,1.821852445602417,0,0,69961,103541,1.6216742992401123,0.6842908,102.89,162.33,0.6842907816685795,203.7528431415558,213.42229475044016,0.6808862750880303,1206.3677461147308,1955.2864245598944,BendWorstOCT,2026-07-10 10:48:29,car_evaluation,,,6,6,0,19,4,9,-0.006,0.6796481131745188,114.27468552908648,3600.0774500370026,525.0,1258271712,1.27162504,False,False,EQP,False,4,0.006,3600,1,0,0,0.05,-1,-1,0,-1,inf,True,False,False,1,False,False,True,True,2,Recursive,True,True,True,True,True,1.053416,3640,3579
10,23578656[].aqua,30.67,28.12,13306,2.2767977714538574,0,0,69961,103541,1.7907121181488037,0.6760693,98.58,160.6,0.6760693009312405,130.9557101726532,194.43010506192164,0.6711341846912843,1096.2262690067291,1757.7488981838792,BendWorstOCT,2026-07-10 10:48:29,car_evaluation,,,6,6,0,19,4,9,0.2492499999999996,0.6698050750513459,1.6872821466453232,3600.0238301754,534.0,919649679,1.332812424,False,False,EQP,False,4,0.008,3600,1,0,0,0.05,-1,-1,0,-1,inf,True,False,False,1,False,False,True,True,2,Recursive,True,True,True,True,True,1.024544,3641,3577
20,23578656[].aqua,70.02,0.0,11546,1.5133256912231443,0,0,69961,103541,1.692000389099121,0.6678478,111.39,171.39,0.6678478201939014,222.9688789844513,231.82225297083085,0.6621741320561827,946.2505180835724,1407.806124764518,BendWorstOCT,2026-07-10 10:48:29,car_evaluation,,,6,6,0,19,4,9,-0.01,0.6602636741071966,67.02636741071966,3600.010756969452,552.0,99362397,1.32709028,False,False,EQP,False,4,0.01,3600,1,0,0,0.05,-1,-1,0,-1,inf,True,False,False,1,False,False,True,True,2,Recursive,True,True,True,True,True,1.09976,3640,3578
42,23578656[].aqua,70.02,0.0,15709,2.1174025535583496,0,0,69961,103541,1.5110085010528564,0.6267404,95.18,157.85,0.6267404165072064,135.6372480392456,213.40684235873343,0.6151280901435632,730.6177690029144,1162.7148927469498,BendWorstOCT,2026-07-10 10:49:37,car_evaluation,,,6,6,0,19,4,9,-0.02,0.6074825755567923,31.374128777839616,3600.0060930252075,560.0,-591546677,1.47110104,False,False,EQP,False,4,0.02,3600,1,0,0,0.05,-1,-1,0,-1,inf,True,False,False,1,False,False,True,True,2,Recursive,True,True,True,True,True,1.191716,3675,3584
51,23578656[].aqua,70.02,0.0,11112,1.424125909805298,0,0,69961,103541,1.6173341274261477,0.546659,85.11,140.95,0.5466590052877948,172.58957481384277,195.29260912305804,0.5273743489298562,641.4483330249786,923.2708402321724,BendWorstOCT,2026-07-10 10:48:29,car_evaluation,,,6,6,0,19,4,9,-0.04,0.5208690592140219,14.02172648035055,3600.02717089653,699.0,-1076703647,1.660693648,False,False,EQP,False,4,0.04,3600,1,0,0,0.05,-1,-1,0,-1,inf,True,False,False,1,False,False,True,True,2,Recursive,True,True,True,True,True,1.0571,3607,3579
8,23578656[].aqua,70.02,0.0,11413,1.2995619773864746,0,0,69961,103541,1.7442431449890137,0.4744329,109.0,177.81,0.4744329120040995,190.44300889968872,220.49964236315915,0.4454394773258739,563.5654230117798,717.2966988367846,BendWorstOCT,2026-07-10 10:48:29,car_evaluation,,,6,6,0,19,4,9,-0.06,0.4347678470743041,8.246130784571736,3600.005497932434,708.0,-839199952,1.458192176,False,False,EQP,False,4,0.06,3600,1,0,0,0.05,-1,-1,0,-1,inf,True,False,False,1,False,False,True,True,2,Recursive,True,True,True,True,True,1.074236,3641,3580
105,23572848[].aqua,22.22,0.0,14509,1.375637769699097,0,0,69961,103541,1.8371601104736328,0.4173573,150.08,249.34,0.4173572510490701,185.3638150691986,318.0659408611011,0.3704846631004595,684.6139190196991,888.2792426786858,BendWorstOCT,2026-07-10 07:35:05,car_evaluation,,,6,6,0,19,4,9,-0.08,0.3368689553005406,5.210861941256757,3600.004711151123,772.0,-1748471510,1.46709196,False,False,EQP,False,4,0.08,3600,1,0,0,0.05,-1,-1,0,-1,inf,True,False,False,1,False,False,True,True,2,Recursive,True,True,True,True,True,1.009332,3608,3582
224,23572848[].aqua,74.19,73.68,13517,12.033117771148682,0,0,0,0,0.394221544265747,0.9999,0.03,0.03,0.9998268616657596,1.9623751640319824,1.022194151564999,0.999780898864745,2.44976806640625,1.5810442967638885,BendWorstOCT,2026-07-10 08:01:14,ozone-one,Quantile Thresholds,5.0,72,0,72,286,2,9,0.736442105263158,0.9996831459755514,0.3574497422554725,3600.00864815712,1715.0,-415010199,1.358424128,False,False,EQP,False,3,0.0001,3600,1,0,0,0.05,-1,-1,0,-1,inf,True,False,False,1,False,False,True,True,2,Recursive,True,True,True,True,True,1.011708,3607,3584
223,23572848[].aqua,81.66,66.67,12681,8.685024738311768,0,0,0,0,0.3977975845336914,0.9998,0.03,0.02,0.999653728599016,1.9586529731750488,1.0302845253435815,0.9995617976578436,2.463587045669556,1.6436164603187926,BendWorstOCT,2026-07-10 08:01:15,ozone-one,Quantile Thresholds,5.0,72,0,72,286,2,9,0.6660666666666708,0.9993515492638776,0.5003776637932208,3600.009608030319,2019.0,-161033031,1.168249104,False,False,EQP,False,3,0.0002,3600,1,0,0,0.05,-1,-1,0,-1,inf,True,False,False,1,False,False,True,True,2,Recursive,True,True,True,True,True,0.883068,3607,3581
222,23572848[].aqua,77.87,77.83,12192,12.926971673965454,0,0,0,0,0.3961744308471679,0.9992806,0.58,1.19,0.9992806361829036,2.536504983901977,1.583318645581066,0.9990989172787464,4.8598268032073975,4.611236617410286,BendWorstOCT,2026-07-10 08:01:14,ozone-one,Quantile Thresholds,5.0,72,0,72,286,2,9,0.7767361293297091,0.9987290479281896,0.2858022309198504,3600.00492978096,2947.0,986509252,1.179792272,False,False,EQP,False,3,0.0004,3600,1,0,0,0.05,-1,-1,0,-1,inf,True,False,False,1,False,False,True,True,2,Recursive,True,True,True,True,True,0.710692,3607,3581
221,23572848[].aqua,76.79,75.44,12538,8.823784351348877,0,0,0,0,0.3945107460021972,0.998921,0.67,1.44,0.998920954274356,3.0786519050598145,1.955968574462568,0.9986385319638572,5.041434049606323,3.8856705158922575,BendWorstOCT,2026-07-10 08:01:14,ozone-one,Quantile Thresholds,5.0,72,0,72,286,2,9,0.7519859649122809,0.997600000000016,0.3266205043020795,3600.003419876098,2504.0,1709492490,1.240327328,False,False,EQP,False,3,0.0006,3600,1,0,0,0.05,-1,-1,0,-1,inf,True,False,False,1,False,False,True,True,2,Recursive,True,True,True,True,True,0.902776,3607,3581
220,23572848[].aqua,79.6,75.44,10833,10.587999820709229,0,0,0,0,0.3986744880676269,0.9985613,0.7,1.52,0.9985612759980086,3.353434085845948,2.042651435785302,0.9980543906760306,6.061750888824463,4.603525237526708,BendWorstOCT,2026-07-10 08:01:14,ozone-one,Quantile Thresholds,5.0,72,0,72,286,2,9,0.7503859649122813,0.9972194653324656,0.3289420537723392,3600.0038919448853,3630.0,1548650843,1.255496312,False,False,EQP,False,3,0.0008,3600,1,0,0,0.05,-1,-1,0,-1,inf,True,False,False,1,False,False,True,True,2,Recursive,True,True,True,True,True,0.904808,3607,3580
219,23572848[].aqua,78.57,78.56,13131,10.075300693511965,0,0,0,0,0.3730878829956054,0.9982016,0.55,1.4,0.9981992528019956,2.5806140899658203,1.9720869678251007,0.9977160765790154,3.918623924255371,3.588414706889071,BendWorstOCT,2026-07-10 08:00:42,ozone-one,Quantile Thresholds,5.0,72,0,72,286,2,9,0.7805946398660079,0.996397416202802,0.2764594647662933,3600.0014600753784,1468.0,2019899590,1.396730488,False,False,EQP,False,3,0.001,3600,1,0,0,0.05,-1,-1,0,-1,inf,True,False,False,1,False,False,True,True,2,Recursive,True,True,True,True,True,0.876228,3607,3576
218,23572848[].aqua,81.76,71.93,13658,10.010448694229126,0,0,0,0,0.378042459487915,0.9964032,0.59,1.63,0.9964026222343682,2.4498519897460938,2.0909888065453406,0.9954545816312016,3.459537982940674,3.327938244260532,BendWorstOCT,2026-07-10 08:00:42,ozone-one,Quantile Thresholds,5.0,72,0,72,286,2,9,0.7132982456140358,0.992556171457004,0.3915023309815824,3600.001706838608,2722.0,1999122632,1.33236396,False,False,EQP,False,3,0.002,3600,1,0,0,0.05,-1,-1,0,-1,inf,True,False,False,1,False,False,True,True,2,Recursive,True,True,True,True,True,0.96256,3606,3581
217,23572848[].aqua,79.87,71.93,11275,9.289873361587524,0,0,0,0,0.3730289936065674,0.9928064,0.59,1.6,0.9928011204481912,2.428712844848633,2.082991734994305,0.9906260094427762,4.279729843139648,4.30344363637535,BendWorstOCT,2026-07-10 08:00:01,ozone-one,Quantile Thresholds,5.0,72,0,72,286,2,9,0.7112982456140349,0.9854422979259658,0.3854136489192006,3600.0057468414307,2874.0,405349652,1.368198832,False,False,EQP,False,3,0.004,3600,1,0,0,0.05,-1,-1,0,-1,inf,True,False,False,1,False,False,True,True,2,Recursive,True,True,True,True,True,0.83456,3606,3579
216,23572848[].aqua,70.4,70.35,15009,10.475027799606323,0,0,0,0,0.3763055801391601,0.9892101,0.58,1.59,0.98918628600774,2.5719480514526367,2.043226654148624,0.985315393756462,5.232155084609985,6.204251671954652,BendWorstOCT,2026-07-10 08:00:01,ozone-one,Quantile Thresholds,5.0,72,0,72,286,2,9,0.6795175879397065,0.9779809098766878,0.4392282513862819,3600.01771402359,3020.0,2071923744,1.460318152,False,False,EQP,False,3,0.006,3600,1,0,0,0.05,-1,-1,0,-1,inf,True,False,False,1,False,False,True,True,2,Recursive,True,True,True,True,True,0.905272,3606,3579
215,23572848[].aqua,80.41,71.93,13394,8.947086811065674,0,0,0,0,0.3771898746490478,0.9856316,0.58,1.57,0.9855937208917628,2.446277141571045,1.99489019766591,0.9814194604637542,4.915453195571899,4.733514341125953,BendWorstOCT,2026-07-10 08:00:01,ozone-one,Quantile Thresholds,5.0,72,0,72,286,2,9,0.6952982456140392,0.971930488025094,0.3978612691115771,3600.002399206161,4990.0,-1902991876,1.158308272,False,False,EQP,False,3,0.008,3600,1,0,0,0.05,-1,-1,0,-1,inf,True,False,False,1,False,False,True,True,2,Recursive,True,True,True,True,True,0.728936,3606,3578
214,23572848[].aqua,79.87,71.93,14039,8.576355457305908,0,0,0,0,0.3921306133270263,0.9820679,0.64,1.62,0.98202044421761,2.6263389587402344,2.050834614185558,0.9765530477452996,5.491835117340088,6.474687737260328,BendWorstOCT,2026-07-10 08:00:02,ozone-one,Quantile Thresholds,5.0,72,0,72,286,2,9,0.6992982456140358,0.9613420224638878,0.3747239157160449,3600.0594370365143,6009.0,1922731600,1.292790104,False,False,EQP,False,3,0.01,3600,1,0,0,0.05,-1,-1,0,-1,inf,True,False,False,1,False,False,True,True,2,Recursive,True,True,True,True,True,0.89068,3607,3575
213,23572848[].aqua,73.92,73.76,11422,8.871199607849121,0,0,0,0,0.3848061561584472,0.9642914,0.62,1.61,0.9642675026783576,2.6490120887756348,2.149977001172455,0.9535902095179444,4.453388929367065,4.634720442411901,BendWorstOCT,2026-07-10 07:58:54,ozone-one,Quantile Thresholds,5.0,72,0,72,286,2,9,0.6575767727526621,0.9238664831183592,0.4049560772212036,3600.04843211174,3853.0,143069601,1.176050096,False,False,EQP,False,3,0.02,3600,1,0,0,0.05,-1,-1,0,-1,inf,True,False,False,1,False,False,True,True,2,Recursive,True,True,True,True,True,0.789516,3606,3577
212,23572848[].aqua,70.67,70.18,13330,7.735345125198364,0,0,0,0,0.3810760974884033,0.9290323,0.58,1.5,0.9290272428916768,2.8995959758758545,2.289400186545127,0.9089802889094912,5.887521028518677,6.340064157224819,BendWorstOCT,2026-07-10 07:58:54,ozone-one,Quantile Thresholds,5.0,72,0,72,286,2,9,0.5817543859649129,0.8400000000000002,0.4439083232810603,3600.012652158737,6742.0,204565921,1.251461656,False,False,EQP,False,3,0.04,3600,1,0,0,0.05,-1,-1,0,-1,inf,True,False,False,1,False,False,True,True,2,Recursive,True,True,True,True,True,0.670848,3606,3579
211,23572848[].aqua,81.66,66.67,13743,8.154662132263184,0,0,0,0,0.3720037937164306,0.8941733,0.54,1.45,0.8941314534946734,2.53165602684021,1.948926169059512,0.8644158612140301,5.429302930831909,6.6467678042783405,BendWorstOCT,2026-07-10 07:58:54,ozone-one,Quantile Thresholds,5.0,72,0,72,286,2,9,0.5466666666666664,0.7599999999999998,0.3902439024390246,3600.0024490356445,7304.0,416622518,1.175199496,False,False,EQP,False,3,0.06,3600,1,0,0,0.05,-1,-1,0,-1,inf,True,False,False,1,False,False,True,True,2,Recursive,True,True,True,True,True,0.730564,3606,3577
210,23572848[].aqua,80.52,77.19,12431,7.928077936172485,0,0,0,0,0.3763480186462402,0.8596356,0.56,1.43,0.8595918630101821,3.0720701217651367,2.233714316112304,0.8170686616393583,6.75698709487915,8.761768866610414,BendWorstOCT,2026-07-10 07:58:54,ozone-one,Quantile Thresholds,5.0,72,0,72,286,2,9,0.5319298245614043,0.679733256013853,0.2778626514772285,3600.0422809124,5601.0,-1488377211,1.148753608,False,False,EQP,False,3,0.08,3600,1,0,0,0.05,-1,-1,0,-1,inf,True,False,False,1,False,False,True,True,2,Recursive,True,True,True,True,True,0.694572,3606,3574
239,23572848[].aqua,79.17,77.19,15853,13.498810291290283,0,0,0,0,0.3895657062530517,0.9999,0.05,0.07,0.999826863883862,1.8890578746795648,1.4104717535753393,0.9997810221718164,2.4377710819244385,2.293629637882647,BendWorstOCT,2026-07-10 08:01:14,ozone-one,Quantile Thresholds,5.0,72,0,72,286,2,9,0.7713298245614044,0.9997,0.2960733115285047,3600.0096209049225,3299.0,-1476092754,2.365735168,False,False,EQP,False,4,0.0001,3600,1,0,0,0.05,-1,-1,0,-1,inf,True,False,False,1,False,False,True,True,2,Recursive,True,True,True,True,True,0.994564,3607,3578
18,23578656[].aqua,78.41,78.39,19900,15.925453186035156,0,0,0,0,0.3742566108703613,0.9998,0.05,0.05,0.999653728749706,2.839771032333374,1.270577894238082,0.9995620477401672,3.9391860961914062,1.986390226826145,BendWorstOCT,2026-07-10 10:48:29,ozone-one,Quantile Thresholds,5.0,72,0,72,286,2,9,0.78211959798996,0.9993486585576684,0.2777440446780584,3600.044636964798,2160.0,1470238686,2.881472456,False,False,EQP,False,4,0.0002,3600,1,0,0,0.05,-1,-1,0,-1,inf,True,False,False,1,False,False,True,True,2,Recursive,True,True,True,True,True,1.471468,3640,3575
50,23578656[].aqua,64.88,63.16,13094,13.720678091049194,0,0,0,0,0.3835325241088867,0.9992724,0.46,1.14,0.9992724426450756,2.9338538646698,1.7601662567648213,0.999058591228642,5.652302980422974,4.336741881334411,BendWorstOCT,2026-07-10 10:49:37,ozone-one,Quantile Thresholds,5.0,72,0,72,286,2,9,0.6291789473684214,0.9987530806350958,0.5873911306353151,3600.002411842346,1900.0,1900142382,2.829192168,False,False,EQP,False,4,0.0004,3600,1,0,0,0.05,-1,-1,0,-1,inf,True,False,False,1,False,False,True,True,2,Recursive,True,True,True,True,True,1.239568,3675,3582
30,23578656[].aqua,84.47,84.21,20069,21.047449588775635,0,0,0,0,0.3763163089752197,0.9989087,0.66,1.5,0.9989086639676132,4.4011430740356445,2.066146214230218,0.9985964509450362,8.222459077835083,4.605249682152579,BendWorstOCT,2026-07-10 10:48:28,ozone-one,Quantile Thresholds,5.0,72,0,72,286,2,9,0.8385052631578988,0.9976,0.1897361219212074,3600.053139925003,2467.0,282224979,3.277965688,False,False,EQP,False,4,0.0006,3600,1,0,0,0.05,-1,-1,0,-1,inf,True,False,False,1,False,False,True,True,2,Recursive,True,True,True,True,True,1.383012,3640,3581
14,23578656[].aqua,81.17,80.7,18838,20.509254217147827,0,0,0,0,0.4022665023803711,0.9985449,0.75,1.69,0.9985448852901512,3.961372137069702,2.1932613101977707,0.9981828174029372,7.012595176696777,4.933719239536877,BendWorstOCT,2026-07-10 10:48:28,ozone-one,Quantile Thresholds,5.0,72,0,72,286,2,9,0.8014175438596497,0.9970995910948524,0.2441699071033465,3600.0783870220184,3892.0,528642515,2.315200248,False,False,EQP,False,4,0.0008,3600,1,0,0,0.05,-1,-1,0,-1,inf,True,False,False,1,False,False,True,True,2,Recursive,True,True,True,True,True,1.192856,3640,3579
33,23578656[].aqua,81.93,80.7,19880,18.554548501968384,0,0,0,0,0.3950495719909668,0.9981811,0.72,1.67,0.9981811066126888,4.374640941619873,2.196083030166616,0.9976164034105756,8.123518943786621,4.884698167764888,BendWorstOCT,2026-07-10 10:49:09,ozone-one,Quantile Thresholds,5.0,72,0,72,286,2,9,0.8010175438596525,0.9964619648196706,0.2439951814516839,3600.063762903213,1160.0,-270353986,3.598449928,False,False,EQP,False,4,0.001,3600,1,0,0,0.05,-1,-1,0,-1,inf,True,False,False,1,False,False,True,True,2,Recursive,True,True,True,True,True,1.508508,3681,3584
48,23578656[].aqua,79.49,71.93,17091,11.136308670043944,0,0,0,0,0.3718137741088867,0.9963622,0.62,1.78,0.996362214199766,2.631452798843384,2.272452397048752,0.9952016265654294,5.227162837982178,4.9564131176685065,BendWorstOCT,2026-07-10 10:49:37,ozone-one,Quantile Thresholds,5.0,72,0,72,286,2,9,0.7152982456140227,0.9937525781474054,0.3892842380654147,3600.0046339035034,2553.0,1166546071,1.971919136,False,False,EQP,False,4,0.002,3600,1,0,0,0.05,-1,-1,0,-1,inf,True,False,False,1,False,False,True,True,2,Recursive,True,True,True,True,True,1.27232,3675,3584
25,23578656[].aqua,74.19,73.87,13592,12.492098808288574,0,0,0,0,0.4026534557342529,0.9927244,0.67,1.77,0.9927216783216912,3.055989980697632,2.303731229103309,0.9907985912212528,5.122348070144653,4.38567930155907,BendWorstOCT,2026-07-10 10:48:28,ozone-one,Quantile Thresholds,5.0,72,0,72,286,2,9,0.7146934673366936,0.986137591931594,0.379804961148501,3600.013997077942,1954.0,-1566156751,2.148689528,False,False,EQP,False,4,0.004,3600,1,0,0,0.05,-1,-1,0,-1,inf,True,False,False,1,False,False,True,True,2,Recursive,True,True,True,True,True,1.28086,3639,3577
3,23578656[].aqua,81.01,80.7,17874,14.084720849990845,0,0,0,0,0.4174644947052002,0.989089,0.68,1.82,0.9890857480562336,3.028231143951416,2.3658772448979435,0.9860229286236308,4.841493129730225,4.184451930971276,BendWorstOCT,2026-07-10 10:48:28,ozone-one,Quantile Thresholds,5.0,72,0,72,286,2,9,0.77701754385965,0.9779532757862616,0.2585987067016672,3600.0364050865173,1991.0,-1983060029,2.960767864,False,False,EQP,False,4,0.006,3600,1,0,0,0.05,-1,-1,0,-1,inf,True,False,False,1,False,False,True,True,2,Recursive,True,True,True,True,True,1.37676,3640,3580
47,23578656[].aqua,71.86,71.86,21847,17.873477697372437,0,0,0,0,0.3741168975830078,0.9854797,0.62,1.77,0.9853765687341473,2.8558549880981445,2.327331225543712,0.9809259077941956,5.649393081665039,5.040428651426124,BendWorstOCT,2026-07-10 10:49:37,ozone-one,Quantile Thresholds,5.0,72,0,72,286,2,9,0.6865929648241325,0.9744516587832278,0.4192566902179503,3600.008697986603,1577.0,-400498556,2.784126128,False,False,EQP,False,4,0.008,3600,1,0,0,0.05,-1,-1,0,-1,inf,True,False,False,1,False,False,True,True,2,Recursive,True,True,True,True,True,1.242272,3675,3584
53,23578656[].aqua,80.9,80.85,22267,21.85680365562439,0,0,0,0,0.393268346786499,0.9818826,0.69,1.82,0.9817638095238256,3.0389959812164307,2.503397895319237,0.976740917466429,4.90774393081665,4.685936413080719,BendWorstOCT,2026-07-10 10:48:29,ozone-one,Quantile Thresholds,5.0,72,0,72,286,2,9,0.7584868788386485,0.9670839807662984,0.2750174165794953,3600.0256609916687,2824.0,-690262033,2.929228784,False,False,EQP,False,4,0.01,3600,1,0,0,0.05,-1,-1,0,-1,inf,True,False,False,1,False,False,True,True,2,Recursive,True,True,True,True,True,1.305708,3606,3578
228,23572848[].aqua,79.11,71.93,14202,11.901820421218872,0,0,0,0,0.393212080001831,0.9639419,0.77,1.79,0.9639292785249676,3.7281548976898193,2.352436422996607,0.9538221294765646,6.038495063781738,4.735802777704428,BendWorstOCT,2026-07-10 08:01:14,ozone-one,Quantile Thresholds,5.0,72,0,72,286,2,9,0.6792982456140354,0.9242670147479984,0.3606203471238607,3600.0013699531555,3201.0,115667638,1.69993308,False,False,EQP,False,4,0.02,3600,1,0,0,0.05,-1,-1,0,-1,inf,True,False,False,1,False,False,True,True,2,Recursive,True,True,True,True,True,0.921152,3607,3585
36,23578656[].aqua,77.22,77.05,18299,12.335810661315918,0,0,0,0,0.3734588623046875,0.928453,0.59,1.68,0.9284245343782676,2.9876651763916016,2.269162304450918,0.910893843629308,5.535445213317871,6.646142749119406,BendWorstOCT,2026-07-10 10:49:37,ozone-one,Quantile Thresholds,5.0,72,0,72,286,2,9,0.6505192629815852,0.8548364605333558,0.3140832396189232,3600.009710073471,2768.0,-1669168018,2.672819272,False,False,EQP,False,4,0.04,3600,1,0,0,0.05,-1,-1,0,-1,inf,True,False,False,1,False,False,True,True,2,Recursive,True,True,True,True,True,1.426436,3675,3584
226,23572848[].aqua,81.66,66.67,12541,8.463815927505493,0,0,0,0,0.3944926261901855,0.8934213,0.71,1.58,0.8933395647446578,3.3962221145629883,2.124262534866669,0.8678326726786878,5.898701190948486,5.126399728029246,BendWorstOCT,2026-07-10 08:01:14,ozone-one,Quantile Thresholds,5.0,72,0,72,286,2,9,0.5466666666666671,0.7770262140180059,0.421389415886595,3600.007035017013,3168.0,-1864652245,1.45060032,False,False,EQP,False,4,0.06,3600,1,0,0,0.05,-1,-1,0,-1,inf,True,False,False,1,False,False,True,True,2,Recursive,True,True,True,True,True,0.850076,3607,3580
225,23572848[].aqua,79.87,71.93,15125,9.993244171142578,0,0,0,0,0.4004995822906494,0.8587768,0.61,1.37,0.8587247342786839,2.538272857666016,1.839153070916376,0.8515806170014943,3.9041829109191895,2.8736160882482067,BendWorstOCT,2026-07-10 08:01:14,ozone-one,Quantile Thresholds,5.0,72,0,72,286,2,9,0.559298245614036,0.7275309955724586,0.300792557955774,3600.0404229164124,2291.0,444198802,1.421406952,False,False,EQP,False,4,0.08,3600,1,0,0,0.05,-1,-1,0,-1,inf,True,False,False,1,False,False,True,True,2,Recursive,True,True,True,True,True,0.79982,3607,3583
284,23572848[].aqua,70.51,70.0,14944,7.602414131164551,0,0,11408,16755,0.4886994361877441,0.9126012,6.8,11.58,0.9126011576981442,11.460863828659058,16.060600950553063,0.9087523411989704,32.277283906936646,47.06162815915071,BendWorstOCT,2026-07-10 08:32:23,seismic-bumps,Quantile Thresholds,5.0,15,5,10,39,2,9,0.6993999999999989,0.9009905859595572,0.2882336087497263,3600.002202987671,6242.0,1466451590,0.503907368,False,False,EQP,False,3,0.0001,3600,1,0,0,0.05,-1,-1,0,-1,inf,True,False,False,1,False,False,True,True,2,Recursive,True,True,True,True,True,0.621088,3632,3574
283,23572848[].aqua,71.98,71.76,14251,5.669304609298706,0,0,11408,16755,0.4849762916564941,0.9118012,6.69,11.21,0.9118011584234704,11.748602151870728,16.66358205184696,0.9078096201888262,32.7046320438385,46.24394165150223,BendWorstOCT,2026-07-10 08:32:23,seismic-bumps,Quantile Thresholds,5.0,15,5,10,39,2,9,0.7160470588235279,0.9001147855521989,0.2570609353959165,3600.002545118332,5382.0,432384049,0.466836336,False,False,EQP,False,3,0.0002,3600,1,0,0,0.05,-1,-1,0,-1,inf,True,False,False,1,False,False,True,True,2,Recursive,True,True,True,True,True,0.604416,3632,3573
282,23572848[].aqua,70.24,70.0,13956,5.493556022644043,0,0,11408,16755,0.5139250755310059,0.9102012,7.12,12.12,0.910201159006148,11.34169602394104,16.058323509976553,0.9062219958013062,34.53645896911621,47.07142287205439,BendWorstOCT,2026-07-10 08:31:57,seismic-bumps,Quantile Thresholds,5.0,15,5,10,39,2,9,0.6980000000000001,0.898821269028724,0.2877095544824124,3600.002366065979,6060.0,1052680881,0.52549152,False,False,EQP,False,3,0.0004,3600,1,0,0,0.05,-1,-1,0,-1,inf,True,False,False,1,False,False,True,True,2,Recursive,True,True,True,True,True,0.598572,3606,3578
281,23572848[].aqua,70.59,70.59,14975,5.853194713592529,0,0,11408,16755,0.5103278160095215,0.9086012,8.49,13.65,0.9086011580653812,13.80692195892334,18.905284391608955,0.9042576102388984,42.16403889656067,59.76403840443182,BendWorstOCT,2026-07-10 08:31:57,seismic-bumps,Quantile Thresholds,5.0,15,5,10,39,2,9,0.7022823529411751,0.8971955303740845,0.2775424679498329,3600.0023849010468,5061.0,1946214897,0.514870768,False,False,EQP,False,3,0.0006,3600,1,0,0,0.05,-1,-1,0,-1,inf,True,False,False,1,False,False,True,True,2,Recursive,True,True,True,True,True,0.609236,3606,3577
280,23572848[].aqua,71.21,71.18,13979,6.4290173053741455,0,0,11408,16755,0.5298948287963867,0.9070012,6.47,10.86,0.90700115690916,10.68667197227478,14.775168073871615,0.9028543181537116,30.93389892578125,40.97661492073159,BendWorstOCT,2026-07-10 08:31:57,seismic-bumps,Quantile Thresholds,5.0,15,5,10,39,2,9,0.7061647058823516,0.8952189057263404,0.2677196952342244,3600.0023329257965,4939.0,103712700,0.489567408,False,False,EQP,False,3,0.0008,3600,1,0,0,0.05,-1,-1,0,-1,inf,True,False,False,1,False,False,True,True,2,Recursive,True,True,True,True,True,0.614212,3606,3578
279,23572848[].aqua,70.36,70.34,13583,8.10172152519226,0,0,11408,16755,0.5767524242401123,0.9054012,7.67,11.2,0.9054011608613018,12.599554061889648,15.46458839180922,0.9016923312499702,39.67044591903687,48.16961172120916,BendWorstOCT,2026-07-10 08:31:58,seismic-bumps,Quantile Thresholds,5.0,15,5,10,39,2,9,0.6983968516984426,0.8929842035924864,0.2786200301745687,3600.005888938904,5178.0,645094688,0.498831544,False,False,EQP,False,3,0.001,3600,1,0,0,0.05,-1,-1,0,-1,inf,True,False,False,1,False,False,True,True,2,Recursive,True,True,True,True,True,0.608588,3607,3578
278,23572848[].aqua,69.5,69.47,14970,7.293513059616089,0,0,11408,16755,0.5072548389434814,0.8974012,6.62,11.32,0.8974011585621774,10.845217943191528,15.340825486143864,0.8933595399635401,32.25708889961243,44.55487123510856,BendWorstOCT,2026-07-10 08:31:57,seismic-bumps,Quantile Thresholds,5.0,15,5,10,39,2,9,0.6846975973488181,0.8849758652790661,0.2925061643355185,3600.004525899887,4211.0,-1928362057,0.498719952,False,False,EQP,False,3,0.002,3600,1,0,0,0.05,-1,-1,0,-1,inf,True,False,False,1,False,False,True,True,2,Recursive,True,True,True,True,True,0.568096,3605,3576
277,23572848[].aqua,73.3,71.76,14179,7.653931379318237,0,0,11408,16755,0.5240130424499512,0.8814012,6.94,11.4,0.8814011569295888,11.605632066726685,16.059341833919365,0.8776151581459619,35.51626300811768,44.90872136130871,BendWorstOCT,2026-07-10 08:31:57,seismic-bumps,Quantile Thresholds,5.0,15,5,10,39,2,9,0.697647058823528,0.8730521068103001,0.2514237618697413,3600.002426147461,3415.0,1308492930,0.52407496,False,False,EQP,False,3,0.004,3600,1,0,0,0.05,-1,-1,0,-1,inf,True,False,False,1,False,False,True,True,2,Recursive,True,True,True,True,True,0.568936,3605,3577
276,23572848[].aqua,70.12,70.0,14423,6.485655069351196,0,0,11408,16755,0.506737470626831,0.8654012,7.09,11.86,0.865401158524177,11.458164930343628,15.901148749188836,0.8611972424016887,36.93822503089905,49.68248015995238,BendWorstOCT,2026-07-10 08:31:57,seismic-bumps,Quantile Thresholds,5.0,15,5,10,39,2,9,0.6639999999999988,0.8571517455374267,0.2908911830382955,3600.0037710666656,2338.0,719396296,0.524686392,False,False,EQP,False,3,0.006,3600,1,0,0,0.05,-1,-1,0,-1,inf,True,False,False,1,False,False,True,True,2,Recursive,True,True,True,True,True,0.626828,3605,3576
275,23572848[].aqua,70.67,68.82,17936,5.090502500534058,0,0,11408,16755,0.4941534996032715,0.8511806,5.48,9.45,0.8511805727018901,9.900956153869627,13.24897345485767,0.847133445525322,33.035309076309204,47.37537082630848,BendWorstOCT,2026-07-10 08:31:57,seismic-bumps,Quantile Thresholds,5.0,15,5,10,39,2,9,0.6642352941176477,0.8415359947630051,0.2669245404685683,3600.0031020641327,3413.0,1004957160,0.60798152,False,False,EQP,False,3,0.008,3600,1,0,0,0.05,-1,-1,0,-1,inf,True,False,False,1,False,False,True,True,2,Recursive,True,True,True,True,True,0.635904,3605,3576
274,23572848[].aqua,70.59,70.0,18610,3.590768337249756,0,0,11408,16755,0.5944700241088867,0.8422709,4.84,8.1,0.8422709365929631,8.40156888961792,10.9650723360077,0.8360578856255645,28.67775797843933,38.99420113342114,BendWorstOCT,2026-07-10 08:31:58,seismic-bumps,Quantile Thresholds,5.0,15,5,10,39,2,9,0.6599999999999986,0.8277299819918725,0.2541363363513247,3600.003388881684,4212.0,1698870705,0.5556104,False,False,EQP,False,3,0.01,3600,1,0,0,0.05,-1,-1,0,-1,inf,True,False,False,1,False,False,True,True,2,Recursive,True,True,True,True,True,0.671,3606,3579
273,23572848[].aqua,70.67,68.82,18595,4.0309998989105225,0,0,11408,16755,0.4867796897888183,0.8247665,2.78,5.02,0.8247664555224915,3.9801759719848633,5.865451642113458,0.8026232550432434,20.851977109909058,29.504033405163675,BendWorstOCT,2026-07-10 08:31:58,seismic-bumps,Quantile Thresholds,5.0,15,5,10,39,2,9,0.6282352944432932,0.7768490789845383,0.2365575220872273,3600.003469944,4380.0,1329821812,0.524101296,False,False,EQP,False,3,0.02,3600,1,0,0,0.05,-1,-1,0,-1,inf,True,False,False,1,False,False,True,True,2,Recursive,True,True,True,True,True,0.552916,3606,3580
272,23572848[].aqua,70.67,68.82,18343,2.549785614013672,0,0,11408,16755,0.5771045684814453,0.8046382,2.73,4.25,0.7835159123775659,6.18244194984436,7.348683521070126,0.7538615013907944,22.574460983276367,27.90478820414249,BendWorstOCT,2026-07-10 08:31:59,seismic-bumps,Quantile Thresholds,5.0,15,5,10,39,2,9,0.568235294117645,0.6870661007026593,0.2091225374684525,3600.003314018249,2336.0,-1863656172,0.553653696,False,False,EQP,False,3,0.04,3600,1,0,0,0.05,-1,-1,0,-1,inf,True,False,False,1,False,False,True,True,2,Recursive,True,True,True,True,True,0.53584,3607,3576
271,23572848[].aqua,64.01,63.34,17912,2.551182270050049,0,0,11408,16755,0.5643479824066162,0.7846382,2.5,3.53,0.7505741147477156,6.454607963562012,7.680071524376733,0.7017066680014428,24.98506498336792,34.189482838815195,BendWorstOCT,2026-07-10 08:31:58,seismic-bumps,Quantile Thresholds,5.0,15,5,10,39,2,9,0.5133885666942961,0.5811325075335876,0.1319545179502029,3600.0062639713287,3024.0,1682275115,0.482215672,False,False,EQP,False,3,0.06,3600,1,0,0,0.05,-1,-1,0,-1,inf,True,False,False,1,False,False,True,True,2,Recursive,True,True,True,True,True,0.509988,3607,3576
270,23572848[].aqua,64.01,63.34,18130,2.3534090518951416,0,0,11408,16755,0.5774431228637695,0.7646382,1.31,2.0,0.7205741147477158,4.715562105178833,5.442053453241087,0.6548846713048265,26.26744294166565,35.894095855324174,BendWorstOCT,2026-07-10 08:32:23,seismic-bumps,Quantile Thresholds,5.0,15,5,10,39,2,2,0.4733885666942962,0.4733885666942962,0.0,3259.8260560035706,2531.0,-11262556,0.506959904,False,False,EQP,False,3,0.08,3600,1,0,0,0.05,-1,-1,0,-1,inf,True,False,False,1,False,False,True,True,2,Recursive,True,True,True,True,True,0.57324,3292,3238
299,23572848[].aqua,71.75,69.41,23029,8.024415493011475,0,0,22832,33891,0.7309117317199707,0.9482852,31.75,51.52,0.9482851711036046,47.54861497879028,78.67956308078104,0.9478701562020372,90.06362390518188,161.70620126187944,BendWorstOCT,2026-07-10 08:32:20,seismic-bumps,Quantile Thresholds,5.0,15,5,10,39,2,9,0.6933176470588226,0.9435967142137306,0.3609875909211839,3600.0307359695435,916.0,-270959569,0.880838968,False,False,EQP,False,4,0.0001,3600,1,0,0,0.05,-1,-1,0,-1,inf,True,False,False,1,False,False,True,True,2,Recursive,True,True,True,True,True,0.819988,3605,3577
298,23572848[].aqua,71.94,71.18,23681,9.21479344367981,0,0,22832,33891,0.7559797763824463,0.9466852,37.46,58.2,0.9466851711036044,59.25009083747864,94.48011676173776,0.9457029626002232,131.40505981445312,233.3177712942592,BendWorstOCT,2026-07-10 08:32:20,seismic-bumps,Quantile Thresholds,5.0,15,5,10,39,2,9,0.7095647058823518,0.9409764848896378,0.3261320314960182,3600.029634952545,1248.0,-1628352060,0.950631896,False,False,EQP,False,4,0.0002,3600,1,0,0,0.05,-1,-1,0,-1,inf,True,False,False,1,False,False,True,True,2,Recursive,True,True,True,True,True,0.896064,3606,3574
297,23572848[].aqua,65.98,65.88,24033,11.211188077926636,0,0,22832,33891,0.8243980407714844,0.9434852,40.85,63.59,0.9434851711036044,62.12503099441528,98.05858996829612,0.9426187335574694,142.2070608139038,244.9720714361204,BendWorstOCT,2026-07-10 08:33:19,seismic-bumps,Quantile Thresholds,5.0,15,5,10,39,2,9,0.6540235294117637,0.9399573328590088,0.4371919213738643,3600.0042028427124,1514.0,105668457,0.949915552,False,False,EQP,False,4,0.0004,3600,1,0,0,0.05,-1,-1,0,-1,inf,True,False,False,1,False,False,True,True,2,Recursive,True,True,True,True,True,0.787816,3665,3580
296,23572848[].aqua,69.7,68.82,24367,9.65364146232605,0,0,22832,33891,0.7534956932067871,0.9402852,40.03,65.71,0.9402851704659012,50.600712060928345,77.86194040473146,0.939342828500638,153.84382104873657,273.09471519156864,BendWorstOCT,2026-07-10 08:31:58,seismic-bumps,Quantile Thresholds,5.0,15,5,10,39,2,9,0.679235294117646,0.935470607124254,0.3772408695862423,3600.008553981781,984.0,205275067,0.940204408,False,False,EQP,False,4,0.0006,3600,1,0,0,0.05,-1,-1,0,-1,inf,True,False,False,1,False,False,True,True,2,Recursive,True,True,True,True,True,0.842792,3606,3576
295,23572848[].aqua,70.24,70.22,22651,8.106284618377686,0,0,22832,33891,0.7467920780181885,0.9370852,35.73,59.1,0.937085170513516,45.87511897087097,70.61997062480826,0.9367454348810772,104.10277080535889,167.96734992906988,BendWorstOCT,2026-07-10 08:31:58,seismic-bumps,Quantile Thresholds,5.0,15,5,10,39,2,9,0.694154101077111,0.9317695295948112,0.3423093346981529,3600.028671979904,1171.0,-892745460,0.916199544,False,False,EQP,False,4,0.0008,3600,1,0,0,0.05,-1,-1,0,-1,inf,True,False,False,1,False,False,True,True,2,Recursive,True,True,True,True,True,0.867504,3606,3577
294,23572848[].aqua,67.8,67.06,25085,10.817866325378418,0,0,22832,33891,0.7558383941650391,0.9338852,38.31,63.31,0.933885171103604,59.59659790992737,100.16337623587997,0.9335260820817962,87.80976295471191,153.21924182337847,BendWorstOCT,2026-07-10 08:31:58,seismic-bumps,Quantile Thresholds,5.0,15,5,10,39,2,9,0.6575882352941167,0.9291256949271092,0.412929315123077,3600.0072848796844,1298.0,-178202271,0.903944784,False,False,EQP,False,4,0.001,3600,1,0,0,0.05,-1,-1,0,-1,inf,True,False,False,1,False,False,True,True,2,Recursive,True,True,True,True,True,0.8089,3606,3576
293,23572848[].aqua,71.98,71.76,19890,8.828295707702637,0,0,22832,33891,0.7408962249755859,0.9178852,41.8,68.78,0.9178851685826628,52.28234004974365,81.25910869641193,0.9175481280458097,83.91825103759766,140.20979402764746,BendWorstOCT,2026-07-10 08:31:58,seismic-bumps,Quantile Thresholds,5.0,15,5,10,39,2,9,0.6896470588235281,0.9128304977469376,0.3236197937306352,3600.0090239048004,1542.0,-1159293305,0.879418128,False,False,EQP,False,4,0.002,3600,1,0,0,0.05,-1,-1,0,-1,inf,True,False,False,1,False,False,True,True,2,Recursive,True,True,True,True,True,0.775336,3606,3575
292,23572848[].aqua,72.56,72.35,26106,10.786383152008057,0,0,22832,33891,0.8384237289428711,0.8880272,32.66,52.15,0.8880272492189487,42.20571804046631,62.22991141801261,0.8869783587184268,145.36997318267822,236.3791599332148,BendWorstOCT,2026-07-10 08:32:20,seismic-bumps,Quantile Thresholds,5.0,15,5,10,39,2,9,0.6875294117647046,0.8848033848895333,0.2869316857565103,3600.014302015305,1545.0,1806333470,1.045055864,False,False,EQP,False,4,0.004,3600,1,0,0,0.05,-1,-1,0,-1,inf,True,False,False,1,False,False,True,True,2,Recursive,True,True,True,True,True,0.924504,3629,3576
4,23578656[].aqua,72.14,71.76,20859,7.254316329956055,0,0,22832,33891,0.7491796016693115,0.8657697,27.22,46.87,0.8657696907388401,35.623838901519775,55.46732054873438,0.8642108638655733,115.51223707199097,199.7249611906511,BendWorstOCT,2026-07-10 10:48:28,seismic-bumps,Quantile Thresholds,5.0,15,5,10,39,2,9,0.6696470588235279,0.8585101553367877,0.282033787836035,3600.028461933136,790.0,530719608,1.368992136,False,False,EQP,False,4,0.006,3600,1,0,0,0.05,-1,-1,0,-1,inf,True,False,False,1,False,False,True,True,2,Recursive,True,True,True,True,True,1.233244,3640,3579
290,23572848[].aqua,63.51,62.35,29770,8.504143238067627,0,0,22832,33891,0.9116578102111816,0.8511806,22.22,34.52,0.85118057270189,33.913307905197144,44.641596184386536,0.8485046248194872,110.84411478042604,152.91121601361655,BendWorstOCT,2026-07-10 08:31:59,seismic-bumps,Quantile Thresholds,5.0,15,5,10,39,2,9,0.5755294117647048,0.8465011784303862,0.4708217532007963,3600.0167558193207,1299.0,855543259,1.046299392,False,False,EQP,False,4,0.008,3600,1,0,0,0.05,-1,-1,0,-1,inf,True,False,False,1,False,False,True,True,2,Recursive,True,True,True,True,True,0.967532,3607,3579
289,23572848[].aqua,62.0,61.76,29408,7.2751805782318115,0,0,22832,33891,0.9109907150268556,0.8422709,19.37,30.95,0.8422709365929629,29.18290114402771,39.145076877263776,0.8363789343538404,82.55744218826294,102.7855091663596,BendWorstOCT,2026-07-10 08:31:59,seismic-bumps,Quantile Thresholds,5.0,15,5,10,39,2,9,0.5876470588235403,0.8345937834584581,0.4202296615408935,3600.013283014297,1101.0,1593154308,1.051998968,False,False,EQP,False,4,0.01,3600,1,0,0,0.05,-1,-1,0,-1,inf,True,False,False,1,False,False,True,True,2,Recursive,True,True,True,True,True,0.949828,3607,3579
288,23572848[].aqua,71.75,70.0,21890,5.481872320175171,0,0,22832,33891,0.9769680500030518,0.8181258,19.99,24.34,0.8181258109167798,36.11962008476257,32.14180034109356,0.8011307021582631,107.24203205108644,98.53167670755477,BendWorstOCT,2026-07-10 08:32:00,seismic-bumps,Quantile Thresholds,5.0,15,5,10,39,2,9,0.6199999999999986,0.7833979787524845,0.2635451270201392,3600.0448689460754,994.0,-1320092993,0.868453744,False,False,EQP,False,4,0.02,3600,1,0,0,0.05,-1,-1,0,-1,inf,True,False,False,1,False,False,True,True,2,Recursive,True,True,True,True,True,0.758456,3609,3578
287,23572848[].aqua,63.74,63.01,28569,4.16873574256897,0,0,22832,33891,0.8761453628540039,0.7861792,11.41,17.92,0.7861791932775943,25.807025909423828,23.42602776465899,0.7494525842319235,78.18448495864868,73.77306966197744,BendWorstOCT,2026-07-10 08:32:23,seismic-bumps,Quantile Thresholds,5.0,15,5,10,39,2,9,0.55007456503728,0.701286240198552,0.2748930504558486,3600.0044901371,1682.0,-1525840979,1.01673632,False,False,EQP,False,4,0.04,3600,1,0,0,0.05,-1,-1,0,-1,inf,True,False,False,1,False,False,True,True,2,Recursive,True,True,True,True,True,0.833116,3632,3582
286,23572848[].aqua,64.01,63.34,27921,3.7601051330566406,0,0,22832,33891,0.7511296272277832,0.7561304,7.15,14.01,0.7561303779133577,22.721574783325195,19.58792786875033,0.7009565602222382,62.76135587692261,69.36826555300433,BendWorstOCT,2026-07-10 08:32:26,seismic-bumps,Quantile Thresholds,5.0,15,5,10,39,2,9,0.5133885666942961,0.6418596399255075,0.2502413991383473,3600.262610912323,1011.0,1300428859,1.057210576,False,False,EQP,False,4,0.06,3600,1,0,0,0.05,-1,-1,0,-1,inf,True,False,False,1,False,False,True,True,2,Recursive,True,True,True,True,True,0.962888,3644,3586
285,23572848[].aqua,64.01,63.34,16843,2.421958923339844,0,0,22832,33891,0.8172092437744141,0.7261304,5.22,10.29,0.7261303779133577,18.16296696662903,15.247193230791858,0.6542219869597614,59.47174906730652,67.89102374446976,BendWorstOCT,2026-07-10 08:31:58,seismic-bumps,Quantile Thresholds,5.0,15,5,10,39,2,9,0.4733885668416563,0.4820456166382075,0.0182874078567404,3600.0037240982056,2168.0,-1600254196,0.79678104,False,False,EQP,False,4,0.08,3600,1,0,0,0.05,-1,-1,0,-1,inf,True,False,False,1,False,False,True,True,2,Recursive,True,True,True,True,True,0.710324,3606,3576
134,23572848[].aqua,79.78,79.72,1346,0.3844568729400635,0,0,1234,1813,0.033250093460083,0.9151842,0.11,0.18,0.9151841526542812,0.2877819538116455,0.3060639048899201,0.880426723616711,0.6251258850097656,0.7023151061708235,BendWorstOCT,2026-07-10 07:47:05,spect,,,22,22,0,22,2,2,0.7966698113207571,0.7966698113207571,0.0,655.3544390201569,326837.0,-1543814171,0.092243688,False,False,EQP,False,3,0.0001,3600,1,0,0,0.05,-1,-1,0,-1,inf,True,False,False,1,False,False,True,True,2,Recursive,True,True,True,True,True,0.214716,662,654
133,23572848[].aqua,79.78,79.72,1195,0.3437163829803467,0,0,1234,1813,0.0332984924316406,0.9143842,0.14,0.22,0.9143841526542814,0.3086910247802734,0.3441865639265071,0.8707928046147855,1.034229040145874,1.125988113666593,BendWorstOCT,2026-07-10 07:47:05,spect,,,22,22,0,22,2,2,0.7961698113207571,0.7961698113207571,0.0,735.9154720306396,390323.0,273944284,0.107724496,False,False,EQP,False,3,0.0002,3600,1,0,0,0.05,-1,-1,0,-1,inf,True,False,False,1,False,False,True,True,2,Recursive,True,True,True,True,True,0.230864,742,734
132,23572848[].aqua,79.78,79.72,1299,0.3467335700988769,0,0,1234,1813,0.0338027477264404,0.9127842,0.09,0.16,0.9127841526542811,0.2726399898529053,0.2812489156699921,0.8780495865471224,0.5894410610198975,0.6570081583597491,BendWorstOCT,2026-07-10 07:47:05,spect,,,22,22,0,22,2,2,0.7951698123596166,0.7951698123596167,0.0,478.53665804862976,242939.0,1386100222,0.077468016,False,False,EQP,False,3,0.0004,3600,1,0,0,0.05,-1,-1,0,-1,inf,True,False,False,1,False,False,True,True,2,Recursive,True,True,True,True,True,0.191656,485,479
131,23572848[].aqua,79.78,79.72,1223,0.3287746906280517,0,0,1234,1813,0.0338191986083984,0.9111842,0.12,0.2,0.9111841526542812,0.2739608287811279,0.3321440168605331,0.8808293678934869,0.7300918102264404,0.8034086023115383,BendWorstOCT,2026-07-10 07:47:05,spect,,,22,22,0,22,2,2,0.7941698113207583,0.7941698113207581,0.0,657.6856939792633,387526.0,1670177916,0.1174018,False,False,EQP,False,3,0.0006,3600,1,0,0,0.05,-1,-1,0,-1,inf,True,False,False,1,False,False,True,True,2,Recursive,True,True,True,True,True,0.2397,664,656
130,23572848[].aqua,79.78,79.72,1364,0.3672962188720703,0,0,1234,1813,0.0335509777069091,0.9095842,0.1,0.17,0.9095841526542812,0.2963907718658447,0.3138311554235759,0.8757005765177056,0.757227897644043,0.8576376846648531,BendWorstOCT,2026-07-10 07:47:05,spect,,,22,22,0,22,2,2,0.7931698115000746,0.7931698115000747,0.0,506.18022990226746,242628.0,461436569,0.08036172,False,False,EQP,False,3,0.0008,3600,1,0,0,0.05,-1,-1,0,-1,inf,True,False,False,1,False,False,True,True,2,Recursive,True,True,True,True,True,0.195852,513,506
129,23572848[].aqua,79.78,79.72,1287,0.3755707740783691,0,0,1234,1813,0.0333101749420166,0.9079842,0.1,0.17,0.9079841526542816,0.288748025894165,0.2997609747737919,0.8729689514620164,0.6948220729827881,0.7422147519429447,BendWorstOCT,2026-07-10 07:47:05,spect,,,22,22,0,22,2,2,0.7921698139413026,0.7921698139413026,0.0,501.68423199653625,253340.0,2109752239,0.075837968,False,False,EQP,False,3,0.001,3600,1,0,0,0.05,-1,-1,0,-1,inf,True,False,False,1,False,False,True,True,2,Recursive,True,True,True,True,True,0.191636,508,501
128,23572848[].aqua,79.78,79.72,1251,0.3035922050476074,0,0,1234,1813,0.0339949131011962,0.8999842,0.1,0.16,0.8999841526542812,0.2546310424804687,0.298476569947443,0.8674132646122469,0.638530969619751,0.7193904166858236,BendWorstOCT,2026-07-10 07:47:05,spect,,,22,22,0,22,2,2,0.7871698113207568,0.7871698113207568,0.0,334.19380807876587,186330.0,2030105785,0.064917184,False,False,EQP,False,3,0.002,3600,1,0,0,0.05,-1,-1,0,-1,inf,True,False,False,1,False,False,True,True,2,Recursive,True,True,True,True,True,0.177744,341,335
127,23572848[].aqua,79.78,79.72,1321,0.4300093650817871,0,0,1234,1813,0.0340373516082763,0.8845327,0.1,0.17,0.8845327307992824,0.3556208610534668,0.3381709877554051,0.8528739006770606,0.9723339080810548,0.9766625335596472,BendWorstOCT,2026-07-10 07:47:04,spect,,,22,22,0,22,2,2,0.777169811320758,0.777169811320758,0.0,280.015949010849,130735.0,-988568012,0.049579656,False,False,EQP,False,3,0.004,3600,1,0,0,0.05,-1,-1,0,-1,inf,True,False,False,1,False,False,True,True,2,Recursive,True,True,True,True,True,0.168132,285,282
126,23572848[].aqua,79.78,79.72,1480,0.3480446338653564,0,0,1234,1813,0.0330491065979003,0.8721709,0.1,0.18,0.8721708943111047,0.2546689510345459,0.3144024900632545,0.8332586048247329,0.9284579753875732,1.0589893393087215,BendWorstOCT,2026-07-10 07:47:03,spect,,,22,22,0,22,2,2,0.7671698113207713,0.7671698113207713,0.0,122.60507106781006,38830.0,2027654587,0.052666464,False,False,EQP,False,3,0.006,3600,1,0,0,0.05,-1,-1,0,-1,inf,True,False,False,1,False,False,True,True,2,Recursive,True,True,True,True,True,0.163932,127,125
125,23572848[].aqua,79.78,79.72,1480,0.3299198150634765,0,0,1234,1813,0.0343661308288574,0.8615936,0.09,0.15,0.8615935844518842,0.2664120197296142,0.26967749285789,0.8286876398725831,0.7932829856872559,0.7665676903928437,BendWorstOCT,2026-07-10 07:47:03,spect,,,22,22,0,22,2,2,0.757169811320758,0.757169811320758,0.0,62.04043102264404,18096.0,1670330401,0.04757928,False,False,EQP,False,3,0.008,3600,1,0,0,0.05,-1,-1,0,-1,inf,True,False,False,1,False,False,True,True,2,Recursive,True,True,True,True,True,0.156784,67,65
124,23572848[].aqua,79.78,79.72,1224,0.3055260181427002,0,0,1234,1813,0.0339746475219726,0.8525604,0.08,0.14,0.8525604341992952,0.1891529560089111,0.2256828146376893,0.8168953867468329,0.705333948135376,0.7146076675349637,BendWorstOCT,2026-07-10 07:47:04,spect,,,22,22,0,22,2,2,0.7471698113207574,0.7471698113207574,0.0,47.14471793174744,11228.0,840621124,0.047819424,False,False,EQP,False,3,0.01,3600,1,0,0,0.05,-1,-1,0,-1,inf,True,False,False,1,False,False,True,True,2,Recursive,True,True,True,True,True,0.148772,53,50
123,23572848[].aqua,80.52,78.18,1270,0.1975512504577636,0,0,1234,1813,0.0322208404541015,0.8300611,0.07,0.12,0.8300611027926632,0.1925728321075439,0.2182227149626951,0.774800698249204,0.6890709400177002,0.7622545188036568,BendWorstOCT,2026-07-10 07:47:04,spect,,,22,22,0,22,2,2,0.7018181818181819,0.7018181818181819,0.0,17.82999086380005,3173.0,-1322654647,0.043251032,False,False,EQP,False,3,0.02,3600,1,0,0,0.05,-1,-1,0,-1,inf,True,False,False,1,False,False,True,True,2,Recursive,True,True,True,True,True,0.144032,23,21
122,23572848[].aqua,80.52,78.18,1077,0.1595773696899414,0,0,1234,1813,0.0317790508270263,0.8020331,0.04,0.08,0.8020331436706202,0.125648021697998,0.1477879699636662,0.7127791968960474,0.6618189811706543,0.7557293542332024,BendWorstOCT,2026-07-10 07:47:04,spect,,,22,22,0,22,2,2,0.6218181818181819,0.6218181818181819,0.0,18.71940302848816,1936.0,-1853047051,0.044647176,False,False,EQP,False,3,0.04,3600,1,0,0,0.05,-1,-1,0,-1,inf,True,False,False,1,False,False,True,True,2,Recursive,True,True,True,True,True,0.1475,23,22
121,23572848[].aqua,73.78,72.64,1038,0.1607933044433593,0,0,1234,1813,0.0333151817321777,0.7816059,0.04,0.07,0.7529927239936827,0.1960320472717285,0.2089980426097684,0.6687785061871783,0.6999919414520264,0.7677587866312501,BendWorstOCT,2026-07-10 07:47:03,spect,,,22,22,0,22,2,2,0.5464150943396249,0.5464150943396249,0.0,8.26397705078125,1390.0,884962173,0.037141032,False,False,EQP,False,3,0.06,3600,1,0,0,0.05,-1,-1,0,-1,inf,True,False,False,1,False,False,True,True,2,Recursive,True,True,True,True,True,0.142372,13,11
120,23572848[].aqua,73.78,72.64,1096,0.1429440975189209,0,0,1234,1813,0.0339601039886474,0.7616059,0.03,0.04,0.7163051301677319,0.1619398593902588,0.1677508811505715,0.5871976694454414,0.7689898014068604,0.893393109461736,BendWorstOCT,2026-07-10 07:46:26,spect,,,22,22,0,22,2,2,0.486415094339625,0.4864150943396251,0.0,4.604548931121826,834.0,132713738,0.025994424,False,False,EQP,False,3,0.08,3600,1,0,0,0.05,-1,-1,0,-1,inf,True,False,False,1,False,False,True,True,2,Recursive,True,True,True,True,True,0.1362,9,8
5,23578656[].aqua,82.4,81.82,2456,0.7627272605895996,0,0,2450,3637,0.0548346042633056,0.9300059,0.42,0.67,0.9300058856252814,0.8869318962097168,1.0724991283401386,0.9075285285512834,2.320353031158448,2.679470636528226,BendWorstOCT,2026-07-10 10:48:27,spect,,,22,22,0,22,2,9,0.8170818185452351,0.8803077637690807,0.0773801886038972,3600.0007078647614,694084.0,-1996992835,1.0368984,False,False,EQP,False,4,0.0001,3600,1,0,0,0.05,-1,-1,0,-1,inf,True,False,False,1,False,False,True,True,2,Recursive,True,True,True,True,True,1.170676,3640,3578
29,23578656[].aqua,82.77,82.55,2350,0.8305549621582031,0,0,2450,3637,0.0843322277069091,0.9288118,0.43,0.68,0.928811838006234,0.904918909072876,1.0692110207420458,0.9068372956259836,1.907230854034424,2.179414436596079,BendWorstOCT,2026-07-10 10:48:27,spect,,,22,22,0,22,2,9,0.8230726415094368,0.8772454957618799,0.0658178288529858,3600.0007948875427,734268.0,1434964054,1.02038204,False,False,EQP,False,4,0.0002,3600,1,0,0,0.05,-1,-1,0,-1,inf,True,False,False,1,False,False,True,True,2,Recursive,True,True,True,True,True,1.244536,3639,3574
147,23572848[].aqua,83.52,83.49,2516,0.7981681823730469,0,0,2450,3637,0.0543510913848876,0.926424,0.42,0.64,0.9264240381375284,0.8095040321350098,0.9818532442230268,0.9039957705717244,1.923949956893921,2.1837312841708805,BendWorstOCT,2026-07-10 07:49:26,spect,,,22,22,0,22,2,9,0.8305056603773621,0.8734153878145168,0.0516669897441247,3600.005378961563,620594.0,-1930238884,0.813791248,False,False,EQP,False,4,0.0004,3600,1,0,0,0.05,-1,-1,0,-1,inf,True,False,False,1,False,False,True,True,2,Recursive,True,True,True,True,True,0.941864,3681,3575
2,23578656[].aqua,82.4,82.08,2478,0.6868400573730469,0,0,2450,3637,0.0535290241241455,0.9240371,0.38,0.61,0.9240371355230068,0.720505952835083,0.940315294734121,0.901401502451664,2.292057037353516,2.579157593621696,BendWorstOCT,2026-07-10 10:48:28,spect,,,22,22,0,22,2,9,0.8147547169811356,0.8692379468572287,0.0668707142659655,3600.000711917877,663795.0,-1254471417,0.974405824,False,False,EQP,False,4,0.0006,3600,1,0,0,0.05,-1,-1,0,-1,inf,True,False,False,1,False,False,True,True,2,Recursive,True,True,True,True,True,1.1661,3640,3578
16,23578656[].aqua,82.02,81.82,2354,0.9892442226409912,0,0,2450,3637,0.0615241527557373,0.9216502,0.59,0.68,0.9216502329084852,6.609955072402954,0.9837661707420976,0.8990669082501453,9.00645399093628,2.417850881023253,BendWorstOCT,2026-07-10 10:48:28,spect,,,22,22,0,22,2,9,0.8093818181818198,0.869970870093493,0.0748584296689285,3600.034660100937,574291.0,-1925028840,0.905462264,False,False,EQP,False,4,0.0008,3600,1,0,0,0.05,-1,-1,0,-1,inf,True,False,False,1,False,False,True,True,2,Recursive,True,True,True,True,True,1.023976,3641,3577
144,23572848[].aqua,82.4,81.82,2603,1.017071008682251,0,0,2450,3637,0.0545618534088134,0.9192633,0.36,0.59,0.9192633302939636,0.6977920532226562,0.8853909254806449,0.8940464926360876,2.4238710403442383,2.776188638952864,BendWorstOCT,2026-07-10 07:49:26,spect,,,22,22,0,22,2,9,0.8101818181818183,0.865593400354239,0.0683940085162284,3600.000790119171,529683.0,-916911833,0.778529808,False,False,EQP,False,4,0.001,3600,1,0,0,0.05,-1,-1,0,-1,inf,True,False,False,1,False,False,True,True,2,Recursive,True,True,True,True,True,0.8886,3681,3575
143,23572848[].aqua,82.4,81.82,2502,0.8373303413391113,0,0,2450,3637,0.0560164451599121,0.907713,0.44,0.65,0.9077130174293364,0.8095839023590088,0.958962922258364,0.882591930541372,2.602876901626587,3.0687586713604715,BendWorstOCT,2026-07-10 07:49:26,spect,,,22,22,0,22,2,9,0.8021818187101697,0.8516800128492568,0.0617044577483385,3600.000710964203,524807.0,396036837,0.753276264,False,False,EQP,False,4,0.002,3600,1,0,0,0.05,-1,-1,0,-1,inf,True,False,False,1,False,False,True,True,2,Recursive,True,True,True,True,True,0.872012,3681,3577
142,23572848[].aqua,82.02,81.82,2703,0.6462154388427734,0,0,2450,3637,0.0548427104949951,0.8879272,0.32,0.5,0.8879271594356362,0.6559658050537109,0.7757805602830274,0.8621234706616755,2.7525877952575684,3.218273409122136,BendWorstOCT,2026-07-10 07:49:26,spect,,,22,22,0,22,2,9,0.7901818326865242,0.8248847816133164,0.0439176750100749,3600.000711917877,582374.0,-698393094,0.837008072,False,False,EQP,False,4,0.004,3600,1,0,0,0.05,-1,-1,0,-1,inf,True,False,False,1,False,False,True,True,2,Recursive,True,True,True,True,True,0.952576,3681,3577
141,23572848[].aqua,81.27,81.13,2721,0.717374324798584,0,0,2450,3637,0.0543932914733886,0.8731609,0.33,0.53,0.8731609006086632,0.6711900234222412,0.8042377368909334,0.8547541816209052,1.906975030899048,2.212144522800507,BendWorstOCT,2026-07-10 07:49:26,spect,,,22,22,0,22,2,9,0.7753207570754752,0.8033745921596095,0.0361835212434578,3600.000837087631,538677.0,700550215,0.665319456,False,False,EQP,False,4,0.006,3600,1,0,0,0.05,-1,-1,0,-1,inf,True,False,False,1,False,False,True,True,2,Recursive,True,True,True,True,True,0.783352,3681,3577
140,23572848[].aqua,81.27,81.13,2602,0.6239287853240967,0,0,2450,3637,0.0559689998626709,0.8618543,0.27,0.45,0.8618543018282978,0.5205550193786621,0.6528678766516397,0.8397554994250345,1.7840430736541748,2.045849738976548,BendWorstOCT,2026-07-10 07:48:17,spect,,,22,22,0,22,2,9,0.7633207547169842,0.7824951337406156,0.0251196877657815,3600.000820159912,577415.0,-1230887008,0.548867224,False,False,EQP,False,4,0.008,3600,1,0,0,0.05,-1,-1,0,-1,inf,True,False,False,1,False,False,True,True,2,Recursive,True,True,True,True,True,0.705584,3605,3577
139,23572848[].aqua,81.27,81.13,2653,0.7890348434448242,0,0,2450,3637,0.0678234100341796,0.8525604,0.38,0.53,0.8525604341992954,2.679378032684326,0.7091737041646184,0.8274267127394548,3.967372179031372,1.6202261631125527,BendWorstOCT,2026-07-10 07:49:26,spect,,,22,22,0,22,2,9,0.7513207553784771,0.7575843369387252,0.0083367609844517,3600.0015029907227,602625.0,-1212683801,0.303187144,False,False,EQP,False,4,0.01,3600,1,0,0,0.05,-1,-1,0,-1,inf,True,False,False,1,False,False,True,True,2,Recursive,True,True,True,True,True,0.405224,3675,3582
138,23572848[].aqua,80.52,78.18,1828,0.3668467998504638,0,0,2450,3637,0.056481122970581,0.8300611,0.21,0.37,0.8300611027926633,0.5239200592041016,0.5720533208715498,0.7789726675356456,1.8633739948272705,1.978740170120952,BendWorstOCT,2026-07-10 07:47:05,spect,,,22,22,0,22,2,2,0.7018181818181818,0.7018181818181818,0.0,197.6614911556244,30065.0,-1421335640,0.075618568,False,False,EQP,False,4,0.02,3600,1,0,0,0.05,-1,-1,0,-1,inf,True,False,False,1,False,False,True,True,2,Recursive,True,True,True,True,True,0.185852,204,200
137,23572848[].aqua,80.52,78.18,1269,0.1965618133544922,0,0,2450,3637,0.0550990104675293,0.8020331,0.17,0.3,0.80203314367062,0.3155090808868408,0.4270560025394951,0.7047481291628732,3.636996030807495,4.242486360988031,BendWorstOCT,2026-07-10 07:47:05,spect,,,22,22,0,22,2,2,0.6218181818181819,0.6218181818181819,0.0,53.00159001350403,3797.0,-2068654671,0.074518528,False,False,EQP,False,4,0.04,3600,1,0,0,0.05,-1,-1,0,-1,inf,True,False,False,1,False,False,True,True,2,Recursive,True,True,True,True,True,0.166472,59,56
136,23572848[].aqua,73.78,72.64,1139,0.1476964950561523,0,0,2450,3637,0.0559427738189697,0.7816059,0.12,0.2,0.7529927239936829,0.3037748336791992,0.3933769213189379,0.643625736170485,1.5637478828430176,1.89192616371873,BendWorstOCT,2026-07-10 07:47:05,spect,,,22,22,0,22,2,2,0.546415094494265,0.546415094494265,0.0,12.544569969177246,1603.0,-2005061530,0.043610568,False,False,EQP,False,4,0.06,3600,1,0,0,0.05,-1,-1,0,-1,inf,True,False,False,1,False,False,True,True,2,Recursive,True,True,True,True,True,0.147944,19,16
135,23572848[].aqua,73.78,72.64,1113,0.1589798927307129,0,0,2450,3637,0.0550699234008789,0.7616059,0.1,0.17,0.716305130167732,0.3255760669708252,0.4140157114716571,0.5885439702952525,1.4130239486694336,1.668036872651658,BendWorstOCT,2026-07-10 07:47:05,spect,,,22,22,0,22,2,2,0.4864150943396316,0.4864150943396316,0.0,5.663809061050415,575.0,860879809,0.044392144,False,False,EQP,False,4,0.08,3600,1,0,0,0.05,-1,-1,0,-1,inf,True,False,False,1,False,False,True,True,2,Recursive,True,True,True,True,True,0.149904,13,9
254,23572848[].aqua,67.23,67.14,3442,1.401689052581787,0,0,2338,3433,0.0662775039672851,0.9221198,0.43,0.66,0.9221197597690428,1.1870019435882568,1.474556739710574,0.9204822238657796,2.5103509426116943,3.174964922636305,BendWorstOCT,2026-07-10 08:05:06,thoracic,Quantile Thresholds,5.0,16,13,3,36,2,9,0.6706285715956392,0.8830311787167254,0.3167216789104478,3600.0009529590607,81618.0,-1765759749,0.216273592,False,False,EQP,False,3,0.0001,3600,1,0,0,0.05,-1,-1,0,-1,inf,True,False,False,1,False,False,True,True,2,Recursive,True,True,True,True,True,0.329372,3605,3576
253,23572848[].aqua,65.74,65.71,3442,1.6301722526550293,0,0,2338,3433,0.0718610286712646,0.9213198,0.4,0.59,0.921319759769043,1.1671810150146484,1.3182861719564616,0.9183668534807315,2.52455997467041,2.696761349410528,BendWorstOCT,2026-07-10 08:04:33,thoracic,Quantile Thresholds,5.0,16,13,3,36,2,9,0.6555428571428569,0.8611754934142184,0.3136829789704348,3600.0012509822845,91336.0,-609617273,0.252219864,False,False,EQP,False,3,0.0002,3600,1,0,0,0.05,-1,-1,0,-1,inf,True,False,False,1,False,False,True,True,2,Recursive,True,True,True,True,True,0.370456,3607,3580
252,23572848[].aqua,68.51,68.5,3560,1.6577167510986328,0,0,2338,3433,0.0708978176116943,0.9197198,0.39,0.55,0.919719759769043,1.1208980083465576,1.189699552799392,0.9177068262094596,3.042564868927002,2.9104909438755726,BendWorstOCT,2026-07-10 08:04:33,thoracic,Quantile Thresholds,5.0,16,13,3,36,2,9,0.6818000000000124,0.8801741941796973,0.2909565769722518,3600.0021090507507,59822.0,-480521813,0.18637856,False,False,EQP,False,3,0.0004,3600,1,0,0,0.05,-1,-1,0,-1,inf,True,False,False,1,False,False,True,True,2,Recursive,True,True,True,True,True,0.293412,3606,3575
251,23572848[].aqua,68.72,68.57,3273,1.321068286895752,0,0,2338,3433,0.0646519660949707,0.9181198,0.35,0.57,0.9181197597690428,1.024643898010254,1.2480862555448955,0.91613454665008,2.3315348625183105,2.7950777855177376,BendWorstOCT,2026-07-10 08:04:31,thoracic,Quantile Thresholds,5.0,16,13,3,36,2,9,0.6809142860504694,0.889420921116066,0.3062156857877145,3600.001643896103,77059.0,-679477975,0.233417976,False,False,EQP,False,3,0.0006,3600,1,0,0,0.05,-1,-1,0,-1,inf,True,False,False,1,False,False,True,True,2,Recursive,True,True,True,True,True,0.347104,3605,3575
250,23572848[].aqua,67.66,67.5,3041,0.9040811061859132,0,0,2338,3433,0.0651576519012451,0.9165198,0.31,0.51,0.9165197597690424,0.8926200866699219,1.098468335682978,0.915135550965517,2.2740471363067627,2.6725117524362685,BendWorstOCT,2026-07-10 08:04:31,thoracic,Quantile Thresholds,5.0,16,13,3,36,2,9,0.6685999999999969,0.8730931249904588,0.3058527146133157,3600.001267194748,115310.0,1804403241,0.256581864,False,False,EQP,False,3,0.0008,3600,1,0,0,0.05,-1,-1,0,-1,inf,True,False,False,1,False,False,True,True,2,Recursive,True,True,True,True,True,0.380888,3605,3575
249,23572848[].aqua,66.81,66.75,3238,1.0976078510284424,0,0,2338,3433,0.0652196407318115,0.9149198,0.39,0.63,0.9149197597690428,1.0636358261108398,1.323679016590461,0.9126735199869892,2.493614912033081,3.034500132823988,BendWorstOCT,2026-07-10 08:03:59,thoracic,Quantile Thresholds,5.0,16,13,3,36,2,9,0.6595000025000322,0.8689865475500338,0.3176444947018653,3600.001439809799,90490.0,53681835,0.239063144,False,False,EQP,False,3,0.001,3600,1,0,0,0.05,-1,-1,0,-1,inf,True,False,False,1,False,False,True,True,2,Recursive,True,True,True,True,True,0.34114,3606,3576
248,23572848[].aqua,65.96,65.71,3618,1.546593189239502,0,0,2338,3433,0.066957950592041,0.9069198,0.36,0.57,0.9069197597690428,1.0712988376617432,1.2541995272605475,0.904629268838778,2.91869592666626,3.3780173157219253,BendWorstOCT,2026-07-10 08:03:28,thoracic,Quantile Thresholds,5.0,16,13,3,36,2,9,0.6451428571428569,0.8503838548902829,0.3181326360123965,3600.0014519691467,101660.0,1677669942,0.269738808,False,False,EQP,False,3,0.002,3600,1,0,0,0.05,-1,-1,0,-1,inf,True,False,False,1,False,False,True,True,2,Recursive,True,True,True,True,True,0.357216,3606,3578
247,23572848[].aqua,65.74,65.71,3463,1.2872729301452637,0,0,2338,3433,0.063871145248413,0.8909198,0.32,0.52,0.8909197597690428,0.8936419486999512,1.084752365944046,0.8888157027130035,3.494425058364868,4.051214562481688,BendWorstOCT,2026-07-10 08:03:26,thoracic,Quantile Thresholds,5.0,16,13,3,36,2,9,0.6291428571428567,0.8479534231578859,0.3477915445288841,3600.000780105591,91944.0,1327611243,0.25520064,False,False,EQP,False,3,0.004,3600,1,0,0,0.05,-1,-1,0,-1,inf,True,False,False,1,False,False,True,True,2,Recursive,True,True,True,True,True,0.352292,3604,3578
246,23572848[].aqua,67.87,67.75,3266,1.091752052307129,0,0,2338,3433,0.0667438507080078,0.8749198,0.32,0.49,0.8749197597690428,0.9557960033416748,1.1356736956882274,0.8728174286708701,2.4627718925476074,2.913312196886546,BendWorstOCT,2026-07-10 08:03:26,thoracic,Quantile Thresholds,5.0,16,13,3,36,2,9,0.6295009642857124,0.8270882388128417,0.3138792245558023,3600.001445055008,93542.0,34654805,0.217318432,False,False,EQP,False,3,0.006,3600,1,0,0,0.05,-1,-1,0,-1,inf,True,False,False,1,False,False,True,True,2,Recursive,True,True,True,True,True,0.316632,3605,3574
245,23572848[].aqua,65.32,65.25,3228,1.0992562770843506,0,0,2338,3433,0.0629544258117675,0.8589198,0.3,0.5,0.858919759769043,0.9318289756774902,1.156843264986578,0.8567261145844207,2.078718900680542,2.6171211454525314,BendWorstOCT,2026-07-10 08:02:54,thoracic,Quantile Thresholds,5.0,16,13,3,36,2,9,0.6045000000000004,0.808812442877062,0.3379858442962142,3600.000674009323,110351.0,1835949406,0.261937992,False,False,EQP,False,3,0.008,3600,1,0,0,0.05,-1,-1,0,-1,inf,True,False,False,1,False,False,True,True,2,Recursive,True,True,True,True,True,0.394788,3604,3576
244,23572848[].aqua,64.04,64.0,3509,1.0640394687652588,0,0,2338,3433,0.0657587051391601,0.8429198,0.27,0.44,0.842919759769043,1.0367817878723145,1.287634114995404,0.8411435174576967,2.4582788944244385,2.9319578962423893,BendWorstOCT,2026-07-10 08:03:58,thoracic,Quantile Thresholds,5.0,16,13,3,36,2,9,0.5799999999999981,0.815633787975586,0.4062651516820496,3600.0008080005646,84643.0,867767705,0.248082176,False,False,EQP,False,3,0.01,3600,1,0,0,0.05,-1,-1,0,-1,inf,True,False,False,1,False,False,True,True,2,Recursive,True,True,True,True,True,0.349076,3669,3578
243,23572848[].aqua,63.19,62.86,4769,0.8415851593017578,0,0,2338,3433,0.0686876773834228,0.8084314,0.17,0.24,0.8074264705882308,0.497730016708374,0.4036364210492512,0.795104468672702,1.750025987625122,1.782111407470674,BendWorstOCT,2026-07-10 08:03:58,thoracic,Quantile Thresholds,5.0,16,13,3,36,2,9,0.5485714285714283,0.7428558023148987,0.3541642229698681,3600.000630140305,74507.0,937557797,0.214664824,False,False,EQP,False,3,0.02,3600,1,0,0,0.05,-1,-1,0,-1,inf,True,False,False,1,False,False,True,True,2,Recursive,True,True,True,True,True,0.31776,3669,3578
242,23572848[].aqua,62.98,62.5,4304,0.9694819450378418,0,0,2338,3433,0.0655610561370849,0.7884314,0.17,0.27,0.7704773576097064,0.5059781074523926,0.4714777827632561,0.7381367623834714,1.8585879802703853,1.8305649264481472,BendWorstOCT,2026-07-10 08:03:58,thoracic,Quantile Thresholds,5.0,16,13,3,36,2,9,0.4650000004394983,0.595576290702993,0.2808092261076977,3600.0009949207306,70607.0,-1068830669,0.180859264,False,False,EQP,False,3,0.04,3600,1,0,0,0.05,-1,-1,0,-1,inf,True,False,False,1,False,False,True,True,2,Recursive,True,True,True,True,True,0.278872,3669,3581
241,23572848[].aqua,58.3,57.14,4231,0.829545259475708,0,0,2338,3433,0.066678762435913,0.7684314,0.13,0.22,0.7361138556985256,0.502892017364502,0.4407004345891155,0.6965082994894859,1.6897311210632324,1.7921536524927284,BendWorstOCT,2026-07-10 08:03:58,thoracic,Quantile Thresholds,5.0,16,13,3,36,2,9,0.3914285800937088,0.4517244558373756,0.1540405550591932,3600.0010011196136,74781.0,-860880983,0.15392936,False,False,EQP,False,3,0.06,3600,1,0,0,0.05,-1,-1,0,-1,inf,True,False,False,1,False,False,True,True,2,Recursive,True,True,True,True,True,0.262512,3669,3581
240,23572848[].aqua,58.51,50.0,4142,0.4707522392272949,0,0,2338,3433,0.062464952468872,0.7484314,0.12,0.18,0.702433880528952,0.4135730266571045,0.4649974586238195,0.6476771019643032,1.557649850845337,1.8843225100897385,BendWorstOCT,2026-07-10 08:01:46,thoracic,Quantile Thresholds,5.0,16,13,3,36,2,2,0.3400000005360034,0.3400000005360034,0.0,1513.569480895996,29432.0,1120349732,0.145217792,False,False,EQP,False,3,0.08,3600,1,0,0,0.05,-1,-1,0,-1,inf,True,False,False,1,False,False,True,True,2,Recursive,True,True,True,True,True,0.25606,1518,1506
269,23572848[].aqua,72.98,72.86,6254,2.580693483352661,0,0,4706,6985,0.1080951690673828,0.9717045,1.42,2.39,0.9717045405584482,2.7538089752197266,4.047179149918084,0.970853489186976,4.764569997787476,6.95078813673253,BendWorstOCT,2026-07-10 08:31:56,thoracic,Quantile Thresholds,5.0,16,13,3,36,2,9,0.7269715017269776,0.942348162177322,0.2962656169309255,3600.0013360977173,62812.0,-829404401,0.360877696,False,False,EQP,False,4,0.0001,3600,1,0,0,0.05,-1,-1,0,-1,inf,True,False,False,1,False,False,True,True,2,Recursive,True,True,True,True,True,0.440088,3604,3576
268,23572848[].aqua,71.49,71.43,5900,1.785501480102539,0,0,4706,6985,0.1098194122314453,0.9701045,1.77,2.87,0.970104540558448,3.257667064666748,4.605010955445435,0.9685589755180654,6.935628890991211,10.051923748888129,BendWorstOCT,2026-07-10 08:31:56,thoracic,Quantile Thresholds,5.0,16,13,3,36,2,9,0.7114857142857137,0.9436359826506848,0.3262894302776482,3600.001070022583,44133.0,203493040,0.321471376,False,False,EQP,False,4,0.0002,3600,1,0,0,0.05,-1,-1,0,-1,inf,True,False,False,1,False,False,True,True,2,Recursive,True,True,True,True,True,0.431748,3605,3574
267,23572848[].aqua,70.0,70.0,6103,2.3633718490600586,0,0,4706,6985,0.1110644340515136,0.9669045,1.39,2.05,0.9669045405584484,2.725270986557007,3.530911057579256,0.9662336315800364,6.070204019546509,8.41495075055559,BendWorstOCT,2026-07-10 08:31:56,thoracic,Quantile Thresholds,5.0,16,13,3,36,2,9,0.6947999999999971,0.9407025263603416,0.3539184317218558,3600.002814054489,65513.0,1441756675,0.386843752,False,False,EQP,False,4,0.0004,3600,1,0,0,0.05,-1,-1,0,-1,inf,True,False,False,1,False,False,True,True,2,Recursive,True,True,True,True,True,0.4712,3605,3574
266,23572848[].aqua,71.49,71.43,5974,2.8399693965911865,0,0,4706,6985,0.1189792156219482,0.9637045,1.65,2.14,0.9637045405584485,3.3023061752319336,3.9257474135674975,0.9627465508328792,8.124638080596924,9.66003289300054,BendWorstOCT,2026-07-10 08:29:26,thoracic,Quantile Thresholds,5.0,16,13,3,36,2,9,0.7052857142857143,0.95394166666666,0.3525605968536804,3600.0021970272064,41827.0,-105037267,0.31256428,False,False,EQP,False,4,0.0006,3600,1,0,0,0.05,-1,-1,0,-1,inf,True,False,False,1,False,False,True,True,2,Recursive,True,True,True,True,True,0.420764,3607,3576
265,23572848[].aqua,70.0,70.0,5918,2.026876211166382,0,0,4706,6985,0.1094398498535156,0.9605045,1.52,2.55,0.9605045405584478,3.067337989807129,4.568275003136696,0.9602575132956016,6.260519981384277,8.890693691045923,BendWorstOCT,2026-07-10 08:28:53,thoracic,Quantile Thresholds,5.0,16,13,3,36,2,9,0.6888,0.9345738262910732,0.3568144980997,3600.0010290145874,73527.0,-1352152397,0.402351272,False,False,EQP,False,4,0.0008,3600,1,0,0,0.05,-1,-1,0,-1,inf,True,False,False,1,False,False,True,True,2,Recursive,True,True,True,True,True,0.468836,3605,3579
264,23572848[].aqua,71.49,71.43,6416,2.4848501682281494,0,0,4706,6985,0.1089556217193603,0.9573045,1.54,2.56,0.9573045405584484,2.862046003341675,4.117363463105679,0.9563613940370188,7.7673139572143555,10.671471627611552,BendWorstOCT,2026-07-10 08:25:35,thoracic,Quantile Thresholds,5.0,16,13,3,36,2,9,0.7002857142857144,0.9242658102766734,0.3198410183469427,3600.0009429454803,91716.0,-1785460841,0.446247832,False,False,EQP,False,4,0.001,3600,1,0,0,0.05,-1,-1,0,-1,inf,True,False,False,1,False,False,True,True,2,Recursive,True,True,True,True,True,0.529468,3604,3578
263,23572848[].aqua,68.51,68.5,5994,2.054875373840332,0,0,4706,6985,0.1078402996063232,0.9413045,1.35,2.23,0.941304540558448,2.733972787857056,3.9203596786678334,0.9409430751418092,5.222433805465698,7.734242957142499,BendWorstOCT,2026-07-10 08:24:32,thoracic,Quantile Thresholds,5.0,16,13,3,36,2,9,0.6670000000000005,0.9335690663890064,0.3996537726971598,3600.0010228157043,57262.0,720363294,0.360582896,False,False,EQP,False,4,0.002,3600,1,0,0,0.05,-1,-1,0,-1,inf,True,False,False,1,False,False,True,True,2,Recursive,True,True,True,True,True,0.429764,3605,3578
262,23572848[].aqua,68.09,68.0,6146,1.773088455200195,0,0,4706,6985,0.1079931259155273,0.9100449,1.49,2.47,0.9100449127288136,2.9986250400543213,4.265516596948553,0.909072327221697,13.425201892852783,17.63680170295374,BendWorstOCT,2026-07-10 08:19:27,thoracic,Quantile Thresholds,5.0,16,13,3,36,2,9,0.6440002500000149,0.9038493164851338,0.4034921826274334,3600.002321004868,43925.0,1080234882,0.314991024,False,False,EQP,False,4,0.004,3600,1,0,0,0.05,-1,-1,0,-1,inf,True,False,False,1,False,False,True,True,2,Recursive,True,True,True,True,True,0.421996,3605,3578
261,23572848[].aqua,68.09,68.0,6527,2.3955795764923096,0,0,4706,6985,0.1181318759918212,0.8837141,1.33,2.17,0.8837141017385636,2.997830867767334,3.9417903470519327,0.883453543465106,6.093103885650635,8.385252948530258,BendWorstOCT,2026-07-10 08:13:41,thoracic,Quantile Thresholds,5.0,16,13,3,36,2,9,0.6259999999999974,0.8765037191095967,0.4001656854785946,3600.001276016236,34787.0,-990970309,0.316148872,False,False,EQP,False,4,0.006,3600,1,0,0,0.05,-1,-1,0,-1,inf,True,False,False,1,False,False,True,True,2,Recursive,True,True,True,True,True,0.439664,3605,3576
260,23572848[].aqua,67.66,67.14,6512,2.194289445877075,0,0,4706,6985,0.1151225566864013,0.8621364,1.25,2.01,0.8621364499605609,2.69401216506958,3.4996090492763576,0.8618702996226028,6.647695064544678,9.138765224753689,BendWorstOCT,2026-07-10 08:12:41,thoracic,Quantile Thresholds,5.0,16,13,3,36,2,9,0.615428571428571,0.8535641809045009,0.3869427266321984,3600.003753185272,31745.0,147043806,0.4021064,False,False,EQP,False,4,0.008,3600,1,0,0,0.05,-1,-1,0,-1,inf,True,False,False,1,False,False,True,True,2,Recursive,True,True,True,True,True,0.47718,3605,3576
259,23572848[].aqua,64.89,64.29,7855,2.3793158531188965,0,0,4706,6985,0.1151497364044189,0.8430428,1.44,2.13,0.8430428366412076,2.7182071208953857,3.3597079526356315,0.8429061901854673,6.406162023544312,8.361583241899872,BendWorstOCT,2026-07-10 08:10:57,thoracic,Quantile Thresholds,5.0,16,13,3,36,2,9,0.5728571464731146,0.8353353409249278,0.4581913589937764,3600.0015699863434,23117.0,-1130145751,0.412122664,False,False,EQP,False,4,0.01,3600,1,0,0,0.05,-1,-1,0,-1,inf,True,False,False,1,False,False,True,True,2,Recursive,True,True,True,True,True,0.529,3605,3583
258,23572848[].aqua,63.19,62.86,7599,1.5061695575714111,0,0,4706,6985,0.1107821464538574,0.8084314,0.9,1.58,0.8074264705882308,1.4010591506958008,2.000076539885502,0.7924194439160073,4.446314096450806,5.521545850363002,BendWorstOCT,2026-07-10 08:09:37,thoracic,Quantile Thresholds,5.0,16,13,3,36,2,9,0.5285714285714285,0.7558494466167218,0.4299854395451497,3600.002053976059,43312.0,-1172980407,0.330858848,False,False,EQP,False,4,0.02,3600,1,0,0,0.05,-1,-1,0,-1,inf,True,False,False,1,False,False,True,True,2,Recursive,True,True,True,True,True,0.438096,3605,3575
257,23572848[].aqua,61.49,61.43,8217,1.167492389678955,0,0,4706,6985,0.1109943389892578,0.7884314,0.87,1.29,0.7704773576097067,1.466581106185913,2.027489650682337,0.7452448408601017,3.9532949924468994,4.483496874921473,BendWorstOCT,2026-07-10 08:08:58,thoracic,Quantile Thresholds,5.0,16,13,3,36,2,9,0.4542857144311428,0.6400993299172848,0.4090236817567948,3600.001659154892,44146.0,1193733059,0.330619744,False,False,EQP,False,4,0.04,3600,1,0,0,0.05,-1,-1,0,-1,inf,True,False,False,1,False,False,True,True,2,Recursive,True,True,True,True,True,0.41578,3605,3576
256,23572848[].aqua,58.3,57.14,7240,0.9112722873687744,0,0,4706,6985,0.1109685897827148,0.7684314,0.42,0.67,0.7361138556985258,1.014237880706787,1.4154056848079812,0.6908466762131437,4.509893894195557,5.257974599660483,BendWorstOCT,2026-07-10 08:05:42,thoracic,Quantile Thresholds,5.0,16,13,3,36,2,9,0.3914285717068572,0.526519366064693,0.3451224670921721,3600.001461982727,41413.0,1785248074,0.279953528,False,False,EQP,False,4,0.06,3600,1,0,0,0.05,-1,-1,0,-1,inf,True,False,False,1,False,False,True,True,2,Recursive,True,True,True,True,True,0.387972,3605,3576
255,23572848[].aqua,58.51,50.0,7799,0.9459373950958252,0,0,4706,6985,0.1093790531158447,0.7484314,0.27,0.41,0.7024338805289521,0.941965103149414,1.2049751866688858,0.6505344190971666,3.8248541355133057,4.459955229161443,BendWorstOCT,2026-07-10 08:05:06,thoracic,Quantile Thresholds,5.0,16,13,3,36,2,9,0.3400000004020026,0.3942360017391529,0.1595176508030112,3600.00145816803,38010.0,-1586007446,0.248200936,False,False,EQP,False,4,0.08,3600,1,0,0,0.05,-1,-1,0,-1,inf,True,False,False,1,False,False,True,True,2,Recursive,True,True,True,True,True,0.341656,3605,3575
194,23572848[].aqua,69.65,69.1,3725,1.921748161315918,0,0,2955,4346,0.0817995071411132,0.7274117,0.05,0.07,0.7274117371242264,0.529123067855835,0.4434539527781932,0.7197599044497996,1.5707931518554688,1.6635386117171125,BendWorstOCT,2026-07-10 07:55:27,transfusion,Quantile Thresholds,5.0,4,0,4,16,2,2,0.6903112359550565,0.6903112359550564,0.0,432.48283100128174,35035.0,-2076629249,0.105093936,False,False,EQP,False,3,0.0001,3600,1,0,0,0.05,-1,-1,0,-1,inf,True,False,False,1,False,False,True,True,2,Recursive,True,True,True,True,True,0.21786,438,433
193,23572848[].aqua,69.65,69.1,3612,1.2195041179656982,0,0,2955,4346,0.0753586292266845,0.7266318,0.05,0.07,0.726631785742275,0.4948899745941162,0.4471954064711738,0.7182063912899082,1.404493808746338,1.5253486483311922,BendWorstOCT,2026-07-10 07:54:40,transfusion,Quantile Thresholds,5.0,4,0,4,16,2,2,0.6896112359550564,0.6896112359550564,0.0,364.0199918746948,31586.0,1039845684,0.099009808,False,False,EQP,False,3,0.0002,3600,1,0,0,0.05,-1,-1,0,-1,inf,True,False,False,1,False,False,True,True,2,Recursive,True,True,True,True,True,0.20474,368,364
192,23572848[].aqua,69.65,69.1,3587,1.9634265899658203,0,0,2955,4346,0.0921404361724853,0.7250763,0.05,0.07,0.7250762598268231,2.586091995239258,0.3302804311580724,0.7154525485341712,4.021630048751831,1.4688508519431465,BendWorstOCT,2026-07-10 07:55:56,transfusion,Quantile Thresholds,5.0,4,0,4,16,2,2,0.6882112359550562,0.6882112359550562,0.0,416.54148292541504,29456.0,-1397577781,0.098752232,False,False,EQP,False,3,0.0004,3600,1,0,0,0.05,-1,-1,0,-1,inf,True,False,False,1,False,False,True,True,2,Recursive,True,True,True,True,True,0.21294,498,427
191,23572848[].aqua,69.65,69.1,3221,1.2592997550964355,0,0,2955,4346,0.0790925025939941,0.7235437,0.05,0.07,0.7235436809468454,0.4695100784301758,0.4401561612007764,0.7149123228162415,1.6763720512390137,1.7901246749214927,BendWorstOCT,2026-07-10 07:54:41,transfusion,Quantile Thresholds,5.0,4,0,4,16,2,2,0.686811235955056,0.686811235955056,0.0,257.26286792755127,20964.0,469866993,0.096840336,False,False,EQP,False,3,0.0006,3600,1,0,0,0.05,-1,-1,0,-1,inf,True,False,False,1,False,False,True,True,2,Recursive,True,True,True,True,True,0.205996,263,259
190,23572848[].aqua,69.65,69.1,4015,1.448869228363037,0,0,2955,4346,0.0777943134307861,0.7220133,0.07,0.1,0.7220132508348919,0.5560059547424316,0.5333576130357561,0.7142488630944539,1.5252978801727295,1.6572897785706666,BendWorstOCT,2026-07-10 07:53:57,transfusion,Quantile Thresholds,5.0,4,0,4,16,2,2,0.6854112362921385,0.6854112362921385,0.0,301.5323958396912,22424.0,871045394,0.110398376,False,False,EQP,False,3,0.0008,3600,1,0,0,0.05,-1,-1,0,-1,inf,True,False,False,1,False,False,True,True,2,Recursive,True,True,True,True,True,0.214148,307,303
189,23572848[].aqua,69.65,69.1,3494,2.243780851364136,0,0,2955,4346,0.0795543193817138,0.7205158,0.06,0.08,0.720515763075629,0.6188249588012695,0.5245228845806807,0.7119278242275408,1.838866949081421,1.846059931170868,BendWorstOCT,2026-07-10 07:53:58,transfusion,Quantile Thresholds,5.0,4,0,4,16,2,2,0.6840112359550562,0.6840112359550562,0.0,347.11014199256897,29104.0,228035086,0.09906492,False,False,EQP,False,3,0.001,3600,1,0,0,0.05,-1,-1,0,-1,inf,True,False,False,1,False,False,True,True,2,Recursive,True,True,True,True,True,0.222868,353,348
188,23572848[].aqua,69.65,69.1,3165,0.9777193069458008,0,0,2955,4346,0.0738115310668945,0.7137735,0.07,0.09,0.7137735413240505,0.4653329849243164,0.4089314185936978,0.7036132508005464,1.5658609867095947,1.638540084731035,BendWorstOCT,2026-07-10 07:53:11,transfusion,Quantile Thresholds,5.0,4,0,4,16,2,2,0.6770112359550562,0.6770112359550562,0.0,205.1803290843964,20049.0,-327309178,0.091276736,False,False,EQP,False,3,0.002,3600,1,0,0,0.05,-1,-1,0,-1,inf,True,False,False,1,False,False,True,True,2,Recursive,True,True,True,True,True,0.18944,210,207
187,23572848[].aqua,68.85,68.77,4910,1.8415343761444087,0,0,2955,4346,0.0737483501434326,0.7020065,0.06,0.08,0.7020065409531714,0.5654568672180176,0.5440312736269858,0.6896921060481019,1.309926986694336,1.3858205535131267,BendWorstOCT,2026-07-10 07:53:11,transfusion,Quantile Thresholds,5.0,4,0,4,16,2,2,0.6637192982456139,0.6637192982456139,0.0,542.7687740325928,34469.0,-530993826,0.132807776,False,False,EQP,False,3,0.004,3600,1,0,0,0.05,-1,-1,0,-1,inf,True,False,False,1,False,False,True,True,2,Recursive,True,True,True,True,True,0.2452,548,542
186,23572848[].aqua,68.85,68.77,4636,1.852038860321045,0,0,2955,4346,0.0747449398040771,0.6914231,0.07,0.09,0.6914231184181892,0.4375860691070556,0.3912091446537731,0.6762499244446145,1.461395025253296,1.582638752640237,BendWorstOCT,2026-07-10 07:53:11,transfusion,Quantile Thresholds,5.0,4,0,4,16,2,2,0.6517192982456141,0.6517192982456141,0.0,371.73427391052246,25094.0,-1624188270,0.112960384,False,False,EQP,False,3,0.006,3600,1,0,0,0.05,-1,-1,0,-1,inf,True,False,False,1,False,False,True,True,2,Recursive,True,True,True,True,True,0.231928,376,372
185,23572848[].aqua,67.91,67.42,3719,1.2860891819000244,0,0,2955,4346,0.0768244266510009,0.6824811,0.08,0.11,0.6824810910423865,0.4117109775543213,0.4030958782001025,0.6704357437817543,1.2475109100341797,1.4422578908968184,BendWorstOCT,2026-07-10 07:52:23,transfusion,Quantile Thresholds,5.0,4,0,4,16,2,2,0.6421573033707865,0.6421573033707865,0.0,214.21626996994016,14634.0,-1525603151,0.095831736,False,False,EQP,False,3,0.008,3600,1,0,0,0.05,-1,-1,0,-1,inf,True,False,False,1,False,False,True,True,2,Recursive,True,True,True,True,True,0.212796,219,216
184,23572848[].aqua,67.91,67.42,3384,0.7794239521026611,0,0,2955,4346,0.0762536525726318,0.6745402,0.07,0.1,0.6745402346337959,0.49993896484375,0.464840792459787,0.6629526540909287,1.5907409191131592,1.8133768750127768,BendWorstOCT,2026-07-10 07:52:23,transfusion,Quantile Thresholds,5.0,4,0,4,16,2,2,0.634157303370787,0.634157303370787,0.0,101.43016409873962,7716.0,-952810433,0.089254568,False,False,EQP,False,3,0.01,3600,1,0,0,0.05,-1,-1,0,-1,inf,True,False,False,1,False,False,True,True,2,Recursive,True,True,True,True,True,0.202164,107,104
183,23572848[].aqua,69.39,66.29,4126,0.8549373149871826,0,0,2955,4346,0.0786576271057128,0.6489344,0.09,0.14,0.648934389051671,0.4241311550140381,0.3760983801248521,0.6366671420922708,1.6038100719451904,1.603426109935037,BendWorstOCT,2026-07-10 07:52:24,transfusion,Quantile Thresholds,5.0,4,0,4,16,2,2,0.6029213483146072,0.6029213483146072,0.0,37.09741306304932,1185.0,-1706402347,0.10849084,False,False,EQP,False,3,0.02,3600,1,0,0,0.05,-1,-1,0,-1,inf,True,False,False,1,False,False,True,True,2,Recursive,True,True,True,True,True,0.198624,43,41
182,23572848[].aqua,69.39,66.29,1939,0.2395308017730713,0,0,2955,4346,0.0757215023040771,0.6175927,0.09,0.14,0.6175927306454423,0.2922201156616211,0.287724996975069,0.5913038595427138,0.9432120323181152,0.9543426772501228,BendWorstOCT,2026-07-10 07:52:23,transfusion,Quantile Thresholds,5.0,4,0,4,16,2,2,0.542921348314607,0.5429213483146069,0.0,4.60924506187439,288.0,1069174496,0.045894336,False,False,EQP,False,3,0.04,3600,1,0,0,0.05,-1,-1,0,-1,inf,True,False,False,1,False,False,True,True,2,Recursive,True,True,True,True,True,0.155344,9,8
181,23572848[].aqua,64.17,60.88,2370,0.1898925304412841,0,0,2955,4346,0.0746707916259765,0.5904111,0.09,0.14,0.5904110694719518,0.2896928787231445,0.2838780319447644,0.5499100248041013,1.064985990524292,1.079376052659631,BendWorstOCT,2026-07-10 07:52:23,transfusion,Quantile Thresholds,5.0,4,0,4,16,2,2,0.4887719298245617,0.4887719298245617,0.0,2.482227087020874,122.0,235091976,0.04710448,False,False,EQP,False,3,0.06,3600,1,0,0,0.05,-1,-1,0,-1,inf,True,False,False,1,False,False,True,True,2,Recursive,True,True,True,True,True,0.153284,7,5
180,23572848[].aqua,64.17,60.88,1392,0.1040058135986328,0,0,2955,4346,0.0745372772216796,0.5638693,0.07,0.11,0.5638693194777378,0.2664217948913574,0.2533223924879578,0.509279074791055,1.004945993423462,1.1434579746226936,BendWorstOCT,2026-07-10 07:52:23,transfusion,Quantile Thresholds,5.0,4,0,4,16,2,2,0.4487719298245616,0.4487719298245616,0.0,1.604076862335205,55.0,1587630396,0.0334918,False,False,EQP,False,3,0.08,3600,1,0,0,0.05,-1,-1,0,-1,inf,True,False,False,1,False,False,True,True,2,Recursive,True,True,True,True,True,0.145524,6,5
209,23572848[].aqua,71.39,71.35,6782,4.618560552597046,0,0,5723,8498,0.1928787231445312,0.7274117,0.18,0.24,0.7274117371242264,0.7278769016265869,0.8432613253448644,0.7271726703197783,7.107703924179077,8.72517453024615,BendWorstOCT,2026-07-10 07:58:53,transfusion,Quantile Thresholds,5.0,4,0,4,16,2,9,0.7121831460674167,0.7216115593144631,0.0132387480651695,3600.001280069351,166759.0,-1547149177,0.377912208,False,False,EQP,False,4,0.0001,3600,1,0,0,0.05,-1,-1,0,-1,inf,True,False,False,1,False,False,True,True,2,Recursive,True,True,True,True,True,0.488876,3605,3574
208,23572848[].aqua,70.86,70.79,8021,5.454865217208862,0,0,5723,8498,0.1764142513275146,0.7266318,0.16,0.22,0.726631785742275,0.6754310131072998,0.7260217449829485,0.7259496453685588,3.069499969482422,3.645008917291162,BendWorstOCT,2026-07-10 07:58:53,transfusion,Quantile Thresholds,5.0,4,0,4,16,2,9,0.7054651685393262,0.7243943171785343,0.0268321520088669,3600.0015308856964,152938.0,-1397181722,0.518988424,False,False,EQP,False,4,0.0002,3600,1,0,0,0.05,-1,-1,0,-1,inf,True,False,False,1,False,False,True,True,2,Recursive,True,True,True,True,True,0.61022,3605,3575
207,23572848[].aqua,70.99,70.79,7238,4.604499340057373,0,0,5723,8498,0.1494221687316894,0.7250763,0.13,0.18,0.7250762598268231,0.6398999691009521,0.8061759422823777,0.7240703792202726,3.864799976348877,4.799462326639597,BendWorstOCT,2026-07-10 07:57:19,transfusion,Quantile Thresholds,5.0,4,0,4,16,2,9,0.7026657303370789,0.7195937530885397,0.0240911460750194,3600.001118898392,224765.0,-1283414174,0.538811952,False,False,EQP,False,4,0.0004,3600,1,0,0,0.05,-1,-1,0,-1,inf,True,False,False,1,False,False,True,True,2,Recursive,True,True,True,True,True,0.659736,3605,3576
206,23572848[].aqua,71.79,70.79,7786,5.456299781799316,0,0,5723,8498,0.1688690185546875,0.7235437,0.14,0.18,0.7235436809468455,0.8545711040496826,0.873384122776829,0.7221577741183157,3.265442132949829,3.491085519490028,BendWorstOCT,2026-07-10 07:57:19,transfusion,Quantile Thresholds,5.0,4,0,4,16,2,9,0.700065168539326,0.7176032384566674,0.0250520533023151,3600.0010809898376,152618.0,-562395905,0.529363512,False,False,EQP,False,4,0.0006,3600,1,0,0,0.05,-1,-1,0,-1,inf,True,False,False,1,False,False,True,True,2,Recursive,True,True,True,True,True,0.6234,3605,3572
205,23572848[].aqua,70.86,70.79,7749,3.74066162109375,0,0,5723,8498,0.1533198356628418,0.7220133,0.16,0.23,0.722013250834892,0.9130008220672609,1.02570205797768,0.720786704983316,3.365006923675537,4.10221608062753,BendWorstOCT,2026-07-10 07:56:49,transfusion,Quantile Thresholds,5.0,4,0,4,16,2,9,0.6974651685393258,0.7142465113313877,0.0240604743419752,3600.0021607875824,188247.0,-886114464,0.56965584,False,False,EQP,False,4,0.0008,3600,1,0,0,0.05,-1,-1,0,-1,inf,True,False,False,1,False,False,True,True,2,Recursive,True,True,True,True,True,0.67848,3605,3577
204,23572848[].aqua,70.72,70.22,7859,3.074448823928833,0,0,5723,8498,0.1566801071166992,0.7205158,0.16,0.23,0.7205157630756294,0.8455679416656494,1.0022657106196209,0.7186446740033018,3.410965919494629,4.035632863060766,BendWorstOCT,2026-07-10 07:56:20,transfusion,Quantile Thresholds,5.0,4,0,4,16,2,9,0.691247191011236,0.7122099143370244,0.0303259435964169,3600.0010747909546,175182.0,-1794967558,0.587066968,False,False,EQP,False,4,0.001,3600,1,0,0,0.05,-1,-1,0,-1,inf,True,False,False,1,False,False,True,True,2,Recursive,True,True,True,True,True,0.665868,3606,3578
203,23572848[].aqua,70.32,70.22,5829,3.4003074169158936,0,0,5723,8498,0.1646640300750732,0.7137735,0.22,0.3,0.7137735413240505,0.8038361072540283,1.0048995902691644,0.7085710775116119,3.33183217048645,3.9724566756605566,BendWorstOCT,2026-07-10 07:56:20,transfusion,Quantile Thresholds,5.0,4,0,4,16,2,9,0.684247191179461,0.6978012122717449,0.0198086616459766,3600.0010969638824,136433.0,-819073347,0.442010192,False,False,EQP,False,4,0.002,3600,1,0,0,0.05,-1,-1,0,-1,inf,True,False,False,1,False,False,True,True,2,Recursive,True,True,True,True,True,0.517644,3606,3577
202,23572848[].aqua,69.25,69.1,6915,2.64001727104187,0,0,5723,8498,0.1671795845031738,0.7020065,0.2,0.26,0.7020065409531716,0.8065860271453857,0.8318189414584115,0.6922202642505421,3.1424880027771,3.4946705182478017,BendWorstOCT,2026-07-10 07:56:20,transfusion,Quantile Thresholds,5.0,4,0,4,16,2,9,0.6670112359550563,0.6775010756867916,0.0157266312264073,3600.0011990070343,127111.0,1730513370,0.494258512,False,False,EQP,False,4,0.004,3600,1,0,0,0.05,-1,-1,0,-1,inf,True,False,False,1,False,False,True,True,2,Recursive,True,True,True,True,True,0.589096,3606,3576
201,23572848[].aqua,68.72,67.98,7051,4.496107339859009,0,0,5723,8498,0.2838420867919922,0.6914231,0.33,0.31,0.6914231184181893,1.2515580654144287,0.8464403552147132,0.6789842733879724,4.0627100467681885,3.011693641538085,BendWorstOCT,2026-07-10 07:56:23,transfusion,Quantile Thresholds,5.0,4,0,4,16,2,9,0.6497752808988764,0.660011997282826,0.0157542410197391,3600.0052790641785,114756.0,-426821914,0.358125768,False,False,EQP,False,4,0.006,3600,1,0,0,0.05,-1,-1,0,-1,inf,True,False,False,1,False,False,True,True,2,Recursive,True,True,True,True,True,0.512196,3608,3573
200,23572848[].aqua,69.25,69.1,6241,2.7379226684570312,0,0,5723,8498,0.1704516410827636,0.6824811,0.24,0.3,0.6824810910423866,0.6971619129180908,0.7673301603102577,0.6702015909537543,2.035569906234741,2.331571174321686,BendWorstOCT,2026-07-10 07:56:20,transfusion,Quantile Thresholds,5.0,4,0,4,16,2,2,0.6430112359550564,0.6430112359550564,0.0,1600.1971549987793,73884.0,910628091,0.231197144,False,False,EQP,False,4,0.008,3600,1,0,0,0.05,-1,-1,0,-1,inf,True,False,False,1,False,False,True,True,2,Recursive,True,True,True,True,True,0.360492,1605,1590
199,23572848[].aqua,67.91,67.42,5674,1.414569616317749,0,0,5723,8498,0.1590645313262939,0.6745402,0.3,0.42,0.6745402346337959,1.0321390628814695,0.9213614850880668,0.664146613313037,3.5908801555633545,3.5084800028789136,BendWorstOCT,2026-07-10 07:56:20,transfusion,Quantile Thresholds,5.0,4,0,4,16,2,2,0.6341578651685454,0.6341578651685454,0.0,487.4759011268616,22252.0,-1164152885,0.162366232,False,False,EQP,False,4,0.01,3600,1,0,0,0.05,-1,-1,0,-1,inf,True,False,False,1,False,False,True,True,2,Recursive,True,True,True,True,True,0.291088,492,487
198,23572848[].aqua,69.39,66.29,4777,0.6689813137054443,0,0,5723,8498,0.177173376083374,0.6489344,0.38,0.67,0.648934389051671,0.7888710498809814,1.079380340094004,0.6364022428340163,3.398798942565918,3.338227124221012,BendWorstOCT,2026-07-10 07:55:27,transfusion,Quantile Thresholds,5.0,4,0,4,16,2,2,0.6029213483146079,0.6029213483146079,0.0,65.53715515136719,1576.0,-1127303141,0.1772876,False,False,EQP,False,4,0.02,3600,1,0,0,0.05,-1,-1,0,-1,inf,True,False,False,1,False,False,True,True,2,Recursive,True,True,True,True,True,0.265076,71,69
197,23572848[].aqua,69.39,66.29,2108,0.4626150131225586,0,0,5723,8498,0.2662007808685303,0.6175927,0.5,0.55,0.6175927306454424,0.916635036468506,0.8564168355705243,0.590034590170399,3.5378379821777344,2.655867059840672,BendWorstOCT,2026-07-10 07:55:30,transfusion,Quantile Thresholds,5.0,4,0,4,16,2,2,0.5429213483146078,0.5429213483146078,0.0,10.728662014007568,254.0,616614694,0.067697544,False,False,EQP,False,4,0.04,3600,1,0,0,0.05,-1,-1,0,-1,inf,True,False,False,1,False,False,True,True,2,Recursive,True,True,True,True,True,0.168292,20,18
196,23572848[].aqua,64.17,60.88,1628,0.1635148525238037,0,0,5723,8498,0.1963429450988769,0.5904111,0.29,0.41,0.5904110694719515,0.5697119235992432,0.6985118780395468,0.5464593584202423,4.278030872344971,4.030384845030752,BendWorstOCT,2026-07-10 07:55:27,transfusion,Quantile Thresholds,5.0,4,0,4,16,2,2,0.4887719298245614,0.4887719298245614,0.0,6.303345918655396,111.0,-1261247053,0.062351768,False,False,EQP,False,4,0.06,3600,1,0,0,0.05,-1,-1,0,-1,inf,True,False,False,1,False,False,True,True,2,Recursive,True,True,True,True,True,0.171488,12,10
195,23572848[].aqua,64.17,60.88,756,0.0754315853118896,0,0,5723,8498,0.1717252731323242,0.5638693,0.36,0.54,0.5638693194777377,0.6447949409484863,0.8304807562561892,0.5035152610365403,6.710088014602661,6.779189653086632,BendWorstOCT,2026-07-10 07:55:27,transfusion,Quantile Thresholds,5.0,4,0,4,16,2,2,0.4487719298245616,0.4487719298245616,0.0,7.363681077957153,49.0,205635883,0.061985664,False,False,EQP,False,4,0.08,3600,1,0,0,0.05,-1,-1,0,-1,inf,True,False,False,1,False,False,True,True,2,Recursive,True,True,True,True,True,0.169284,12,11
164,23572848[].aqua,75.77,75.68,1894,1.1631693840026855,0,0,0,0,0.0064733028411865,0.9998258,0.02,0.0,0.9997999999999996,0.1602940559387207,0.0242425650262337,0.9997999999999996,0.1800260543823242,0.0384222799397097,BendWorstOCT,2026-07-10 07:49:26,wpbc,Quantile Thresholds,5.0,32,0,32,127,2,9,0.755956756756757,0.9994484400514304,0.3220973701449716,3600.0012819767,200469.0,-425873198,0.355655128,False,False,EQP,False,3,0.0001,3600,1,0,0,0.05,-1,-1,0,-1,inf,True,False,False,1,False,False,True,True,2,Recursive,True,True,True,True,True,0.40876,3674,3575
163,23572848[].aqua,74.23,73.91,2052,1.533203125,0,0,0,0,0.0066466331481933,0.9996516,0.0,0.0,0.9995999999999994,0.1399800777435302,0.0233594695510769,0.9995999999999994,0.1613919734954834,0.038678962853297,BendWorstOCT,2026-07-10 07:49:26,wpbc,Quantile Thresholds,5.0,32,0,32,127,2,9,0.7375305177108054,0.9988523352416264,0.3543200060953796,3600.0011270046234,159410.0,-579354718,0.332952456,False,False,EQP,False,3,0.0002,3600,1,0,0,0.05,-1,-1,0,-1,inf,True,False,False,1,False,False,True,True,2,Recursive,True,True,True,True,True,0.36372,3674,3575
162,23572848[].aqua,75.26,75.0,1859,1.0775346755981443,0,0,0,0,0.0067634582519531,0.9992578,0.0,0.0,0.9992421052631576,0.1221699714660644,0.0267813870620147,0.9992,0.1620550155639648,0.0595416368715593,BendWorstOCT,2026-07-10 07:49:26,wpbc,Quantile Thresholds,5.0,32,0,32,127,2,9,0.7468000515499685,0.9976032050796132,0.3358370865255132,3600.001538991928,179719.0,2084107621,0.357095656,False,False,EQP,False,3,0.0004,3600,1,0,0,0.05,-1,-1,0,-1,inf,True,False,False,1,False,False,True,True,2,Recursive,True,True,True,True,True,0.398268,3674,3577
161,23572848[].aqua,76.29,76.09,2039,1.1521704196929932,0,0,0,0,0.0069141387939453,0.9988867,0.0,0.0,0.9988631578947362,0.1210360527038574,0.0267929240034561,0.9988,0.1593708992004394,0.0594771109458188,BendWorstOCT,2026-07-10 07:49:26,wpbc,Quantile Thresholds,5.0,32,0,32,127,2,9,0.7560696066815035,0.9963999999999994,0.3178680788047281,3600.004320859909,172886.0,-987962981,0.339116688,False,False,EQP,False,3,0.0006,3600,1,0,0,0.05,-1,-1,0,-1,inf,True,False,False,1,False,False,True,True,2,Recursive,True,True,True,True,True,0.378684,3674,3575
160,23572848[].aqua,76.29,76.09,1924,0.8855023384094238,0,0,0,0,0.0065135955810546,0.9985157,0.0,0.0,0.9984842105263152,0.1173720359802246,0.0267721277417444,0.9984,0.1569020748138427,0.059551394751289,BendWorstOCT,2026-07-10 07:49:26,wpbc,Quantile Thresholds,5.0,32,0,32,127,2,9,0.7544697310738079,0.9956446130765708,0.3196614417645461,3600.0014610290527,179159.0,1870617803,0.355366496,False,False,EQP,False,3,0.0008,3600,1,0,0,0.05,-1,-1,0,-1,inf,True,False,False,1,False,False,True,True,2,Recursive,True,True,True,True,True,0.385804,3674,3575
159,23572848[].aqua,77.84,77.7,1877,1.2013218402862549,0,0,0,0,0.0065014362335205,0.9981446,0.0,0.0,0.9981052631578944,0.1232459545135498,0.0267723447417444,0.998,0.1627800464630127,0.0594758449458188,BendWorstOCT,2026-07-10 07:49:26,wpbc,Quantile Thresholds,5.0,32,0,32,127,2,9,0.7690271761868471,0.9936198969115744,0.2920478335217624,3600.000552892685,289223.0,-2040670688,0.439138176,False,False,EQP,False,3,0.001,3600,1,0,0,0.05,-1,-1,0,-1,inf,True,False,False,1,False,False,True,True,2,Recursive,True,True,True,True,True,0.462408,3674,3575
158,23572848[].aqua,75.77,75.68,1868,0.8424785137176514,0,0,0,0,0.0068118572235107,0.9962892,0.0,0.0,0.9962105263157892,0.1240880489349365,0.0267723460417444,0.996,0.161633014678955,0.0595785101458188,BendWorstOCT,2026-07-10 07:49:26,wpbc,Quantile Thresholds,5.0,32,0,32,127,2,9,0.7427567567567563,0.9879999999999992,0.3301797540208134,3600.000598192215,262636.0,-941515775,0.435042952,False,False,EQP,False,3,0.002,3600,1,0,0,0.05,-1,-1,0,-1,inf,True,False,False,1,False,False,True,True,2,Recursive,True,True,True,True,True,0.445592,3675,3575
157,23572848[].aqua,73.71,73.65,1920,0.940422534942627,0,0,0,0,0.0067884922027587,0.9925783,0.01,0.0,0.9924210526315788,0.1243441104888916,0.0267723438417444,0.992,0.1599311828613281,0.0599063675144077,BendWorstOCT,2026-07-10 07:49:26,wpbc,Quantile Thresholds,5.0,32,0,32,127,2,9,0.7084873112859066,0.975,0.3761714352094351,3600.001004219055,247162.0,1477378814,0.439726304,False,False,EQP,False,3,0.004,3600,1,0,0,0.05,-1,-1,0,-1,inf,True,False,False,1,False,False,True,True,2,Recursive,True,True,True,True,True,0.441492,3675,3578
156,23572848[].aqua,76.29,76.09,1843,1.2226197719573977,0,0,0,0,0.0069539546966552,0.9888675,0.0,0.0,0.9886315789473684,0.1431200504302978,0.0267723528417444,0.988,0.1819739341735839,0.0599038703144078,BendWorstOCT,2026-07-10 07:49:26,wpbc,Quantile Thresholds,5.0,32,0,32,127,2,9,0.7128695652173981,0.9634352664242044,0.3514888465330866,3600.00116109848,263442.0,-1652181409,0.452918144,False,False,EQP,False,3,0.006,3600,1,0,0,0.05,-1,-1,0,-1,inf,True,False,False,1,False,False,True,True,2,Recursive,True,True,True,True,True,0.451004,3681,3576
155,23572848[].aqua,73.2,72.97,2063,1.183507204055786,0,0,0,0,0.0064420700073242,0.9851566,0.0,0.0,0.984842105263158,0.1655671596527099,0.0267721839417444,0.984,0.2085011005401611,0.0634684607249429,BendWorstOCT,2026-07-10 07:49:26,wpbc,Quantile Thresholds,5.0,32,0,32,127,2,9,0.6737297555047106,0.9519999999999994,0.4130294709736079,3600.0007829666138,242685.0,982638087,0.414604688,False,False,EQP,False,3,0.008,3600,1,0,0,0.05,-1,-1,0,-1,inf,True,False,False,1,False,False,True,True,2,Recursive,True,True,True,True,True,0.458888,3681,3576
154,23572848[].aqua,73.71,73.65,1975,1.2407290935516355,0,0,0,0,0.0063672065734863,0.9814458,0.0,0.0,0.9810526315789476,0.1639909744262695,0.0267316129685913,0.98,0.2072751522064209,0.0632570819193613,BendWorstOCT,2026-07-10 07:49:26,wpbc,Quantile Thresholds,5.0,32,0,32,127,2,9,0.6764865122614754,0.9399999999999994,0.3895325079839446,3600.0022790431976,241326.0,1642735290,0.417191568,False,False,EQP,False,3,0.01,3600,1,0,0,0.05,-1,-1,0,-1,inf,True,False,False,1,False,False,True,True,2,Recursive,True,True,True,True,True,0.413616,3681,3576
153,23572848[].aqua,74.74,74.32,2045,1.6820483207702637,0,0,0,0,0.0064582824707031,0.9628916,0.0,0.0,0.962105263157896,0.1635520458221435,0.0267307054685913,0.96,0.2239439487457275,0.080386563506932,BendWorstOCT,2026-07-10 07:49:26,wpbc,Quantile Thresholds,5.0,32,0,32,127,2,9,0.6032432432432494,0.8799999999999994,0.4587813620071526,3600.0007569789886,301446.0,1464509186,0.447122592,False,False,EQP,False,3,0.02,3600,1,0,0,0.05,-1,-1,0,-1,inf,True,False,False,1,False,False,True,True,2,Recursive,True,True,True,True,True,0.45842,3681,3575
152,23572848[].aqua,65.46,65.22,2147,0.9116685390472412,0,0,0,0,0.0069987773895263,0.9263012,0.0,0.01,0.9261652613828,0.1670949459075927,0.0296569460441774,0.9249284380833858,0.1953439712524414,0.0521855063034608,BendWorstOCT,2026-07-10 07:49:26,wpbc,Quantile Thresholds,5.0,32,0,32,127,2,9,0.4921739545075806,0.7599999999999986,0.5441694812160013,3600.002333879471,343269.0,172278672,0.5312886,False,False,EQP,False,3,0.04,3600,1,0,0,0.05,-1,-1,0,-1,inf,True,False,False,1,False,False,True,True,2,Recursive,True,True,True,True,True,0.543124,3681,3576
151,23572848[].aqua,63.4,62.84,1991,0.667433500289917,0,0,0,0,0.0069947242736816,0.8904411,0.01,0.01,0.8895963302752302,0.1259300708770752,0.0311963271022851,0.8887411347517734,0.1530079841613769,0.0554755937921145,BendWorstOCT,2026-07-10 07:49:26,wpbc,Quantile Thresholds,5.0,32,0,32,127,2,9,0.4483783783783775,0.6399999999999995,0.4273658830620871,3600.000762939453,261742.0,-1853848032,0.389630416,False,False,EQP,False,3,0.06,3600,1,0,0,0.05,-1,-1,0,-1,inf,True,False,False,1,False,False,True,True,2,Recursive,True,True,True,True,True,0.421476,3681,3575
150,23572848[].aqua,62.89,56.52,1865,0.5898563861846924,0,0,0,0,0.0072112083435058,0.8551068,0.01,0.01,0.8546987951807232,0.1212279796600341,0.0312171343160229,0.8546987951807232,0.1523358821868896,0.0594335847228906,BendWorstOCT,2026-07-10 07:49:26,wpbc,Quantile Thresholds,5.0,32,0,32,127,2,9,0.4052177230171507,0.4903112915574735,0.2099946860831682,3600.0006849765778,197812.0,-971400948,0.290031,False,False,EQP,False,3,0.08,3600,1,0,0,0.05,-1,-1,0,-1,inf,True,False,False,1,False,False,True,True,2,Recursive,True,True,True,True,True,0.295956,3681,3575
179,23572848[].aqua,80.93,80.43,3801,2.0921943187713623,0,0,0,0,0.0061409473419189,0.9998258,0.0,0.0,0.9997999999999996,0.1034820079803466,0.0329766164139998,0.9997999999999996,0.1261940002441406,0.0517900989355496,BendWorstOCT,2026-07-10 07:52:23,wpbc,Quantile Thresholds,5.0,32,0,32,127,2,9,0.8031479919433695,0.9994847329767258,0.2444589826568353,3600.0054938793182,146427.0,1300847687,0.457418264,False,False,EQP,False,4,0.0001,3600,1,0,0,0.05,-1,-1,0,-1,inf,True,False,False,1,False,False,True,True,2,Recursive,True,True,True,True,True,0.493772,3604,3577
178,23572848[].aqua,80.93,80.43,3731,2.47424054145813,0,0,0,0,0.0063159465789794,0.9996516,0.0,0.01,0.9995999999999994,0.1259961128234863,0.0321009695515833,0.9995999999999994,0.1501491069793701,0.0516147677118755,BendWorstOCT,2026-07-10 07:52:23,wpbc,Quantile Thresholds,5.0,32,0,32,127,2,9,0.8017479034046974,0.9989797065494812,0.2460022686772493,3600.000906944275,147276.0,839142056,0.475877568,False,False,EQP,False,4,0.0002,3600,1,0,0,0.05,-1,-1,0,-1,inf,True,False,False,1,False,False,True,True,2,Recursive,True,True,True,True,True,0.51882,3605,3579
177,23572848[].aqua,85.05,84.78,3347,2.22267484664917,0,0,0,0,0.0066487789154052,0.9992494,0.0,0.01,0.9992463768115936,0.1544439792633056,0.0398062398968297,0.9992158148148144,0.1901848316192627,0.0737346476577779,BendWorstOCT,2026-07-10 07:52:23,wpbc,Quantile Thresholds,5.0,32,0,32,127,2,9,0.841826086956525,0.9978863498907656,0.1853830207358495,3600.001947879792,144858.0,-608045123,0.560421448,False,False,EQP,False,4,0.0004,3600,1,0,0,0.05,-1,-1,0,-1,inf,True,False,False,1,False,False,True,True,2,Recursive,True,True,True,True,True,0.419376,3605,3578
176,23572848[].aqua,80.93,80.43,3762,2.36269474029541,0,0,0,0,0.0066487789154052,0.9988741,0.0,0.01,0.9988695652173908,0.1492471694946289,0.0386687752444052,0.9988232222222216,0.1852600574493408,0.0724653346872798,BendWorstOCT,2026-07-10 07:50:56,wpbc,Quantile Thresholds,5.0,32,0,32,127,2,9,0.7959479090151832,0.9968099852581302,0.2523558061625808,3600.0020961761475,134649.0,471699852,0.911724952,False,False,EQP,False,4,0.0006,3600,1,0,0,0.05,-1,-1,0,-1,inf,True,False,False,1,False,False,True,True,2,Recursive,True,True,True,True,True,0.453832,3605,3577
175,23572848[].aqua,81.44,80.43,3451,2.413451910018921,0,0,0,0,0.0064191818237304,0.9984988,0.0,0.0,0.998492753623188,0.1282699108123779,0.0382613795661981,0.9984306296296293,0.1626310348510742,0.0718537403914362,BendWorstOCT,2026-07-10 07:50:18,wpbc,Quantile Thresholds,5.0,32,0,32,127,2,9,0.7931478675510575,0.9957033613426484,0.2553817542459087,3600.001301050186,181923.0,-1781966983,0.86763052,False,False,EQP,False,4,0.0008,3600,1,0,0,0.05,-1,-1,0,-1,inf,True,False,False,1,False,False,True,True,2,Recursive,True,True,True,True,True,0.476264,3605,3575
174,23572848[].aqua,84.02,83.78,3561,2.323766231536865,0,0,0,0,0.0068228244781494,0.9981235,0.0,0.0,0.998115942028985,0.1414320468902588,0.0382497396847974,0.9980380370370364,0.1778421401977539,0.0719622272429034,BendWorstOCT,2026-07-10 07:49:36,wpbc,Quantile Thresholds,5.0,32,0,32,127,2,9,0.8258378378378386,0.9947019326915948,0.2044760933888263,3600.0012969970703,142119.0,872139843,0.767438,False,False,EQP,False,4,0.001,3600,1,0,0,0.05,-1,-1,0,-1,inf,True,False,False,1,False,False,True,True,2,Recursive,True,True,True,True,True,0.397584,3606,3576
173,23572848[].aqua,76.29,76.09,3803,2.3575515747070312,0,0,0,0,0.0057752132415771,0.9962469,0.0,0.0,0.9962318840579706,0.1272151470184326,0.0382497396847974,0.9960750740740736,0.1618781089782714,0.0719750734956166,BendWorstOCT,2026-07-10 07:48:57,wpbc,Quantile Thresholds,5.0,32,0,32,127,2,9,0.7428696066814882,0.9879999999999994,0.329977685335043,3600.001093149185,155533.0,847171699,0.821398224,False,False,EQP,False,4,0.002,3600,1,0,0,0.05,-1,-1,0,-1,inf,True,False,False,1,False,False,True,True,2,Recursive,True,True,True,True,True,0.48458,3604,3579
172,23572848[].aqua,78.87,78.26,3728,1.947597980499268,0,0,0,0,0.0081350803375244,0.9924938,0.0,0.0,0.9924637681159416,0.1500060558319091,0.0382497396847974,0.9921491481481478,0.1901609897613525,0.0757021232803579,BendWorstOCT,2026-07-10 07:48:57,wpbc,Quantile Thresholds,5.0,32,0,32,127,2,9,0.7426086956521735,0.976000000000001,0.3142857142857164,3600.001396179199,149196.0,-1436239388,0.687434832,False,False,EQP,False,4,0.004,3600,1,0,0,0.05,-1,-1,0,-1,inf,True,False,False,1,False,False,True,True,2,Recursive,True,True,True,True,True,0.44994,3605,3575
171,23572848[].aqua,80.93,80.43,3687,1.9275639057159424,0,0,0,0,0.0079832077026367,0.9887407,0.0,0.0,0.9886956521739128,0.15083909034729,0.0386543223514353,0.988223222222222,0.1906771659851074,0.0763152837878092,BendWorstOCT,2026-07-10 07:48:57,wpbc,Quantile Thresholds,5.0,32,0,32,127,2,9,0.744347826086956,0.9640000000000004,0.2950934579439265,3600.0017681121826,190710.0,-1611312691,0.471573592,False,False,EQP,False,4,0.006,3600,1,0,0,0.05,-1,-1,0,-1,inf,True,False,False,1,False,False,True,True,2,Recursive,True,True,True,True,True,0.496752,3605,3575
170,23572848[].aqua,76.29,76.09,4056,2.4180915355682373,0,0,0,0,0.0059764385223388,0.9849877,0.0,0.0,0.984927536231884,0.1221299171447753,0.0382496720847974,0.9842972962962964,0.1619758605957031,0.0802293810926767,BendWorstOCT,2026-07-10 07:49:29,wpbc,Quantile Thresholds,5.0,32,0,32,127,2,9,0.6888695653862824,0.9519999999999974,0.3819742485882143,3600.00129199028,187740.0,333776484,0.803197224,False,False,EQP,False,4,0.008,3600,1,0,0,0.05,-1,-1,0,-1,inf,True,False,False,1,False,False,True,True,2,Recursive,True,True,True,True,True,0.525048,3637,3582
169,23572848[].aqua,75.77,73.91,3944,2.104734420776367,0,0,0,0,0.0058567523956298,0.9812346,0.0,0.0,0.9811594202898553,0.1213629245758056,0.0382498010847974,0.9803713703703704,0.1642599105834961,0.0816112337506079,BendWorstOCT,2026-07-10 07:49:29,wpbc,Quantile Thresholds,5.0,32,0,32,127,2,9,0.6691304347826088,0.9400000000000056,0.4048083170890268,3600.002810955048,171016.0,1265125555,0.53296092,False,False,EQP,False,4,0.01,3600,1,0,0,0.05,-1,-1,0,-1,inf,True,False,False,1,False,False,True,True,2,Recursive,True,True,True,True,True,0.535172,3637,3582
168,23572848[].aqua,66.49,66.22,3764,1.822962045669556,0,0,0,0,0.006547212600708,0.9624691,0.0,0.0,0.9623188405797108,0.1243770122528076,0.0382498690847974,0.9607417407407416,0.1871199607849121,0.1008485174901833,BendWorstOCT,2026-07-10 07:48:17,wpbc,Quantile Thresholds,5.0,32,0,32,127,2,9,0.5821621621621619,0.8800000000000022,0.5116063138347307,3600.003585100174,181091.0,-1276892349,0.780602144,False,False,EQP,False,4,0.02,3600,1,0,0,0.05,-1,-1,0,-1,inf,True,False,False,1,False,False,True,True,2,Recursive,True,True,True,True,True,0.504176,3604,3579
167,23572848[].aqua,68.56,67.39,3530,1.2833123207092283,0,0,0,0,0.005713939666748,0.9256598,0.0,0.01,0.925538832028899,0.1247930526733398,0.0405921620929765,0.8988026794501697,0.3168380260467529,0.2254642490156241,BendWorstOCT,2026-07-10 07:48:17,wpbc,Quantile Thresholds,5.0,32,0,32,127,2,9,0.5139130434782606,0.7752785696817983,0.5085792811067149,3600.0014839172363,173809.0,-1382281276,0.760807616,False,False,EQP,False,4,0.04,3600,1,0,0,0.05,-1,-1,0,-1,inf,True,False,False,1,False,False,True,True,2,Recursive,True,True,True,True,True,0.463996,3604,3577
166,23572848[].aqua,69.07,68.92,3593,1.34503436088562,0,0,0,0,0.0055780410766601,0.889709,0.0,0.01,0.8895087363195001,0.1327829360961914,0.0430873424669249,0.8895087363195001,0.1670460700988769,0.0778114788477522,BendWorstOCT,2026-07-10 07:48:17,wpbc,Quantile Thresholds,5.0,32,0,32,127,2,9,0.4491891891891888,0.6641898588259627,0.4786416833068977,3600.002984046936,140439.0,110010680,0.416740056,False,False,EQP,False,4,0.06,3600,1,0,0,0.05,-1,-1,0,-1,inf,True,False,False,1,False,False,True,True,2,Recursive,True,True,True,True,True,0.419504,3604,3574
165,23572848[].aqua,65.98,56.52,3386,1.1196844577789309,0,0,0,0,0.005666971206665,0.854404,0.01,0.01,0.8535667738349613,0.1336009502410888,0.0431345001886501,0.850647184687986,0.1727631092071533,0.0823916202437136,BendWorstOCT,2026-07-10 07:48:17,wpbc,Quantile Thresholds,5.0,32,0,32,127,2,9,0.4052176819746215,0.5200000000000021,0.2832608820672573,3600.0026681423187,100713.0,428448693,0.627051512,False,False,EQP,False,4,0.08,3600,1,0,0,0.05,-1,-1,0,-1,inf,True,False,False,1,False,False,True,True,2,Recursive,True,True,True,True,True,0.356912,3604,3573
