Accuracy,Worst Class Accuracy,Average Leaf Depth,Max Leaf Depth,Leaves Used,Benders Cuts - Cuts Added,Benders Cuts - Time,Solution Polishing - Solutions Found,Solution Polishing - Time,Path Bound Cutting Planes - Cuts Added,Path Bound Cutting Planes - Time,EQP Initial Cuts - Auxiliary Vars,EQP Initial Cuts - Cuts,EQP Initial Cuts - Time,Initial Root Relaxation - Obj,Initial Root Relaxation - Time,Initial Root Relaxation - Work,Presolve Relaxation - Obj,Presolve Relaxation - Time,Presolve Relaxation - Work,Final Root Relaxation - Obj,Final Root Relaxation - Time,Final Root Relaxation - Work,Model,Begin Opt Time,Dataset,Encoding,Buckets,|F|,|F^C|,|F^N|,|F^B|,|K|,Model Status,Objective,Bound,Gap,Solve Time,Node Count,Fingerprint,Memory Usage,Warmstart,Polish Warmstart,Results Directory,Compare Relaxations,depth,lambda,Subjob id,Array Job id,TimeLimit,Threads,MIPGap,MIPFocus,Heuristics,NodeMethod,Method,Seed,Presolve,NodeLimit,Benders Cuts-Enabled,Benders Cuts-Enhanced Cuts,Benders Cuts-Relax w,Benders Cuts-EC Level,Solution Polishing-Enabled,Solution Polishing-Check Validity,Solution Polishing-Use Cache,Path Bound Cutting Planes-Enabled,Path Bound Cutting Planes-Endpoint Only,Path Bound Cutting Planes-Check Violation,Path Bound Cutting Planes-Cut Type,EQP Initial Cuts-Enabled,EQP Initial Cuts-Features Removed,EQP Initial Cuts-H Variant,EQP Initial Cuts-Disaggregate Alpha,EQP Initial Cuts-Group Selection,EQP Initial Cuts-Ignore Dataset Check,EQP Initial Cuts-Filter Dominated,EQP Initial Cuts-Beta Dependence,Memory,Walltime,CPUtime
73.78277153558052,72.64150943396227,1.6666666666666667,2,3,874,0.0859401226043701,4,0.070002794265747,0,0,1234,1813,0.0337021350860595,0.7616059,0.03,0.04,0.7163051301677319,0.1671488285064697,0.1677508811505715,0.5957262417257398,0.8197548389434814,0.933843204766098,BendWorstOCT,2026-07-14 08:20:20,spect,,,22,22,0,22,2,2,0.4864150943396251,0.4864150943396251,0.0,2.8220889568328857,403.0,132713738,0.023713304,False,False,WorstAccel,False,3,0.08,120,23813731[].aqua,3600,1,0,0,0.05,-1,-1,0,-1,inf,True,False,False,1,True,False,False,False,False,True,Lazy,True,2,Recursive,True,True,True,True,True,0.15488,9,7
73.78277153558052,72.64150943396227,1.6666666666666667,2,3,1054,0.1187503337860107,5,0.0991113185882568,0,0,1234,1813,0.0355250835418701,0.7816059,0.04,0.07,0.7529927239936827,0.229924201965332,0.2089980426097684,0.6433678694709672,0.9482500553131104,1.056028567564773,BendWorstOCT,2026-07-14 08:20:21,spect,,,22,22,0,22,2,2,0.5464150943396251,0.5464150943396251,0.0,7.189348220825195,1042.0,884962173,0.032411952,False,False,WorstAccel,False,3,0.06,121,23813731[].aqua,3600,1,0,0,0.05,-1,-1,0,-1,inf,True,False,False,1,True,False,False,False,False,True,Lazy,True,2,Recursive,True,True,True,True,True,0.159212,13,12
68.95306859205776,67.90123456790124,1.6666666666666667,2,3,2160,0.4585194587707519,6,0.2015061378479004,0,0,1032,1514,0.039041519165039,0.7876286,0.04,0.03,0.733594614580411,0.343743085861206,0.1803243233069265,0.6798496273337553,1.0195019245147705,0.6829372077966169,BendWorstOCT,2026-07-14 08:19:51,breast-cancer,,,9,9,0,38,2,2,0.4390123456790131,0.4390123456790132,0.0,49.83278703689575,3448.0,1968593968,0.059642448,False,False,WorstAccel,False,3,0.08,0,23813731[].aqua,3600,1,0,0,0.05,-1,-1,0,-1,inf,True,False,False,1,True,False,False,False,False,True,Lazy,True,2,Recursive,True,True,True,True,True,0.175436,110,59
80.52434456928839,78.18181818181819,2.25,3,4,1327,0.1598730087280273,9,0.1214320659637451,0,0,1234,1813,0.0340096950531005,0.8300611,0.07,0.12,0.8300611027926632,0.2097070217132568,0.2182227149626951,0.7676526717547705,0.8826169967651367,0.9497785155414528,BendWorstOCT,2026-07-14 08:20:23,spect,,,22,22,0,22,2,2,0.7018181818181819,0.7018181818181819,0.0,20.78848600387573,3321.0,-1322654647,0.043906072,False,False,WorstAccel,False,3,0.02,63,23813731[].aqua,3600,1,0,0,0.05,-1,-1,0,-1,inf,True,False,False,1,True,False,False,False,False,True,Lazy,True,2,Recursive,True,True,True,True,True,0.179904,30,26
73.78277153558052,72.64150943396227,1.6666666666666667,2,3,840,0.0875322818756103,5,0.0693123340606689,0,0,2450,3637,0.057044506072998,0.7616059,0.11,0.17,0.716305130167732,0.4434750080108642,0.4140157114716571,0.6103903681332873,1.4250481128692627,1.4922050544967171,BendWorstOCT,2026-07-14 08:20:44,spect,,,22,22,0,22,2,2,0.4864150943396251,0.4864150943396251,0.0,6.847054958343506,714.0,860879809,0.035735432,False,False,WorstAccel,False,4,0.08,75,23813731[].aqua,3600,1,0,0,0.05,-1,-1,0,-1,inf,True,False,False,1,True,False,False,False,False,True,Lazy,True,2,Recursive,True,True,True,True,True,0.090364,37,13
79.7752808988764,79.71698113207547,2.6,3,5,1109,0.2626032829284668,7,0.1695022583007812,0,0,1234,1813,0.033454418182373,0.8525604,0.08,0.14,0.8525604341992952,0.2124159336090088,0.2256828146376893,0.8111126716604266,0.8065841197967529,0.8412325137770703,BendWorstOCT,2026-07-14 08:20:23,spect,,,22,22,0,22,2,2,0.747169811320758,0.747169811320758,0.0,41.55994892120361,14877.0,840621124,0.04128048,False,False,WorstAccel,False,3,0.01,64,23813731[].aqua,3600,1,0,0,0.05,-1,-1,0,-1,inf,True,False,False,1,True,False,False,False,False,True,Lazy,True,2,Recursive,True,True,True,True,True,0.17298,51,46
73.78277153558052,72.64150943396227,1.6666666666666667,2,3,1155,0.1548840999603271,4,0.1221053600311279,0,0,2450,3637,0.0589878559112548,0.7816059,0.13,0.2,0.7529927239936829,0.3540570735931396,0.3933769213189379,0.6527657074329763,1.6640849113464355,1.775161737486915,BendWorstOCT,2026-07-14 08:20:44,spect,,,22,22,0,22,2,2,0.5464150943396251,0.5464150943396251,0.0,35.44004487991333,2048.0,-2005061530,0.065594712,False,False,WorstAccel,False,4,0.06,76,23813731[].aqua,3600,1,0,0,0.05,-1,-1,0,-1,inf,True,False,False,1,True,False,False,False,False,True,Lazy,True,2,Recursive,True,True,True,True,True,0.204388,65,42
79.7752808988764,79.71698113207547,2.6,3,5,1239,0.3924534320831299,13,0.2007670402526855,0,0,1234,1813,0.0338344573974609,0.8615936,0.09,0.15,0.8615935844518842,0.262531042098999,0.26967749285789,0.8344339594118801,0.7190549373626709,0.724135493279676,BendWorstOCT,2026-07-14 08:20:23,spect,,,22,22,0,22,2,2,0.757169811320758,0.757169811320758,0.0,58.84676599502564,17643.0,1670330401,0.044428744,False,False,WorstAccel,False,3,0.008,65,23813731[].aqua,3600,1,0,0,0.05,-1,-1,0,-1,inf,True,False,False,1,True,False,False,False,False,True,Lazy,True,2,Recursive,True,True,True,True,True,0.173264,69,64
68.95306859205776,67.90123456790124,1.6666666666666667,2,3,2027,0.2659757137298584,6,0.1575911045074463,0,0,2120,3146,0.0494732856750488,0.7876286,0.03,0.04,0.7335946145804112,0.3494100570678711,0.3786813606752692,0.683860884375414,1.0162880420684814,1.1576590551982129,BendWorstOCT,2026-07-14 08:19:51,breast-cancer,,,9,9,0,38,2,2,0.4390123456790131,0.4390123456790132,0.0,96.37496900558472,4303.0,656720615,0.101472216,False,False,WorstAccel,False,4,0.08,15,23813731[].aqua,3600,1,0,0,0.05,-1,-1,0,-1,inf,True,False,False,1,True,False,False,False,False,True,Lazy,True,2,Recursive,True,True,True,True,True,0.2154,155,102
64.1711229946524,60.87719298245614,1.0,1,2,1828,0.3166186809539795,4,0.0775492191314697,0,0,2955,4346,0.1161091327667236,0.5904111,0.09,0.14,0.5904110694719518,0.4328210353851318,0.2838780319447644,0.5549112784081051,1.319377899169922,1.0386329096663238,BendWorstOCT,2026-07-14 08:21:30,transfusion,Quantile Thresholds,5.0,4,0,4,16,2,2,0.488771929824563,0.488771929824563,0.0,2.725196123123169,113.0,235091976,0.042408248,False,False,WorstAccel,False,3,0.06,181,23813731[].aqua,3600,1,0,0,0.05,-1,-1,0,-1,inf,True,False,False,1,True,False,False,False,False,True,Lazy,True,2,Recursive,True,True,True,True,True,0.163264,9,7
64.1711229946524,60.87719298245614,1.0,1,2,1390,0.2711706161499023,4,0.0360181331634521,0,0,2955,4346,0.0839800834655761,0.5638693,0.08,0.11,0.5638693194777378,0.5025761127471924,0.2533223924879578,0.5103572914734154,1.284527063369751,1.0862755552978822,BendWorstOCT,2026-07-14 08:21:31,transfusion,Quantile Thresholds,5.0,4,0,4,16,2,2,0.448771929824563,0.448771929824563,0.0,2.10001802444458,51.0,1587630396,0.034413176,False,False,WorstAccel,False,3,0.08,180,23813731[].aqua,3600,1,0,0,0.05,-1,-1,0,-1,inf,True,False,False,1,True,False,False,False,False,True,Lazy,True,2,Recursive,True,True,True,True,True,0.171652,9,8
80.52434456928839,78.18181818181819,2.25,3,4,1100,0.1568419933319091,7,0.1223213672637939,0,0,2450,3637,0.0628628730773925,0.8020331,0.18,0.3,0.80203314367062,0.3935070037841797,0.4270560025394951,0.7158505103804521,2.050462007522583,2.113991850223296,BendWorstOCT,2026-07-14 08:20:44,spect,,,22,22,0,22,2,2,0.6218181818181819,0.6218181818181819,0.0,51.096073150634766,5270.0,-2068654671,0.071148336,False,False,WorstAccel,False,4,0.04,77,23813731[].aqua,3600,1,0,0,0.05,-1,-1,0,-1,inf,True,False,False,1,True,False,False,False,False,True,Lazy,True,2,Recursive,True,True,True,True,True,0.18854,81,58
80.52434456928839,78.18181818181819,2.25,3,4,981,0.1140410900115966,7,0.0908231735229492,0,0,1234,1813,0.0339894294738769,0.8020331,0.04,0.08,0.8020331436706202,0.1627440452575683,0.1477879699636662,0.7068893316965523,0.8057010173797607,0.8204618407189915,BendWorstOCT,2026-07-14 08:21:30,spect,,,22,22,0,22,2,2,0.6218181818181819,0.6218181818181819,0.0,8.19136095046997,1762.0,-1853047051,0.026536488,False,False,WorstAccel,False,3,0.04,122,23813731[].aqua,3600,1,0,0,0.05,-1,-1,0,-1,inf,True,False,False,1,True,False,False,False,False,True,Lazy,True,2,Recursive,True,True,True,True,True,0.165832,14,13
68.95306859205776,67.90123456790124,1.6666666666666667,2,3,2334,0.4678618907928467,6,0.1939983367919922,0,0,1032,1514,0.0315339565277099,0.8076286,0.04,0.07,0.7686444857872188,0.3544070720672607,0.263796759393514,0.7346836477113042,1.8107941150665283,1.5545042259504027,BendWorstOCT,2026-07-14 08:19:51,breast-cancer,,,9,9,0,38,2,2,0.4990123456790131,0.4990123456790131,0.0,119.35326600074768,6016.0,-942057222,0.068943552,False,False,WorstAccel,False,3,0.06,1,23813731[].aqua,3600,1,0,0,0.05,-1,-1,0,-1,inf,True,False,False,1,True,False,False,False,False,True,Lazy,True,2,Recursive,True,True,True,True,True,0.19088,180,128
79.7752808988764,79.71698113207547,2.6,3,5,1144,0.3375172615051269,10,0.1777834892272949,0,0,1234,1813,0.0330147743225097,0.8721709,0.11,0.18,0.8721708943111047,0.2849161624908447,0.3144024900632545,0.8336730397046822,1.0277659893035889,1.0504279211239012,BendWorstOCT,2026-07-14 08:20:23,spect,,,22,22,0,22,2,2,0.767169811320758,0.767169811320758,0.0,95.27772617340088,42271.0,2027654587,0.043661152,False,False,WorstAccel,False,3,0.006,66,23813731[].aqua,3600,1,0,0,0.05,-1,-1,0,-1,inf,True,False,False,1,True,False,False,False,False,True,Lazy,True,2,Recursive,True,True,True,True,True,0.1834,105,100
64.1711229946524,60.87719298245614,1.0,1,2,1472,0.1799187660217285,4,0.0667567253112793,0,0,5723,8498,0.1611618995666504,0.5904111,0.28,0.41,0.5904110694719515,0.6213910579681396,0.6985118780395468,0.5487788380661209,2.5839080810546875,2.296730311998452,BendWorstOCT,2026-07-14 08:22:38,transfusion,Quantile Thresholds,5.0,4,0,4,16,2,2,0.488771929824563,0.488771929824563,0.0,5.005211114883423,155.0,-1261247053,0.06021024,False,False,WorstAccel,False,4,0.06,196,23813731[].aqua,3600,1,0,0,0.05,-1,-1,0,-1,inf,True,False,False,1,True,False,False,False,False,True,Lazy,True,2,Recursive,True,True,True,True,True,0.192276,10,8
64.1711229946524,60.87719298245614,1.0,1,2,861,0.190213918685913,4,0.0353028774261474,0,0,5723,8498,0.2129981517791748,0.5638693,0.38,0.54,0.5638693194777377,0.8273999691009521,0.8304807562561892,0.5090018618858667,2.9812700748443604,2.629463854013519,BendWorstOCT,2026-07-14 08:22:39,transfusion,Quantile Thresholds,5.0,4,0,4,16,2,2,0.448771929824563,0.448771929824563,0.0,3.927220106124878,65.0,205635883,0.061571184,False,False,WorstAccel,False,4,0.08,195,23813731[].aqua,3600,1,0,0,0.05,-1,-1,0,-1,inf,True,False,False,1,True,False,False,False,False,True,Lazy,True,2,Recursive,True,True,True,True,True,0.186384,10,9
69.38502673796792,66.29213483146067,1.6666666666666667,2,3,1726,0.4436290264129638,4,0.1243317127227783,0,0,2955,4346,0.0875580310821533,0.6175927,0.1,0.14,0.6175927306454423,0.537214994430542,0.287724996975069,0.5909892699553836,1.4551870822906494,1.050071737146,BendWorstOCT,2026-07-14 08:22:40,transfusion,Quantile Thresholds,5.0,4,0,4,16,2,2,0.542921348314608,0.542921348314608,0.0,4.255920886993408,185.0,1069174496,0.04479272,False,False,WorstAccel,False,3,0.04,182,23813731[].aqua,3600,1,0,0,0.05,-1,-1,0,-1,inf,True,False,False,1,True,False,False,False,False,True,Lazy,True,2,Recursive,True,True,True,True,True,0.176452,12,11
69.38502673796792,66.29213483146067,1.6666666666666667,2,3,1654,0.3221993446350097,4,0.0999267101287841,0,0,5723,8498,0.1966331005096435,0.6175927,0.35,0.55,0.6175927306454424,0.8169620037078857,0.8564168355705243,0.5903611681655941,2.9393320083618164,2.6950562781951377,BendWorstOCT,2026-07-14 08:22:38,transfusion,Quantile Thresholds,5.0,4,0,4,16,2,2,0.542921348314608,0.542921348314608,0.0,7.633851051330566,250.0,616614694,0.060410536,False,False,WorstAccel,False,4,0.04,197,23813731[].aqua,3600,1,0,0,0.05,-1,-1,0,-1,inf,True,False,False,1,True,False,False,False,False,True,Lazy,True,2,Recursive,True,True,True,True,True,0.198064,13,12
69.38502673796792,66.29213483146067,1.6666666666666667,2,3,2505,0.5532572269439697,7,0.1701002120971679,0,0,2955,4346,0.0810751914978027,0.6489344,0.1,0.14,0.648934389051671,0.5382399559020996,0.3760983801248521,0.6368859772756189,1.5090010166168213,1.329192597525251,BendWorstOCT,2026-07-14 08:22:38,transfusion,Quantile Thresholds,5.0,4,0,4,16,2,2,0.602921348314608,0.602921348314608,0.0,10.01790189743042,909.0,-1706402347,0.0475994,False,False,WorstAccel,False,3,0.02,183,23813731[].aqua,3600,1,0,0,0.05,-1,-1,0,-1,inf,True,False,False,1,True,False,False,False,False,True,Lazy,True,2,Recursive,True,True,True,True,True,0.181712,16,15
69.38502673796792,66.29213483146067,1.6666666666666667,2,3,2436,0.7442314624786377,7,0.199183702468872,0,0,5723,8498,0.2838623523712158,0.6489344,0.43,0.67,0.648934389051671,1.1532790660858154,1.079380340094004,0.6370698227308048,3.740162134170532,3.090853069471463,BendWorstOCT,2026-07-14 08:22:40,transfusion,Quantile Thresholds,5.0,4,0,4,16,2,2,0.6029213484749002,0.6029213484749002,0.0,26.062904119491577,1470.0,-1127303141,0.077047416,False,False,WorstAccel,False,4,0.02,198,23813731[].aqua,3600,1,0,0,0.05,-1,-1,0,-1,inf,True,False,False,1,True,False,False,False,False,True,Lazy,True,2,Recursive,True,True,True,True,True,0.217068,34,33
67.9144385026738,67.41573033707866,2.25,3,4,2941,1.181450605392456,5,0.4101455211639404,0,0,2955,4346,0.0768911838531494,0.6745402,0.07,0.1,0.6745402346337959,0.627769947052002,0.464840792459787,0.664534027972267,1.3803000450134275,1.2949772299002509,BendWorstOCT,2026-07-14 08:22:38,transfusion,Quantile Thresholds,5.0,4,0,4,16,2,2,0.6341573033707878,0.6341573033707878,0.0,79.43896698951721,6896.0,-952810433,0.079790008,False,False,WorstAccel,False,3,0.01,184,23813731[].aqua,3600,1,0,0,0.05,-1,-1,0,-1,inf,True,False,False,1,True,False,False,False,False,True,Lazy,True,2,Recursive,True,True,True,True,True,0.207528,85,83
68.95306859205776,67.90123456790124,1.6666666666666667,2,3,2442,0.3065974712371826,6,0.2923569679260254,0,0,1032,1514,0.0331752300262451,0.8276286,0.1,0.14,0.8043055207026344,0.3680429458618164,0.3094376190621711,0.771187001714075,1.0582389831542969,1.0436033791841035,BendWorstOCT,2026-07-14 08:19:51,breast-cancer,,,9,9,0,38,2,2,0.5590123456790131,0.5590123456790131,0.0,266.3938150405884,25979.0,1477215458,0.059742456,False,False,WorstAccel,False,3,0.04,2,23813731[].aqua,3600,1,0,0,0.05,-1,-1,0,-1,inf,True,False,False,1,True,False,False,False,False,True,Lazy,True,2,Recursive,True,True,True,True,True,0.192712,327,272
79.7752808988764,79.71698113207547,2.6,3,5,1161,0.3077564239501953,12,0.1668932437896728,0,0,1234,1813,0.0327663421630859,0.8845327,0.1,0.17,0.8845327307992824,0.338270902633667,0.3381709877554051,0.8424025771357255,1.0387959480285645,1.0563879804789775,BendWorstOCT,2026-07-14 08:20:23,spect,,,22,22,0,22,2,2,0.777169811320758,0.777169811320758,0.0,235.1078770160675,115419.0,-988568012,0.049642752,False,False,WorstAccel,False,3,0.004,67,23813731[].aqua,3600,1,0,0,0.05,-1,-1,0,-1,inf,True,False,False,1,True,False,False,False,False,True,Lazy,True,2,Recursive,True,True,True,True,True,0.185828,245,238
80.52434456928839,78.18181818181819,2.25,3,4,1693,0.4735286235809326,10,0.2208509445190429,0,0,2450,3637,0.059255838394165,0.8300611,0.21,0.37,0.8300611027926633,0.551461935043335,0.5720533208715498,0.7775950688637506,2.064332962036133,2.0753159605428046,BendWorstOCT,2026-07-14 08:20:21,spect,,,22,22,0,22,2,2,0.7018181818181819,0.7018181818181819,0.0,247.28476786613464,38929.0,-1421335640,0.071528208,False,False,WorstAccel,False,4,0.02,78,23813731[].aqua,3600,1,0,0,0.05,-1,-1,0,-1,inf,True,False,False,1,True,False,False,False,False,True,Lazy,True,2,Recursive,True,True,True,True,True,0.206164,254,250
67.9144385026738,67.41573033707866,2.25,3,4,3275,1.7775123119354248,10,0.71402907371521,0,0,2955,4346,0.0773510932922363,0.6824811,0.08,0.11,0.6824810910423865,0.5193560123443604,0.4030958782001025,0.670717513006492,1.208479881286621,1.1506125632170956,BendWorstOCT,2026-07-14 08:22:38,transfusion,Quantile Thresholds,5.0,4,0,4,16,2,2,0.6421573033707878,0.6421573033707878,0.0,119.47341203689577,11602.0,-1525603151,0.083155128,False,False,WorstAccel,False,3,0.008,185,23813731[].aqua,3600,1,0,0,0.05,-1,-1,0,-1,inf,True,False,False,1,True,False,False,False,False,True,Lazy,True,2,Recursive,True,True,True,True,True,0.222652,125,123
69.25133689839572,69.10112359550561,2.857142857142857,3,7,2562,1.7114789485931396,9,0.5858776569366455,0,0,2955,4346,0.0809898376464843,0.7220133,0.07,0.1,0.7220132508348919,0.7105519771575928,0.5333576130357561,0.7142034365315515,1.77339506149292,1.6049573388809686,BendWorstOCT,2026-07-14 08:22:38,transfusion,Quantile Thresholds,5.0,4,0,4,16,2,2,0.6854112366292222,0.6854112366292222,0.0,128.34956192970276,16522.0,871045394,0.076887608,False,False,WorstAccel,False,3,0.0008,190,23813731[].aqua,3600,1,0,0,0.05,-1,-1,0,-1,inf,True,False,False,1,True,False,False,False,False,True,Lazy,True,2,Recursive,True,True,True,True,True,0.216972,134,132
69.25133689839572,69.10112359550561,2.857142857142857,3,7,2280,2.976336717605591,7,0.9187180995941162,0,0,2955,4346,0.0873486995697021,0.7137735,0.07,0.09,0.7137735413240505,0.7236177921295166,0.4089314185936978,0.704039848798133,1.932729959487915,1.459037673200385,BendWorstOCT,2026-07-14 08:22:40,transfusion,Quantile Thresholds,5.0,4,0,4,16,2,2,0.6770112359550575,0.6770112359550575,0.0,144.6129219532013,20405.0,-327309178,0.065225536,False,False,WorstAccel,False,3,0.002,188,23813731[].aqua,3600,1,0,0,0.05,-1,-1,0,-1,inf,True,False,False,1,True,False,False,False,False,True,Lazy,True,2,Recursive,True,True,True,True,True,0.207752,152,149
68.95306859205776,67.90123456790124,1.6666666666666667,2,3,2863,0.3902428150177002,6,0.260094404220581,0,0,2120,3146,0.049717903137207,0.8076286,0.05,0.08,0.7686444857872186,0.3535768985748291,0.4188391569862923,0.7219547975680807,1.552366018295288,1.66115340866643,BendWorstOCT,2026-07-14 08:19:51,breast-cancer,,,9,9,0,38,2,2,0.4990123470839541,0.4990123470839541,0.0,327.14600706100464,14112.0,2063571740,0.087096632,False,False,WorstAccel,False,4,0.06,16,23813731[].aqua,3600,1,0,0,0.05,-1,-1,0,-1,inf,True,False,False,1,True,False,False,False,False,True,Lazy,True,2,Recursive,True,True,True,True,True,0.217016,386,332
69.25133689839572,69.10112359550561,2.857142857142857,3,7,1837,1.639385223388672,11,0.5784552097320557,0,0,2955,4346,0.0808331966400146,0.7235437,0.05,0.07,0.7235436809468454,0.6054060459136963,0.4401561612007764,0.7152131553056608,1.4806311130523682,1.3395712105275177,BendWorstOCT,2026-07-14 08:22:38,transfusion,Quantile Thresholds,5.0,4,0,4,16,2,2,0.6868112359550574,0.6868112359550574,0.0,170.74729299545288,23204.0,469866993,0.079986072,False,False,WorstAccel,False,3,0.0006,191,23813731[].aqua,3600,1,0,0,0.05,-1,-1,0,-1,inf,True,False,False,1,True,False,False,False,False,True,Lazy,True,2,Recursive,True,True,True,True,True,0.217076,176,174
68.85026737967914,68.7719298245614,2.6666666666666665,3,6,2944,2.104806661605835,14,1.074380874633789,0,0,2955,4346,0.0777783393859863,0.6914231,0.07,0.09,0.6914231184181892,0.5223371982574463,0.3912091446537731,0.6769923603235798,1.1293981075286863,1.0715259298488171,BendWorstOCT,2026-07-14 08:22:38,transfusion,Quantile Thresholds,5.0,4,0,4,16,2,2,0.6517192982456158,0.6517192982456158,0.0,179.5923571586609,14015.0,-1624188270,0.089891992,False,False,WorstAccel,False,3,0.006,186,23813731[].aqua,3600,1,0,0,0.05,-1,-1,0,-1,inf,True,False,False,1,True,False,False,False,False,True,Lazy,True,2,Recursive,True,True,True,True,True,0.22612,185,182
69.6524064171123,69.10112359550561,2.857142857142857,3,7,2690,2.601705551147461,11,0.9890952110290528,0,0,2955,4346,0.0846674442291259,0.7266318,0.05,0.07,0.726631785742275,0.7000000476837158,0.4471954064711738,0.7174096779090195,1.9551899433135984,1.7242734702895277,BendWorstOCT,2026-07-14 08:22:39,transfusion,Quantile Thresholds,5.0,4,0,4,16,2,2,0.6896112359550576,0.6896112359550576,0.0,190.91389298439023,19943.0,1039845684,0.083127856,False,False,WorstAccel,False,3,0.0002,193,23813731[].aqua,3600,1,0,0,0.05,-1,-1,0,-1,inf,True,False,False,1,True,False,False,False,False,True,Lazy,True,2,Recursive,True,True,True,True,True,0.221184,197,195
69.25133689839572,69.10112359550561,2.857142857142857,3,7,2181,2.0336711406707764,4,0.6485106945037842,0,0,2955,4346,0.0811676979064941,0.7205158,0.06,0.08,0.720515763075629,0.7196581363677979,0.5245228845806807,0.7127399870085166,1.7397079467773438,1.5207218698589215,BendWorstOCT,2026-07-14 08:22:39,transfusion,Quantile Thresholds,5.0,4,0,4,16,2,2,0.6840112359550575,0.6840112359550575,0.0,193.4176280498505,24781.0,228035086,0.073481912,False,False,WorstAccel,False,3,0.001,189,23813731[].aqua,3600,1,0,0,0.05,-1,-1,0,-1,inf,True,False,False,1,True,False,False,False,False,True,Lazy,True,2,Recursive,True,True,True,True,True,0.207776,200,197
69.6524064171123,69.10112359550561,2.857142857142857,3,7,2446,2.527984619140625,10,0.9568541049957277,0,0,2955,4346,0.0826115608215332,0.7274117,0.05,0.07,0.7274117371242264,0.6889798641204834,0.4434539527781932,0.7192260756070111,1.9615418910980225,1.724763561132399,BendWorstOCT,2026-07-14 08:22:39,transfusion,Quantile Thresholds,5.0,4,0,4,16,2,2,0.6903112359550576,0.6903112359550576,0.0,194.0507979393005,23772.0,-2076629249,0.075644856,False,False,WorstAccel,False,3,0.0001,194,23813731[].aqua,3600,1,0,0,0.05,-1,-1,0,-1,inf,True,False,False,1,True,False,False,False,False,True,Lazy,True,2,Recursive,True,True,True,True,True,0.21208,200,197
68.85026737967914,68.7719298245614,2.6666666666666665,3,6,3345,4.096534729003906,11,1.1776068210601809,0,0,2955,4346,0.0967118740081787,0.7020065,0.07,0.08,0.7020065409531714,0.9706258773803712,0.5440312736269858,0.6899656919729382,1.965451002120972,1.3147930092523572,BendWorstOCT,2026-07-14 08:22:43,transfusion,Quantile Thresholds,5.0,4,0,4,16,2,2,0.6637192982456158,0.6637192982456158,0.0,239.53263401985168,14392.0,-530993826,0.076184104,False,False,WorstAccel,False,3,0.004,187,23813731[].aqua,3600,1,0,0,0.05,-1,-1,0,-1,inf,True,False,False,1,True,False,False,False,False,True,Lazy,True,2,Recursive,True,True,True,True,True,0.219608,250,246
79.7752808988764,79.71698113207547,2.6,3,5,1113,0.3441104888916015,12,0.2104089260101318,0,0,1234,1813,0.0325677394866943,0.8999842,0.1,0.16,0.8999841526542812,0.2737989425659179,0.298476569947443,0.8733358119957055,0.6991078853607178,0.7100430211161026,BendWorstOCT,2026-07-14 08:20:23,spect,,,22,22,0,22,2,2,0.787169811320758,0.787169811320758,0.0,415.4307940006256,241057.0,2030105785,0.075215632,False,False,WorstAccel,False,3,0.002,68,23813731[].aqua,3600,1,0,0,0.05,-1,-1,0,-1,inf,True,False,False,1,True,False,False,False,False,True,Lazy,True,2,Recursive,True,True,True,True,True,0.215172,425,417
69.6524064171123,69.10112359550561,2.857142857142857,3,7,2323,2.067838191986084,7,0.7094569206237793,0,0,2955,4346,0.0808820724487304,0.7250763,0.05,0.07,0.7250762598268231,0.5295319557189941,0.3302804311580724,0.7154048816085314,1.4437148571014404,1.2051990919145243,BendWorstOCT,2026-07-14 08:22:38,transfusion,Quantile Thresholds,5.0,4,0,4,16,2,2,0.6882112359550575,0.6882112359550576,0.0,305.36582589149475,54921.0,-1397577781,0.08976928,False,False,WorstAccel,False,3,0.0004,192,23813731[].aqua,3600,1,0,0,0.05,-1,-1,0,-1,inf,True,False,False,1,True,False,False,False,False,True,Lazy,True,2,Recursive,True,True,True,True,True,0.229784,311,307
67.9144385026738,67.41573033707866,2.25,3,4,4413,1.874838829040528,12,0.5870730876922607,0,0,5723,8498,0.2028815746307373,0.6745402,0.3,0.42,0.6745402346337959,1.228377103805542,0.9213614850880668,0.6629540449330472,3.626171112060547,3.457038486792969,BendWorstOCT,2026-07-14 08:22:38,transfusion,Quantile Thresholds,5.0,4,0,4,16,2,2,0.6341573033707878,0.6341573033707878,0.0,340.33023715019226,18652.0,-1164152885,0.146861792,False,False,WorstAccel,False,4,0.01,199,23813731[].aqua,3600,1,0,0,0.05,-1,-1,0,-1,inf,True,False,False,1,True,False,False,False,False,True,Lazy,True,2,Recursive,True,True,True,True,True,0.281256,346,342
79.7752808988764,79.71698113207547,2.6,3,5,1094,0.4109845161437988,14,0.2292721271514892,0,0,1234,1813,0.0343227386474609,0.9095842,0.1,0.17,0.9095841526542812,0.2983729839324951,0.3138311554235759,0.8817177681092572,0.7940549850463867,0.8054277271942594,BendWorstOCT,2026-07-14 08:20:23,spect,,,22,22,0,22,2,2,0.7931698113207579,0.7931698113207579,0.0,491.8673689365387,277801.0,461436569,0.089411752,False,False,WorstAccel,False,3,0.0008,70,23813731[].aqua,3600,1,0,0,0.05,-1,-1,0,-1,inf,True,False,False,1,True,False,False,False,False,True,Lazy,True,2,Recursive,True,True,True,True,True,0.23492,501,493
79.7752808988764,79.71698113207547,2.6,3,5,1082,0.3801891803741455,9,0.2295186519622802,0,0,1234,1813,0.0339095592498779,0.9079842,0.1,0.17,0.9079841526542816,0.2969930171966553,0.2997609747737919,0.8770818719868267,0.8616781234741211,0.8653836500254565,BendWorstOCT,2026-07-14 08:20:23,spect,,,22,22,0,22,2,2,0.7921698127563608,0.7921698127563608,0.0,535.7903599739075,298274.0,2109752239,0.086292096,False,False,WorstAccel,False,3,0.001,69,23813731[].aqua,3600,1,0,0,0.05,-1,-1,0,-1,inf,True,False,False,1,True,False,False,False,False,True,Lazy,True,2,Recursive,True,True,True,True,True,0.228724,545,537
79.7752808988764,79.71698113207547,2.6,3,5,1111,0.4302742481231689,6,0.2377407550811767,0,0,1234,1813,0.036060094833374,0.9111842,0.12,0.2,0.9111841526542812,0.3321812152862549,0.3321440168605331,0.8843439897922578,0.850938081741333,0.7588047404637333,BendWorstOCT,2026-07-14 08:20:23,spect,,,22,22,0,22,2,2,0.794169811320758,0.7941698113207579,0.0,555.2091882228851,300224.0,1670177916,0.097226584,False,False,WorstAccel,False,3,0.0006,71,23813731[].aqua,3600,1,0,0,0.05,-1,-1,0,-1,inf,True,False,False,1,True,False,False,False,False,True,Lazy,True,2,Recursive,True,True,True,True,True,0.236272,565,557
79.7752808988764,79.71698113207547,2.6,3,5,1105,0.3119189739227295,9,0.2104108333587646,0,0,1234,1813,0.0326848030090332,0.9127842,0.09,0.16,0.9127841526542811,0.2718698978424072,0.2812489156699921,0.8787365923070286,0.7919278144836426,0.7897142526975413,BendWorstOCT,2026-07-14 08:20:23,spect,,,22,22,0,22,2,2,0.7951698133870675,0.7951698133870676,0.0,616.1256058216095,398068.0,1386100222,0.1103538,False,False,WorstAccel,False,3,0.0004,72,23813731[].aqua,3600,1,0,0,0.05,-1,-1,0,-1,inf,True,False,False,1,True,False,False,False,False,True,Lazy,True,2,Recursive,True,True,True,True,True,0.250988,624,616
79.7752808988764,79.71698113207547,2.6,3,5,1073,0.37380051612854,7,0.2224278450012207,0,0,1234,1813,0.0352914333343505,0.9143842,0.14,0.22,0.9143841526542814,0.3194189071655273,0.3441865639265071,0.8892705742192957,0.7320728302001953,0.7537126862931294,BendWorstOCT,2026-07-14 08:20:23,spect,,,22,22,0,22,2,2,0.7961698117924556,0.7961698117924555,0.0,733.2781817913055,407568.0,273944284,0.105908696,False,False,WorstAccel,False,3,0.0002,73,23813731[].aqua,3600,1,0,0,0.05,-1,-1,0,-1,inf,True,False,False,1,True,False,False,False,False,True,Lazy,True,2,Recursive,True,True,True,True,True,0.247608,742,732
79.7752808988764,79.71698113207547,2.6,3,5,1129,0.37648606300354,8,0.2227354049682617,0,0,1234,1813,0.0378999710083007,0.9151842,0.11,0.18,0.9151841526542812,0.4025790691375732,0.3060639048899201,0.8791256205058897,1.209399938583374,0.8934161330923354,BendWorstOCT,2026-07-14 08:20:44,spect,,,22,22,0,22,2,2,0.7966698113207581,0.7966698113207581,0.0,779.6979959011078,465726.0,-1543814171,0.117609448,False,False,WorstAccel,False,3,0.0001,74,23813731[].aqua,3600,1,0,0,0.05,-1,-1,0,-1,inf,True,False,False,1,True,False,False,False,False,True,Lazy,True,2,Recursive,True,True,True,True,True,0.27476,809,780
69.25133689839572,69.10112359550561,2.833333333333333,4,6,5403,4.550203084945679,9,1.5849575996398926,0,0,5723,8498,0.2416718006134033,0.6824811,0.24,0.3,0.6824810910423866,0.895341157913208,0.7673301603102577,0.6702817244622779,2.2748219966888428,2.315766736237821,BendWorstOCT,2026-07-14 08:22:38,transfusion,Quantile Thresholds,5.0,4,0,4,16,2,2,0.6430112359550575,0.6430112359550575,0.0,667.9387979507446,44313.0,910628091,0.171438328,False,False,WorstAccel,False,4,0.008,200,23813731[].aqua,3600,1,0,0,0.05,-1,-1,0,-1,inf,True,False,False,1,True,False,False,False,False,True,Lazy,True,2,Recursive,True,True,True,True,True,0.307988,674,668
69.25133689839572,69.10112359550561,3.0,4,6,4486,3.2980759143829346,10,1.6143898963928225,0,0,5723,8498,0.1771273612976074,0.6914231,0.23,0.31,0.6914231184181893,1.113776922225952,0.8464403552147132,0.67869973407075,2.9208967685699463,2.814884646786183,BendWorstOCT,2026-07-14 08:23:33,transfusion,Quantile Thresholds,5.0,4,0,4,16,2,2,0.6550112359550575,0.6550112359550575,0.0,1234.8057188987732,67877.0,-426821914,0.183906168,False,False,WorstAccel,False,4,0.006,201,23813731[].aqua,3600,1,0,0,0.05,-1,-1,0,-1,inf,True,False,False,1,True,False,False,False,False,True,Lazy,True,2,Recursive,True,True,True,True,True,0.363988,1297,1233
58.51063829787234,50.0,1.0,1,2,4025,0.4180481433868408,5,0.234487771987915,0,0,2338,3433,0.0750927925109863,0.7484314,0.12,0.18,0.702433880528952,0.4549238681793213,0.4649974586238195,0.6481897607034102,1.6162657737731934,1.8996091738219407,BendWorstOCT,2026-07-14 08:23:33,thoracic,Quantile Thresholds,5.0,16,13,3,36,2,2,0.3400000019252281,0.3400000019252281,0.0,1412.2346727848053,26485.0,1120349732,0.143242944,False,False,WorstAccel,False,3,0.08,240,23813731[].aqua,3600,1,0,0,0.05,-1,-1,0,-1,inf,True,False,False,1,True,False,False,False,False,True,Lazy,True,2,Recursive,True,True,True,True,True,0.271364,1477,1408
35.2,30.55555555555556,1.6666666666666667,2,3,3030,0.4964065551757812,3,0.8530242443084717,0,0,26820,39336,0.7316813468933105,0.4475472,24.62,40.46,0.4475472191360026,43.30060791969299,47.62150230887082,0.3865437726625396,106.835294008255,150.77003601006538,BendWorstOCT,2026-07-14 08:19:51,balance-scale,,,4,4,0,20,3,2,0.0655555555555555,0.0655555555555555,0.0,1651.107722043991,15748.0,-971320486,0.392316896,False,False,WorstAccel,False,3,0.08,30,23813731[].aqua,3600,1,0,0,0.05,-1,-1,0,-1,inf,True,False,False,1,True,False,False,False,False,True,Lazy,True,2,Recursive,True,True,True,True,True,0.514492,1710,1647
68.95306859205776,67.90123456790124,1.6666666666666667,2,3,2665,0.3840796947479248,10,0.226841926574707,0,0,1032,1514,0.0322515964508056,0.8476286,0.1,0.16,0.842681564245809,0.3579499721527099,0.2629943801916826,0.8309687341702812,0.973304033279419,0.7051323476967867,BendWorstOCT,2026-07-14 08:19:51,breast-cancer,,,9,9,0,38,2,2,0.6190123456790131,0.6190123456790131,0.0,1677.1734709739685,287811.0,309491989,0.101405744,False,False,WorstAccel,False,3,0.02,3,23813731[].aqua,3600,1,0,0,0.05,-1,-1,0,-1,inf,True,False,False,1,True,False,False,False,False,True,Lazy,True,2,Recursive,True,True,True,True,True,0.249552,1737,1671
70.85561497326204,70.70175438596492,3.4444444444444446,4,9,2688,2.1075968742370605,9,1.1992051601409912,0,0,5723,8498,0.1562023162841797,0.7020065,0.2,0.26,0.7020065409531716,1.0088379383087158,0.8318189414584115,0.6931402306630032,2.9891419410705566,2.8413273142067075,BendWorstOCT,2026-07-14 08:23:33,transfusion,Quantile Thresholds,5.0,4,0,4,16,2,2,0.6710175445280586,0.6710175445280586,0.0,1719.4741110801697,128853.0,1730513370,0.215314464,False,False,WorstAccel,False,4,0.004,202,23813731[].aqua,3600,1,0,0,0.05,-1,-1,0,-1,inf,True,False,False,1,True,False,False,False,False,True,Lazy,True,2,Recursive,True,True,True,True,True,0.370412,1780,1714
35.2,30.55555555555556,1.6666666666666667,2,3,4117,0.8550174236297607,3,1.5670766830444336,0,0,26820,39336,0.6948642730712891,0.4747971,22.48,38.02,0.4747971164483769,43.56138491630554,45.99261086571183,0.4499621475662496,147.4313690662384,228.28620492498368,BendWorstOCT,2026-07-14 08:19:51,balance-scale,,,4,4,0,20,3,2,0.1255555556681112,0.1255555556681112,0.0,2366.142189025879,20167.0,-282722927,0.442212976,False,False,WorstAccel,False,3,0.06,31,23813731[].aqua,3600,1,0,0,0.05,-1,-1,0,-1,inf,True,False,False,1,True,False,False,False,False,True,Lazy,True,2,Recursive,True,True,True,True,True,0.583588,2425,2358
72.56317689530685,71.60493827160494,2.6,3,5,1968,0.3678376674652099,6,0.2221577167510986,0,0,1032,1514,0.0380916595458984,0.8749808,0.17,0.19,0.874980765948506,2.2556209564208984,0.3852325233607589,0.8706341526508528,2.9883370399475098,0.8830150902781493,BendWorstOCT,2026-07-14 08:19:51,breast-cancer,,,9,9,0,38,2,2,0.66604938580247,0.66604938580247,0.0,2472.136734008789,507568.0,1466802131,0.13514928,False,False,WorstAccel,False,3,0.01,4,23813731[].aqua,3600,1,0,0,0.05,-1,-1,0,-1,inf,True,False,False,1,True,False,False,False,False,True,Lazy,True,2,Recursive,True,True,True,True,True,0.288392,2532,2466
68.95306859205776,67.90123456790124,1.6666666666666667,2,3,4047,0.5091500282287598,5,0.2819480895996094,0,0,2120,3146,0.0502738952636718,0.8276286,0.12,0.2,0.8043055207026342,0.4566199779510498,0.5430450365374508,0.7659010891376922,1.693506956100464,1.8984970632975653,BendWorstOCT,2026-07-14 08:19:51,breast-cancer,,,9,9,0,38,2,2,0.5590123456790131,0.5590123456790131,0.0,2570.272068977356,150585.0,-765645382,0.154735968,False,False,WorstAccel,False,4,0.04,17,23813731[].aqua,3600,1,0,0,0.05,-1,-1,0,-1,inf,True,False,False,1,True,False,False,False,False,True,Lazy,True,2,Recursive,True,True,True,True,True,0.301468,2629,2561
64.0092879256966,63.33885666942833,1.0,1,2,14608,2.3463799953460693,6,0.5135810375213623,0,0,11408,16755,0.5991590023040771,0.7646382,1.18,2.0,0.7205741147477158,4.626922845840454,5.442053453241087,0.6523391891046282,26.452661991119385,39.091208898484446,BendWorstOCT,2026-07-14 08:23:49,seismic-bumps,Quantile Thresholds,5.0,15,5,10,39,2,2,0.4733885668416351,0.4733885668416351,0.0,2466.459300994873,2622.0,-11262556,0.503407464,False,False,WorstAccel,False,3,0.08,270,23813731[].aqua,3600,1,0,0,0.05,-1,-1,0,-1,inf,True,False,False,1,True,False,False,False,False,True,Lazy,True,2,Recursive,True,True,True,True,True,0.548536,2473,2454
50.4,48.61111111111112,2.857142857142857,3,7,2432,0.7366220951080322,18,1.3883426189422607,0,0,26820,39336,0.6764371395111084,0.6777425,39.65,61.89,0.6777425229398301,57.810879945755005,80.62747761692114,0.6701440913495263,132.4005250930786,200.11139360599776,BendWorstOCT,2026-07-14 08:19:51,balance-scale,,,4,4,0,20,3,2,0.3461111111111098,0.3461111111111098,0.0,2732.3697550296783,10580.0,-1323539077,0.3813692,False,False,WorstAccel,False,3,0.02,33,23813731[].aqua,3600,1,0,0,0.05,-1,-1,0,-1,inf,True,False,False,1,True,False,False,False,False,True,Lazy,True,2,Recursive,True,True,True,True,True,0.461716,2791,2722
87.08333333333333,85.5421686746988,2.25,3,4,25160,3.628919124603272,12,1.3286073207855225,0,0,43295,63277,3.3054890632629395,0.7259218,26.7,58.88,0.7259218279298458,62.50367403030396,75.41511268027948,0.6899116374065467,188.82824993133545,240.21511798250515,BendWorstOCT,2026-07-14 08:23:52,ann-thyroid,Quantile Thresholds,5.0,21,15,6,39,3,2,0.6154216867469865,0.6154216867469865,0.0,2534.8409440517426,388.0,-649187642,0.816991008,False,False,WorstAccel,False,3,0.06,301,23813731[].aqua,3600,1,0,0,0.05,-1,-1,0,-1,inf,True,False,False,1,True,False,False,False,False,True,Lazy,True,2,Recursive,True,True,True,True,True,0.768072,2544,2522
45.92,40.97222222222222,2.6,3,5,4239,1.1767427921295166,10,2.265437126159668,0,0,26820,39336,0.7149174213409424,0.5477465,38.42,63.72,0.5477465151551029,55.442399978637695,81.11050569927829,0.5413132417201885,114.24306797981262,180.29062029217064,BendWorstOCT,2026-07-14 08:19:51,balance-scale,,,4,4,0,20,3,2,0.2097222222222213,0.2097222222222213,0.0,3233.7246639728546,35953.0,-306246086,0.460793616,False,False,WorstAccel,False,3,0.04,32,23813731[].aqua,3600,1,0,0,0.05,-1,-1,0,-1,inf,True,False,False,1,True,False,False,False,False,True,Lazy,True,2,Recursive,True,True,True,True,True,0.603544,3293,3219
50.4,48.61111111111112,2.857142857142857,3,7,2317,0.5943713188171387,13,1.1280007362365725,0,0,26820,39336,0.7677624225616455,0.7557425,43.15,63.8,0.7557425229398284,62.38149285316467,83.23284157497224,0.7475442561725562,135.8249728679657,207.1154193539693,BendWorstOCT,2026-07-14 08:19:51,balance-scale,,,4,4,0,20,3,2,0.430111111254121,0.430111111254121,0.0,3394.734645843506,7330.0,511843441,0.413919176,False,False,WorstAccel,False,3,0.008,35,23813731[].aqua,3600,1,0,0,0.05,-1,-1,0,-1,inf,True,False,False,1,True,False,False,False,False,True,Lazy,True,2,Recursive,True,True,True,True,True,0.52346,3454,3379
81.27340823970037,81.13207547169812,3.1666666666666665,4,6,2686,0.5656759738922119,13,0.3531696796417236,0,0,2450,3637,0.0535807609558105,0.8525604,0.31,0.53,0.8525604341992954,0.5857739448547363,0.7091737041646184,0.8290565774066002,1.4775140285491943,1.701681256371397,BendWorstOCT,2026-07-14 08:20:20,spect,,,22,22,0,22,2,2,0.751320757075475,0.751320757075475,0.0,3527.531452894211,666552.0,-1212683801,0.301166864,False,False,WorstAccel,False,4,0.01,79,23813731[].aqua,3600,1,0,0,0.05,-1,-1,0,-1,inf,True,False,False,1,True,False,False,False,False,True,Lazy,True,2,Recursive,True,True,True,True,True,0.470908,3533,3502
72.92418772563177,72.8395061728395,3.0,3,8,1924,0.3483285903930664,5,0.2441747188568115,0,0,1032,1514,0.0287191867828369,0.9512937,0.14,0.22,0.9512936845578982,0.4110898971557617,0.4327752380338662,0.9488479872736276,0.9084699153900146,0.9445779601314864,BendWorstOCT,2026-07-14 08:19:51,breast-cancer,,,9,9,0,38,2,9,0.7275950641470352,0.8127362253009305,0.1170172330040567,3600.0004749298096,485795.0,1562978351,0.2678218,False,False,WorstAccel,False,3,0.0001,14,23813731[].aqua,3600,1,0,0,0.05,-1,-1,0,-1,inf,True,False,False,1,True,False,False,False,False,True,Lazy,True,2,Recursive,True,True,True,True,True,0.433772,3659,3584
50.4,48.61111111111112,2.857142857142857,3,7,2109,0.3795459270477295,17,0.6399457454681396,0,0,26820,39336,0.7685348987579346,0.7687425,44.88,66.09,0.7687425229398293,64.17940998077393,84.93688818373413,0.7622905383228484,137.92570304870603,193.17505252091496,BendWorstOCT,2026-07-14 08:19:51,balance-scale,,,4,4,0,20,3,9,0.4441111111111098,0.4946824042330173,0.1138708126337674,3600.002067089081,5189.0,-856467560,0.3689028,False,False,WorstAccel,False,3,0.006,36,23813731[].aqua,3600,1,0,0,0.05,-1,-1,0,-1,inf,True,False,False,1,True,False,False,False,False,True,Lazy,True,2,Recursive,True,True,True,True,True,0.512596,3659,3583
72.92418772563177,72.8395061728395,3.0,3,8,1881,0.3317501544952392,4,0.2313125133514404,0,0,1032,1514,0.0292520523071289,0.9504937,0.17,0.26,0.9504936845578982,0.4181969165802002,0.4633561126407473,0.9488744903633438,0.6685919761657715,0.7202310771696643,BendWorstOCT,2026-07-14 08:19:51,breast-cancer,,,9,9,0,38,2,9,0.7267950632825164,0.7794682800626095,0.072473272647448,3600.000617980957,612591.0,-1054050818,0.247729488,False,False,WorstAccel,False,3,0.0002,13,23813731[].aqua,3600,1,0,0,0.05,-1,-1,0,-1,inf,True,False,False,1,True,False,False,False,False,True,Lazy,True,2,Recursive,True,True,True,True,True,0.406308,3659,3582
72.56317689530685,71.60493827160494,2.6,3,5,1832,0.3394336700439453,6,0.251206636428833,0,0,1032,1514,0.0290172100067138,0.9040937,0.13,0.21,0.9040936845578982,0.3861429691314697,0.3954483377065703,0.9025090814773774,0.6717329025268555,0.6764017716877753,BendWorstOCT,2026-07-14 08:19:51,breast-cancer,,,9,9,0,38,2,9,0.6860493879915417,0.7230864197530874,0.05398595554465,3600.000569820404,643728.0,-1171158495,0.236783936,False,False,WorstAccel,False,3,0.006,6,23813731[].aqua,3600,1,0,0,0.05,-1,-1,0,-1,inf,True,False,False,1,True,False,False,False,False,True,Lazy,True,2,Recursive,True,True,True,True,True,0.407264,3660,3582
68.95306859205776,67.90123456790124,1.6666666666666667,2,3,4521,0.6564493179321289,6,0.8828427791595459,0,0,2120,3146,0.0500922203063964,0.8476286,0.28,0.48,0.8426815642458091,0.4782180786132812,0.6662311805053067,0.8254457237871937,2.0278210639953613,1.8006615326877151,BendWorstOCT,2026-07-14 08:19:51,breast-cancer,,,9,9,0,38,2,9,0.6190123456790131,0.7381088745293094,0.1923976632802949,3600.000627040863,213748.0,-1572621789,0.417220728,False,False,WorstAccel,False,4,0.02,18,23813731[].aqua,3600,1,0,0,0.05,-1,-1,0,-1,inf,True,False,False,1,True,False,False,False,False,True,Lazy,True,2,Recursive,True,True,True,True,True,0.57982,3659,3581
72.56317689530685,71.60493827160494,2.6,3,5,1888,0.3804824352264404,9,0.2919223308563232,0,0,1032,1514,0.03041672706604,0.888765,0.12,0.18,0.8887649936339858,0.3829271793365478,0.3427126559088086,0.8858903496380641,0.881505012512207,0.8459175072663903,BendWorstOCT,2026-07-14 08:19:51,breast-cancer,,,9,9,0,38,2,9,0.6760493833026695,0.7201834460209123,0.0652823060094174,3600.00119805336,575707.0,-2026190853,0.217397224,False,False,WorstAccel,False,3,0.008,5,23813731[].aqua,3600,1,0,0,0.05,-1,-1,0,-1,inf,True,False,False,1,True,False,False,False,False,True,Lazy,True,2,Recursive,True,True,True,True,True,0.379808,3660,3581
50.4,48.61111111111112,2.857142857142857,3,7,2475,0.4651570320129394,16,0.8648133277893066,0,0,26820,39336,0.7800209522247314,0.7427425,40.08,60.37,0.7427425229398295,59.63926601409912,81.19549747504699,0.7363452656636911,105.93292808532716,157.73665732031745,BendWorstOCT,2026-07-14 08:19:51,balance-scale,,,4,4,0,20,3,9,0.416111111252721,0.476773603158792,0.1457843596712518,3600.0017840862274,5973.0,639574362,0.372652576,False,False,WorstAccel,False,3,0.01,34,23813731[].aqua,3600,1,0,0,0.05,-1,-1,0,-1,inf,True,False,False,1,True,False,False,False,False,True,Lazy,True,2,Recursive,True,True,True,True,True,0.522832,3659,3582
50.4,48.61111111111112,2.857142857142857,3,7,1815,0.2705135345458984,16,0.5075836181640625,0,0,26820,39336,0.8812921047210693,0.7817425,44.93,64.77,0.781742522939829,59.86637997627258,79.18537638403855,0.7756356089690063,126.42629098892212,176.6754544970947,BendWorstOCT,2026-07-14 08:19:51,balance-scale,,,4,4,0,20,3,9,0.4581111111111098,0.5752649820955125,0.2557324372688883,3600.0025758743286,2794.0,-239048824,0.379665832,False,False,WorstAccel,False,3,0.004,37,23813731[].aqua,3600,1,0,0,0.05,-1,-1,0,-1,inf,True,False,False,1,True,False,False,False,False,True,Lazy,True,2,Recursive,True,True,True,True,True,0.478792,3659,3582
72.92418772563177,72.8395061728395,3.0,3,8,1851,0.3428506851196289,4,0.2318618297576904,0,0,1032,1514,0.0293350219726562,0.9488937,0.16,0.23,0.9488936845578982,0.3899037837982178,0.4146326676122394,0.9467795183986548,0.9889719486236572,1.05229886726311,BendWorstOCT,2026-07-14 08:19:51,breast-cancer,,,9,9,0,38,2,9,0.7251950738048025,0.7616226508066025,0.0502314181626736,3600.000361919403,716230.0,1796508904,0.237175672,False,False,WorstAccel,False,3,0.0004,12,23813731[].aqua,3600,1,0,0,0.05,-1,-1,0,-1,inf,True,False,False,1,True,False,False,False,False,True,Lazy,True,2,Recursive,True,True,True,True,True,0.399244,3659,3583
50.4,48.61111111111112,2.857142857142857,3,7,1556,0.2749698162078857,7,0.5303728580474854,0,0,26820,39336,0.7087957859039307,0.8082362,41.15,65.0,0.8082361959807423,58.05398392677307,82.27262985565109,0.801908366876334,141.71253895759585,207.05145837439792,BendWorstOCT,2026-07-14 08:19:51,balance-scale,,,4,4,0,20,3,9,0.4847111111111098,0.6173095233530091,0.2735617344069999,3600.002340078354,1576.0,1893508281,0.344729912,False,False,WorstAccel,False,3,0.0002,43,23813731[].aqua,3600,1,0,0,0.05,-1,-1,0,-1,inf,True,False,False,1,True,False,False,False,False,True,Lazy,True,2,Recursive,True,True,True,True,True,0.4648,3659,3579
63.68,59.18367346938776,3.5,4,10,1575,0.2224831581115722,17,1.6425886154174805,0,0,55428,82248,1.330331325531006,0.8426513,297.71,379.16,0.842651284740431,383.56032490730286,486.698167449236,0.8374643371065627,930.0844449996948,1245.3841302578285,BendWorstOCT,2026-07-14 08:19:51,balance-scale,,,4,4,0,20,3,9,0.5118367346938778,0.8374643371065627,0.6361942790359469,3600.0042889118195,43.0,-916638945,0.552347832,False,False,WorstAccel,False,4,0.008,50,23813731[].aqua,3600,1,0,0,0.05,-1,-1,0,-1,inf,True,False,False,1,True,False,False,False,False,True,Lazy,True,2,Recursive,True,True,True,True,True,0.604212,3659,3582
72.92418772563177,72.8395061728395,3.0,3,8,1839,0.3482203483581543,4,0.2542605400085449,0,0,1032,1514,0.0287942886352539,0.9440937,0.13,0.2,0.9440936845578982,0.4170169830322265,0.4290631534180455,0.9423616826186184,0.7704019546508789,0.7768263615411831,BendWorstOCT,2026-07-14 08:19:51,breast-cancer,,,9,9,0,38,2,9,0.7203950712120899,0.7546211376148886,0.0475101340507676,3600.0005939006805,754105.0,1834685675,0.243763224,False,False,WorstAccel,False,3,0.001,9,23813731[].aqua,3600,1,0,0,0.05,-1,-1,0,-1,inf,True,False,False,1,True,False,False,False,False,True,Lazy,True,2,Recursive,True,True,True,True,True,0.408904,3660,3582
75.81227436823104,75.30864197530865,3.5,4,10,3877,0.9646096229553224,18,1.619551181793213,0,0,2120,3146,0.0502979755401611,0.8892597,0.37,0.6,0.8892597272264645,1.731614112854004,0.9520057126247315,0.8869147355145193,3.292633056640625,2.871612145225517,BendWorstOCT,2026-07-14 08:19:51,breast-cancer,,,9,9,0,38,2,9,0.673086425679013,0.8543010143061135,0.2692293020829981,3600.001037120819,154551.0,-1501204262,0.381103088,False,False,WorstAccel,False,4,0.008,20,23813731[].aqua,3600,1,0,0,0.05,-1,-1,0,-1,inf,True,False,False,1,True,False,False,False,False,True,Lazy,True,2,Recursive,True,True,True,True,True,0.531576,3659,3581
50.4,48.61111111111112,2.857142857142857,3,7,1914,0.5438244342803955,10,0.656444787979126,0,0,26820,39336,0.8360521793365479,0.8090362,47.98,71.17,0.8090361959807396,65.80797386169434,86.74603703441755,0.8032871228951993,191.1737208366394,276.6788034198619,BendWorstOCT,2026-07-14 08:19:51,balance-scale,,,4,4,0,20,3,9,0.4854111114081922,0.6320119894869537,0.3020138489485085,3600.005306959152,1401.0,-1510784481,0.34686784,False,False,WorstAccel,False,3,0.0001,44,23813731[].aqua,3600,1,0,0,0.05,-1,-1,0,-1,inf,True,False,False,1,True,False,False,False,False,True,Lazy,True,2,Recursive,True,True,True,True,True,0.48262,3660,3590
63.04,59.18367346938776,3.5,4,10,1511,0.2290380001068115,13,2.3253214359283447,0,0,55428,82248,1.1970877647399902,0.9163502,231.34,363.36,0.9163502265683078,359.5297808647156,563.4344300628012,0.916301981649636,618.0757119655609,1032.556622297824,BendWorstOCT,2026-07-14 08:19:51,balance-scale,,,4,4,0,20,3,9,0.5908367346938779,0.915726549579493,0.5498808652341933,3600.009699821472,240.0,1465353209,0.513371496,False,False,WorstAccel,False,4,0.0001,59,23813731[].aqua,3600,1,0,0,0.05,-1,-1,0,-1,inf,True,False,False,1,True,False,False,False,False,True,Lazy,True,2,Recursive,True,True,True,True,True,0.598648,3658,3580
50.4,48.61111111111112,2.857142857142857,3,7,1799,0.3555130958557129,15,0.6195218563079834,0,0,26820,39336,1.0668601989746094,0.8066362,58.45,67.1,0.8066361959807412,87.774169921875,83.930844503346,0.8002581850216852,180.13700699806213,176.8102376987314,BendWorstOCT,2026-07-14 08:19:51,balance-scale,,,4,4,0,20,3,9,0.4833111111111098,0.7667186426665507,0.586387370453578,3600.007644891739,639.0,-67422162,0.371231608,False,False,WorstAccel,False,3,0.0004,42,23813731[].aqua,3600,1,0,0,0.05,-1,-1,0,-1,inf,True,False,False,1,True,False,False,False,False,True,Lazy,True,2,Recursive,True,True,True,True,True,0.527184,3660,3576
72.92418772563177,72.8395061728395,3.0,3,8,1799,0.3656587600708008,5,0.2504410743713379,0,0,1032,1514,0.0289323329925537,0.9360937,0.15,0.23,0.936093684557898,0.4197781085968017,0.4474903468436523,0.9334961160790028,0.9761030673980712,1.0183383431210096,BendWorstOCT,2026-07-14 08:19:51,breast-cancer,,,9,9,0,38,2,9,0.7123951047525157,0.7544661182922048,0.0590557308142993,3600.000526189804,689057.0,-539747684,0.261649904,False,False,WorstAccel,False,3,0.002,8,23813731[].aqua,3600,1,0,0,0.05,-1,-1,0,-1,inf,True,False,False,1,True,False,False,False,False,True,Lazy,True,2,Recursive,True,True,True,True,True,0.42324,3660,3581
72.92418772563177,72.8395061728395,3.0,3,8,1825,0.3305747509002685,4,0.2329752445220947,0,0,1032,1514,0.0289890766143798,0.9472937,0.18,0.28,0.9472936845578984,0.4241530895233154,0.4817479029757773,0.9456744903633438,0.7551560401916504,0.79524377801824,BendWorstOCT,2026-07-14 08:19:51,breast-cancer,,,9,9,0,38,2,9,0.7235950622454758,0.7854354055640329,0.085462638629198,3600.000419139862,585391.0,-2068942564,0.260495248,False,False,WorstAccel,False,3,0.0006,11,23813731[].aqua,3600,1,0,0,0.05,-1,-1,0,-1,inf,True,False,False,1,True,False,False,False,False,True,Lazy,True,2,Recursive,True,True,True,True,True,0.439824,3660,3583
50.4,48.61111111111112,2.857142857142857,3,7,1898,0.3673591613769531,17,0.5858259201049805,0,0,26820,39336,1.0262913703918457,0.8020048,64.93,72.05,0.8020048328278966,85.3772120475769,86.61039907896763,0.7959812036161846,255.69930601119995,254.88097311770275,BendWorstOCT,2026-07-14 08:19:51,balance-scale,,,4,4,0,20,3,9,0.4791111111111099,0.6274995529643945,0.3097161355935912,3600.002594947815,1265.0,-782783523,0.380773016,False,False,WorstAccel,False,3,0.001,39,23813731[].aqua,3600,1,0,0,0.05,-1,-1,0,-1,inf,True,False,False,1,True,False,False,False,False,True,Lazy,True,2,Recursive,True,True,True,True,True,0.507296,3660,3575
57.92,55.90277777777778,3.636363636363636,4,11,1806,0.2414932250976562,12,1.860908031463623,0,0,55428,82248,1.2312283515930176,0.9153413,252.04,393.18,0.9153413019478848,370.922119140625,595.5485643329619,0.9143513343523963,611.5351531505585,991.655246525428,BendWorstOCT,2026-07-14 08:19:51,balance-scale,,,4,4,0,20,3,9,0.5568277777777764,0.913878152346958,0.6412222752142881,3600.0088851451874,139.0,1820968596,0.493439896,False,False,WorstAccel,False,4,0.0002,58,23813731[].aqua,3600,1,0,0,0.05,-1,-1,0,-1,inf,True,False,False,1,True,False,False,False,False,True,Lazy,True,2,Recursive,True,True,True,True,True,0.599908,3658,3580
50.4,48.61111111111112,2.857142857142857,3,7,2331,0.8012199401855469,10,0.9518139362335204,0,0,26820,39336,1.060776710510254,0.8034519,63.72,73.3,0.8034518713037879,89.88963508605957,93.08952666053789,0.7986827614868506,165.74212193489075,184.12028636380185,BendWorstOCT,2026-07-14 08:19:51,balance-scale,,,4,4,0,20,3,9,0.4805111111111099,0.5738705377763111,0.1942919206370099,3600.0025510787964,2865.0,-1835733678,0.39256272,False,False,WorstAccel,False,3,0.0008,40,23813731[].aqua,3600,1,0,0,0.05,-1,-1,0,-1,inf,True,False,False,1,True,False,False,False,False,True,Lazy,True,2,Recursive,True,True,True,True,True,0.50532,3660,3575
72.92418772563177,72.8395061728395,3.0,3,8,1892,0.3431897163391113,4,0.2359843254089355,0,0,1032,1514,0.028712511062622,0.9456937,0.14,0.22,0.9456936845578986,0.4179501533508301,0.4584651081122805,0.9435201005544592,0.9255321025848388,0.9779422356741038,BendWorstOCT,2026-07-14 08:19:51,breast-cancer,,,9,9,0,38,2,9,0.7219950742128919,0.7738409056395379,0.0718091206967963,3600.000452041626,666894.0,-414115805,0.274274184,False,False,WorstAccel,False,3,0.0008,10,23813731[].aqua,3600,1,0,0,0.05,-1,-1,0,-1,inf,True,False,False,1,True,False,False,False,False,True,Lazy,True,2,Recursive,True,True,True,True,True,0.450852,3660,3581
63.04,59.18367346938776,3.5,4,10,1527,0.2127561569213867,16,2.385205268859864,0,0,55428,82248,1.327601671218872,0.8606513,313.7,388.3,0.8606512847403898,407.185004234314,519.1530356617013,0.8556091421576314,1025.2022352218628,1558.5271130247272,BendWorstOCT,2026-07-14 08:19:51,balance-scale,,,4,4,0,20,3,9,0.5318367346938778,0.8556091421576314,0.6087815796517236,3600.0320320129395,20.0,262678677,0.477521184,False,False,WorstAccel,False,4,0.006,51,23813731[].aqua,3600,1,0,0,0.05,-1,-1,0,-1,inf,True,False,False,1,True,False,False,False,False,True,Lazy,True,2,Recursive,True,True,True,True,True,0.570788,3659,3582
50.4,48.61111111111112,2.857142857142857,3,7,2134,0.5957357883453369,9,0.6986052989959717,0,0,26820,39336,1.036759853363037,0.8050362,65.8,74.49,0.8050361959807248,95.78671407699584,92.3448968183726,0.7981548392603924,230.4629759788513,232.69652832926857,BendWorstOCT,2026-07-14 08:19:51,balance-scale,,,4,4,0,20,3,9,0.4819111111111099,0.6288361323676905,0.3048799205268904,3600.002497911453,1623.0,1017417932,0.416650136,False,False,WorstAccel,False,3,0.0006,41,23813731[].aqua,3600,1,0,0,0.05,-1,-1,0,-1,inf,True,False,False,1,True,False,False,False,False,True,Lazy,True,2,Recursive,True,True,True,True,True,0.521352,3660,3574
78.33935018050542,77.77777777777777,3.769230769230769,4,13,3398,0.7734992504119873,14,1.4121689796447754,0,0,2120,3146,0.0496816635131835,0.9523394,0.4,0.62,0.9523393501805034,1.6378228664398191,1.1109379502950572,0.952173718710524,2.748723030090332,2.4647138001837945,BendWorstOCT,2026-07-14 08:19:51,breast-cancer,,,9,9,0,38,2,9,0.7517778029946728,0.9163578615970182,0.2189211465764859,3600.001023054123,233255.0,1679884488,0.460839032,False,False,WorstAccel,False,4,0.002,23,23813731[].aqua,3600,1,0,0,0.05,-1,-1,0,-1,inf,True,False,False,1,True,False,False,False,False,True,Lazy,True,2,Recursive,True,True,True,True,True,0.6218,3659,3581
59.36,57.98611111111112,4.0,4,16,1420,0.2293500900268554,12,2.110342025756836,0,0,55428,82248,1.32853364944458,0.8973841,325.78,419.1,0.8973840624340098,429.8957920074463,560.3241535537398,0.8961553254358351,816.8919410705566,1171.8557642168612,BendWorstOCT,2026-07-14 08:19:51,balance-scale,,,4,4,0,20,3,9,0.5478611111111096,0.8958165538855752,0.635116155751194,3600.0071959495544,21.0,-1640705803,0.546057776,False,False,WorstAccel,False,4,0.002,53,23813731[].aqua,3600,1,0,0,0.05,-1,-1,0,-1,inf,True,False,False,1,True,False,False,False,False,True,Lazy,True,2,Recursive,True,True,True,True,True,0.610116,3659,3582
79.06137184115524,79.01234567901234,3.857142857142857,4,14,3509,0.9076030254364014,15,1.6249594688415527,0,0,2120,3146,0.0497004985809326,0.9271163,0.38,0.59,0.9271163082718544,1.731410026550293,1.02975337589645,0.9263113984728336,2.9422428607940674,2.4192574874804835,BendWorstOCT,2026-07-14 08:19:51,breast-cancer,,,9,9,0,38,2,9,0.7341234567901247,0.8962301678037972,0.2208166889564685,3600.0006029605865,157947.0,-610893691,0.354245408,False,False,WorstAccel,False,4,0.004,22,23813731[].aqua,3600,1,0,0,0.05,-1,-1,0,-1,inf,True,False,False,1,True,False,False,False,False,True,Lazy,True,2,Recursive,True,True,True,True,True,0.510628,3659,3581
55.04,54.16666666666666,2.8,4,5,2484,0.278301477432251,14,0.4797375202178955,0,0,55428,82248,1.329010009765625,0.4475472,76.98,124.7,0.4475472191360027,110.0608410835266,141.42568224733444,0.3866968414178547,521.8863689899445,702.2706890726669,BendWorstOCT,2026-07-14 08:19:51,balance-scale,,,4,4,0,20,3,9,0.1416666666666652,0.3559777062761691,1.512783809008277,3600.0244879722595,735.0,-841533010,0.858291488,False,False,WorstAccel,False,4,0.08,45,23813731[].aqua,3600,1,0,0,0.05,-1,-1,0,-1,inf,True,False,False,1,True,False,False,False,False,True,Lazy,True,2,Recursive,True,True,True,True,True,0.869552,3661,3587
63.68,59.18367346938776,3.5,4,10,1397,0.2281789779663086,13,1.8216872215271,0,0,55428,82248,1.2554609775543213,0.8246513,307.94,400.59,0.824651284740454,364.2011299133301,464.1415321922341,0.8199660199129087,668.1497099399567,916.4634706180112,BendWorstOCT,2026-07-14 08:19:51,balance-scale,,,4,4,0,20,3,9,0.4918367346938778,0.8199660199129087,0.6671508288685687,3600.005376815796,40.0,5854328,0.551127184,False,False,WorstAccel,False,4,0.01,49,23813731[].aqua,3600,1,0,0,0.05,-1,-1,0,-1,inf,True,False,False,1,True,False,False,False,False,True,Lazy,True,2,Recursive,True,True,True,True,True,0.60414,3659,3582
77.9783393501805,77.77777777777777,3.6666666666666665,4,12,3395,0.8255329132080078,17,1.3797938823699951,0,0,2120,3146,0.0489513874053955,0.9653394,0.42,0.65,0.9653393501805034,1.5936949253082275,1.146664912965079,0.965193914936342,2.6191048622131348,2.407791420434936,BendWorstOCT,2026-07-14 08:19:51,breast-cancer,,,9,9,0,38,2,9,0.7657777806030319,0.9286051805805288,0.2126300920474266,3600.0009858608246,265901.0,-159403496,0.509761216,False,False,WorstAccel,False,4,0.001,24,23813731[].aqua,3600,1,0,0,0.05,-1,-1,0,-1,inf,True,False,False,1,True,False,False,False,False,True,Lazy,True,2,Recursive,True,True,True,True,True,0.68454,3660,3581
63.04,59.18367346938776,3.5,4,10,1436,0.2018318176269531,6,0.6940557956695557,0,0,55428,82248,1.2278892993927002,0.9072699,362.05,447.32,0.9072699049845008,492.3071808815002,629.2408198503585,0.9043214311587836,1102.3719539642334,1617.338263245039,BendWorstOCT,2026-07-14 08:19:51,balance-scale,,,4,4,0,20,3,9,0.5818367346938779,0.9039119104015269,0.5535490568107608,3600.005049943924,49.0,1109200523,0.546225096,False,False,WorstAccel,False,4,0.001,54,23813731[].aqua,3600,1,0,0,0.05,-1,-1,0,-1,inf,True,False,False,1,True,False,False,False,False,True,Lazy,True,2,Recursive,True,True,True,True,True,0.570548,3659,3581
78.70036101083032,78.57142857142857,4.0,4,16,3376,0.8409438133239746,14,1.5004558563232422,0,0,2120,3146,0.0499060153961181,0.9679394,0.38,0.61,0.9679393501805033,1.6315100193023682,1.0306452379327076,0.9676296856413142,2.7075109481811523,2.396744621437605,BendWorstOCT,2026-07-14 08:19:51,breast-cancer,,,9,9,0,38,2,9,0.7729147959183653,0.9376765159718204,0.2131693181752171,3600.000727891922,223134.0,-156354241,0.4576814,False,False,WorstAccel,False,4,0.0008,25,23813731[].aqua,3600,1,0,0,0.05,-1,-1,0,-1,inf,True,False,False,1,True,False,False,False,False,True,Lazy,True,2,Recursive,True,True,True,True,True,0.615388,3660,3581
63.68,59.18367346938776,3.5,4,10,1063,0.1605987548828125,7,1.2559099197387695,0,0,55428,82248,1.213167667388916,0.8786513,345.92,439.53,0.8786512847404335,391.429181098938,502.1869379921458,0.8765026626139727,745.9646990299225,1055.078497769278,BendWorstOCT,2026-07-14 08:19:51,balance-scale,,,4,4,0,20,3,9,0.5518367346938778,0.8765026626139727,0.5883369255948462,3600.0090849399567,25.0,779553625,0.54185104,False,False,WorstAccel,False,4,0.004,52,23813731[].aqua,3600,1,0,0,0.05,-1,-1,0,-1,inf,True,False,False,1,True,False,False,False,False,True,Lazy,True,2,Recursive,True,True,True,True,True,0.59398,3659,3581
72.56317689530685,72.44897959183673,3.1666666666666665,4,6,4755,0.8628804683685303,11,1.1611533164978027,0,0,2120,3146,0.0490143299102783,0.8751305,0.31,0.54,0.8751304631441599,0.6550958156585693,0.8301269706687883,0.8714497787600084,2.964608907699585,2.81291229019567,BendWorstOCT,2026-07-14 08:19:51,breast-cancer,,,9,9,0,38,2,9,0.6644903061224477,0.8189921778097828,0.2325118519620127,3600.00066781044,165998.0,176989638,0.405675504,False,False,WorstAccel,False,4,0.01,19,23813731[].aqua,3600,1,0,0,0.05,-1,-1,0,-1,inf,True,False,False,1,True,False,False,False,False,True,Lazy,True,2,Recursive,True,True,True,True,True,0.559128,3660,3581
55.04,54.16666666666666,2.8,4,5,2648,0.2488558292388916,18,1.1445581912994385,0,0,55428,82248,1.2596049308776855,0.4748242,146.28,241.94,0.4748241645994439,175.8243908882141,258.49888035468064,0.4512991834571471,664.5243120193481,947.8040577460472,BendWorstOCT,2026-07-14 08:19:51,balance-scale,,,4,4,0,20,3,9,0.2416666666666653,0.4255657773689071,0.7609618373885912,3600.015660047531,766.0,1644605704,0.755238328,False,False,WorstAccel,False,4,0.06,46,23813731[].aqua,3600,1,0,0,0.05,-1,-1,0,-1,inf,True,False,False,1,True,False,False,False,False,True,Lazy,True,2,Recursive,True,True,True,True,True,0.87534,3660,3582
79.42238267148015,79.01234567901234,4.0,4,16,3249,0.7413930892944336,12,1.3619756698608398,0,0,2120,3146,0.0492112636566162,0.9770394,0.43,0.69,0.9770393501805034,1.6295349597930908,1.1024347856036891,0.9770165981405547,2.803165912628174,2.362799309310176,BendWorstOCT,2026-07-14 08:19:51,breast-cancer,,,9,9,0,38,2,9,0.7885234629629642,0.9531150017820744,0.208733850734941,3600.000761985779,219580.0,2131356455,0.44883452,False,False,WorstAccel,False,4,0.0001,29,23813731[].aqua,3600,1,0,0,0.05,-1,-1,0,-1,inf,True,False,False,1,True,False,False,False,False,True,Lazy,True,2,Recursive,True,True,True,True,True,0.610568,3660,3582
62.4,59.18367346938776,3.636363636363636,4,11,1488,0.2228963375091552,11,8.233437538146973,0,0,55428,82248,1.170088768005371,0.9113056,270.42,373.49,0.9113056034661928,400.90132308006287,546.7484627441002,0.9108141009855324,677.7538459300995,986.6526321886184,BendWorstOCT,2026-07-14 08:19:51,balance-scale,,,4,4,0,20,3,9,0.5852367346938777,0.9105206674658876,0.5558159860593124,3600.0126600265503,26.0,-1219173672,0.547449824,False,False,WorstAccel,False,4,0.0006,56,23813731[].aqua,3600,1,0,0,0.05,-1,-1,0,-1,inf,True,False,False,1,True,False,False,False,False,True,Lazy,True,2,Recursive,True,True,True,True,True,0.6166,3660,3580
78.33935018050542,78.06122448979592,4.0,4,16,3219,0.9222991466522216,20,1.6185359954833984,0,0,2120,3146,0.0500118732452392,0.9757394,0.4,0.63,0.9757393501805028,1.6266989707946775,1.0600561899267882,0.975687873387254,2.447425842285156,2.1150810885943625,BendWorstOCT,2026-07-14 08:19:51,breast-cancer,,,9,9,0,38,2,9,0.7774127551020389,0.9490634440387158,0.2207973664056322,3600.000592947006,221819.0,1338053476,0.435732424,False,False,WorstAccel,False,4,0.0002,28,23813731[].aqua,3600,1,0,0,0.05,-1,-1,0,-1,inf,True,False,False,1,True,False,False,False,False,True,Lazy,True,2,Recursive,True,True,True,True,True,0.583984,3660,3582
63.04,59.18367346938776,3.5,4,10,1481,0.2133700847625732,15,2.680652618408203,0,0,55428,82248,1.2539939880371094,0.9133235,255.82,398.83,0.9133234527070384,393.3885819911957,626.8724397579439,0.9127871646799004,818.5774879455566,1317.981623384056,BendWorstOCT,2026-07-14 08:19:51,balance-scale,,,4,4,0,20,3,9,0.587836734693878,0.9123121524520346,0.5519822062959888,3600.003229141236,160.0,1534690502,0.53291584,False,False,WorstAccel,False,4,0.0004,57,23813731[].aqua,3600,1,0,0,0.05,-1,-1,0,-1,inf,True,False,False,1,True,False,False,False,False,True,Lazy,True,2,Recursive,True,True,True,True,True,0.603372,3660,3576
72.92418772563177,72.8395061728395,3.0,3,8,2011,0.3472802639007568,4,0.2310359477996826,0,0,1032,1514,0.0290935039520263,0.9200937,0.14,0.21,0.9200936845578984,0.4239940643310547,0.465441526444744,0.918429403630769,0.694310188293457,0.7322233656546259,BendWorstOCT,2026-07-14 08:19:51,breast-cancer,,,9,9,0,38,2,9,0.6963950640185386,0.7418486615259213,0.065269844454516,3600.000508069992,717015.0,2053470962,0.300632768,False,False,WorstAccel,False,3,0.004,7,23813731[].aqua,3600,1,0,0,0.05,-1,-1,0,-1,inf,True,False,False,1,True,False,False,False,False,True,Lazy,True,2,Recursive,True,True,True,True,True,0.48792,3661,3582
55.04,54.16666666666666,2.8,4,5,1752,0.3025321960449219,16,3.739150285720825,0,0,55428,82248,1.4328110218048096,0.7346513,401.98,401.72,0.7346512847401897,563.2843489646912,590.4423512387841,0.7288865415116175,1289.5979528427124,1413.140093355487,BendWorstOCT,2026-07-14 08:19:51,balance-scale,,,4,4,0,20,3,9,0.4416666666666652,0.7230067866534342,0.6369964980832524,3600.004235982895,265.0,-1562881539,0.53470132,False,False,WorstAccel,False,4,0.02,48,23813731[].aqua,3600,1,0,0,0.05,-1,-1,0,-1,inf,True,False,False,1,True,False,False,False,False,True,Lazy,True,2,Recursive,True,True,True,True,True,0.607568,3660,3582
79.06137184115524,79.01234567901234,4.0,4,16,3154,0.8803517818450928,11,1.4463560581207275,0,0,2120,3146,0.0493924617767334,0.9731394,0.43,0.66,0.9731393501805028,1.708475112915039,1.264308918890821,0.9731100572512104,2.485270977020264,2.225975905123402,BendWorstOCT,2026-07-14 08:19:51,breast-cancer,,,9,9,0,38,2,9,0.7837234600008324,0.9442907333796008,0.2048774619795072,3600.00106716156,269215.0,207849337,0.516591736,False,False,WorstAccel,False,4,0.0004,27,23813731[].aqua,3600,1,0,0,0.05,-1,-1,0,-1,inf,True,False,False,1,True,False,False,False,False,True,Lazy,True,2,Recursive,True,True,True,True,True,0.684544,3660,3583
58.56,57.98611111111112,3.636363636363636,4,11,1629,0.273047924041748,14,2.778170347213745,0,0,55428,82248,1.3339006900787354,0.9092878,298.68,390.18,0.9092877542253462,419.8231191635132,568.6049900149299,0.908637036304361,715.885055065155,1003.0221471659308,BendWorstOCT,2026-07-14 08:19:51,balance-scale,,,4,4,0,20,3,9,0.5710611111111096,0.9084751930778974,0.5908545957722171,3600.00621008873,38.0,-1711268255,0.551099224,False,False,WorstAccel,False,4,0.0008,55,23813731[].aqua,3600,1,0,0,0.05,-1,-1,0,-1,inf,True,False,False,1,True,False,False,False,False,True,Lazy,True,2,Recursive,True,True,True,True,True,0.599492,3660,3581
76.53429602888086,76.53061224489795,3.5454545454545454,4,11,4169,0.9857308864593506,15,1.6905786991119385,0,0,2120,3146,0.0492355823516845,0.9060491,0.35,0.55,0.9060491247586244,1.7165770530700684,0.8988258898787572,0.904964303658648,3.6938729286193848,3.098128308928597,BendWorstOCT,2026-07-14 08:19:51,breast-cancer,,,9,9,0,38,2,9,0.6993061224489774,0.867202238619009,0.2400895842039215,3600.0007359981537,196232.0,59209222,0.436646304,False,False,WorstAccel,False,4,0.006,21,23813731[].aqua,3600,1,0,0,0.05,-1,-1,0,-1,inf,True,False,False,1,True,False,False,False,False,True,Lazy,True,2,Recursive,True,True,True,True,True,0.594004,3660,3581
55.04,54.16666666666666,2.8,4,5,1699,0.2948176860809326,13,1.6679179668426514,0,0,55428,82248,1.4720542430877686,0.5546513,563.08,551.75,0.554651284740321,665.8621850013733,652.7700340196726,0.5509530308501669,1245.4530129432678,1305.8565381515832,BendWorstOCT,2026-07-14 08:19:51,balance-scale,,,4,4,0,20,3,9,0.3416666666666652,0.5507249278450758,0.6118778375953504,3600.0037767887115,370.0,-27375159,0.528864824,False,False,WorstAccel,False,4,0.04,47,23813731[].aqua,3600,1,0,0,0.05,-1,-1,0,-1,inf,True,False,False,1,True,False,False,False,False,True,Lazy,True,2,Recursive,True,True,True,True,True,0.57664,3660,3582
50.4,48.61111111111112,2.857142857142857,3,7,2093,0.360072374343872,12,0.6076672077178955,0,0,26820,39336,1.0351600646972656,0.7950581,56.18,64.88,0.7950581445745664,86.27466201782227,85.99267805590156,0.7895489318994269,170.7489550113678,184.30042994085795,BendWorstOCT,2026-07-14 08:19:51,balance-scale,,,4,4,0,20,3,9,0.4721111111111098,0.5887725581391026,0.2471059127446309,3600.002771139145,1933.0,-1335467436,0.423682984,False,False,WorstAccel,False,3,0.002,38,23813731[].aqua,3600,1,0,0,0.05,-1,-1,0,-1,inf,True,False,False,1,True,False,False,False,False,True,Lazy,True,2,Recursive,True,True,True,True,True,0.496336,3661,3575
78.70036101083032,78.57142857142857,4.0,4,16,3453,0.9012479782104492,12,1.498100519180298,0,0,2120,3146,0.0501401424407959,0.9705394,0.43,0.66,0.9705393501805036,1.6319639682769775,1.1142355538268829,0.9704336633267368,2.7553951740264893,2.508282175043328,BendWorstOCT,2026-07-14 08:19:51,breast-cancer,,,9,9,0,38,2,9,0.776114286069513,0.9358378657270824,0.2057990459967692,3600.000941991806,270436.0,1397304413,0.53042908,False,False,WorstAccel,False,4,0.0006,26,23813731[].aqua,3600,1,0,0,0.05,-1,-1,0,-1,inf,True,False,False,1,True,False,False,False,False,True,Lazy,True,2,Recursive,True,True,True,True,True,0.702104,3660,3583
81.27340823970037,81.13207547169812,3.0,4,6,2285,0.5457422733306885,17,0.3902232646942138,0,0,2450,3637,0.0540211200714111,0.8618543,0.27,0.45,0.8618543018282978,0.6147599220275879,0.6528678766516397,0.8387909122346441,1.8555169105529783,1.9860668573797,BendWorstOCT,2026-07-14 08:20:20,spect,,,22,22,0,22,2,9,0.7633207551308905,0.7790543177937626,0.0206119937878201,3600.0008959770203,610284.0,-1230887008,0.517326672,False,False,WorstAccel,False,4,0.008,80,23813731[].aqua,3600,1,0,0,0.05,-1,-1,0,-1,inf,True,False,False,1,True,False,False,False,False,True,Lazy,True,2,Recursive,True,True,True,True,True,0.68052,3605,3575
83.89513108614233,83.63636363636364,3.5,4,10,2343,0.5471656322479248,18,0.2910916805267334,0,0,2450,3637,0.054305076599121,0.8731609,0.32,0.53,0.8731609006086632,0.6796808242797852,0.8042377368909334,0.8516162997746686,1.822314977645874,2.117096299270594,BendWorstOCT,2026-07-14 08:20:20,spect,,,22,22,0,22,2,9,0.7763636463549786,0.8021641405136885,0.0332324861936065,3600.0008687973022,525213.0,700550215,0.607347608,False,False,WorstAccel,False,4,0.006,81,23813731[].aqua,3600,1,0,0,0.05,-1,-1,0,-1,inf,True,False,False,1,True,False,False,False,False,True,Lazy,True,2,Recursive,True,True,True,True,True,0.798288,3605,3572
83.89513108614233,83.63636363636364,3.5,4,10,2341,0.5375268459320068,15,0.3326175212860107,0,0,2450,3637,0.0526974201202392,0.8879272,0.31,0.5,0.8879271594356362,0.6384661197662354,0.7757805602830274,0.8668173545597511,2.2031121253967285,2.478378795526816,BendWorstOCT,2026-07-14 08:20:20,spect,,,22,22,0,22,2,9,0.7963636363636365,0.8244156808165192,0.0352251699750809,3600.001173019409,646741.0,-698393094,0.874253096,False,False,WorstAccel,False,4,0.004,82,23813731[].aqua,3600,1,0,0,0.05,-1,-1,0,-1,inf,True,False,False,1,True,False,False,False,False,True,Lazy,True,2,Recursive,True,True,True,True,True,1.04006,3605,3573
47.80092592592592,43.47826086956522,2.25,3,4,9665,0.7492492198944092,8,0.5898394584655762,0,0,34329,50093,0.8615462779998779,0.4173573,9.42,19.47,0.4173572510490754,21.555812120437626,41.26265588508844,0.3723805524811918,140.02972102165222,163.98406356640766,BendWorstOCT,2026-07-14 08:20:21,car_evaluation,,,6,6,0,19,4,9,0.1147826086956523,0.2501732073047767,1.1795393060643402,3600.007873058319,4179.0,-774801911,0.654198472,False,False,WorstAccel,False,3,0.08,90,23813731[].aqua,3600,1,0,0,0.05,-1,-1,0,-1,inf,True,False,False,1,True,False,False,False,False,True,Lazy,True,2,Recursive,True,True,True,True,True,0.65522,3606,3580
47.80092592592592,43.47826086956522,2.25,3,4,8502,0.6354074478149414,5,0.5271673202514648,0,0,34329,50093,0.9002361297607422,0.4744329,6.87,12.84,0.4744329120040993,21.076483964920044,20.37063274889754,0.4415901305274983,99.7717399597168,144.69388864369375,BendWorstOCT,2026-07-14 08:20:21,car_evaluation,,,6,6,0,19,4,9,0.1947826086956523,0.3560964158415166,0.8281735634720702,3600.0029180049896,3451.0,-1596404208,0.69637872,False,False,WorstAccel,False,3,0.06,91,23813731[].aqua,3600,1,0,0,0.05,-1,-1,0,-1,inf,True,False,False,1,True,False,False,False,False,True,Lazy,True,2,Recursive,True,True,True,True,True,0.614216,3606,3578
52.1412037037037,50.78125,2.857142857142857,3,7,8376,0.9937942028045654,7,0.9244720935821532,0,0,34329,50093,0.9689176082611084,0.7085397,5.82,12.81,0.7085396894685297,12.483675003051758,17.096617886757734,0.7084573223331664,186.8279440402985,365.335777680223,BendWorstOCT,2026-07-14 08:20:21,car_evaluation,,,6,6,0,19,4,9,0.5071125000000013,0.7083903025753286,0.3969095665662487,3600.0040249824524,1028.0,1411761575,0.681579336,False,False,WorstAccel,False,3,0.0001,104,23813731[].aqua,3600,1,0,0,0.05,-1,-1,0,-1,inf,True,False,False,1,True,False,False,False,False,True,Lazy,True,2,Recursive,True,True,True,True,True,0.601504,3607,3579
72.2800925925926,53.6231884057971,3.1666666666666665,4,6,3051,0.4490888118743896,9,0.3179941177368164,0,0,69961,103541,1.7439393997192385,0.7081329,40.53,83.19,0.7081329277376845,70.56380319595337,105.82518328430918,0.7080055248372832,1099.457712173462,1968.3240078201943,BendWorstOCT,2026-07-14 08:20:22,car_evaluation,,,6,6,0,19,4,9,0.535031884057971,0.7079810180995665,0.323250144888293,3600.0049970149994,242.0,857058950,0.577153592,False,False,WorstAccel,False,4,0.0002,118,23813731[].aqua,3600,1,0,0,0.05,-1,-1,0,-1,inf,True,False,False,1,True,False,False,False,False,True,Lazy,True,2,Recursive,True,True,True,True,True,0.733644,3608,3581
59.08564814814815,56.25,3.5,4,8,3370,0.5618288516998291,13,0.5533328056335449,0,0,69961,103541,1.7593743801116943,0.7056666,62.66,108.46,0.7056666315856608,138.8578839302063,146.92467173121247,0.7052189034850144,1207.6954979896543,1991.8483740323247,BendWorstOCT,2026-07-14 08:20:22,car_evaluation,,,6,6,0,19,4,9,0.5561000000000005,0.7051381900382049,0.2680060960945949,3600.0064358711243,170.0,900833028,0.6647686,False,False,WorstAccel,False,4,0.0008,115,23813731[].aqua,3600,1,0,0,0.05,-1,-1,0,-1,inf,True,False,False,1,True,False,False,False,False,True,Lazy,True,2,Recursive,True,True,True,True,True,0.69188,3608,3580
63.94675925925926,60.0,3.5,4,8,6464,0.7911992073059082,10,3.7868340015411377,0,0,69961,103541,1.7614164352416992,0.6678478,107.94,171.39,0.6678478201939014,215.18157505989075,231.82225297083085,0.6620072078499422,1084.64905500412,1572.599851759954,BendWorstOCT,2026-07-14 08:20:22,car_evaluation,,,6,6,0,19,4,9,0.5199999999999999,0.6604639846449608,0.2701230473941556,3600.0084400177,634.0,99362397,1.163846512,False,False,WorstAccel,False,4,0.01,109,23813731[].aqua,3600,1,0,0,0.05,-1,-1,0,-1,inf,True,False,False,1,True,False,False,False,False,True,Lazy,True,2,Recursive,True,True,True,True,True,0.983728,3608,3581
59.895833333333336,59.50413223140496,3.6666666666666665,4,9,3149,0.567115306854248,10,2.5692708492279053,0,0,69961,103541,1.766852617263794,0.6925123,105.05,161.95,0.6925122624059183,205.69640183448792,255.10265416792612,0.6902498908742961,1318.7894978523254,2091.581791068141,BendWorstOCT,2026-07-14 08:20:22,car_evaluation,,,6,6,0,19,4,9,0.5590413223140399,0.6895381005556103,0.2334295749398363,3600.005728960037,625.0,1640134719,0.996283384,False,False,WorstAccel,False,4,0.004,112,23813731[].aqua,3600,1,0,0,0.05,-1,-1,0,-1,inf,True,False,False,1,True,False,False,False,False,True,Lazy,True,2,Recursive,True,True,True,True,True,0.973824,3608,3580
58.68055555555556,58.099173553719005,3.333333333333333,4,9,4116,0.5310544967651367,14,0.3712470531463623,0,0,69961,103541,1.7685787677764893,0.7073109,50.53,90.28,0.7073109277331286,91.66283297538756,126.03279441322668,0.7070824908531574,1177.8966541290283,2141.4068919291,BendWorstOCT,2026-07-14 08:20:22,car_evaluation,,,6,6,0,19,4,9,0.5773917355371808,0.7070454931030984,0.2245507678513846,3600.005021095276,69.0,1473142623,0.668733208,False,False,WorstAccel,False,4,0.0004,117,23813731[].aqua,3600,1,0,0,0.05,-1,-1,0,-1,inf,True,False,False,1,True,False,False,False,False,True,Lazy,True,2,Recursive,True,True,True,True,True,0.740104,3608,3580
66.72453703703704,53.6231884057971,3.0,4,6,6250,0.6781818866729736,10,1.979809522628784,0,0,69961,103541,1.7767150402069092,0.546659,85.92,140.95,0.5466590052877948,174.07625102996826,195.29260912305804,0.5259803393703311,569.3955731391907,764.4137120233494,BendWorstOCT,2026-07-14 08:20:22,car_evaluation,,,6,6,0,19,4,9,0.2962318840579711,0.517767923505386,0.7478467085064398,3600.006890058517,638.0,-1076703647,1.188213896,False,False,WorstAccel,False,4,0.04,107,23813731[].aqua,3600,1,0,0,0.05,-1,-1,0,-1,inf,True,False,False,1,True,False,False,False,False,True,Lazy,True,2,Recursive,True,True,True,True,True,1.004208,3608,3579
58.3912037037037,53.6231884057971,3.142857142857143,4,7,5243,0.5481226444244385,9,0.1976962089538574,0,0,69961,103541,1.7765684127807615,0.7064888,55.96,97.68,0.7064887796593946,146.9635751247406,140.6846031506695,0.7061598064769878,1250.16676902771,1952.5246093184217,BendWorstOCT,2026-07-14 08:20:22,car_evaluation,,,6,6,0,19,4,9,0.5320318840579711,0.7061165157706532,0.3272071410173483,3600.0072910785675,235.0,1531419926,0.606639056,False,False,WorstAccel,False,4,0.0006,116,23813731[].aqua,3600,1,0,0,0.05,-1,-1,0,-1,inf,True,False,False,1,True,False,False,False,False,True,Lazy,True,2,Recursive,True,True,True,True,True,0.670852,3608,3580
61.63194444444444,60.0,3.6,4,10,5417,0.7088456153869629,16,0.466752290725708,0,0,69961,103541,1.7456717491149902,0.7085436,34.41,77.74,0.7085436419009596,71.48107695579529,98.62759356413184,0.7084825575827839,880.3375999927521,1597.8934399988832,BendWorstOCT,2026-07-14 08:20:22,car_evaluation,,,6,6,0,19,4,9,0.5990000000000001,0.708460074691981,0.1827380211886159,3600.049164056778,566.0,-1854503332,0.665633408,False,False,WorstAccel,False,4,0.0001,119,23813731[].aqua,3600,1,0,0,0.05,-1,-1,0,-1,inf,True,False,False,1,True,False,False,False,False,True,Lazy,True,2,Recursive,True,True,True,True,True,0.733376,3608,3581
47.80092592592592,43.47826086956522,2.25,3,4,5298,0.6803829669952393,10,0.4504621028900146,0,0,69961,103541,1.7752187252044678,0.4744329,109.15,177.81,0.4744329120040995,191.8631250858307,220.49964236315915,0.4456586200540227,782.0847761631012,968.9181328806612,BendWorstOCT,2026-07-14 08:20:22,car_evaluation,,,6,6,0,19,4,9,0.1947826086956523,0.4348180862603346,1.2323249964258232,3600.023059129715,627.0,-839199952,1.118444096,False,False,WorstAccel,False,4,0.06,106,23813731[].aqua,3600,1,0,0,0.05,-1,-1,0,-1,inf,True,False,False,1,True,False,False,False,False,True,Lazy,True,2,Recursive,True,True,True,True,True,1.013392,3608,3579
63.94675925925926,60.0,3.5,4,8,5948,0.8438687324523926,14,5.741903305053711,0,0,69961,103541,1.7755608558654783,0.6760693,100.86,160.6,0.6760693009312405,134.89081811904907,194.43010506192164,0.671280997642661,1184.892812013626,1836.3587646440017,BendWorstOCT,2026-07-14 08:20:22,car_evaluation,,,6,6,0,19,4,9,0.5359999999999999,0.6697129087378851,0.2494643819736665,3600.0290491580963,586.0,919649679,1.018830632,False,False,WorstAccel,False,4,0.008,110,23813731[].aqua,3600,1,0,0,0.05,-1,-1,0,-1,inf,True,False,False,1,True,False,False,False,False,True,Lazy,True,2,Recursive,True,True,True,True,True,0.9846,3608,3581
63.94675925925926,60.0,3.5,4,8,3879,0.5757381916046143,2,6.844364643096924,0,0,69961,103541,1.7781918048858645,0.7048445,81.63,132.51,0.7048444835119267,184.97328686714167,332.4477247161168,0.7043123018114849,1246.763761997223,2159.539449797034,BendWorstOCT,2026-07-14 08:20:22,car_evaluation,,,6,6,0,19,4,9,0.592,0.7041277575003732,0.1894049957776574,3600.004963874817,377.0,1198316687,0.64867764,False,False,WorstAccel,False,4,0.001,114,23813731[].aqua,3600,1,0,0,0.05,-1,-1,0,-1,inf,True,False,False,1,True,False,False,False,False,True,Lazy,True,2,Recursive,True,True,True,True,True,0.736252,3608,3579
60.47453703703704,59.66942148760331,3.5,4,8,5282,1.1429967880249023,13,1.287963628768921,0,0,69961,103541,1.780351638793945,0.6842908,104.14,162.33,0.6842907816685795,204.93373608589167,213.42229475044016,0.6809712628569652,1095.6715359687803,1603.3176946205576,BendWorstOCT,2026-07-14 08:20:22,car_evaluation,,,6,6,0,19,4,9,0.5486942148760233,0.6797738745167407,0.2388938248061073,3600.14670586586,652.0,1258271712,1.065337264,False,False,WorstAccel,False,4,0.006,111,23813731[].aqua,3600,1,0,0,0.05,-1,-1,0,-1,inf,True,False,False,1,True,False,False,False,False,True,Lazy,True,2,Recursive,True,True,True,True,True,1.009296,3608,3579
83.89513108614233,83.63636363636364,3.5,4,10,2003,0.8033006191253662,11,0.4480295181274414,0,0,2450,3637,0.0630452632904052,0.926424,0.6,0.64,0.9264240381375284,1.17651104927063,0.9818532442230268,0.9084368073430448,3.0606720447540283,2.267380127597864,BendWorstOCT,2026-07-14 08:20:23,spect,,,22,22,0,22,2,9,0.8323636363636365,0.8746798834145277,0.0508386541677373,3600.00186419487,550319.0,-1930238884,0.754781664,False,False,WorstAccel,False,4,0.0004,87,23813731[].aqua,3600,1,0,0,0.05,-1,-1,0,-1,inf,True,False,False,1,True,False,False,False,False,True,Lazy,True,2,Recursive,True,True,True,True,True,0.952732,3611,3576
52.1412037037037,50.78125,2.857142857142857,3,7,9109,0.8832926750183105,11,0.9265053272247314,0,0,34329,50093,0.8833036422729492,0.7048445,7.82,14.69,0.7048444835119267,17.854999780654907,26.134008112134183,0.7040464219135391,206.798033952713,422.6572059677374,BendWorstOCT,2026-07-14 08:20:45,car_evaluation,,,6,6,0,19,4,9,0.5008125000000012,0.7029305073683499,0.4035801969167068,3600.002812862396,1711.0,1174080473,0.698316896,False,False,WorstAccel,False,3,0.001,99,23813731[].aqua,3600,1,0,0,0.05,-1,-1,0,-1,inf,True,False,False,1,True,False,False,False,False,True,Lazy,True,2,Recursive,True,True,True,True,True,0.716944,3631,3580
50.05787037037037,47.603305785123965,2.6,3,5,8042,1.014639139175415,8,0.6308798789978027,0,0,34329,50093,0.9413888454437256,0.7081316,6.59,14.2,0.7081316120495406,15.056656122207642,18.758057876729865,0.7079747022063457,194.488599061966,367.235859805944,BendWorstOCT,2026-07-14 08:20:45,car_evaluation,,,6,6,0,19,4,9,0.4750330578512336,0.707804066839675,0.4900101269611817,3600.003317117691,1295.0,1717827864,0.681974432,False,False,WorstAccel,False,3,0.0002,103,23813731[].aqua,3600,1,0,0,0.05,-1,-1,0,-1,inf,True,False,False,1,True,False,False,False,False,True,Lazy,True,2,Recursive,True,True,True,True,True,0.646572,3631,3582
52.1412037037037,50.78125,2.857142857142857,3,7,7687,1.1641314029693604,10,0.8958868980407715,0,0,34329,50093,0.9688560962677002,0.6678478,5.85,10.19,0.6678478201939015,10.452467918395996,14.776645433682136,0.6598017956528439,123.065181016922,201.7549890753432,BendWorstOCT,2026-07-14 08:20:45,car_evaluation,,,6,6,0,19,4,9,0.4378125000000012,0.6411852144187046,0.4645201185866159,3600.0029978752136,1844.0,1186810890,0.726377512,False,False,WorstAccel,False,3,0.01,94,23813731[].aqua,3600,1,0,0,0.05,-1,-1,0,-1,inf,True,False,False,1,True,False,False,False,False,True,Lazy,True,2,Recursive,True,True,True,True,True,0.679808,3631,3582
52.1412037037037,50.78125,2.857142857142857,3,7,7855,0.8419504165649414,10,0.9542968273162842,0,0,34329,50093,0.875307559967041,0.6925123,8.62,15.27,0.6925122624059185,17.212501049041748,23.33959599374306,0.689068958625725,185.8163731098175,328.0032075853935,BendWorstOCT,2026-07-14 08:20:45,car_evaluation,,,6,6,0,19,4,9,0.4798125001479825,0.6807693592387063,0.4188237259945191,3600.0036680698395,1867.0,-382231524,0.685415872,False,False,WorstAccel,False,3,0.004,97,23813731[].aqua,3600,1,0,0,0.05,-1,-1,0,-1,inf,True,False,False,1,True,False,False,False,False,True,Lazy,True,2,Recursive,True,True,True,True,True,0.591796,3631,3580
52.1412037037037,50.78125,2.857142857142857,3,7,8449,1.0816526412963867,11,1.2132909297943115,0,0,34329,50093,0.904151439666748,0.6760693,6.5,11.66,0.6760693009312404,14.289382934570312,18.178112725618966,0.669877672883431,170.9221549034119,311.45098828406043,BendWorstOCT,2026-07-14 08:20:45,car_evaluation,,,6,6,0,19,4,9,0.4518125007259077,0.6537579797944773,0.4469674450001104,3600.00447678566,1637.0,-641129454,0.678741336,False,False,WorstAccel,False,3,0.008,95,23813731[].aqua,3600,1,0,0,0.05,-1,-1,0,-1,inf,True,False,False,1,True,False,False,False,False,True,Lazy,True,2,Recursive,True,True,True,True,True,0.617156,3631,3579
52.1412037037037,50.78125,2.857142857142857,3,7,8745,0.8596317768096924,9,0.8200604915618896,0,0,34329,50093,0.8827686309814453,0.6842908,8.61,15.59,0.6842907816685794,21.20297694206237,35.639702709389475,0.6790067928367325,173.8056640625,309.5195225972971,BendWorstOCT,2026-07-14 08:20:45,car_evaluation,,,6,6,0,19,4,9,0.4658125000000012,0.6704133816071431,0.4392344164382481,3600.0026710033417,1774.0,-635894200,0.677970104,False,False,WorstAccel,False,3,0.006,96,23813731[].aqua,3600,1,0,0,0.05,-1,-1,0,-1,inf,True,False,False,1,True,False,False,False,False,True,Lazy,True,2,Recursive,True,True,True,True,True,0.62098,3631,3580
52.1412037037037,50.78125,2.857142857142857,3,7,6086,0.6633598804473877,6,0.9165587425231934,0,0,34329,50093,0.844226598739624,0.7073109,8.12,16.53,0.7073109277331286,31.925710916519165,42.8947716655946,0.7069762733524461,234.74795985221863,415.2625274815249,BendWorstOCT,2026-07-14 08:20:45,car_evaluation,,,6,6,0,19,4,9,0.5050125000000012,0.7065498520563886,0.3990739873891972,3600.003504991532,1510.0,543855951,0.67702336,False,False,WorstAccel,False,3,0.0004,102,23813731[].aqua,3600,1,0,0,0.05,-1,-1,0,-1,inf,True,False,False,1,True,False,False,False,False,True,Lazy,True,2,Recursive,True,True,True,True,True,0.648508,3631,3582
52.1412037037037,50.78125,2.857142857142857,3,7,6060,0.8597965240478516,10,0.8991191387176514,0,0,34329,50093,0.8855240345001221,0.7064888,6.97,13.58,0.7064887796593947,18.667257070541385,28.686261119829272,0.7060149372269422,216.4712741374969,405.7584234892284,BendWorstOCT,2026-07-14 08:20:45,car_evaluation,,,6,6,0,19,4,9,0.5036125000000012,0.7052597720575292,0.4004016422498001,3600.0024621486664,2098.0,675583071,0.619838848,False,False,WorstAccel,False,3,0.0006,101,23813731[].aqua,3600,1,0,0,0.05,-1,-1,0,-1,inf,True,False,False,1,True,False,False,False,False,True,Lazy,True,2,Recursive,True,True,True,True,True,0.612428,3631,3580
52.1412037037037,50.78125,2.857142857142857,3,7,7610,0.935816526412964,11,1.2481544017791748,0,0,34329,50093,0.8827018737792969,0.7056666,5.25,10.56,0.7056666315856609,14.355224132537842,22.56441144805154,0.705049962181669,165.16994714736938,348.16294363869844,BendWorstOCT,2026-07-14 08:20:45,car_evaluation,,,6,6,0,19,4,9,0.5022125007511081,0.7041466033714605,0.4020889609843245,3600.005870103836,1799.0,-1966133188,0.665563464,False,False,WorstAccel,False,3,0.0008,100,23813731[].aqua,3600,1,0,0,0.05,-1,-1,0,-1,inf,True,False,False,1,True,False,False,False,False,True,Lazy,True,2,Recursive,True,True,True,True,True,0.632884,3631,3580
50.05787037037037,47.603305785123965,2.6,3,5,8739,1.2507901191711426,12,0.8326365947723389,0,0,34329,50093,1.0994462966918943,0.6267404,7.92,12.89,0.6267404165072065,13.391077995300291,19.5245489737745,0.6091715842605518,125.36568713188171,189.389550863913,BendWorstOCT,2026-07-14 08:20:45,car_evaluation,,,6,6,0,19,4,9,0.3760330578512335,0.5730458208935446,0.5239240511674732,3600.0051300525665,2060.0,-919811800,0.667094376,False,False,WorstAccel,False,3,0.02,93,23813731[].aqua,3600,1,0,0,0.05,-1,-1,0,-1,inf,True,False,False,1,True,False,False,False,False,True,Lazy,True,2,Recursive,True,True,True,True,True,0.654784,3631,3582
50.05787037037037,47.603305785123965,2.6,3,5,6353,0.9959220886230468,6,0.6118743419647217,0,0,34329,50093,1.0950555801391602,0.546659,6.9,11.25,0.5466590052877951,19.964847803115845,16.980819633200095,0.5214199042492236,129.73487401008606,170.88170901526138,BendWorstOCT,2026-07-14 08:20:45,car_evaluation,,,6,6,0,19,4,9,0.276033057978837,0.4689552238805946,0.6989096426144314,3600.0296459198,2108.0,-743056464,0.66110172,False,False,WorstAccel,False,3,0.04,92,23813731[].aqua,3600,1,0,0,0.05,-1,-1,0,-1,inf,True,False,False,1,True,False,False,False,False,True,Lazy,True,2,Recursive,True,True,True,True,True,0.64208,3631,3583
52.1412037037037,50.78125,2.857142857142857,3,7,7079,0.7779600620269775,11,0.875624418258667,0,0,34329,50093,0.8836734294891357,0.7007337,7.5,13.85,0.7007337431432574,18.658509969711304,28.412493630307075,0.6991216226874003,175.76507592201233,338.0203417426363,BendWorstOCT,2026-07-14 08:20:45,car_evaluation,,,6,6,0,19,4,9,0.4938125001493825,0.6956915813731124,0.4088172761172707,3600.0038299560547,1495.0,810892992,0.703468272,False,False,WorstAccel,False,3,0.002,98,23813731[].aqua,3600,1,0,0,0.05,-1,-1,0,-1,inf,True,False,False,1,True,False,False,False,False,True,Lazy,True,2,Recursive,True,True,True,True,True,0.628132,3631,3580
78.8659793814433,78.37837837837837,3.0,3,8,1608,0.6298816204071045,8,0.7584939002990723,0,0,0,0,0.0062513351440429,0.9985157,0.0,0.0,0.9984842105263152,0.0798971652984619,0.0267721277417444,0.9984,0.1159641742706298,0.059551394751289,BendWorstOCT,2026-07-14 08:21:30,wpbc,Quantile Thresholds,5.0,32,0,32,127,2,9,0.7773838868837222,0.9956739281790468,0.280800830810088,3600.0018072128296,219629.0,1870617803,0.380534856,False,False,WorstAccel,False,3,0.0008,160,23813731[].aqua,3600,1,0,0,0.05,-1,-1,0,-1,inf,True,False,False,1,True,False,False,False,False,True,Lazy,True,2,Recursive,True,True,True,True,True,0.461032,3606,3574
87.11340206185567,86.95652173913044,3.8461538461538463,4,13,3011,1.4246833324432373,14,1.2738735675811768,0,0,0,0,0.0057954788208007,0.9887407,0.0,0.0,0.9886956521739128,0.1282579898834228,0.0386543223514353,0.984494007605512,0.4352409839630127,0.1857225789508974,BendWorstOCT,2026-07-14 08:21:30,wpbc,Quantile Thresholds,5.0,32,0,32,127,2,9,0.7915652173913039,0.9639999999999992,0.2178402724376575,3600.0010080337524,167582.0,-1611312691,0.748729896,False,False,WorstAccel,False,4,0.006,171,23813731[].aqua,3600,1,0,0,0.05,-1,-1,0,-1,inf,True,False,False,1,True,False,False,False,False,True,Lazy,True,2,Recursive,True,True,True,True,True,0.512736,3606,3573
77.31958762886597,77.02702702702703,2.857142857142857,3,7,3236,1.300590753555298,6,1.0056190490722656,0,0,0,0,0.0057635307312011,0.9624691,0.0,0.0,0.9623188405797108,0.1269149780273437,0.0382498690847974,0.949241831010743,0.3928470611572265,0.1733977338844355,BendWorstOCT,2026-07-14 08:21:30,wpbc,Quantile Thresholds,5.0,32,0,32,127,2,9,0.6302702702702712,0.8800000000000022,0.3962264150943412,3600.001867055893,172635.0,-1276892349,0.46771776,False,False,WorstAccel,False,4,0.02,168,23813731[].aqua,3600,1,0,0,0.05,-1,-1,0,-1,inf,True,False,False,1,True,False,False,False,False,True,Lazy,True,2,Recursive,True,True,True,True,True,0.552276,3605,3574
78.35051546391753,78.26086956521739,3.0,3,8,1769,0.6668014526367188,8,0.698103666305542,0,0,0,0,0.0054738521575927,0.9814458,0.0,0.0,0.9810526315789476,0.0815341472625732,0.0267316129685913,0.98,0.1211500167846679,0.0632570819193613,BendWorstOCT,2026-07-14 08:21:30,wpbc,Quantile Thresholds,5.0,32,0,32,127,2,9,0.7026086956521735,0.9394734123771676,0.3371218121704746,3600.000696182251,351224.0,1642735290,0.516218824,False,False,WorstAccel,False,3,0.01,154,23813731[].aqua,3600,1,0,0,0.05,-1,-1,0,-1,inf,True,False,False,1,True,False,False,False,False,True,Lazy,True,2,Recursive,True,True,True,True,True,0.62838,3606,3576
72.68041237113403,69.56521739130434,2.0,2,4,3418,1.244053840637207,5,0.825542688369751,0,0,0,0,0.005601167678833,0.9256598,0.0,0.01,0.925538832028899,0.1285710334777832,0.0405921620929765,0.8985901680236886,0.3821170330047607,0.1783940675442897,BendWorstOCT,2026-07-14 08:21:30,wpbc,Quantile Thresholds,5.0,32,0,32,127,2,9,0.5356521739130431,0.7776865294721302,0.4518498520989454,3600.0011570453644,157292.0,-1382281276,0.575982448,False,False,WorstAccel,False,4,0.04,167,23813731[].aqua,3600,1,0,0,0.05,-1,-1,0,-1,inf,True,False,False,1,True,False,False,False,False,True,Lazy,True,2,Recursive,True,True,True,True,True,0.515008,3606,3574
72.68041237113403,69.56521739130434,2.0,2,4,1885,0.5201764106750488,2,0.5982248783111572,0,0,0,0,0.0054612159729003,0.9263012,0.0,0.01,0.9261652613828,0.0833609104156494,0.0296569460441774,0.9249284380833858,0.1084430217742919,0.0521855063034608,BendWorstOCT,2026-07-14 08:21:30,wpbc,Quantile Thresholds,5.0,32,0,32,127,2,9,0.5356521739130431,0.7599999999999993,0.4188311688311686,3600.0012741088867,406238.0,172278672,0.545681936,False,False,WorstAccel,False,3,0.04,152,23813731[].aqua,3600,1,0,0,0.05,-1,-1,0,-1,inf,True,False,False,1,True,False,False,False,False,True,Lazy,True,2,Recursive,True,True,True,True,True,0.667336,3606,3576
78.35051546391753,78.26086956521739,2.857142857142857,3,7,1805,0.6011149883270264,6,0.6371462345123291,0,0,0,0,0.0056242942810058,0.9996516,0.0,0.0,0.9995999999999994,0.066127061843872,0.0233594695510769,0.9995999999999994,0.0839729309082031,0.038678962853297,BendWorstOCT,2026-07-14 08:21:30,wpbc,Quantile Thresholds,5.0,32,0,32,127,2,9,0.7812088615085638,0.9987999999999996,0.2785313239678993,3600.000637054444,270234.0,-579354718,0.418839848,False,False,WorstAccel,False,3,0.0002,163,23813731[].aqua,3600,1,0,0,0.05,-1,-1,0,-1,inf,True,False,False,1,True,False,False,False,False,True,Lazy,True,2,Recursive,True,True,True,True,True,0.564816,3606,3574
78.8659793814433,78.37837837837837,3.0,3,8,1641,0.6734743118286133,10,0.8086857795715332,0,0,0,0,0.0058567523956298,0.9981446,0.0,0.0,0.9981052631578944,0.0793459415435791,0.0267723447417444,0.998,0.115384817123413,0.0594758449458188,BendWorstOCT,2026-07-14 08:21:30,wpbc,Quantile Thresholds,5.0,32,0,32,127,2,9,0.7757839770961447,0.9938947513034196,0.2811488515445891,3600.000564813614,352005.0,-2040670688,0.515360432,False,False,WorstAccel,False,3,0.001,159,23813731[].aqua,3600,1,0,0,0.05,-1,-1,0,-1,inf,True,False,False,1,True,False,False,False,False,True,Lazy,True,2,Recursive,True,True,True,True,True,0.57476,3606,3574
78.35051546391753,78.26086956521739,3.0,3,8,1683,0.6617968082427979,8,0.8058748245239258,0,0,0,0,0.0055537223815917,0.9992578,0.0,0.0,0.9992421052631576,0.079568862915039,0.0267813870620147,0.9992,0.1151528358459472,0.0595416368715593,BendWorstOCT,2026-07-14 08:21:30,wpbc,Quantile Thresholds,5.0,32,0,32,127,2,9,0.779408985900887,0.9976487529163924,0.2800067371089531,3600.0006098747253,179174.0,2084107621,0.32153128,False,False,WorstAccel,False,3,0.0004,162,23813731[].aqua,3600,1,0,0,0.05,-1,-1,0,-1,inf,True,False,False,1,True,False,False,False,False,True,Lazy,True,2,Recursive,True,True,True,True,True,0.421584,3606,3574
79.38144329896907,78.26086956521739,3.0,3,8,1708,0.5031096935272217,8,0.5915608406066895,0,0,0,0,0.0058929920196533,0.9988867,0.0,0.0,0.9988631578947362,0.0797178745269775,0.0267929240034561,0.9988,0.11552095413208,0.0594771109458188,BendWorstOCT,2026-07-14 08:21:30,wpbc,Quantile Thresholds,5.0,32,0,32,127,2,9,0.7778086956521735,0.9963999999999994,0.281034791163581,3600.0006098747253,300269.0,-987962981,0.476534896,False,False,WorstAccel,False,3,0.0006,161,23813731[].aqua,3600,1,0,0,0.05,-1,-1,0,-1,inf,True,False,False,1,True,False,False,False,False,True,Lazy,True,2,Recursive,True,True,True,True,True,0.6086,3606,3574
85.56701030927834,84.78260869565217,3.8461538461538463,4,13,2969,1.177204132080078,14,1.0497519969940186,0,0,0,0,0.0057244300842285,0.9981235,0.0,0.0,0.998115942028985,0.1278018951416015,0.0382497396847974,0.9974157232853228,0.4520199298858642,0.1995871335402413,BendWorstOCT,2026-07-14 08:21:30,wpbc,Quantile Thresholds,5.0,32,0,32,127,2,9,0.8348260869565213,0.9942538722280204,0.1909712546869685,3600.000544786453,300117.0,872139843,0.704199392,False,False,WorstAccel,False,4,0.001,174,23813731[].aqua,3600,1,0,0,0.05,-1,-1,0,-1,inf,True,False,False,1,True,False,False,False,False,True,Lazy,True,2,Recursive,True,True,True,True,True,0.772524,3606,3574
86.5979381443299,86.48648648648648,3.933333333333333,4,15,3014,1.3681817054748535,14,1.2648074626922607,0,0,0,0,0.0053803920745849,0.9962469,0.0,0.0,0.9962318840579706,0.1287291049957275,0.0382497396847974,0.9948314465706464,0.456341028213501,0.2003188663184688,BendWorstOCT,2026-07-14 08:21:30,wpbc,Quantile Thresholds,5.0,32,0,32,127,2,9,0.8348648906398561,0.9893063174885566,0.184989725379796,3600.00118803978,147162.0,847171699,0.720898048,False,False,WorstAccel,False,4,0.002,173,23813731[].aqua,3600,1,0,0,0.05,-1,-1,0,-1,inf,True,False,False,1,True,False,False,False,False,True,Lazy,True,2,Recursive,True,True,True,True,True,0.48422,3606,3573
72.68041237113403,69.56521739130434,2.0,2,4,1786,0.6015317440032959,2,0.5522589683532715,0,0,0,0,0.0055813789367675,0.8904411,0.0,0.01,0.8895963302752302,0.0843520164489746,0.0311963271022851,0.8887411347517734,0.110368013381958,0.0554755937921145,BendWorstOCT,2026-07-14 08:21:30,wpbc,Quantile Thresholds,5.0,32,0,32,127,2,9,0.4556521739130431,0.6399999999999995,0.4045801526717556,3600.0006849765778,325073.0,-1853848032,0.446096936,False,False,WorstAccel,False,3,0.06,151,23813731[].aqua,3600,1,0,0,0.05,-1,-1,0,-1,inf,True,False,False,1,True,False,False,False,False,True,Lazy,True,2,Recursive,True,True,True,True,True,0.560876,3606,3577
78.35051546391753,78.26086956521739,3.0,3,8,1609,0.7094149589538574,17,0.9404056072235109,0,0,0,0,0.0055193901062011,0.9888675,0.0,0.0,0.9886315789473684,0.0812141895294189,0.0267723528417444,0.988,0.1170840263366699,0.0599038703144078,BendWorstOCT,2026-07-14 08:21:30,wpbc,Quantile Thresholds,5.0,32,0,32,127,2,9,0.7346086956521735,0.962930233177016,0.3108070172272361,3600.000630140305,269920.0,-1652181409,0.425451848,False,False,WorstAccel,False,3,0.006,156,23813731[].aqua,3600,1,0,0,0.05,-1,-1,0,-1,inf,True,False,False,1,True,False,False,False,False,True,Lazy,True,2,Recursive,True,True,True,True,True,0.480192,3606,3574
78.35051546391753,78.26086956521739,2.857142857142857,3,7,1597,0.5900371074676514,6,0.6911005973815918,0,0,0,0,0.0058486461639404,0.9962892,0.0,0.0,0.9962105263157892,0.0813159942626953,0.0267723460417444,0.996,0.1170639991760253,0.0595785101458188,BendWorstOCT,2026-07-14 08:21:30,wpbc,Quantile Thresholds,5.0,32,0,32,127,2,9,0.7686086961827568,0.987384865784664,0.2846392067751044,3600.0014519691467,340672.0,-941515775,0.39906548,False,False,WorstAccel,False,3,0.002,158,23813731[].aqua,3600,1,0,0,0.05,-1,-1,0,-1,inf,True,False,False,1,True,False,False,False,False,True,Lazy,True,2,Recursive,True,True,True,True,True,0.549976,3606,3575
77.31958762886597,77.02702702702703,2.857142857142857,3,7,1791,0.5561423301696777,5,0.6239240169525146,0,0,0,0,0.0053789615631103,0.9628916,0.0,0.0,0.962105263157896,0.0809321403503418,0.0267307054685913,0.96,0.135707139968872,0.080386563506932,BendWorstOCT,2026-07-14 08:21:30,wpbc,Quantile Thresholds,5.0,32,0,32,127,2,9,0.6302702702702712,0.8799999999999994,0.3962264150943367,3600.0007231235504,408703.0,1464509186,0.57358736,False,False,WorstAccel,False,3,0.02,153,23813731[].aqua,3600,1,0,0,0.05,-1,-1,0,-1,inf,True,False,False,1,True,False,False,False,False,True,Lazy,True,2,Recursive,True,True,True,True,True,0.692284,3606,3576
72.68041237113403,69.56521739130434,2.0,2,4,3291,1.0646085739135742,8,1.0507283210754397,0,0,0,0,0.00592041015625,0.889709,0.01,0.01,0.8895087363195001,0.1307580471038818,0.0430873424669249,0.8481255666045786,0.6263279914855957,0.3915898406023333,BendWorstOCT,2026-07-14 08:21:30,wpbc,Quantile Thresholds,5.0,32,0,32,127,2,9,0.4556521742041737,0.6507922601787776,0.4282654555866627,3600.001340150833,128768.0,110010680,0.513269272,False,False,WorstAccel,False,4,0.06,166,23813731[].aqua,3600,1,0,0,0.05,-1,-1,0,-1,inf,True,False,False,1,True,False,False,False,False,True,Lazy,True,2,Recursive,True,True,True,True,True,0.449596,3606,3575
84.5360824742268,84.45945945945945,3.75,4,12,3189,1.678150653839111,25,1.571274757385254,0,0,0,0,0.0057804584503173,0.9924938,0.0,0.0,0.9924637681159416,0.1276121139526367,0.0382497396847974,0.9896649731225544,0.5420351028442383,0.2465616738176697,BendWorstOCT,2026-07-14 08:21:30,wpbc,Quantile Thresholds,5.0,32,0,32,127,2,9,0.7965954193940058,0.9759999999999984,0.225214175525226,3600.001134157181,173594.0,-1436239388,0.790015968,False,False,WorstAccel,False,4,0.004,172,23813731[].aqua,3600,1,0,0,0.05,-1,-1,0,-1,inf,True,False,False,1,True,False,False,False,False,True,Lazy,True,2,Recursive,True,True,True,True,True,0.50062,3606,3574
86.08247422680412,85.8108108108108,3.769230769230769,4,13,3294,1.2632198333740234,12,0.9750921726226808,0,0,0,0,0.0058975219726562,0.9812346,0.0,0.0,0.9811594202898553,0.127648115158081,0.0382498010847974,0.9741566793425204,0.4361300468444824,0.1955590316117524,BendWorstOCT,2026-07-14 08:21:30,wpbc,Quantile Thresholds,5.0,32,0,32,127,2,9,0.7281081081081096,0.9400000000000022,0.2910170749814406,3600.0006539821625,184073.0,1265125555,0.542346984,False,False,WorstAccel,False,4,0.01,169,23813731[].aqua,3600,1,0,0,0.05,-1,-1,0,-1,inf,True,False,False,1,True,False,False,False,False,True,Lazy,True,2,Recursive,True,True,True,True,True,0.594164,3606,3574
78.35051546391753,78.26086956521739,2.857142857142857,3,7,1708,0.6446943283081055,8,0.6732521057128906,0,0,0,0,0.0055584907531738,0.9851566,0.0,0.0,0.984842105263158,0.0819859504699707,0.0267721839417444,0.984,0.1211748123168945,0.0634684607249429,BendWorstOCT,2026-07-14 08:21:30,wpbc,Quantile Thresholds,5.0,32,0,32,127,2,9,0.7266086956521735,0.9443374947598374,0.2996506928839321,3600.000692129135,338377.0,982638087,0.41131844,False,False,WorstAccel,False,3,0.008,155,23813731[].aqua,3600,1,0,0,0.05,-1,-1,0,-1,inf,True,False,False,1,True,False,False,False,False,True,Lazy,True,2,Recursive,True,True,True,True,True,0.53098,3606,3574
65.97938144329896,56.52173913043478,1.0,1,2,3206,0.9625661373138428,3,0.873701810836792,0,0,0,0,0.0058884620666503,0.854404,0.01,0.01,0.8535667738349613,0.1324970722198486,0.0431345001886501,0.8019315982643452,0.4840190410614013,0.2854750797403089,BendWorstOCT,2026-07-14 08:21:30,wpbc,Quantile Thresholds,5.0,32,0,32,127,2,9,0.4052173914448693,0.5199999999999995,0.2832618021300957,3600.001130104065,99164.0,428448693,0.450743288,False,False,WorstAccel,False,4,0.08,165,23813731[].aqua,3600,1,0,0,0.05,-1,-1,0,-1,inf,True,False,False,1,True,False,False,False,False,True,Lazy,True,2,Recursive,True,True,True,True,True,0.38666,3606,3575
78.35051546391753,78.26086956521739,2.857142857142857,3,7,1708,0.6445112228393555,6,0.6345221996307373,0,0,0,0,0.0053389072418212,0.9998258,0.0,0.0,0.9997999999999996,0.0663390159606933,0.0242425650262337,0.9997999999999996,0.0840108394622802,0.0384222799397097,BendWorstOCT,2026-07-14 08:21:30,wpbc,Quantile Thresholds,5.0,32,0,32,127,2,9,0.781908695830365,0.9993999999999994,0.2781543488765842,3600.000529050827,194383.0,-425873198,0.284303584,False,False,WorstAccel,False,3,0.0001,164,23813731[].aqua,3600,1,0,0,0.05,-1,-1,0,-1,inf,True,False,False,1,True,False,False,False,False,True,Lazy,True,2,Recursive,True,True,True,True,True,0.422444,3606,3574
89.17525773195877,89.1304347826087,4.0,4,16,3168,1.4018526077270508,14,1.4009816646575928,0,0,0,0,0.0056507587432861,0.9984988,0.0,0.0,0.998492753623188,0.1262860298156738,0.0382613795661981,0.997932534347401,0.4485909938812256,0.1935976355210155,BendWorstOCT,2026-07-14 08:21:30,wpbc,Quantile Thresholds,5.0,32,0,32,127,2,9,0.8785043478260864,0.9952,0.1328344617333813,3600.000796079636,186242.0,-1781966983,0.737871464,False,False,WorstAccel,False,4,0.0008,175,23813731[].aqua,3600,1,0,0,0.05,-1,-1,0,-1,inf,True,False,False,1,True,False,False,False,False,True,Lazy,True,2,Recursive,True,True,True,True,True,0.51312,3606,3573
77.83505154639175,77.70270270270271,3.0,3,8,1678,0.6357855796813965,9,0.7316663265228271,0,0,0,0,0.005319595336914,0.9925783,0.0,0.0,0.9924210526315788,0.080902099609375,0.0267723438417444,0.992,0.1172749996185302,0.0599063675144077,BendWorstOCT,2026-07-14 08:21:30,wpbc,Quantile Thresholds,5.0,32,0,32,127,2,9,0.7450270270270279,0.9759999999999994,0.3100195893491959,3600.0005419254303,278534.0,1477378814,0.449428576,False,False,WorstAccel,False,3,0.004,157,23813731[].aqua,3600,1,0,0,0.05,-1,-1,0,-1,inf,True,False,False,1,True,False,False,False,False,True,Lazy,True,2,Recursive,True,True,True,True,True,0.513496,3606,3574
88.65979381443299,88.51351351351352,4.0,4,16,3011,1.5694618225097656,18,1.5515050888061523,0,0,0,0,0.0065829753875732,0.9992494,0.0,0.01,0.9992463768115936,0.1345629692077636,0.0398062398968297,0.9989662671737004,0.4780139923095703,0.1934558305755958,BendWorstOCT,2026-07-14 08:21:30,wpbc,Quantile Thresholds,5.0,32,0,32,127,2,9,0.8787351351351368,0.9975999999999996,0.1352681372488685,3600.000792980194,131089.0,-608045123,0.394169784,False,False,WorstAccel,False,4,0.0004,177,23813731[].aqua,3600,1,0,0,0.05,-1,-1,0,-1,inf,True,False,False,1,True,False,False,False,False,True,Lazy,True,2,Recursive,True,True,True,True,True,0.476292,3606,3578
85.05154639175258,84.78260869565217,3.6666666666666665,4,12,3097,1.2543487548828125,10,1.0026862621307373,0,0,0,0,0.0055024623870849,0.9849877,0.0,0.0,0.984927536231884,0.1279380321502685,0.0382496720847974,0.979325343474016,0.4339089393615722,0.1930707623668385,BendWorstOCT,2026-07-14 08:21:30,wpbc,Quantile Thresholds,5.0,32,0,32,127,2,9,0.7518260869565213,0.9519999999999992,0.266250289151052,3600.0010459423065,188454.0,333776484,0.719328632,False,False,WorstAccel,False,4,0.008,170,23813731[].aqua,3600,1,0,0,0.05,-1,-1,0,-1,inf,True,False,False,1,True,False,False,False,False,True,Lazy,True,2,Recursive,True,True,True,True,True,0.58382,3605,3573
65.97938144329896,56.52173913043478,1.0,1,2,1808,0.5462877750396729,3,0.4915380477905273,0,0,0,0,0.007432222366333,0.8551068,0.01,0.01,0.8546987951807232,0.0953419208526611,0.0312171343160229,0.8546987951807232,0.1314759254455566,0.0594335847228906,BendWorstOCT,2026-07-14 08:21:31,wpbc,Quantile Thresholds,5.0,32,0,32,127,2,9,0.4052173913043475,0.5020373411311514,0.2389333525768766,3600.000618934632,180588.0,-971400948,0.257439928,False,False,WorstAccel,False,3,0.08,150,23813731[].aqua,3600,1,0,0,0.05,-1,-1,0,-1,inf,True,False,False,1,True,False,False,False,False,True,Lazy,True,2,Recursive,True,True,True,True,True,0.3661,3607,3576
83.89513108614233,83.63636363636364,3.5,4,10,2156,0.6342132091522217,12,0.3106684684753418,0,0,2450,3637,0.0594871044158935,0.9216502,0.45,0.68,0.9216502329084852,0.8331680297851562,0.9837661707420976,0.8955307116104898,2.810654163360596,2.6636219715461813,BendWorstOCT,2026-07-14 08:21:31,spect,,,22,22,0,22,2,9,0.8283636454545454,0.8675192114083904,0.0472685711990163,3600.001143217087,606347.0,-1925028840,0.836367144,False,False,WorstAccel,False,4,0.0008,145,23813731[].aqua,3600,1,0,0,0.05,-1,-1,0,-1,inf,True,False,False,1,True,False,False,False,False,True,Lazy,True,2,Recursive,True,True,True,True,True,1.036004,3608,3576
84.5360824742268,84.45945945945945,3.933333333333333,4,15,2858,1.327042579650879,10,1.138176441192627,0,0,0,0,0.0073587894439697,0.9998258,0.0,0.0,0.9997999999999996,0.094012975692749,0.0329766164139998,0.9997999999999996,0.122154951095581,0.0517900989355496,BendWorstOCT,2026-07-14 08:21:31,wpbc,Quantile Thresholds,5.0,32,0,32,127,2,9,0.843094594594596,0.999489626460768,0.1855011678035664,3600.00177192688,181162.0,1300847687,0.547660056,False,False,WorstAccel,False,4,0.0001,179,23813731[].aqua,3600,1,0,0,0.05,-1,-1,0,-1,inf,True,False,False,1,True,False,False,False,False,True,Lazy,True,2,Recursive,True,True,True,True,True,0.571628,3607,3580
84.26966292134831,83.63636363636364,3.6666666666666665,4,12,2090,0.7094244956970215,13,0.3962388038635254,0,0,2450,3637,0.0593047142028808,0.9300059,0.47,0.67,0.9300058856252814,1.0736198425292969,1.0724991283401386,0.9098283797039448,2.7578368186950684,2.6947123749624886,BendWorstOCT,2026-07-14 08:21:31,spect,,,22,22,0,22,2,9,0.8351636363636366,0.8766338932661278,0.0496552473034575,3600.00068807602,561792.0,-1996992835,0.825191024,False,False,WorstAccel,False,4,0.0001,149,23813731[].aqua,3600,1,0,0,0.05,-1,-1,0,-1,inf,True,False,False,1,True,False,False,False,False,True,Lazy,True,2,Recursive,True,True,True,True,True,1.042372,3609,3576
85.05154639175258,84.78260869565217,3.933333333333333,4,15,3122,1.924063205718994,14,1.7765114307403564,0,0,0,0,0.008807897567749,0.9988741,0.0,0.01,0.9988695652173908,0.1610031127929687,0.0386687752444052,0.9984494007605508,0.5832700729370117,0.1969165062317308,BendWorstOCT,2026-07-14 08:21:32,wpbc,Quantile Thresholds,5.0,32,0,32,127,2,9,0.8388260869565212,0.9968957128981388,0.1884414760098069,3600.001477956772,124570.0,471699852,0.410185328,False,False,WorstAccel,False,4,0.0006,176,23813731[].aqua,3600,1,0,0,0.05,-1,-1,0,-1,inf,True,False,False,1,True,False,False,False,False,True,Lazy,True,2,Recursive,True,True,True,True,True,0.472184,3608,3581
89.17525773195877,89.1304347826087,4.0,4,16,3132,1.883535861968994,16,1.698406457901001,0,0,0,0,0.0065846443176269,0.9996516,0.0,0.01,0.9995999999999994,0.1004009246826171,0.0321009695515833,0.9995999999999994,0.138218879699707,0.0516147677118755,BendWorstOCT,2026-07-14 08:21:32,wpbc,Quantile Thresholds,5.0,32,0,32,127,2,9,0.8881043478260865,0.999,0.1248678181177305,3600.001866102218,107822.0,839142056,0.354502672,False,False,WorstAccel,False,4,0.0002,178,23813731[].aqua,3600,1,0,0,0.05,-1,-1,0,-1,inf,True,False,False,1,True,False,False,False,False,True,Lazy,True,2,Recursive,True,True,True,True,True,0.448804,3608,3580
63.82978723404256,63.75,2.0,2,4,4114,0.5891008377075195,5,0.3578958511352539,0,0,2338,3433,0.0750863552093505,0.7684314,0.13,0.22,0.7361138556985256,0.4800088405609131,0.4407004345891155,0.6929370134713664,1.8195469379425049,2.005511771840698,BendWorstOCT,2026-07-14 08:23:33,thoracic,Quantile Thresholds,5.0,16,13,3,36,2,9,0.3974999999999974,0.4395081625998574,0.1056809122009063,3600.005348920822,86896.0,-860880983,0.151631432,False,False,WorstAccel,False,3,0.06,241,23813731[].aqua,3600,1,0,0,0.05,-1,-1,0,-1,inf,True,False,False,1,True,False,False,False,False,True,Lazy,True,2,Recursive,True,True,True,True,True,0.27612,3660,3581
84.90259740259741,84.21052631578948,2.6,3,5,13418,7.827391624450684,6,5.59207558631897,0,0,0,0,0.3712904453277588,0.9820679,0.6,1.62,0.98202044421761,2.7421669960021973,2.050834614185558,0.9768546916709586,5.940906047821045,5.245478271182605,BendWorstOCT,2026-07-14 08:23:33,ozone-one,Quantile Thresholds,5.0,72,0,72,286,2,9,0.7921052631578958,0.9611623618693732,0.2134275664796059,3600.021048069,4453.0,1922731600,1.289477696,False,False,WorstAccel,False,3,0.01,214,23813731[].aqua,3600,1,0,0,0.05,-1,-1,0,-1,inf,True,False,False,1,True,False,False,False,False,True,Lazy,True,2,Recursive,True,True,True,True,True,0.953888,3661,3583
86.47186147186147,86.4321608040201,3.0,3,8,10772,6.01691746711731,6,4.940123081207275,0,0,0,0,0.3706738948822021,0.9999,0.02,0.03,0.9998268616657596,1.785386085510254,1.022194151564999,0.9997737289072914,3.541234016418457,2.136800147787974,BendWorstOCT,2026-07-14 08:23:33,ozone-one,Quantile Thresholds,5.0,72,0,72,286,2,9,0.8635216080402146,0.9996341763075908,0.1576249708172182,3600.019457101822,5271.0,-415010199,1.380312464,False,False,WorstAccel,False,3,0.0001,224,23813731[].aqua,3600,1,0,0,0.05,-1,-1,0,-1,inf,True,False,False,1,True,False,False,False,False,True,Lazy,True,2,Recursive,True,True,True,True,True,1.024756,3660,3585
71.3903743315508,71.34831460674157,3.769230769230769,4,13,3255,1.5894596576690674,8,0.9190499782562256,0,0,5723,8498,0.1529908180236816,0.7266318,0.16,0.22,0.726631785742275,0.7517879009246826,0.7260217449829485,0.7261251608066149,2.537057876586914,2.874150492940835,BendWorstOCT,2026-07-14 08:23:33,transfusion,Quantile Thresholds,5.0,4,0,4,16,2,9,0.7108831460674172,0.7158092297511497,0.0069295266190841,3600.000889062881,456449.0,-1397181722,0.45869624,False,False,WorstAccel,False,4,0.0002,208,23813731[].aqua,3600,1,0,0,0.05,-1,-1,0,-1,inf,True,False,False,1,True,False,False,False,False,True,Lazy,True,2,Recursive,True,True,True,True,True,0.639588,3661,3581
87.06709956709956,87.0463428252373,2.857142857142857,3,7,10490,7.823923826217651,12,7.048815488815308,0,0,0,0,0.4138834476470947,0.9964032,0.64,1.63,0.9964026222343682,2.940052032470703,2.0909888065453406,0.9954545816312016,4.642325878143311,3.2755252778571595,BendWorstOCT,2026-07-14 08:23:33,ozone-one,Quantile Thresholds,5.0,72,0,72,286,2,9,0.8564634282523866,0.9926528218798,0.159013670794219,3600.034232854843,2160.0,1999122632,1.26129708,False,False,WorstAccel,False,3,0.002,218,23813731[].aqua,3600,1,0,0,0.05,-1,-1,0,-1,inf,True,False,False,1,True,False,False,False,False,True,Lazy,True,2,Recursive,True,True,True,True,True,0.883548,3660,3581
86.0930735930736,86.04131769960915,3.0,3,8,8946,7.172539472579956,4,5.384689569473267,0,0,0,0,0.371727705001831,0.9998,0.02,0.02,0.999653728599016,1.8042209148406985,1.0302845253435815,0.9995491805476822,3.389746904373169,2.160927189266149,BendWorstOCT,2026-07-14 08:23:33,ozone-one,Quantile Thresholds,5.0,72,0,72,286,2,9,0.858813176996105,0.9992,0.1634660794271111,3600.035758972168,6325.0,-161033031,1.3282546,False,False,WorstAccel,False,3,0.0002,223,23813731[].aqua,3600,1,0,0,0.05,-1,-1,0,-1,inf,True,False,False,1,True,False,False,False,False,True,Lazy,True,2,Recursive,True,True,True,True,True,0.843288,3660,3584
85.93073593073593,85.92964824120602,2.857142857142857,3,7,10080,6.140486240386963,2,4.589919090270996,0,0,0,0,0.3712444305419922,0.9992806,0.47,1.19,0.9992806361829036,2.2903151512146,1.583318645581066,0.9990989172787464,4.434921026229858,4.046128228820412,BendWorstOCT,2026-07-14 08:23:33,ozone-one,Quantile Thresholds,5.0,72,0,72,286,2,9,0.8564964824120738,0.998502862738486,0.1657991401511566,3600.001332998276,5573.0,986509252,1.311074576,False,False,WorstAccel,False,3,0.0004,222,23813731[].aqua,3600,1,0,0,0.05,-1,-1,0,-1,inf,True,False,False,1,True,False,False,False,False,True,Lazy,True,2,Recursive,True,True,True,True,True,0.915228,3660,3585
82.84632034632034,82.45614035087719,2.25,3,4,13618,7.435704708099365,6,5.179182529449463,0,0,0,0,0.372643232345581,0.9290323,0.56,1.5,0.9290272428916768,2.8867650032043457,2.289400186545127,0.9089802889094912,6.363565921783447,6.340064157224819,BendWorstOCT,2026-07-14 08:23:33,ozone-one,Quantile Thresholds,5.0,72,0,72,286,2,9,0.6645614035087729,0.84,0.2639915522703254,3600.0029299259186,4546.0,204565921,1.209393576,False,False,WorstAccel,False,3,0.04,212,23813731[].aqua,3600,1,0,0,0.05,-1,-1,0,-1,inf,True,False,False,1,True,False,False,False,False,True,Lazy,True,2,Recursive,True,True,True,True,True,0.807348,3661,3583
87.06709956709956,87.0463428252373,2.857142857142857,3,7,11596,6.136430978775024,4,4.646329402923584,0,0,0,0,0.4008030891418457,0.9892101,0.6,1.59,0.98918628600774,2.9229888916015625,2.043226654148624,0.9853059235420968,6.085407018661499,6.109732138501278,BendWorstOCT,2026-07-14 08:23:33,ozone-one,Quantile Thresholds,5.0,72,0,72,286,2,9,0.8284634282523866,0.9767672050632418,0.1790106500219286,3600.0024230480194,1602.0,2071923744,1.405087416,False,False,WorstAccel,False,3,0.006,216,23813731[].aqua,3600,1,0,0,0.05,-1,-1,0,-1,inf,True,False,False,1,True,False,False,False,False,True,Lazy,True,2,Recursive,True,True,True,True,True,0.990812,3660,3587
85.55194805194805,85.53880513679509,2.857142857142857,3,7,10939,7.047512769699097,10,5.975705862045288,0,0,0,0,0.4030508995056152,0.9928064,0.59,1.6,0.9928011204481912,3.0856759548187256,2.082991734994305,0.9908704426806656,4.195144891738892,3.1339425808731023,BendWorstOCT,2026-07-14 08:23:33,ozone-one,Quantile Thresholds,5.0,72,0,72,286,2,9,0.8273880513679641,0.9840000000000172,0.1892847598815552,3600.002140045166,4942.0,405349652,1.126678672,False,False,WorstAccel,False,3,0.004,217,23813731[].aqua,3600,1,0,0,0.05,-1,-1,0,-1,inf,True,False,False,1,True,False,False,False,False,True,Lazy,True,2,Recursive,True,True,True,True,True,0.733704,3661,3579
86.41774891774892,86.37632607481854,2.857142857142857,3,7,10606,7.84580659866333,6,6.805853605270386,0,0,0,0,0.3956358432769775,0.9982016,0.53,1.4,0.9981992528019956,2.6844189167022705,1.9720869678251007,0.997758099924106,3.9278440475463854,2.967139318846143,BendWorstOCT,2026-07-14 08:23:33,ozone-one,Quantile Thresholds,5.0,72,0,72,286,2,9,0.8567632607481989,0.9963756405984224,0.1629532757138793,3600.015424966812,3694.0,2019899590,1.204720704,False,False,WorstAccel,False,3,0.001,219,23813731[].aqua,3600,1,0,0,0.05,-1,-1,0,-1,inf,True,False,False,1,True,False,False,False,False,True,Lazy,True,2,Recursive,True,True,True,True,True,0.84886,3660,3580
71.3903743315508,71.34831460674157,3.769230769230769,4,13,2452,1.3744244575500488,8,0.7240562438964844,0,0,5723,8498,0.1714916229248047,0.7250763,0.13,0.18,0.7250762598268231,0.7208390235900879,0.8061759422823777,0.7241856866147709,2.677004098892212,3.267566369695327,BendWorstOCT,2026-07-14 08:23:33,transfusion,Quantile Thresholds,5.0,4,0,4,16,2,9,0.7082831460674172,0.7164286684025291,0.0115003757753351,3600.000818967819,506464.0,-1283414174,0.77295536,False,False,WorstAccel,False,4,0.0004,207,23813731[].aqua,3600,1,0,0,0.05,-1,-1,0,-1,inf,True,False,False,1,True,False,False,False,False,True,Lazy,True,2,Recursive,True,True,True,True,True,0.948316,3661,3581
78.35497835497836,78.33612506979341,1.6666666666666667,2,3,14905,9.630155324935911,5,5.712301731109619,0,0,0,0,0.4161581993103027,0.928453,0.59,1.68,0.9284245343782676,3.2843949794769287,2.269162304450918,0.9089042361482766,7.284968852996826,7.5008911945545025,BendWorstOCT,2026-07-14 08:23:33,ozone-one,Quantile Thresholds,5.0,72,0,72,286,2,9,0.6633612506979454,0.8508835341365566,0.2826850124895184,3600.038847923279,3548.0,-1669168018,1.823755672,False,False,WorstAccel,False,4,0.04,227,23813731[].aqua,3600,1,0,0,0.05,-1,-1,0,-1,inf,True,False,False,1,True,False,False,False,False,True,Lazy,True,2,Recursive,True,True,True,True,True,1.0404,3660,3585
86.14718614718615,85.96491228070175,3.0,3,8,11908,7.4989306926727295,11,6.481195449829102,0,0,0,0,0.4117336273193359,0.9985613,0.57,1.52,0.9985612759980086,3.584601163864136,2.042651435785302,0.9980664170232376,5.756989002227783,4.104083436480892,BendWorstOCT,2026-07-14 08:23:33,ozone-one,Quantile Thresholds,5.0,72,0,72,286,2,9,0.8532491228070186,0.9971099351890608,0.1686035280162598,3600.0013411045074,3238.0,1548650843,1.4026866,False,False,WorstAccel,False,3,0.0008,220,23813731[].aqua,3600,1,0,0,0.05,-1,-1,0,-1,inf,True,False,False,1,True,False,False,False,False,True,Lazy,True,2,Recursive,True,True,True,True,True,1.028568,3660,3581
79.87012987012987,71.9298245614035,1.0,1,2,12711,6.39472770690918,3,4.067709445953369,0,0,0,0,0.4137265682220459,0.8596356,0.53,1.43,0.8595918630101821,3.1514039039611816,2.233714316112304,0.8170686616393583,7.350543975830078,8.652285548210145,BendWorstOCT,2026-07-14 08:23:33,ozone-one,Quantile Thresholds,5.0,72,0,72,286,2,9,0.5592982456140358,0.6755087771552095,0.2077791812373554,3600.0043439865112,6597.0,-1488377211,1.100107888,False,False,WorstAccel,False,3,0.08,210,23813731[].aqua,3600,1,0,0,0.05,-1,-1,0,-1,inf,True,False,False,1,True,False,False,False,False,True,Lazy,True,2,Recursive,True,True,True,True,True,0.719428,3661,3583
86.47186147186147,86.4321608040201,3.0,3,8,9609,6.169981479644775,2,4.462334156036377,0,0,0,0,0.3715548515319824,0.998921,0.55,1.44,0.998920954274356,2.805243015289306,1.955968574462568,0.998652299137908,4.135746955871582,3.1171045432810267,BendWorstOCT,2026-07-14 08:23:33,ozone-one,Quantile Thresholds,5.0,72,0,72,286,2,9,0.8595216080402145,0.997911620321102,0.1610081829081982,3600.0079820156097,7346.0,1709492490,1.10588948,False,False,WorstAccel,False,3,0.0006,221,23813731[].aqua,3600,1,0,0,0.05,-1,-1,0,-1,inf,True,False,False,1,True,False,False,False,False,True,Lazy,True,2,Recursive,True,True,True,True,True,0.729752,3660,3585
86.52597402597402,86.48799553322166,2.857142857142857,3,7,11528,6.7272047996521,2,4.610726356506348,0,0,0,0,0.3705294132232666,0.9856316,0.59,1.57,0.9855937208917628,2.8182029724121094,1.99489019766591,0.9819107190239468,4.309075832366943,3.66366220164831,BendWorstOCT,2026-07-14 08:23:33,ozone-one,Quantile Thresholds,5.0,72,0,72,286,2,9,0.8088799553322301,0.9687331119411569,0.1976228432354594,3600.0074048042297,2707.0,-1902991876,1.345816368,False,False,WorstAccel,False,3,0.008,215,23813731[].aqua,3600,1,0,0,0.05,-1,-1,0,-1,inf,True,False,False,1,True,False,False,False,False,True,Lazy,True,2,Recursive,True,True,True,True,True,0.924184,3661,3583
70.85561497326204,70.70175438596492,3.4444444444444446,4,9,2386,2.404533863067627,10,1.2831521034240725,0,0,5723,8498,0.1592445373535156,0.7137735,0.21,0.3,0.7137735413240505,0.9210760593414308,1.0048995902691644,0.7088839423219951,3.452120065689087,3.8699099414158615,BendWorstOCT,2026-07-14 08:23:33,transfusion,Quantile Thresholds,5.0,4,0,4,16,2,9,0.689017543859651,0.693971635770078,0.0071900809414457,3600.000878095627,299384.0,-819073347,0.424856664,False,False,WorstAccel,False,4,0.002,203,23813731[].aqua,3600,1,0,0,0.05,-1,-1,0,-1,inf,True,False,False,1,True,False,False,False,False,True,Lazy,True,2,Recursive,True,True,True,True,True,0.606848,3661,3583
71.3903743315508,71.34831460674157,3.769230769230769,4,13,3534,3.1974284648895264,12,1.3319251537322998,0,0,5723,8498,0.2680511474609375,0.7205158,0.23,0.23,0.7205157630756294,1.3321881294250488,1.0022657106196209,0.7183286369265652,6.393109083175659,5.291340135866773,BendWorstOCT,2026-07-14 08:23:33,transfusion,Quantile Thresholds,5.0,4,0,4,16,2,9,0.7004831460674171,0.7107927606141031,0.0147178623847914,3600.002588033676,201621.0,-1794967558,0.446810016,False,False,WorstAccel,False,4,0.001,204,23813731[].aqua,3600,1,0,0,0.05,-1,-1,0,-1,inf,True,False,False,1,True,False,False,False,False,True,Lazy,True,2,Recursive,True,True,True,True,True,0.606996,3661,3583
71.3903743315508,71.34831460674157,3.769230769230769,4,13,3147,2.3385770320892334,9,1.241727590560913,0,0,5723,8498,0.1694085597991943,0.7220133,0.16,0.23,0.722013250834892,1.0496280193328855,1.02570205797768,0.7209041220456778,2.964818000793457,3.482815255356156,BendWorstOCT,2026-07-14 08:23:33,transfusion,Quantile Thresholds,5.0,4,0,4,16,2,9,0.7030831479400749,0.7097082949018042,0.0094229921185566,3600.0021510124207,340653.0,-886114464,0.508178576,False,False,WorstAccel,False,4,0.0008,205,23813731[].aqua,3600,1,0,0,0.05,-1,-1,0,-1,inf,True,False,False,1,True,False,False,False,False,True,Lazy,True,2,Recursive,True,True,True,True,True,0.656004,3661,3580
71.3903743315508,71.34831460674157,3.857142857142857,4,14,3064,2.0939364433288574,24,1.1709179878234863,0,0,5723,8498,0.1721184253692627,0.7235437,0.13,0.18,0.7235436809468455,0.8809449672698975,0.873384122776829,0.7221562709228254,4.7587220668792725,5.094262321291055,BendWorstOCT,2026-07-14 08:23:33,transfusion,Quantile Thresholds,5.0,4,0,4,16,2,9,0.7050831460674171,0.7158937572233466,0.015332391954375,3600.000764131546,327459.0,-562395905,0.671342368,False,False,WorstAccel,False,4,0.0006,206,23813731[].aqua,3600,1,0,0,0.05,-1,-1,0,-1,inf,True,False,False,1,True,False,False,False,False,True,Lazy,True,2,Recursive,True,True,True,True,True,0.8339,3661,3581
71.3903743315508,71.34831460674157,3.769230769230769,4,13,2740,2.4242658615112305,14,1.5239698886871338,0,0,5723,8498,0.1596717834472656,0.7274117,0.18,0.24,0.7274117371242264,0.787147045135498,0.8432613253448644,0.7271473250646843,3.853324174880981,4.447301943705455,BendWorstOCT,2026-07-14 08:23:33,transfusion,Quantile Thresholds,5.0,4,0,4,16,2,9,0.7121831460674172,0.7189361609501742,0.0094821323981707,3600.000771999359,476540.0,-1547149177,0.56149332,False,False,WorstAccel,False,4,0.0001,209,23813731[].aqua,3600,1,0,0,0.05,-1,-1,0,-1,inf,True,False,False,1,True,False,False,False,False,True,Lazy,True,2,Recursive,True,True,True,True,True,0.716628,3661,3582
68.93617021276596,68.57142857142857,3.0,3,8,2875,0.4604372978210449,6,0.2475800514221191,0,0,2338,3433,0.0634317398071289,0.9149198,0.38,0.63,0.9149197597690428,1.089574098587036,1.323679016590461,0.9128229021824888,2.370793104171753,2.809319920116584,BendWorstOCT,2026-07-14 08:23:47,thoracic,Quantile Thresholds,5.0,16,13,3,36,2,9,0.6777142866370277,0.8602240926274303,0.2693019899227116,3600.001438140869,115283.0,53681835,0.242598688,False,False,WorstAccel,False,3,0.001,249,23813731[].aqua,3600,1,0,0,0.05,-1,-1,0,-1,inf,True,False,False,1,True,False,False,False,False,True,Lazy,True,2,Recursive,True,True,True,True,True,0.366708,3605,3579
68.51063829787235,68.5,2.857142857142857,3,7,2890,0.7055177688598633,11,0.3976891040802002,0,0,2338,3433,0.064255952835083,0.8749198,0.31,0.49,0.8749197597690428,1.033607006072998,1.1356736956882274,0.8729853945705401,2.294472932815552,2.558639093168834,BendWorstOCT,2026-07-14 08:23:47,thoracic,Quantile Thresholds,5.0,16,13,3,36,2,9,0.6429999999999964,0.8201124462774425,0.2754470393117374,3600.0009109973907,124352.0,34654805,0.25796868,False,False,WorstAccel,False,3,0.006,246,23813731[].aqua,3600,1,0,0,0.05,-1,-1,0,-1,inf,True,False,False,1,True,False,False,False,False,True,Lazy,True,2,Recursive,True,True,True,True,True,0.39128,3605,3574
68.51063829787235,68.5,2.857142857142857,3,7,2893,0.6731336116790771,11,0.3712892532348633,0,0,2338,3433,0.0638463497161865,0.8909198,0.33,0.52,0.8909197597690428,1.0260019302368164,1.084752365944046,0.8888687714064067,3.2232160568237305,3.911746033933755,BendWorstOCT,2026-07-14 08:23:47,thoracic,Quantile Thresholds,5.0,16,13,3,36,2,9,0.6569999999999964,0.8431406735333815,0.2833191377981525,3600.0012769699097,114469.0,1327611243,0.24467628,False,False,WorstAccel,False,3,0.004,247,23813731[].aqua,3600,1,0,0,0.05,-1,-1,0,-1,inf,True,False,False,1,True,False,False,False,False,True,Lazy,True,2,Recursive,True,True,True,True,True,0.368788,3605,3576
68.51063829787235,68.5,2.857142857142857,3,7,2975,0.7066447734832764,11,0.4148623943328857,0,0,2338,3433,0.0641529560089111,0.9069198,0.34,0.57,0.9069197597690428,1.0885069370269775,1.2541995272605475,0.9049655973279718,2.335160970687866,2.6971637734373046,BendWorstOCT,2026-07-14 08:23:47,thoracic,Quantile Thresholds,5.0,16,13,3,36,2,9,0.6710000001670966,0.8470948856556023,0.2624364909756385,3600.000874042511,120092.0,1677669942,0.246813072,False,False,WorstAccel,False,3,0.002,248,23813731[].aqua,3600,1,0,0,0.05,-1,-1,0,-1,inf,True,False,False,1,True,False,False,False,False,True,Lazy,True,2,Recursive,True,True,True,True,True,0.375972,3605,3579
68.93617021276596,68.57142857142857,3.0,3,8,2772,0.4434094429016113,6,0.2454588413238525,0,0,2338,3433,0.063814640045166,0.9165198,0.31,0.51,0.9165197597690424,0.9148409366607666,1.098468335682978,0.9135848632652408,3.3468799591064453,4.279262096181992,BendWorstOCT,2026-07-14 08:23:47,thoracic,Quantile Thresholds,5.0,16,13,3,36,2,9,0.6793142871417018,0.8592593346878626,0.2648921875370849,3600.0032918453217,122654.0,1804403241,0.261270992,False,False,WorstAccel,False,3,0.0008,250,23813731[].aqua,3600,1,0,0,0.05,-1,-1,0,-1,inf,True,False,False,1,True,False,False,False,False,True,Lazy,True,2,Recursive,True,True,True,True,True,0.382628,3605,3579
68.51063829787235,68.5,2.857142857142857,3,7,2766,0.7514941692352295,14,0.447659969329834,0,0,2338,3433,0.0635390281677246,0.8589198,0.31,0.5,0.858919759769043,1.090751886367798,1.156843264986578,0.856705727690217,2.673490047454834,2.991680077459958,BendWorstOCT,2026-07-14 08:23:47,thoracic,Quantile Thresholds,5.0,16,13,3,36,2,9,0.6290000001628965,0.8182338831796053,0.3008487805527848,3600.00089097023,105108.0,1835949406,0.245641616,False,False,WorstAccel,False,3,0.008,245,23813731[].aqua,3600,1,0,0,0.05,-1,-1,0,-1,inf,True,False,False,1,True,False,False,False,False,True,Lazy,True,2,Recursive,True,True,True,True,True,0.370496,3605,3576
63.82978723404256,63.75,2.0,2,4,3980,0.7503461837768555,5,0.3335998058319092,0,0,2338,3433,0.065807819366455,0.7884314,0.17,0.27,0.7704773576097064,0.5295050144195557,0.4714777827632561,0.7434391473642689,1.86981201171875,1.922385029388093,BendWorstOCT,2026-07-14 08:23:47,thoracic,Quantile Thresholds,5.0,16,13,3,36,2,9,0.477500001453552,0.5987618677147876,0.2539515516064999,3600.000949859619,78425.0,-1068830669,0.178942504,False,False,WorstAccel,False,3,0.04,242,23813731[].aqua,3600,1,0,0,0.05,-1,-1,0,-1,inf,True,False,False,1,True,False,False,False,False,True,Lazy,True,2,Recursive,True,True,True,True,True,0.305096,3606,3574
68.51063829787235,68.5,2.857142857142857,3,7,2919,0.8762428760528564,5,0.3616511821746826,0,0,2338,3433,0.0638301372528076,0.8429198,0.28,0.44,0.842919759769043,1.1464810371398926,1.287634114995404,0.8409594978751802,2.31687593460083,2.677017554480647,BendWorstOCT,2026-07-14 08:23:47,thoracic,Quantile Thresholds,5.0,16,13,3,36,2,9,0.6150000006459969,0.8010955148088185,0.302594331654222,3600.0014259815216,90620.0,867767705,0.228519296,False,False,WorstAccel,False,3,0.01,244,23813731[].aqua,3600,1,0,0,0.05,-1,-1,0,-1,inf,True,False,False,1,True,False,False,False,False,True,Lazy,True,2,Recursive,True,True,True,True,True,0.36172,3606,3575
68.93617021276596,68.57142857142857,3.0,3,8,2800,0.5766952037811279,6,0.2820525169372558,0,0,2338,3433,0.0694642066955566,0.9181198,0.37,0.57,0.9181197597690428,1.208935022354126,1.2480862555448955,0.915847479421465,2.78513503074646,2.943501049985508,BendWorstOCT,2026-07-14 08:23:47,thoracic,Quantile Thresholds,5.0,16,13,3,36,2,9,0.6809143401338708,0.8599781545559602,0.2629755372561028,3600.000972032547,129442.0,-679477975,0.270371408,False,False,WorstAccel,False,3,0.0006,251,23813731[].aqua,3600,1,0,0,0.05,-1,-1,0,-1,inf,True,False,False,1,True,False,False,False,False,True,Lazy,True,2,Recursive,True,True,True,True,True,0.39594,3606,3577
75.74468085106383,75.71428571428571,4.0,4,16,4919,1.6443839073181152,28,1.0795485973358154,0,0,4706,6985,0.1146297454833984,0.9413045,1.47,2.23,0.941304540558448,3.2264349460601807,3.9203596786678334,0.9409414376077792,6.0665929317474365,7.961587463741375,BendWorstOCT,2026-07-14 08:23:48,thoracic,Quantile Thresholds,5.0,16,13,3,36,2,9,0.7251428571428571,0.9236606391925918,0.2737636868298154,3600.0009438991547,54989.0,720363294,0.319023528,False,False,WorstAccel,False,4,0.002,263,23813731[].aqua,3600,1,0,0,0.05,-1,-1,0,-1,inf,True,False,False,1,True,False,False,False,False,True,Lazy,True,2,Recursive,True,True,True,True,True,0.43392,3605,3573
74.46808510638297,74.28571428571429,4.0,4,16,4789,1.2188489437103271,12,0.7169244289398193,0,0,4706,6985,0.1142964363098144,0.9573045,1.67,2.56,0.9573045405584484,3.127918004989624,4.117363463105679,0.9564286265592518,6.4406349658966064,8.579217132818451,BendWorstOCT,2026-07-14 08:23:48,thoracic,Quantile Thresholds,5.0,16,13,3,36,2,9,0.7268571428571429,0.94382618884214,0.2985030113787305,3600.0008828639984,62110.0,-1785460841,0.350480704,False,False,WorstAccel,False,4,0.001,264,23813731[].aqua,3600,1,0,0,0.05,-1,-1,0,-1,inf,True,False,False,1,True,False,False,False,False,True,Lazy,True,2,Recursive,True,True,True,True,True,0.4799,3605,3574
68.93617021276596,68.57142857142857,3.0,3,8,2825,0.5676209926605225,6,0.2883663177490234,0,0,2338,3433,0.0690963268280029,0.9197198,0.37,0.55,0.919719759769043,1.139082908630371,1.189699552799392,0.918011725404932,2.4878580570220947,2.632837037764186,BendWorstOCT,2026-07-14 08:23:48,thoracic,Quantile Thresholds,5.0,16,13,3,36,2,9,0.6825142870602967,0.8596899569563117,0.2595926169679762,3600.002618074417,122591.0,-480521813,0.261505232,False,False,WorstAccel,False,3,0.0004,252,23813731[].aqua,3600,1,0,0,0.05,-1,-1,0,-1,inf,True,False,False,1,True,False,False,False,False,True,Lazy,True,2,Recursive,True,True,True,True,True,0.395256,3606,3578
63.82978723404256,63.75,2.0,2,4,4063,0.6427063941955566,6,0.301929235458374,0,0,2338,3433,0.0661232471466064,0.8084314,0.15,0.24,0.8074264705882308,0.5337660312652588,0.4036364210492512,0.7939117579199468,1.8330159187316888,1.933975308653608,BendWorstOCT,2026-07-14 08:23:48,thoracic,Quantile Thresholds,5.0,16,13,3,36,2,9,0.5574999999999973,0.7257097931647816,0.3017216020893005,3600.0008749961853,90497.0,937557797,0.215306008,False,False,WorstAccel,False,3,0.02,243,23813731[].aqua,3600,1,0,0,0.05,-1,-1,0,-1,inf,True,False,False,1,True,False,False,False,False,True,Lazy,True,2,Recursive,True,True,True,True,True,0.346744,3606,3571
72.97872340425532,72.85714285714286,3.75,4,12,5315,1.1857306957244873,11,0.6871395111083984,0,0,4706,6985,0.1158454418182373,0.8837141,1.36,2.17,0.8837141017385636,3.1716158390045166,3.9417903470519327,0.8834397192855841,6.017387866973877,7.28590934497164,BendWorstOCT,2026-07-14 08:23:48,thoracic,Quantile Thresholds,5.0,16,13,3,36,2,9,0.656571428902743,0.8619079583708514,0.3127405799720302,3600.0024240016937,53148.0,-990970309,0.385481104,False,False,WorstAccel,False,4,0.006,261,23813731[].aqua,3600,1,0,0,0.05,-1,-1,0,-1,inf,True,False,False,1,True,False,False,False,False,True,Lazy,True,2,Recursive,True,True,True,True,True,0.498972,3606,3574
74.04255319148936,74.0,4.0,4,16,4888,1.4806251525878906,10,0.8379623889923096,0,0,4706,6985,0.1170310974121093,0.9637045,1.54,2.14,0.9637045405584485,3.208611965179444,3.9257474135674975,0.962488169177534,7.410416841506958,9.46338588596408,BendWorstOCT,2026-07-14 08:23:48,thoracic,Quantile Thresholds,5.0,16,13,3,36,2,9,0.7304000222529397,0.9376777955612398,0.2837866470334241,3600.0012879371643,84208.0,-105037267,0.410049592,False,False,WorstAccel,False,4,0.0006,266,23813731[].aqua,3600,1,0,0,0.05,-1,-1,0,-1,inf,True,False,False,1,True,False,False,False,False,True,Lazy,True,2,Recursive,True,True,True,True,True,0.536148,3605,3574
71.27659574468085,71.25,3.636363636363636,4,11,5965,1.401939868927002,16,0.7602300643920898,0,0,4706,6985,0.1157662868499755,0.8621364,1.27,2.01,0.8621364499605609,2.878500938415528,3.4996090492763576,0.8617278979979999,11.87133502960205,14.400401166209306,BendWorstOCT,2026-07-14 08:23:48,thoracic,Quantile Thresholds,5.0,16,13,3,36,2,9,0.6245004999999973,0.8516902016493659,0.3637942670171914,3600.004452943802,35743.0,147043806,0.310122568,False,False,WorstAccel,False,4,0.008,260,23813731[].aqua,3600,1,0,0,0.05,-1,-1,0,-1,inf,True,False,False,1,True,False,False,False,False,True,Lazy,True,2,Recursive,True,True,True,True,True,0.443896,3606,3575
75.95744680851064,75.71428571428571,4.0,4,16,4322,1.2610087394714355,17,0.7089064121246338,0,0,4706,6985,0.1174044609069824,0.9605045,1.68,2.55,0.9605045405584478,3.5608839988708496,4.568275003136696,0.9602575132956012,5.960553884506226,7.564314919537386,BendWorstOCT,2026-07-14 08:23:48,thoracic,Quantile Thresholds,5.0,16,13,3,36,2,9,0.7443428571428571,0.9284960065598976,0.247403663043007,3600.000647068024,108426.0,-1352152397,0.452289168,False,False,WorstAccel,False,4,0.0008,265,23813731[].aqua,3600,1,0,0,0.05,-1,-1,0,-1,inf,True,False,False,1,True,False,False,False,False,True,Lazy,True,2,Recursive,True,True,True,True,True,0.56188,3605,3574
73.19148936170212,72.85714285714286,3.6666666666666665,4,12,5217,1.3202621936798096,15,0.7327849864959717,0,0,4706,6985,0.1144611835479736,0.9100449,1.61,2.47,0.9100449127288136,3.3866889476776123,4.265516596948553,0.9092239058277984,7.549572944641113,9.635264142091962,BendWorstOCT,2026-07-14 08:23:48,thoracic,Quantile Thresholds,5.0,16,13,3,36,2,9,0.6805714285714285,0.8813019694303437,0.2949441196499593,3600.001061916352,54615.0,1080234882,0.330592944,False,False,WorstAccel,False,4,0.004,262,23813731[].aqua,3600,1,0,0,0.05,-1,-1,0,-1,inf,True,False,False,1,True,False,False,False,False,True,Lazy,True,2,Recursive,True,True,True,True,True,0.456172,3606,3574
70.42553191489361,70.0,3.2222222222222223,4,9,6590,1.459561824798584,10,0.7803318500518799,0,0,4706,6985,0.1188910007476806,0.8430428,1.32,2.13,0.8430428366412076,2.661113977432251,3.3597079526356315,0.8428964288813577,5.522888898849487,7.715384621382676,BendWorstOCT,2026-07-14 08:23:48,thoracic,Quantile Thresholds,5.0,16,13,3,36,2,9,0.6100000017564394,0.8305360955415637,0.3615345789346077,3600.0014238357544,24720.0,-1130145751,0.34965828,False,False,WorstAccel,False,4,0.01,259,23813731[].aqua,3600,1,0,0,0.05,-1,-1,0,-1,inf,True,False,False,1,True,False,False,False,False,True,Lazy,True,2,Recursive,True,True,True,True,True,0.457248,3606,3577
74.68085106382979,74.5,4.0,4,16,4850,2.1493020057678223,12,1.040222406387329,0,0,4706,6985,0.1108627319335937,0.9717045,1.51,2.39,0.9717045405584482,3.221565961837769,4.047179149918084,0.970853489186976,5.846590042114258,7.643725661802452,BendWorstOCT,2026-07-14 08:23:48,thoracic,Quantile Thresholds,5.0,16,13,3,36,2,9,0.7434002499999967,0.9457738262910738,0.2722269413967483,3600.0011320114136,46569.0,-829404401,0.30318228,False,False,WorstAccel,False,4,0.0001,269,23813731[].aqua,3600,1,0,0,0.05,-1,-1,0,-1,inf,True,False,False,1,True,False,False,False,False,True,Lazy,True,2,Recursive,True,True,True,True,True,0.441508,3606,3578
74.46808510638297,74.28571428571429,4.0,4,16,4944,1.6616122722625732,16,0.8430290222167969,0,0,4706,6985,0.1126496791839599,0.9701045,1.85,2.87,0.970104540558448,3.6991958618164062,4.605010955445435,0.9689635419172012,7.818351984024048,10.423933718287348,BendWorstOCT,2026-07-14 08:23:48,thoracic,Quantile Thresholds,5.0,16,13,3,36,2,9,0.7396571428571429,0.9379704975109076,0.2681152430810322,3600.002038002014,69810.0,203493040,0.376441696,False,False,WorstAccel,False,4,0.0002,268,23813731[].aqua,3600,1,0,0,0.05,-1,-1,0,-1,inf,True,False,False,1,True,False,False,False,False,True,Lazy,True,2,Recursive,True,True,True,True,True,0.478844,3607,3578
63.82978723404256,63.75,2.0,2,4,7374,1.3269643783569336,10,0.6142923831939697,0,0,4706,6985,0.1136488914489746,0.8084314,0.92,1.58,0.8074264705882308,1.6177058219909668,2.000076539885502,0.7923535722863998,4.804473876953125,5.306943068775446,BendWorstOCT,2026-07-14 08:23:48,thoracic,Quantile Thresholds,5.0,16,13,3,36,2,9,0.5575000001557474,0.7516852577432146,0.3483143632882836,3600.002399921417,48660.0,-1172980407,0.343673656,False,False,WorstAccel,False,4,0.02,258,23813731[].aqua,3600,1,0,0,0.05,-1,-1,0,-1,inf,True,False,False,1,True,False,False,False,False,True,Lazy,True,2,Recursive,True,True,True,True,True,0.454756,3607,3576
63.82978723404256,63.75,2.0,2,4,7570,1.2169277667999268,5,0.4608683586120605,0,0,4706,6985,0.1156759262084961,0.7884314,0.89,1.29,0.7704773576097067,1.6181950569152832,2.027489650682337,0.73766288870071,5.306456089019775,5.543106675448747,BendWorstOCT,2026-07-14 08:23:48,thoracic,Quantile Thresholds,5.0,16,13,3,36,2,9,0.4774999999999973,0.6389329791301009,0.3380795374452451,3600.0020790100098,30933.0,1193733059,0.2837454,False,False,WorstAccel,False,4,0.04,257,23813731[].aqua,3600,1,0,0,0.05,-1,-1,0,-1,inf,True,False,False,1,True,False,False,False,False,True,Lazy,True,2,Recursive,True,True,True,True,True,0.380648,3607,3575
68.93617021276596,68.57142857142857,3.0,3,8,2749,0.6229476928710938,5,0.2720916271209717,0,0,2338,3433,0.0710875988006591,0.9213198,0.4,0.59,0.921319759769043,1.2847638130187988,1.3182861719564616,0.9190514826655666,2.6601099967956543,2.7086641410436894,BendWorstOCT,2026-07-14 08:23:48,thoracic,Quantile Thresholds,5.0,16,13,3,36,2,9,0.6841142857142858,0.8665054350907009,0.2666091809294407,3600.0010919570923,111961.0,-609617273,0.258293536,False,False,WorstAccel,False,3,0.0002,253,23813731[].aqua,3600,1,0,0,0.05,-1,-1,0,-1,inf,True,False,False,1,True,False,False,False,False,True,Lazy,True,2,Recursive,True,True,True,True,True,0.396976,3607,3578
74.187306501548,74.10936205468103,3.0,3,8,11546,4.357330322265625,11,1.6695396900177002,0,0,11408,16755,0.4911205768585205,0.9118012,6.9,11.21,0.9118011584234704,12.272815942764282,16.66358205184696,0.907951433206168,39.89680600166321,54.47767110744731,BendWorstOCT,2026-07-14 08:23:48,seismic-bumps,Quantile Thresholds,5.0,15,5,10,39,2,9,0.7394936205468366,0.8988238105031876,0.2154585050220316,3600.002897977829,6290.0,432384049,0.426095744,False,False,WorstAccel,False,3,0.0002,283,23813731[].aqua,3600,1,0,0,0.05,-1,-1,0,-1,inf,True,False,False,1,True,False,False,False,False,True,Lazy,True,2,Recursive,True,True,True,True,True,0.601216,3606,3582
74.187306501548,74.10936205468103,3.0,3,8,12812,5.472897529602051,9,2.0546762943267822,0,0,11408,16755,0.5084052085876465,0.9070012,6.6,10.86,0.90700115690916,10.963407039642334,14.775168073871615,0.9025325486540602,41.04694390296936,53.586513148990896,BendWorstOCT,2026-07-14 08:23:48,seismic-bumps,Quantile Thresholds,5.0,15,5,10,39,2,9,0.7346936205468365,0.8967660086301931,0.2205986053924426,3600.004777908325,4392.0,103712700,0.455443088,False,False,WorstAccel,False,3,0.0008,280,23813731[].aqua,3600,1,0,0,0.05,-1,-1,0,-1,inf,True,False,False,1,True,False,False,False,False,True,Lazy,True,2,Recursive,True,True,True,True,True,0.59586,3606,3582
73.56811145510837,73.52941176470588,3.0,3,8,11075,4.973147392272949,15,1.9825739860534668,0,0,11408,16755,0.4937257766723633,0.9126012,6.98,11.58,0.9126011576981442,11.94528079032898,16.060600950553063,0.9077349982364824,41.8024959564209,54.44823707842006,BendWorstOCT,2026-07-14 08:23:48,seismic-bumps,Quantile Thresholds,5.0,15,5,10,39,2,9,0.7344941214629208,0.8979938554779873,0.2226018278940308,3600.0031418800354,6132.0,1466451590,0.446344568,False,False,WorstAccel,False,3,0.0001,284,23813731[].aqua,3600,1,0,0,0.05,-1,-1,0,-1,inf,True,False,False,1,True,False,False,False,False,True,Lazy,True,2,Recursive,True,True,True,True,True,0.57098,3606,3582
74.187306501548,74.10936205468103,3.0,3,8,11913,5.30307149887085,11,1.9799842834472656,0,0,11408,16755,0.5254507064819336,0.9102012,7.31,12.12,0.910201159006148,11.68804097175598,16.058323509976553,0.9059926191891025,34.53622794151306,47.15583030729576,BendWorstOCT,2026-07-14 08:23:48,seismic-bumps,Quantile Thresholds,5.0,15,5,10,39,2,9,0.7378936205468366,0.8965676419987586,0.2150364456794357,3600.0019369125366,8211.0,1052680881,0.41479608,False,False,WorstAccel,False,3,0.0004,282,23813731[].aqua,3600,1,0,0,0.05,-1,-1,0,-1,inf,True,False,False,1,True,False,False,False,False,True,Lazy,True,2,Recursive,True,True,True,True,True,0.547936,3606,3583
73.56811145510837,73.52941176470588,3.0,3,8,11536,3.721974849700928,13,1.2954716682434082,0,0,11408,16755,0.5011847019195557,0.9054012,6.79,11.2,0.9054011608613018,11.353802919387816,15.46458839180922,0.9014164262148736,33.36168885231018,45.75750479803604,BendWorstOCT,2026-07-14 08:23:48,seismic-bumps,Quantile Thresholds,5.0,15,5,10,39,2,9,0.7272941176470573,0.8939560611748559,0.229153432543884,3600.006187915802,5699.0,645094688,0.436328288,False,False,WorstAccel,False,3,0.001,279,23813731[].aqua,3600,1,0,0,0.05,-1,-1,0,-1,inf,True,False,False,1,True,False,False,False,False,True,Lazy,True,2,Recursive,True,True,True,True,True,0.564964,3606,3582
71.09133126934985,71.00248550124275,1.6666666666666667,2,3,19220,3.755260705947876,6,1.051135778427124,0,0,11408,16755,0.5875375270843506,0.7846382,2.31,3.53,0.7505741147477156,6.313839912414551,7.680071524376733,0.7022174774466029,26.06160283088684,36.91778640383848,BendWorstOCT,2026-07-14 08:23:49,seismic-bumps,Quantile Thresholds,5.0,15,5,10,39,2,9,0.5300248550124499,0.5764367138656248,0.0875654385153026,3600.002475976944,3119.0,1682275115,0.534400008,False,False,WorstAccel,False,3,0.06,271,23813731[].aqua,3600,1,0,0,0.05,-1,-1,0,-1,inf,True,False,False,1,True,False,False,False,False,True,Lazy,True,2,Recursive,True,True,True,True,True,0.63948,3606,3579
73.87770897832817,73.52941176470588,3.0,3,8,12032,2.773111343383789,13,0.8948862552642822,0,0,11408,16755,0.5048346519470215,0.9086012,8.82,13.65,0.9086011580653812,14.459118127822876,18.905284391608955,0.9045245418950152,40.150453090667725,54.0715412273562,BendWorstOCT,2026-07-14 08:23:48,seismic-bumps,Quantile Thresholds,5.0,15,5,10,39,2,9,0.7304941176470573,0.8952467765833783,0.2255359146039314,3600.004446029663,6768.0,1946214897,0.434610792,False,False,WorstAccel,False,3,0.0006,281,23813731[].aqua,3600,1,0,0,0.05,-1,-1,0,-1,inf,True,False,False,1,True,False,False,False,False,True,Lazy,True,2,Recursive,True,True,True,True,True,0.560228,3606,3581
74.187306501548,74.10936205468103,3.0,3,8,10239,5.089433908462524,12,1.5763366222381592,0,0,11408,16755,0.616894006729126,0.8974012,7.15,11.32,0.8974011585621774,11.780878067016602,15.340825486143864,0.893753256390027,35.05431509017944,46.464473708163695,BendWorstOCT,2026-07-14 08:23:49,seismic-bumps,Quantile Thresholds,5.0,15,5,10,39,2,9,0.7250936205468366,0.8878726660780921,0.224493832132317,3600.0021920204163,5537.0,-1928362057,0.45350256,False,False,WorstAccel,False,3,0.002,278,23813731[].aqua,3600,1,0,0,0.05,-1,-1,0,-1,inf,True,False,False,1,True,False,False,False,False,True,Lazy,True,2,Recursive,True,True,True,True,True,0.549276,3606,3581
75.92879256965944,75.88235294117646,3.933333333333333,4,15,18174,5.61096453666687,21,2.087007522583008,0,0,22832,33891,0.8074896335601807,0.9402852,41.91,65.71,0.9402851704659012,53.33810901641846,77.86194040473146,0.9392229143353114,179.86369585990906,288.5883053615645,BendWorstOCT,2026-07-14 08:23:49,seismic-bumps,Quantile Thresholds,5.0,15,5,10,39,2,9,0.7498235294117631,0.9353537996987448,0.2474319129896207,3600.008740901947,1589.0,205275067,0.872009488,False,False,WorstAccel,False,4,0.0006,296,23813731[].aqua,3600,1,0,0,0.05,-1,-1,0,-1,inf,True,False,False,1,True,False,False,False,False,True,Lazy,True,2,Recursive,True,True,True,True,True,0.826064,3606,3577
73.10371517027863,72.94117647058823,2.6666666666666665,3,6,10782,3.706146478652954,8,1.0708255767822266,0,0,11408,16755,0.6139843463897705,0.8814012,7.1,11.4,0.8814011569295888,11.934537172317505,16.059341833919365,0.8775141122368726,32.06810712814331,42.09103118689834,BendWorstOCT,2026-07-14 08:23:49,seismic-bumps,Quantile Thresholds,5.0,15,5,10,39,2,9,0.7054117647058809,0.8683711618468815,0.2310131547195644,3600.008159160614,6046.0,1308492930,0.429481736,False,False,WorstAccel,False,3,0.004,277,23813731[].aqua,3600,1,0,0,0.05,-1,-1,0,-1,inf,True,False,False,1,True,False,False,False,False,True,Lazy,True,2,Recursive,True,True,True,True,True,0.550868,3606,3581
76.23839009287926,76.22203811101906,3.857142857142857,4,14,15099,6.907315015792847,22,2.860406875610352,0,0,22832,33891,0.7901062965393066,0.9434852,40.82,63.59,0.9434851711036044,62.212125062942505,98.05858996829612,0.9431385993851936,87.59453916549683,142.7584835040343,BendWorstOCT,2026-07-14 08:23:49,seismic-bumps,Quantile Thresholds,5.0,15,5,10,39,2,9,0.7566203811102196,0.9372141785750364,0.2386848173450263,3600.0171320438385,1543.0,105668457,0.796811592,False,False,WorstAccel,False,4,0.0004,297,23813731[].aqua,3600,1,0,0,0.05,-1,-1,0,-1,inf,True,False,False,1,True,False,False,False,False,True,Lazy,True,2,Recursive,True,True,True,True,True,0.74746,3606,3577
72.83281733746131,72.82518641259321,2.6,3,5,11506,9.37762451171875,14,2.974519968032837,0,0,11408,16755,0.6118381023406982,0.8654012,7.48,11.86,0.865401158524177,12.187254905700684,15.901148749188836,0.861105432222155,44.05560398101807,56.65684079625703,BendWorstOCT,2026-07-14 08:23:49,seismic-bumps,Quantile Thresholds,5.0,15,5,10,39,2,9,0.6982518641259567,0.8529191333493638,0.2215064179127014,3600.004572868347,5244.0,719396296,0.462894592,False,False,WorstAccel,False,3,0.006,276,23813731[].aqua,3600,1,0,0,0.05,-1,-1,0,-1,inf,True,False,False,1,True,False,False,False,False,True,Lazy,True,2,Recursive,True,True,True,True,True,0.546872,3606,3581
75.89009287925697,75.88235294117646,3.933333333333333,4,15,17926,6.236626148223877,13,2.52816128730774,0,0,22832,33891,0.8036708831787109,0.9482852,33.19,51.52,0.9482851711036046,50.11004900932312,78.67956308078104,0.9478682456288088,94.4648540019989,158.98248273247515,BendWorstOCT,2026-07-14 08:23:49,seismic-bumps,Quantile Thresholds,5.0,15,5,10,39,2,9,0.7573235294117632,0.942795032953766,0.2449039232757819,3600.01362991333,938.0,-270959569,0.775621088,False,False,WorstAccel,False,4,0.0001,299,23813731[].aqua,3600,1,0,0,0.05,-1,-1,0,-1,inf,True,False,False,1,True,False,False,False,False,True,Lazy,True,2,Recursive,True,True,True,True,True,0.764356,3606,3577
75.92879256965944,75.88235294117646,3.933333333333333,4,15,18685,8.753499507904053,10,3.689630031585693,0,0,22832,33891,0.7993967533111572,0.9338852,40.08,63.31,0.933885171103604,62.27144289016724,100.16337623587997,0.9335260859235494,104.13602590560912,174.10551826461295,BendWorstOCT,2026-07-14 08:23:49,seismic-bumps,Quantile Thresholds,5.0,15,5,10,39,2,9,0.7438235294117631,0.9287249461232672,0.248582371221477,3600.004572868347,1660.0,-178202271,0.802028936,False,False,WorstAccel,False,4,0.001,294,23813731[].aqua,3600,1,0,0,0.05,-1,-1,0,-1,inf,True,False,False,1,True,False,False,False,False,True,Lazy,True,2,Recursive,True,True,True,True,True,0.781696,3606,3577
72.83281733746131,72.82518641259321,2.6,3,5,22975,5.623553276062012,24,1.8511192798614504,0,0,22832,33891,0.8304486274719238,0.8511806,20.11,34.52,0.85118057270189,31.30547308921814,44.641596184386536,0.8482636370428126,102.31877303123474,146.94531972528847,BendWorstOCT,2026-07-14 08:23:49,seismic-bumps,Quantile Thresholds,5.0,15,5,10,39,2,9,0.6882518641259567,0.8460482010750503,0.2292712089483208,3600.0039179325104,2024.0,855543259,0.928716312,False,False,WorstAccel,False,4,0.008,290,23813731[].aqua,3600,1,0,0,0.05,-1,-1,0,-1,inf,True,False,False,1,True,False,False,False,False,True,Lazy,True,2,Recursive,True,True,True,True,True,0.99214,3606,3577
71.09133126934985,71.00248550124275,1.6666666666666667,2,3,22087,4.62015175819397,8,1.3747200965881348,0,0,22832,33891,0.8246314525604248,0.8422709,17.7,30.95,0.8422709365929629,26.826043844223022,39.145076877263776,0.8368594951995639,86.05681777000427,117.96786035263004,BendWorstOCT,2026-07-14 08:23:49,seismic-bumps,Quantile Thresholds,5.0,15,5,10,39,2,9,0.6800248550124499,0.8315917122319239,0.2228842903347982,3600.005896806717,3361.0,1593154308,0.739665528,False,False,WorstAccel,False,4,0.01,289,23813731[].aqua,3600,1,0,0,0.05,-1,-1,0,-1,inf,True,False,False,1,True,False,False,False,False,True,Lazy,True,2,Recursive,True,True,True,True,True,0.752352,3606,3577
71.09133126934985,71.00248550124275,1.6666666666666667,2,3,26373,3.596432685852051,8,0.8413083553314209,0,0,22832,33891,0.8264992237091064,0.7561304,7.58,14.01,0.7561303779133577,22.42966604232788,19.58792786875033,0.698900064624007,74.80895209312439,87.10805266349276,BendWorstOCT,2026-07-14 08:23:49,seismic-bumps,Quantile Thresholds,5.0,15,5,10,39,2,9,0.5300248551654524,0.613429032234284,0.1573589922359324,3600.0038640499115,1503.0,1300428859,0.85472456,False,False,WorstAccel,False,4,0.06,286,23813731[].aqua,3600,1,0,0,0.05,-1,-1,0,-1,inf,True,False,False,1,True,False,False,False,False,True,Lazy,True,2,Recursive,True,True,True,True,True,0.801208,3606,3580
76.04489164086688,76.0149130074565,3.933333333333333,4,15,16388,8.85570240020752,19,3.7738232612609854,0,0,22832,33891,0.8298633098602295,0.9178852,43.19,68.78,0.9178851685826628,54.70923709869385,81.25910869641193,0.9169851108303368,142.5908341407776,241.2245494833987,BendWorstOCT,2026-07-14 08:23:49,seismic-bumps,Quantile Thresholds,5.0,15,5,10,39,2,9,0.7301491300745937,0.9131864406010936,0.2506848299713792,3600.0111980438232,1635.0,-1159293305,0.836220864,False,False,WorstAccel,False,4,0.002,293,23813731[].aqua,3600,1,0,0,0.05,-1,-1,0,-1,inf,True,False,False,1,True,False,False,False,False,True,Lazy,True,2,Recursive,True,True,True,True,True,0.797228,3606,3577
71.09133126934985,71.00248550124275,1.6666666666666667,2,3,26290,3.509296417236328,11,0.8854527473449707,0,0,22832,33891,0.8294539451599121,0.7861792,9.77,17.92,0.7861791932775943,24.03059983253479,23.42602776465899,0.7505789189877847,72.79250597953796,75.07346170162565,BendWorstOCT,2026-07-14 08:23:49,seismic-bumps,Quantile Thresholds,5.0,15,5,10,39,2,9,0.59002485501245,0.7003005555837938,0.1869000935037167,3600.003387928009,1145.0,-1525840979,1.01746608,False,False,WorstAccel,False,4,0.04,287,23813731[].aqua,3600,1,0,0,0.05,-1,-1,0,-1,inf,True,False,False,1,True,False,False,False,False,True,Lazy,True,2,Recursive,True,True,True,True,True,0.877792,3606,3580
74.45820433436532,74.44076222038112,3.6666666666666665,4,9,20111,8.414240837097168,15,2.988694429397583,0,0,22832,33891,0.8258087635040283,0.8880272,32.16,52.15,0.8880272492189487,42.1163330078125,62.22991141801261,0.8867000964056266,184.6394989490509,313.0253959829618,BendWorstOCT,2026-07-14 08:23:49,seismic-bumps,Quantile Thresholds,5.0,15,5,10,39,2,9,0.7084076222038378,0.8827766324246523,0.2461421994280031,3600.0056579113007,1962.0,1806333470,0.866679936,False,False,WorstAccel,False,4,0.004,292,23813731[].aqua,3600,1,0,0,0.05,-1,-1,0,-1,inf,True,False,False,1,True,False,False,False,False,True,Lazy,True,2,Recursive,True,True,True,True,True,0.860616,3606,3577
71.09133126934985,71.00248550124275,1.6666666666666667,2,3,23909,3.707742691040039,11,0.9570634365081788,0,0,22832,33891,0.8196537494659424,0.8181258,13.51,24.34,0.8181258109167798,27.98569202423096,32.14180034109356,0.800749416066022,121.79090213775636,143.59863874636991,BendWorstOCT,2026-07-14 08:23:49,seismic-bumps,Quantile Thresholds,5.0,15,5,10,39,2,9,0.6500248550124499,0.7872789012239756,0.2111519969630959,3600.003879070282,1822.0,-1320092993,0.935104136,False,False,WorstAccel,False,4,0.02,288,23813731[].aqua,3600,1,0,0,0.05,-1,-1,0,-1,inf,True,False,False,1,True,False,False,False,False,True,Lazy,True,2,Recursive,True,True,True,True,True,0.847172,3606,3577
64.0092879256966,63.33885666942833,1.0,1,2,17041,2.2126121520996094,4,0.4947140216827392,0,0,22832,33891,0.8062300682067871,0.7261304,5.44,10.29,0.7261303779133577,18.81689190864563,15.247193230791858,0.6519278621657996,102.93493795394896,125.12869180854815,BendWorstOCT,2026-07-14 08:23:49,seismic-bumps,Quantile Thresholds,5.0,15,5,10,39,2,9,0.4733885668416365,0.5150008324167777,0.0879029796870059,3600.003371953964,1781.0,-1600254196,0.80915576,False,False,WorstAccel,False,4,0.08,285,23813731[].aqua,3600,1,0,0,0.05,-1,-1,0,-1,inf,True,False,False,1,True,False,False,False,False,True,Lazy,True,2,Recursive,True,True,True,True,True,0.868132,3606,3580
75.92879256965944,75.88235294117646,4.0,4,16,15827,3.814908266067505,12,1.2629659175872805,0,0,22832,33891,0.7936234474182129,0.9466852,38.12,58.2,0.9466851711036044,60.344153881073,94.48011676173776,0.9457503171440969,147.05150890350342,252.2907720562462,BendWorstOCT,2026-07-14 08:23:49,seismic-bumps,Quantile Thresholds,5.0,15,5,10,39,2,9,0.7556235294117631,0.9418780006012752,0.2464910950225532,3600.0254049301147,1355.0,-1628352060,0.786649456,False,False,WorstAccel,False,4,0.0002,298,23813731[].aqua,3600,1,0,0,0.05,-1,-1,0,-1,inf,True,False,False,1,True,False,False,False,False,True,Lazy,True,2,Recursive,True,True,True,True,True,0.750856,3606,3577
75.07739938080495,75.06213753106877,3.857142857142857,4,14,17661,8.576576232910156,14,3.718891859054565,0,0,22832,33891,0.8099026679992676,0.9370852,37.4,59.1,0.937085170513516,48.40821695327759,70.61997062480826,0.9367454361724576,82.2074408531189,131.7022085461557,BendWorstOCT,2026-07-14 08:23:49,seismic-bumps,Quantile Thresholds,5.0,15,5,10,39,2,9,0.7394213753107151,0.9308545964281884,0.2588959793555204,3600.0172398090363,1526.0,-892745460,0.854786976,False,False,WorstAccel,False,4,0.0008,295,23813731[].aqua,3600,1,0,0,0.05,-1,-1,0,-1,inf,True,False,False,1,True,False,False,False,False,True,Lazy,True,2,Recursive,True,True,True,True,True,0.800792,3606,3577
74.68085106382979,74.5,4.0,4,16,4748,1.838806629180908,17,0.9882924556732178,0,0,4706,6985,0.1148223876953125,0.9669045,1.55,2.05,0.9669045405584484,3.350511074066162,3.530911057579256,0.9661251229382354,7.814856052398682,9.646133042305806,BendWorstOCT,2026-07-14 08:23:49,thoracic,Quantile Thresholds,5.0,16,13,3,36,2,9,0.7386007499999959,0.9364160102637484,0.2678243425338433,3600.001538038254,68823.0,1441756675,0.361259096,False,False,WorstAccel,False,4,0.0004,267,23813731[].aqua,3600,1,0,0,0.05,-1,-1,0,-1,inf,True,False,False,1,True,False,False,False,False,True,Lazy,True,2,Recursive,True,True,True,True,True,0.4918,3608,3579
63.82978723404256,63.75,2.0,2,4,7459,1.3681797981262207,4,0.4847786426544189,0,0,4706,6985,0.1279036998748779,0.7684314,0.53,0.67,0.7361138556985258,1.4388458728790283,1.4154056848079812,0.6941785631191854,4.880845069885254,4.757846640700064,BendWorstOCT,2026-07-14 08:23:50,thoracic,Quantile Thresholds,5.0,16,13,3,36,2,9,0.3974999999999974,0.5240618688782944,0.3183946386875417,3600.001685857773,31574.0,1785248074,0.320638408,False,False,WorstAccel,False,4,0.06,256,23813731[].aqua,3600,1,0,0,0.05,-1,-1,0,-1,inf,True,False,False,1,True,False,False,False,False,True,Lazy,True,2,Recursive,True,True,True,True,True,0.406044,3608,3579
68.72340425531915,68.57142857142857,3.0,3,8,2763,1.0841007232666016,6,0.4651730060577392,0,0,2338,3433,0.0761058330535888,0.9221198,0.5,0.66,0.9221197597690428,1.5602211952209473,1.474556739710574,0.9200773992939852,4.332733154296875,3.753506782686509,BendWorstOCT,2026-07-14 08:23:50,thoracic,Quantile Thresholds,5.0,16,13,3,36,2,9,0.6849142857142858,0.8710831862764841,0.2718134289870239,3600.000964164734,81307.0,-1765759749,0.199591,False,False,WorstAccel,False,3,0.0001,254,23813731[].aqua,3600,1,0,0,0.05,-1,-1,0,-1,inf,True,False,False,1,True,False,False,False,False,True,Lazy,True,2,Recursive,True,True,True,True,True,0.319288,3609,3578
58.51063829787234,50.0,1.0,1,2,7026,1.3710355758666992,4,0.3742260932922363,0,0,4706,6985,0.1322081089019775,0.7484314,0.36,0.41,0.7024338805289521,1.4659719467163086,1.2049751866688858,0.6417558471733599,5.417258024215698,4.7790743266401,BendWorstOCT,2026-07-14 08:23:50,thoracic,Quantile Thresholds,5.0,16,13,3,36,2,9,0.3400000008040007,0.4108784080016582,0.2084659030295611,3600.004656076432,25646.0,-1586007446,0.229146616,False,False,WorstAccel,False,4,0.08,255,23813731[].aqua,3600,1,0,0,0.05,-1,-1,0,-1,inf,True,False,False,1,True,False,False,False,False,True,Lazy,True,2,Recursive,True,True,True,True,True,0.377764,3609,3579
71.09133126934985,71.00248550124275,1.6666666666666667,2,3,16120,3.8746650218963614,7,1.00836443901062,0,0,11408,16755,0.6598687171936035,0.8422709,5.56,8.1,0.8422709365929631,9.920515060424805,10.9650723360077,0.8362114900904447,35.89208984375,41.02471737815832,BendWorstOCT,2026-07-14 08:23:50,seismic-bumps,Quantile Thresholds,5.0,15,5,10,39,2,9,0.6800248550124499,0.8332584985607666,0.2253353571106034,3600.003173828125,1678.0,1698870705,0.509588712,False,False,WorstAccel,False,3,0.01,274,23813731[].aqua,3600,1,0,0,0.05,-1,-1,0,-1,inf,True,False,False,1,True,False,False,False,False,True,Lazy,True,2,Recursive,True,True,True,True,True,0.659184,3608,3581
71.09133126934985,71.00248550124275,1.6666666666666667,2,3,14215,6.856720209121704,16,1.9803979396820068,0,0,11408,16755,0.6508102416992188,0.8511806,6.69,9.45,0.8511805727018901,12.30885410308838,13.24897345485767,0.8472298617464465,40.82043814659119,41.226443541506455,BendWorstOCT,2026-07-14 08:23:50,seismic-bumps,Quantile Thresholds,5.0,15,5,10,39,2,9,0.6860248550124499,0.8434572091844255,0.2294849130052561,3600.003569126129,2306.0,1004957160,0.524885944,False,False,WorstAccel,False,3,0.008,275,23813731[].aqua,3600,1,0,0,0.05,-1,-1,0,-1,inf,True,False,False,1,True,False,False,False,False,True,Lazy,True,2,Recursive,True,True,True,True,True,0.622188,3608,3581
71.09133126934985,71.00248550124275,1.6666666666666667,2,3,17835,3.5426371097564697,5,0.8291432857513428,0,0,11408,16755,0.7290778160095215,0.8046382,3.01,4.25,0.7835159123775659,7.005213022232056,7.348683521070126,0.7516170238134409,29.74765396118164,33.96908663885005,BendWorstOCT,2026-07-14 08:23:51,seismic-bumps,Quantile Thresholds,5.0,15,5,10,39,2,9,0.59002485501245,0.6854815574680434,0.1617842056053371,3600.00589799881,2196.0,-1863656172,0.466895992,False,False,WorstAccel,False,3,0.04,272,23813731[].aqua,3600,1,0,0,0.05,-1,-1,0,-1,inf,True,False,False,1,True,False,False,False,False,True,Lazy,True,2,Recursive,True,True,True,True,True,0.566232,3609,3581
71.09133126934985,71.00248550124275,1.6666666666666667,2,3,15163,3.4980597496032715,6,0.9022767543792723,0,0,11408,16755,0.7311797142028809,0.8247665,3.49,5.02,0.8247664555224915,5.583444833755493,5.865451642113458,0.8024920252327663,26.32194900512696,28.90835963860032,BendWorstOCT,2026-07-14 08:23:51,seismic-bumps,Quantile Thresholds,5.0,15,5,10,39,2,9,0.6500248550124499,0.7780471103863981,0.1969497848993731,3600.010730981827,3028.0,1329821812,0.494988984,False,False,WorstAccel,False,3,0.02,273,23813731[].aqua,3600,1,0,0,0.05,-1,-1,0,-1,inf,True,False,False,1,True,False,False,False,False,True,Lazy,True,2,Recursive,True,True,True,True,True,0.627004,3609,3581
87.08333333333333,85.5421686746988,2.25,3,4,21256,2.8336992263793945,9,0.8025529384613037,0,0,43295,63277,3.3020503520965576,0.6807123,32.92,70.83,0.6807123059049843,69.8208122253418,88.89248567348355,0.6340715289160606,244.48306322097773,334.40341721072053,BendWorstOCT,2026-07-14 08:23:52,ann-thyroid,Quantile Thresholds,5.0,21,15,6,39,3,9,0.5354216867469865,0.5681635891610026,0.0611516179199672,3600.00675201416,559.0,-1730497881,0.75972228,False,False,WorstAccel,False,3,0.08,300,23813731[].aqua,3600,1,0,0,0.05,-1,-1,0,-1,inf,True,False,False,1,True,False,False,False,False,True,Lazy,True,2,Recursive,True,True,True,True,True,0.747776,3609,3580
87.08333333333333,85.5421686746988,2.25,3,4,22164,4.418830156326294,14,1.2822935581207275,0,0,43295,63277,3.426115036010742,0.8261818,17.76,35.87,0.8261817858713585,36.75400900840759,44.108016539050624,0.8091132706696239,154.614825963974,196.10325324613228,BendWorstOCT,2026-07-14 08:25:03,ann-thyroid,Quantile Thresholds,5.0,21,15,6,39,3,9,0.7754216867469864,0.7784397464486433,0.0038921528159963,3600.009343147278,1122.0,-776946340,0.940947576,False,False,WorstAccel,False,3,0.02,303,23813731[].aqua,3600,1,0,0,0.05,-1,-1,0,-1,inf,True,False,False,1,True,False,False,False,False,True,Lazy,True,2,Recursive,True,True,True,True,True,0.78682,3610,3576
88.01388888888889,87.92379237923792,2.857142857142857,3,7,18594,7.713682413101196,7,1.8824381828308103,0,0,43295,63277,3.522401571273804,0.9217372,42.39,74.38,0.9217371544043506,75.17112898826599,108.62711610937806,0.9161786607596648,267.90350699424744,434.5716482952183,BendWorstOCT,2026-07-14 08:25:03,ann-thyroid,Quantile Thresholds,5.0,21,15,6,39,3,9,0.8722379237923127,0.9015467965606828,0.033601924393451,3600.006796836853,998.0,-503839369,1.156754408,False,False,WorstAccel,False,3,0.001,309,23813731[].aqua,3600,1,0,0,0.05,-1,-1,0,-1,inf,True,False,False,1,True,False,False,False,False,True,Lazy,True,2,Recursive,True,True,True,True,True,1.010184,3609,3583
87.13888888888889,86.97869786978698,2.6,3,5,19269,4.827576637268066,7,1.0479207038879397,0,0,43295,63277,3.680460214614868,0.9249372,48.29,72.63,0.924937154404351,87.54769802093506,106.73714526395648,0.9189381758437024,418.5237901210785,564.659705856614,BendWorstOCT,2026-07-14 08:25:04,ann-thyroid,Quantile Thresholds,5.0,21,15,6,39,3,9,0.866786978697804,0.9071463584021008,0.0465620512261613,3600.085827112198,755.0,46056312,1.217274768,False,False,WorstAccel,False,3,0.0006,311,23813731[].aqua,3600,1,0,0,0.05,-1,-1,0,-1,inf,True,False,False,1,True,False,False,False,False,True,Lazy,True,2,Recursive,True,True,True,True,True,1.024344,3611,3581
87.13888888888889,86.97869786978698,2.6,3,5,16911,4.40899920463562,7,1.016840934753418,0,0,43295,63277,3.998560667037964,0.9265372,63.89,80.38,0.9265371544043506,112.93646097183228,119.52041183583022,0.9204556361308374,491.0275979042053,545.2018139429553,BendWorstOCT,2026-07-14 08:25:05,ann-thyroid,Quantile Thresholds,5.0,21,15,6,39,3,9,0.8677869786978042,0.9090881794066308,0.0475937087357579,3600.008146047592,672.0,-1720631519,0.80685936,False,False,WorstAccel,False,3,0.0004,312,23813731[].aqua,3600,1,0,0,0.05,-1,-1,0,-1,inf,True,False,False,1,True,False,False,False,False,True,Lazy,True,2,Recursive,True,True,True,True,True,0.827668,3611,3579
87.13888888888889,86.97869786978698,2.6,3,5,16567,4.561273097991943,2,0.8867385387420654,0,0,43295,63277,4.093280076980591,0.8819069,47.69,67.16,0.8819068933715192,104.06166696548462,118.60091099694138,0.8761970428172796,518.8023989200592,541.2514079672928,BendWorstOCT,2026-07-14 08:25:05,ann-thyroid,Quantile Thresholds,5.0,21,15,6,39,3,9,0.839786978697804,0.8739053802353896,0.0406274476778508,3600.014480829239,668.0,1043062742,1.1543132,False,False,WorstAccel,False,3,0.006,306,23813731[].aqua,3600,1,0,0,0.05,-1,-1,0,-1,inf,True,False,False,1,True,False,False,False,False,True,Lazy,True,2,Recursive,True,True,True,True,True,1.008652,3613,3580
87.13888888888889,86.97869786978698,2.6,3,5,16390,6.884982585906982,6,1.6774694919586182,0,0,43295,63277,4.189186811447144,0.8977372,51.14,78.41,0.8977371544043509,94.35236406326294,114.93911172698174,0.8920095294410144,448.9995460510254,524.1576058541759,BendWorstOCT,2026-07-14 08:25:05,ann-thyroid,Quantile Thresholds,5.0,21,15,6,39,3,9,0.8497869786978041,0.8824117935180398,0.0383917565673097,3600.021046161652,765.0,1836835472,1.035772448,False,False,WorstAccel,False,3,0.004,307,23813731[].aqua,3600,1,0,0,0.05,-1,-1,0,-1,inf,True,False,False,1,True,False,False,False,False,True,Lazy,True,2,Recursive,True,True,True,True,True,0.954516,3612,3579
87.08333333333333,85.5421686746988,2.25,3,4,18233,3.4228458404541016,7,0.8230643272399902,0,0,43295,63277,4.075149774551392,0.773869,35.38,51.08,0.7738690432286904,65.25604605674744,61.71430244354466,0.7416123414697913,269.26638197898865,216.1803746490801,BendWorstOCT,2026-07-14 08:25:06,ann-thyroid,Quantile Thresholds,5.0,21,15,6,39,3,9,0.6954216867469865,0.7099745954346637,0.0209267397969025,3600.0095450878143,618.0,-1851893123,0.85594908,False,False,WorstAccel,False,3,0.04,302,23813731[].aqua,3600,1,0,0,0.05,-1,-1,0,-1,inf,True,False,False,1,True,False,False,False,False,True,Lazy,True,2,Recursive,True,True,True,True,True,0.792064,3613,3576
56.30787037037037,55.53719008264463,3.2857142857142856,4,7,7065,1.4833714962005615,11,2.9147696495056152,0,0,69961,103541,1.500119686126709,0.6267404,95.17,157.85,0.6267404165072064,135.28610682487488,213.40684235873343,0.6147835982292288,972.8332588672638,1627.138853684021,BendWorstOCT,2026-07-14 09:49:55,car_evaluation,,,6,6,0,19,4,9,0.4153719008264378,0.6102189817411642,0.4690906643589806,3600.004047870636,646.0,-591546677,1.118915952,False,False,WorstAccel,False,4,0.02,14,23820687[].aqua,3600,1,0,0,0.05,-1,-1,0,-1,inf,True,False,False,1,True,False,False,False,False,True,Lazy,True,2,Recursive,True,True,True,True,True,1.14226,3609,3583
47.80092592592592,43.47826086956522,2.25,3,4,8884,0.6373546123504639,12,0.5712907314300537,0,0,69961,103541,1.5004277229309082,0.4173573,136.62,249.34,0.4173572510490701,169.58503580093384,318.0659408611011,0.3731412046049003,515.2125658988953,703.9261912002025,BendWorstOCT,2026-07-14 09:49:55,car_evaluation,,,6,6,0,19,4,9,0.1147826086956523,0.3420724680703492,1.9801768051583413,3600.005282878876,984.0,-1748471510,1.099142504,False,False,WorstAccel,False,4,0.08,19,23820687[].aqua,3600,1,0,0,0.05,-1,-1,0,-1,inf,True,False,False,1,True,False,False,False,False,True,Lazy,True,2,Recursive,True,True,True,True,True,1.097568,3609,3584
87.13888888888889,86.97869786978698,2.6,3,5,17390,5.338704824447632,3,2.102499961853028,0,0,43295,63277,2.951937437057495,0.9137372,46.49,85.17,0.9137371544043508,74.80576395988464,116.2306647175404,0.9081830722379202,285.32867097854614,512.4218247598338,BendWorstOCT,2026-07-14 09:49:56,ann-thyroid,Quantile Thresholds,5.0,21,15,6,39,3,9,0.8597869786978041,0.8990509015497135,0.0456670359341529,3600.010484933853,993.0,-1898254893,1.206897504,False,False,WorstAccel,False,3,0.002,16,23820687[].aqua,3600,1,0,0,0.05,-1,-1,0,-1,inf,True,False,False,1,True,False,False,False,False,True,Lazy,True,2,Recursive,True,True,True,True,True,1.094864,3611,3583
87.13888888888889,86.97869786978698,2.6,3,5,25594,5.367878198623657,7,2.343336582183838,0,0,43295,63277,3.028980255126953,0.8702805,18.95,41.03,0.8702804582052854,40.08147692680359,56.7166482108605,0.864017537184729,242.5945789813996,388.2785065200271,BendWorstOCT,2026-07-14 09:49:57,ann-thyroid,Quantile Thresholds,5.0,21,15,6,39,3,9,0.829786978697804,0.8531916210350267,0.028205603291042,3600.0059740543365,1078.0,-121467298,1.373644568,False,False,WorstAccel,False,3,0.008,21,23820687[].aqua,3600,1,0,0,0.05,-1,-1,0,-1,inf,True,False,False,1,True,False,False,False,False,True,Lazy,True,2,Recursive,True,True,True,True,True,1.211312,3610,3586
88.01388888888889,87.92379237923792,2.857142857142857,3,7,24777,3.6301791667938232,6,0.9020037651062012,0,0,43295,63277,3.0352134704589844,0.9233372,48.01,92.47,0.9233371544043504,78.0924301147461,127.4823571559628,0.9178168903366886,293.99304604530334,538.9758272349419,BendWorstOCT,2026-07-14 09:49:57,ann-thyroid,Quantile Thresholds,5.0,21,15,6,39,3,9,0.8736379237923126,0.906309773844402,0.0373974722963794,3600.00532913208,848.0,239536136,1.261163616,False,False,WorstAccel,False,3,0.0008,20,23820687[].aqua,3600,1,0,0,0.05,-1,-1,0,-1,inf,True,False,False,1,True,False,False,False,False,True,Lazy,True,2,Recursive,True,True,True,True,True,1.123492,3611,3586
87.98611111111111,87.95180722891567,3.5,4,8,24067,4.6164491176605225,11,1.8670434951782229,0,0,85007,125845,3.8739771842956543,0.942383,285.63,534.11,0.9423830206960332,451.70109486579895,828.2621491985,0.9423568133095124,913.652538061142,1843.771392025527,BendWorstOCT,2026-07-14 09:49:57,ann-thyroid,Quantile Thresholds,5.0,21,15,6,39,3,9,0.873118072289155,0.939984986223318,0.07658404522409,3600.0176360607147,41.0,1490305373,1.449475112,False,False,WorstAccel,False,4,0.0008,18,23820687[].aqua,3600,1,0,0,0.05,-1,-1,0,-1,inf,True,False,False,1,True,False,False,False,False,True,Lazy,True,2,Recursive,True,True,True,True,True,1.206904,3612,3584
87.08333333333333,85.5421686746988,2.25,3,4,17126,3.263913154602051,9,1.461812973022461,0,0,85007,125845,3.8729114532470703,0.8213958,102.16,191.79,0.8213957749457927,140.3835117816925,211.05341661289484,0.8124237229092063,510.33226895332336,672.0069558672839,BendWorstOCT,2026-07-14 09:49:57,ann-thyroid,Quantile Thresholds,5.0,21,15,6,39,3,9,0.7754216867469864,0.8081347665690545,0.0421874708705974,3600.0289177894592,720.0,1942837357,2.116973528,False,False,WorstAccel,False,4,0.02,17,23820687[].aqua,3600,1,0,0,0.05,-1,-1,0,-1,inf,True,False,False,1,True,False,False,False,False,True,Lazy,True,2,Recursive,True,True,True,True,True,1.505076,3612,3584
83.27922077922078,83.24958123953098,2.6,3,5,15814,9.566983461380005,6,4.941930294036865,0,0,0,0,0.3988358974456787,0.9818826,0.7,1.82,0.9817638095238256,3.514432907104492,2.503397895319237,0.976740917466429,5.9399189949035645,4.539963147786331,BendWorstOCT,2026-07-14 09:50:00,ozone-one,Quantile Thresholds,5.0,72,0,72,286,2,9,0.7824958123953225,0.9689982939986924,0.2383431050352348,3600.0043358802795,1693.0,-690262033,2.167242,False,False,WorstAccel,False,4,0.01,1,23820687[].aqua,3600,1,0,0,0.05,-1,-1,0,-1,inf,True,False,False,1,True,False,False,False,False,True,Lazy,True,2,Recursive,True,True,True,True,True,1.325052,3614,3575
79.87012987012987,71.9298245614035,1.0,1,2,15562,9.552670001983644,2,4.767592906951904,0,0,0,0,0.4011449813842773,0.8587768,0.55,1.37,0.8587247342786839,2.6614718437194824,1.839153070916376,0.8515806170014943,4.328970909118652,2.8736160882482067,BendWorstOCT,2026-07-14 09:50:00,ozone-one,Quantile Thresholds,5.0,72,0,72,286,2,9,0.5592982456140358,0.6800000000000171,0.2158092848180967,3600.006383895874,2877.0,444198802,1.667676216,False,False,WorstAccel,False,4,0.08,2,23820687[].aqua,3600,1,0,0,0.05,-1,-1,0,-1,inf,True,False,False,1,True,False,False,False,False,True,Lazy,True,2,Recursive,True,True,True,True,True,1.033548,3615,3577
88.25757575757575,87.71929824561404,3.5,4,10,16804,10.913346529006958,4,5.892082214355469,0,0,0,0,0.3770844936370849,0.9963622,0.67,1.78,0.996362214199766,3.157052993774414,2.272452397048752,0.9952421396263894,6.067868947982788,4.4986463696853685,BendWorstOCT,2026-07-14 09:50:00,ozone-one,Quantile Thresholds,5.0,72,0,72,286,2,9,0.8571929824561415,0.9923549350702416,0.1576797236799773,3600.006325006485,1994.0,1166546071,2.481414472,False,False,WorstAccel,False,4,0.002,11,23820687[].aqua,3600,1,0,0,0.05,-1,-1,0,-1,inf,True,False,False,1,True,False,False,False,False,True,Lazy,True,2,Recursive,True,True,True,True,True,1.669316,3615,3581
84.26966292134831,83.63636363636364,3.6666666666666665,4,12,2092,0.7125368118286133,18,0.3876941204071045,0,0,2450,3637,0.062040090560913,0.9288118,0.44,0.68,0.928811838006234,1.0341949462890625,1.0692110207420458,0.9095991150442506,2.5264928340911865,2.439654730329147,BendWorstOCT,2026-07-14 09:50:00,spect,,,22,22,0,22,2,9,0.8339636363636366,0.8757482146363385,0.0501035973881268,3600.0088329315186,757175.0,1434964054,1.162016448,False,False,WorstAccel,False,4,0.0002,8,23820687[].aqua,3600,1,0,0,0.05,-1,-1,0,-1,inf,True,False,False,1,True,False,False,False,False,True,Lazy,True,2,Recursive,True,True,True,True,True,1.38686,3615,3575
83.89513108614233,83.63636363636364,3.5,4,10,2050,0.6463358402252197,16,0.3491954803466797,0,0,2450,3637,0.0607223510742187,0.907713,0.45,0.65,0.9077130174293364,1.0273840427398682,0.958962922258364,0.8849883596286714,3.346529960632324,3.005178320739024,BendWorstOCT,2026-07-14 09:50:00,spect,,,22,22,0,22,2,9,0.8163636408981422,0.8507951080607505,0.0421766299203719,3600.00177693367,695076.0,396036837,0.915890064,False,False,WorstAccel,False,4,0.002,9,23820687[].aqua,3600,1,0,0,0.05,-1,-1,0,-1,inf,True,False,False,1,True,False,False,False,False,True,Lazy,True,2,Recursive,True,True,True,True,True,1.116,3615,3576
87.82467532467533,87.71929824561404,3.636363636363636,4,11,14316,9.697608470916748,6,5.497702360153198,0,0,0,0,0.4127087593078613,0.9981811,0.76,1.67,0.9981811066126888,4.015981912612915,2.196083030166616,0.9976358433395112,7.991617918014526,4.144188353706242,BendWorstOCT,2026-07-14 09:50:00,ozone-one,Quantile Thresholds,5.0,72,0,72,286,2,9,0.8661929824561415,0.997,0.1510137119478241,3600.277589082718,543.0,-270353986,2.54605468,False,False,WorstAccel,False,4,0.001,0,23820687[].aqua,3600,1,0,0,0.05,-1,-1,0,-1,inf,True,False,False,1,True,False,False,False,False,True,Lazy,True,2,Recursive,True,True,True,True,True,1.518188,3615,3578
87.33766233766234,87.32551647124511,3.6666666666666665,4,9,14406,13.981407403945925,10,7.9021148681640625,0,0,0,0,0.3801264762878418,0.9999,0.06,0.07,0.999826863883862,2.741278886795044,1.4104717535753393,0.9997704123031655,5.634899854660034,3.275793831260952,BendWorstOCT,2026-07-14 09:50:00,ozone-one,Quantile Thresholds,5.0,72,0,72,286,2,9,0.872355164712465,0.9996770211548536,0.1459518572167275,3600.032027959824,2101.0,-1476092754,2.560407464,False,False,WorstAccel,False,4,0.0001,10,23820687[].aqua,3600,1,0,0,0.05,-1,-1,0,-1,inf,True,False,False,1,True,False,False,False,False,True,Lazy,True,2,Recursive,True,True,True,True,True,1.18934,3615,3578
89.33982683982684,89.3355667225014,3.5,4,10,16683,14.364279508590698,4,9.952865839004517,0,0,0,0,0.3853709697723388,0.9927244,0.73,1.77,0.9927216783216912,3.9641871452331534,2.303731229103309,0.9908020865081998,7.383406162261963,4.5002933661699895,BendWorstOCT,2026-07-14 09:50:00,ozone-one,Quantile Thresholds,5.0,72,0,72,286,2,9,0.8533556672250282,0.9847609578950404,0.1539865447865606,3600.0310859680176,2348.0,-1566156751,2.8686084,False,False,WorstAccel,False,4,0.004,7,23820687[].aqua,3600,1,0,0,0.05,-1,-1,0,-1,inf,True,False,False,1,True,False,False,False,False,True,Lazy,True,2,Recursive,True,True,True,True,True,1.211324,3615,3577
88.9069264069264,88.88888888888889,3.5,4,8,14396,15.752105474472046,8,10.293132066726685,0,0,0,0,0.4080991744995117,0.9854797,0.71,1.77,0.9853765687341473,3.751007080078125,2.327331225543712,0.9817543944475589,5.389316082000732,3.664474488273495,BendWorstOCT,2026-07-14 09:50:01,ozone-one,Quantile Thresholds,5.0,72,0,72,286,2,9,0.824888888888903,0.9704625449484842,0.1764766843394677,3600.0044310092926,3207.0,-400498556,2.19316444,False,False,WorstAccel,False,4,0.008,24,23820687[].aqua,3600,1,0,0,0.05,-1,-1,0,-1,inf,True,False,False,1,True,False,False,False,False,True,Lazy,True,2,Recursive,True,True,True,True,True,1.016164,3614,3580
89.77272727272727,89.47368421052632,3.769230769230769,4,13,14559,11.7129545211792,4,8.095097780227661,0,0,0,0,0.410907506942749,0.9985449,0.75,1.69,0.9985448852901512,3.7805800437927246,2.1932613101977707,0.9981118049888572,8.51418399810791,6.003298075028448,BendWorstOCT,2026-07-14 09:50:01,ozone-one,Quantile Thresholds,5.0,72,0,72,286,2,9,0.8843368421052643,0.9973542729915212,0.1277990755391418,3600.072478055954,859.0,528642515,3.364465752,False,False,WorstAccel,False,4,0.0008,23,23820687[].aqua,3600,1,0,0,0.05,-1,-1,0,-1,inf,True,False,False,1,True,False,False,False,False,True,Lazy,True,2,Recursive,True,True,True,True,True,1.49726,3615,3580
87.13888888888889,86.97869786978698,2.6,3,5,20937,4.812777519226074,8,1.9974305629730225,0,0,43295,63277,3.2241244316101074,0.8614655,14.1,29.8,0.8614654619577388,28.38368797302246,37.73982078932537,0.8533862379018908,177.97537207603455,271.4978579661032,BendWorstOCT,2026-07-14 09:50:02,ann-thyroid,Quantile Thresholds,5.0,21,15,6,39,3,9,0.819786978697804,0.835830535363859,0.0195703970457538,3600.028631925583,1301.0,321525297,1.175134904,False,False,WorstAccel,False,3,0.01,3,23820687[].aqua,3600,1,0,0,0.05,-1,-1,0,-1,inf,True,False,False,1,True,False,False,False,False,True,Lazy,True,2,Recursive,True,True,True,True,True,1.072692,3617,3563
74.83333333333333,73.74737473747375,2.0,2,4,32058,4.662798404693604,13,1.472442388534546,0,0,85007,125845,3.888602733612061,0.7222375,125.19,237.24,0.72223746922631,256.84090399742126,303.2596535166073,0.6865640788495975,716.0450150966644,756.262766219276,BendWorstOCT,2026-07-14 09:50:02,ann-thyroid,Quantile Thresholds,5.0,21,15,6,39,3,9,0.4974737473746834,0.6782599533023635,0.3634085353885357,3600.0099630355835,408.0,1823946539,1.52219284,False,False,WorstAccel,False,4,0.06,25,23820687[].aqua,3600,1,0,0,0.05,-1,-1,0,-1,inf,True,False,False,1,True,False,False,False,False,True,Lazy,True,2,Recursive,True,True,True,True,True,1.36896,3616,3587
83.52059925093633,83.49056603773585,3.4444444444444446,4,9,1942,0.4126722812652588,11,0.2669637203216553,0,0,2450,3637,0.0540895462036132,0.9192633,0.34,0.59,0.9192633302939636,0.6608531475067139,0.8853909254806449,0.8960366225792962,2.12804913520813,2.6760106538637114,BendWorstOCT,2026-07-14 09:50:02,spect,,,22,22,0,22,2,9,0.8259056603773619,0.8647378277153582,0.0470176791381398,3600.0006840229034,783266.0,-916911833,1.009029064,False,False,WorstAccel,False,4,0.001,28,23820687[].aqua,3600,1,0,0,0.05,-1,-1,0,-1,inf,True,False,False,1,True,False,False,False,False,True,Lazy,True,2,Recursive,True,True,True,True,True,1.225708,3616,3580
88.2034632034632,87.71929824561404,3.5,4,10,17918,13.163634061813354,6,5.895332336425781,0,0,0,0,0.3725922107696533,0.9989087,0.56,1.5,0.9989086639676132,2.9217629432678223,2.066146214230218,0.99861264997114,5.034073114395142,3.631911489249288,BendWorstOCT,2026-07-14 09:50:03,ozone-one,Quantile Thresholds,5.0,72,0,72,286,2,9,0.8711929824561414,0.997685951505448,0.1451951193324431,3600.0077319145203,5589.0,282224979,2.472326296,False,False,WorstAccel,False,4,0.0006,26,23820687[].aqua,3600,1,0,0,0.05,-1,-1,0,-1,inf,True,False,False,1,True,False,False,False,False,True,Lazy,True,2,Recursive,True,True,True,True,True,1.260472,3616,3580
83.14606741573034,83.01886792452831,3.769230769230769,4,13,2080,0.4818499088287353,14,0.3345394134521484,0,0,2450,3637,0.0543203353881835,0.9240371,0.38,0.61,0.9240371355230068,0.7237401008605957,0.940315294734121,0.904951347835661,1.9424099922180176,2.2490567389824405,BendWorstOCT,2026-07-14 09:50:03,spect,,,22,22,0,22,2,9,0.8223886829366577,0.8701064287951217,0.0580233493584436,3600.001016139984,729090.0,-1254471417,1.00462596,False,False,WorstAccel,False,4,0.0006,43,23820687[].aqua,3600,1,0,0,0.05,-1,-1,0,-1,inf,True,False,False,1,True,False,False,False,False,True,Lazy,True,2,Recursive,True,True,True,True,True,1.186336,3618,3576
87.31944444444444,87.29372937293729,3.2857142857142856,4,7,20662,5.384798049926758,10,2.26589298248291,0,0,85007,125845,4.407419681549072,0.9238071,256.77,443.15,0.9238071111414196,448.8831150531769,678.8457457441432,0.9226281096569072,1608.5214519500732,2798.187807945136,BendWorstOCT,2026-07-14 09:50:03,ann-thyroid,Quantile Thresholds,5.0,21,15,6,39,3,9,0.8589372937293069,0.9206622852497316,0.0718620462413838,3600.037307024002,203.0,-1005592146,1.435259648,False,False,WorstAccel,False,4,0.002,4,23820687[].aqua,3600,1,0,0,0.05,-1,-1,0,-1,inf,True,False,False,1,True,False,False,False,False,True,Lazy,True,2,Recursive,True,True,True,True,True,1.214448,3618,3563
72.94891640866874,72.94117647058823,2.8,4,5,21293,6.894572973251343,16,2.3997626304626465,0,0,22832,33891,0.7433273792266846,0.8657697,26.49,46.87,0.8657696907388401,35.0061571598053,55.46732054873438,0.864298533962909,176.75053095817566,305.63006220022663,BendWorstOCT,2026-07-14 09:50:04,seismic-bumps,Quantile Thresholds,5.0,15,5,10,39,2,9,0.6994117647058808,0.8581028040750852,0.2268921504858267,3600.007313013077,803.0,530719608,1.045215736,False,False,WorstAccel,False,4,0.006,36,23820687[].aqua,3600,1,0,0,0.05,-1,-1,0,-1,inf,True,False,False,1,True,False,False,False,False,True,Lazy,True,2,Recursive,True,True,True,True,True,1.083416,3618,3579
78.35497835497836,78.33612506979341,1.6666666666666667,2,3,11738,5.822611093521118,3,4.519363641738892,0,0,0,0,0.3744196891784668,0.8941733,0.55,1.45,0.8941314534946734,2.852415084838867,1.948926169059512,0.8672446638057737,5.241446018218994,5.140290325002853,BendWorstOCT,2026-07-14 09:50:04,ozone-one,Quantile Thresholds,5.0,72,0,72,286,2,9,0.6033612506979453,0.7600000000000171,0.2596102237604387,3600.0031430721283,3012.0,416622518,1.612235792,False,False,WorstAccel,False,3,0.06,13,23820687[].aqua,3600,1,0,0,0.05,-1,-1,0,-1,inf,True,False,False,1,True,False,False,False,False,True,Lazy,True,2,Recursive,True,True,True,True,True,1.038672,3618,3582
89.39393939393939,89.39140145170296,3.5454545454545454,4,11,14126,10.388720989227297,6,5.968275547027588,0,0,0,0,0.3725719451904297,0.9998,0.04,0.05,0.999653728749706,2.051597118377685,1.270577894238082,0.999545587268478,4.385260105133057,2.6799276656881936,BendWorstOCT,2026-07-14 09:50:04,ozone-one,Quantile Thresholds,5.0,72,0,72,286,2,9,0.891714014517044,0.9992621329220662,0.1206083078813903,3600.009129047394,2883.0,1470238686,2.517931408,False,False,WorstAccel,False,4,0.0002,47,23820687[].aqua,3600,1,0,0,0.05,-1,-1,0,-1,inf,True,False,False,1,True,False,False,False,False,True,Lazy,True,2,Recursive,True,True,True,True,True,1.217724,3618,3581
89.375,89.27392739273927,3.2857142857142856,4,7,15137,14.230024337768556,10,19.630172967910767,0,0,85007,125845,4.524415493011475,0.8602879,112.21,194.79,0.8602878751241989,166.5199990272522,224.44074907674124,0.8574590082417948,612.4390261173248,745.812242274539,BendWorstOCT,2026-07-14 09:50:04,ann-thyroid,Quantile Thresholds,5.0,21,15,6,39,3,9,0.8227392739273249,0.8547182795482865,0.0388689426096199,3600.048799991608,625.0,-1394671482,1.889470752,False,False,WorstAccel,False,4,0.01,5,23820687[].aqua,3600,1,0,0,0.05,-1,-1,0,-1,inf,True,False,False,1,True,False,False,False,False,True,Lazy,True,2,Recursive,True,True,True,True,True,1.439252,3627,3579
86.03896103896103,85.96491228070175,3.1666666666666665,4,6,13966,8.968785762786865,6,5.260432004928589,0,0,0,0,0.3729784488677978,0.9639419,0.64,1.79,0.9639292785249676,3.4069950580596924,2.352436422996607,0.9550433628380184,5.432354927062988,4.143414418279202,BendWorstOCT,2026-07-14 09:50:04,ozone-one,Quantile Thresholds,5.0,72,0,72,286,2,9,0.7396491228070186,0.9271358321771996,0.253480608019457,3600.002254009247,2416.0,115667638,2.475986544,False,False,WorstAccel,False,4,0.02,34,23820687[].aqua,3600,1,0,0,0.05,-1,-1,0,-1,inf,True,False,False,1,True,False,False,False,False,True,Lazy,True,2,Recursive,True,True,True,True,True,1.409708,3618,3579
83.82034632034632,83.80792853154662,2.6,3,5,13941,9.208117485046388,4,5.5560622215271,0,0,0,0,0.3717758655548095,0.989089,0.64,1.82,0.9890857480562336,3.0475239753723145,2.3658772448979435,0.986022928623631,5.112316846847534,4.163936342176533,BendWorstOCT,2026-07-14 09:50:04,ozone-one,Quantile Thresholds,5.0,72,0,72,286,2,9,0.808079285315479,0.9776523053250268,0.209847007702153,3600.02871799469,2157.0,-1983060029,1.848243568,False,False,WorstAccel,False,4,0.006,38,23820687[].aqua,3600,1,0,0,0.05,-1,-1,0,-1,inf,True,False,False,1,True,False,False,False,False,True,Lazy,True,2,Recursive,True,True,True,True,True,1.12702,3618,3578
84.14502164502164,84.142936906756,2.6,3,5,12144,7.182986497879028,6,6.696676254272461,0,0,0,0,0.3718855381011963,0.9642914,0.6,1.61,0.9642675026783576,2.7677040100097656,2.149977001172455,0.954641503413958,4.507270097732544,3.569491450053961,BendWorstOCT,2026-07-14 09:50:04,ozone-one,Quantile Thresholds,5.0,72,0,72,286,2,9,0.7414293690675728,0.9351328043216244,0.2612567607048727,3600.0481209754944,1982.0,143069601,1.790475424,False,False,WorstAccel,False,3,0.02,37,23820687[].aqua,3600,1,0,0,0.05,-1,-1,0,-1,inf,True,False,False,1,True,False,False,False,False,True,Lazy,True,2,Recursive,True,True,True,True,True,1.043812,3618,3578
78.35497835497836,78.33612506979341,1.6666666666666667,2,3,16804,9.540432453155518,5,5.77312707901001,0,0,0,0,0.3761208057403564,0.8934213,0.56,1.58,0.8933395647446578,2.97376012802124,2.124262534866669,0.8660912304772532,6.128976106643677,5.920424434478774,BendWorstOCT,2026-07-14 09:50:04,ozone-one,Quantile Thresholds,5.0,72,0,72,286,2,9,0.6033612506979453,0.7964373255330954,0.3200007866130068,3600.0214319229126,1724.0,-1864652245,2.114075104,False,False,WorstAccel,False,4,0.06,51,23820687[].aqua,3600,1,0,0,0.05,-1,-1,0,-1,inf,True,False,False,1,True,False,False,False,False,True,Lazy,True,2,Recursive,True,True,True,True,True,1.386592,3618,3581
88.96103896103897,88.94472361809045,3.75,4,12,19021,14.844945907592772,10,9.036620616912842,0,0,0,0,0.4288773536682129,0.9992724,0.46,1.14,0.9992724426450756,3.219306945800781,1.7601662567648213,0.99905807836465,6.443623781204224,4.394902500888437,BendWorstOCT,2026-07-14 09:50:04,ozone-one,Quantile Thresholds,5.0,72,0,72,286,2,9,0.8846472361809187,0.9984,0.1285854509760972,3600.023078918457,2157.0,1900142382,3.25190428,False,False,WorstAccel,False,4,0.0004,30,23820687[].aqua,3600,1,0,0,0.05,-1,-1,0,-1,inf,True,False,False,1,True,False,False,False,False,True,Lazy,True,2,Recursive,True,True,True,True,True,1.56778,3618,3579
89.19444444444444,88.55421686746988,3.2857142857142856,4,7,24057,5.467818737030029,13,3.927399158477783,0,0,85007,125845,4.478331804275513,0.953583,243.57,428.5,0.9535830206960334,402.8166060447693,639.46546855077,0.953564457205868,855.8461639881134,1515.4350171599883,BendWorstOCT,2026-07-14 09:50:04,ann-thyroid,Quantile Thresholds,5.0,21,15,6,39,3,9,0.8848421686746972,0.9527905574913806,0.0767915355101751,3600.036211013794,81.0,1618583186,1.720978432,False,False,WorstAccel,False,4,0.0001,6,23820687[].aqua,3600,1,0,0,0.05,-1,-1,0,-1,inf,True,False,False,1,True,False,False,False,False,True,Lazy,True,2,Recursive,True,True,True,True,True,1.313,3627,3585
88.01388888888889,87.92379237923792,2.857142857142857,3,7,26271,6.10905385017395,10,1.6517810821533203,0,0,43295,63277,3.052536725997925,0.9281372,46.73,83.19,0.928137154404351,85.79443407058716,128.40414869000992,0.9227682596251846,286.7282540798187,510.8371263191702,BendWorstOCT,2026-07-14 09:50:06,ann-thyroid,Quantile Thresholds,5.0,21,15,6,39,3,9,0.8778379237923127,0.9188263510393984,0.04669247720583,3600.0210661888123,752.0,1635425925,1.37145712,False,False,WorstAccel,False,3,0.0002,31,23820687[].aqua,3600,1,0,0,0.05,-1,-1,0,-1,inf,True,False,False,1,True,False,False,False,False,True,Lazy,True,2,Recursive,True,True,True,True,True,1.202768,3620,3586
88.01388888888889,87.92379237923792,2.857142857142857,3,7,18543,5.922894477844238,10,1.7051169872283936,0,0,43295,63277,3.1647658348083496,0.9289372,45.32,81.89,0.9289371544043508,79.06346797943115,116.83993078102584,0.923213901399721,319.28772497177124,567.5315577300773,BendWorstOCT,2026-07-14 09:50:07,ann-thyroid,Quantile Thresholds,5.0,21,15,6,39,3,9,0.8785379237923128,0.9104282665391948,0.0362993353880769,3600.023103952408,954.0,-1969255927,1.144909928,False,False,WorstAccel,False,3,0.0001,33,23820687[].aqua,3600,1,0,0,0.05,-1,-1,0,-1,inf,True,False,False,1,True,False,False,False,False,True,Lazy,True,2,Recursive,True,True,True,True,True,1.032412,3620,3582
89.11111111111111,87.95180722891567,3.2857142857142856,4,7,20372,3.63921570777893,9,2.400327444076538,0,0,85007,125845,3.808765411376953,0.939183,272.53,525.63,0.9391830206960338,405.3991270065308,750.0782159061914,0.9391694357645124,657.4386820793152,1262.9456498043423,BendWorstOCT,2026-07-14 09:50:07,ann-thyroid,Quantile Thresholds,5.0,21,15,6,39,3,9,0.872518072289155,0.9340757610484588,0.0705517635844492,3600.010499954224,44.0,94775117,1.64711152,False,False,WorstAccel,False,4,0.001,29,23820687[].aqua,3600,1,0,0,0.05,-1,-1,0,-1,inf,True,False,False,1,True,False,False,False,False,True,Lazy,True,2,Recursive,True,True,True,True,True,1.22498,3621,3591
89.19444444444444,88.55421686746988,3.2857142857142856,4,7,20168,4.180192947387695,14,1.8101186752319336,0,0,85007,125845,4.093574523925781,0.8819406,185.26,308.48,0.8819406099738996,263.22062516212463,364.6652109816896,0.8795927789259804,1282.9549770355225,2078.5316254561944,BendWorstOCT,2026-07-14 09:50:07,ann-thyroid,Quantile Thresholds,5.0,21,15,6,39,3,9,0.8435421686746971,0.8795339596413011,0.0426674472280991,3600.012050151825,54.0,2080435712,1.34290408,False,False,WorstAccel,False,4,0.006,48,23820687[].aqua,3600,1,0,0,0.05,-1,-1,0,-1,inf,True,False,False,1,True,False,False,False,False,True,Lazy,True,2,Recursive,True,True,True,True,True,1.129748,3621,3584
89.22222222222223,88.58695652173913,3.2857142857142856,4,7,21674,3.616213798522949,10,3.469244718551636,0,0,85007,125845,4.068654537200928,0.948783,246.15,457.95,0.9487830204849708,319.4859039783478,530.8405251504339,0.9487765533734628,891.8650279045105,1685.606634887067,BendWorstOCT,2026-07-14 09:50:07,ann-thyroid,Quantile Thresholds,5.0,21,15,6,39,3,9,0.8830695652173867,0.9411290711680336,0.0657473751078199,3600.01203584671,25.0,203939746,1.393322376,False,False,WorstAccel,False,4,0.0004,32,23820687[].aqua,3600,1,0,0,0.05,-1,-1,0,-1,inf,True,False,False,1,True,False,False,False,False,True,Lazy,True,2,Recursive,True,True,True,True,True,1.187848,3621,3587
87.13888888888889,86.97869786978698,2.6,3,5,16453,3.339768886566162,9,0.8936362266540527,0,0,85007,125845,4.120099306106567,0.8699912,132.09,212.85,0.8699912114606432,201.9532561302185,258.7770521572185,0.8670381452716241,1022.5393099784852,1308.7862583521717,BendWorstOCT,2026-07-14 09:50:08,ann-thyroid,Quantile Thresholds,5.0,21,15,6,39,3,9,0.829786978697804,0.8656785429156013,0.0432539496752797,3600.02748298645,586.0,73862241,1.934422824,False,False,WorstAccel,False,4,0.008,39,23820687[].aqua,3600,1,0,0,0.05,-1,-1,0,-1,inf,True,False,False,1,True,False,False,False,False,True,Lazy,True,2,Recursive,True,True,True,True,True,1.405672,3621,3582
87.98611111111111,87.95180722891567,3.5,4,8,25387,4.8658668994903564,8,1.3702900409698486,0,0,85007,125845,4.0972113609313965,0.945583,312.49,520.33,0.9455830206962208,394.1624698638916,601.0815787390508,0.9455767701788672,1009.544147014618,1863.410583561156,BendWorstOCT,2026-07-14 09:50:07,ann-thyroid,Quantile Thresholds,5.0,21,15,6,39,3,9,0.874718072289155,0.936958574387926,0.0711549287370803,3600.012284040451,52.0,893549232,1.481613848,False,False,WorstAccel,False,4,0.0006,49,23820687[].aqua,3600,1,0,0,0.05,-1,-1,0,-1,inf,True,False,False,1,True,False,False,False,False,True,Lazy,True,2,Recursive,True,True,True,True,True,1.229708,3621,3584
89.22222222222223,88.58695652173913,3.2857142857142856,4,7,25662,4.763015985488892,12,7.389028549194336,0,0,85007,125845,4.115878105163574,0.8998021,215.37,384.47,0.8998020997118505,339.04340410232544,496.43140486030205,0.8980609639707089,1471.4742090702057,2492.894214970297,BendWorstOCT,2026-07-14 09:50:08,ann-thyroid,Quantile Thresholds,5.0,21,15,6,39,3,9,0.8578695652173867,0.8980524067704938,0.046840269409633,3600.0104529857635,203.0,2032387841,1.496008936,False,False,WorstAccel,False,4,0.004,41,23820687[].aqua,3600,1,0,0,0.05,-1,-1,0,-1,inf,True,False,False,1,True,False,False,False,False,True,Lazy,True,2,Recursive,True,True,True,True,True,1.180616,3621,3582
87.13888888888889,85.5421686746988,2.8,4,5,30616,4.645134925842285,11,1.2186925411224363,0,0,85007,125845,4.108684778213501,0.6843039,147.35,234.08,0.6843039409473891,309.2566339969635,295.0888999463479,0.6287189542152124,886.0527930259705,844.3222345781153,BendWorstOCT,2026-07-14 09:50:08,ann-thyroid,Quantile Thresholds,5.0,21,15,6,39,3,9,0.4554216867469864,0.6137870556064609,0.3477334818872068,3600.012375831604,581.0,-388191660,1.613328584,False,False,WorstAccel,False,4,0.08,42,23820687[].aqua,3600,1,0,0,0.05,-1,-1,0,-1,inf,True,False,False,1,True,False,False,False,False,True,Lazy,True,2,Recursive,True,True,True,True,True,1.445116,3621,3582
87.08333333333333,85.5421686746988,2.25,3,4,21069,3.5322365760803223,14,1.3897147178649902,0,0,85007,125845,4.120317220687866,0.7666423,126.87,204.3,0.7666423004713021,263.5818769931793,257.85681173178733,0.7447463591808764,781.3301250934601,754.5207688048622,BendWorstOCT,2026-07-14 09:50:08,ann-thyroid,Quantile Thresholds,5.0,21,15,6,39,3,9,0.6954216867469865,0.724020544356116,0.0411244833949714,3600.011554956436,702.0,1332744945,1.393666944,False,False,WorstAccel,False,4,0.04,40,23820687[].aqua,3600,1,0,0,0.05,-1,-1,0,-1,inf,True,False,False,1,True,False,False,False,False,True,Lazy,True,2,Recursive,True,True,True,True,True,1.131436,3621,3582
89.22222222222223,88.58695652173913,3.2857142857142856,4,7,21768,4.641918897628784,15,4.810834646224976,0,0,85007,125845,4.091954946517944,0.951983,292.55,486.75,0.9519830206960342,438.71071195602417,678.8763669664554,0.9518617052733076,1185.154573917389,2128.8965635122067,BendWorstOCT,2026-07-14 09:50:07,ann-thyroid,Quantile Thresholds,5.0,21,15,6,39,3,9,0.8844695652173867,0.9406900080745108,0.0635640219494788,3600.0089859962463,126.0,-1992862327,1.427557088,False,False,WorstAccel,False,4,0.0002,45,23820687[].aqua,3600,1,0,0,0.05,-1,-1,0,-1,inf,True,False,False,1,True,False,False,False,False,True,Lazy,True,2,Recursive,True,True,True,True,True,1.747196,3621,3584
56.30787037037037,55.53719008264463,3.25,4,8,5183,0.7189130783081055,14,8.70659852027893,0,0,69961,103541,1.4893674850463867,0.7007337,97.3,161.8,0.7007337431432574,185.4571590423584,205.75270683813,0.6995711707336133,1012.7105638980864,1698.5105239712452,BendWorstOCT,2026-07-14 15:21:19,car_evaluation,,,6,6,0,19,4,9,0.5393719008264378,0.6992897989334373,0.2964891160662424,3600.0064148902893,578.0,1066485102,1.026449952,False,False,WorstAccel,False,4,0.002,0,23835487[].aqua,3600,1,0,0,0.05,-1,-1,0,-1,inf,True,False,False,1,True,False,False,False,False,True,Lazy,True,2,Recursive,True,True,True,True,True,2.616528,3627,3576
