Accuracy,Worst Class Accuracy,Average Leaf Depth,Max Leaf Depth,Leaves Used,Benders Cuts - Cuts Added,Benders Cuts - Time,Solution Polishing - Solutions Found,Solution Polishing - Time,EQP Initial Cuts - Auxiliary Vars,EQP Initial Cuts - Cuts,EQP Initial Cuts - Time,Initial Root Relaxation - Obj,Initial Root Relaxation - Time,Initial Root Relaxation - Work,Presolve Relaxation - Obj,Presolve Relaxation - Time,Presolve Relaxation - Work,Final Root Relaxation - Obj,Final Root Relaxation - Time,Final Root Relaxation - Work,Model,Begin Opt Time,Dataset,Encoding,Buckets,|F|,|F^C|,|F^N|,|F^B|,|K|,Model Status,Objective,Bound,Gap,Solve Time,Node Count,Fingerprint,Memory Usage,Warmstart,Polish Warmstart,Results Directory,Compare Relaxations,depth,lambda,Subjob id,Array Job id,TimeLimit,Threads,MIPGap,MIPFocus,Heuristics,NodeMethod,Method,Seed,Presolve,NodeLimit,Benders Cuts-Enabled,Benders Cuts-Enhanced Cuts,Benders Cuts-Relax w,Benders Cuts-EC Level,Solution Polishing-Enabled,Solution Polishing-Check Validity,Solution Polishing-Use Cache,Path Bound Cutting Planes-Enabled,Path Bound Cutting Planes-Endpoint Only,Path Bound Cutting Planes-Cut Type,EQP Initial Cuts-Enabled,EQP Initial Cuts-Features Removed,EQP Initial Cuts-H Variant,EQP Initial Cuts-Disaggregate Alpha,EQP Initial Cuts-Group Selection,EQP Initial Cuts-Ignore Dataset Check,EQP Initial Cuts-Filter Dominated,EQP Initial Cuts-Beta Dependence,Memory,Walltime,CPUtime
80.52434456928839,78.18181818181819,2.25,3,4,0,0,0,0,0,0,0,0.8809993,0.01,0.01,0.879524151538421,0.0680539608001709,0.0274349593588064,0.7992106020435392,0.1287980079650879,0.0872826606101086,BendWorstOCT,2026-07-10 14:10:36,spect,,,22,22,0,22,2,2,0.6218181818181819,0.6218181818181819,0.0,10.44448208808899,3036.0,-1807473579,0.038777224,False,False,ModifiedCuts,False,3,0.04,62,23589610[].aqua,3600,1,0,0,0.05,-1,-1,0,-1,inf,True,True,False,1,False,False,True,False,False,Lazy,False,0,Chain,False,False,False,False,False,0.139764,16,13
80.52434456928839,78.18181818181819,2.25,3,4,0,0,0,0,0,0,0,0.9372723,0.0,0.01,0.9336325941950652,0.0576558113098144,0.019639964604899,0.8997593941717831,0.097661018371582,0.0574637688290669,BendWorstOCT,2026-07-10 14:10:36,spect,,,22,22,0,22,2,2,0.701818181818182,0.7018181818181819,0.0,25.990175008773804,9466.0,1816830288,0.043966448,False,False,ModifiedCuts,False,3,0.02,63,23589610[].aqua,3600,1,0,0,0.05,-1,-1,0,-1,inf,True,True,False,1,False,False,True,False,False,Lazy,False,0,Chain,False,False,False,False,False,0.1449,31,29
73.78277153558052,72.64150943396227,1.6666666666666667,2,3,0,0,0,0,0,0,0,0.7783985,0.01,0.01,0.7775852624138564,0.0640058517456054,0.034397687774704,0.6874232161000132,0.1188199520111084,0.0934753711883934,BendWorstOCT,2026-07-10 14:11:11,spect,,,22,22,0,22,2,2,0.4864150943396241,0.4864150943396241,0.0,1.634670972824097,730.0,-1511147379,0.02352072,False,False,ModifiedCuts,False,3,0.08,60,23589610[].aqua,3600,1,0,0,0.05,-1,-1,0,-1,inf,True,True,False,1,False,False,True,False,False,Lazy,False,0,Chain,False,False,False,False,False,0.132324,6,5
68.23104693140795,67.90123456790124,1.6666666666666667,2,3,0,0,0,0,0,0,0,0.8445593,0.0,0.01,0.8419034815001516,0.066673994064331,0.0177480228682819,0.8283815197625668,0.1196639537811279,0.0624700959858945,BendWorstOCT,2026-07-10 14:09:22,breast-cancer,,,9,9,0,38,2,2,0.4390123459668158,0.4390123459668157,0.0,119.62865090370178,6732.0,-232606241,0.050878288,False,False,ModifiedCuts,False,3,0.08,0,23589610[].aqua,3600,1,0,0,0.05,-1,-1,0,-1,inf,True,True,False,1,False,False,True,False,False,Lazy,False,0,Chain,False,False,False,False,False,0.163672,126,123
73.78277153558052,72.64150943396227,1.6666666666666667,2,3,0,0,0,0,0,0,0,0.8282024,0.01,0.01,0.8263741543843436,0.0879909992218017,0.0335277753194488,0.7478455003087767,0.1296451091766357,0.0739618403807505,BendWorstOCT,2026-07-10 14:11:51,spect,,,22,22,0,22,2,2,0.5464150943396249,0.5464150943396249,0.0,2.9468860626220703,1141.0,2018360874,0.02485344,False,False,ModifiedCuts,False,3,0.06,61,23589610[].aqua,3600,1,0,0,0.05,-1,-1,0,-1,inf,True,True,False,1,False,False,True,False,False,Lazy,False,0,Chain,False,False,False,False,False,0.03032,10,8
73.78277153558052,72.64150943396227,1.6666666666666667,2,3,0,0,0,0,0,0,0,0.7572478,0.01,0.01,0.7571884864604941,0.0753560066223144,0.0346317733844825,0.7124199827201031,0.1416008472442627,0.1058138176086788,BendWorstOCT,2026-07-10 14:11:49,spect,,,22,22,0,22,2,2,0.4864150943396234,0.4864150943396234,0.0,7.986035823822021,1697.0,581590857,0.03402592,False,False,ModifiedCuts,False,4,0.08,75,23589610[].aqua,3600,1,0,0,0.05,-1,-1,0,-1,inf,True,True,False,1,False,False,True,False,False,Lazy,False,0,Chain,False,False,False,False,False,0.13554,86,14
73.78277153558052,72.64150943396227,1.6666666666666667,2,3,0,0,0,0,0,0,0,0.809821,0.01,0.01,0.8093159538583294,0.0878009796142578,0.0330740670118666,0.7828805398480047,0.1467058658599853,0.0918830554634204,BendWorstOCT,2026-07-10 14:11:49,spect,,,22,22,0,22,2,2,0.5464150944942667,0.5464150944942665,0.0,12.662385940551758,2119.0,-403968686,0.039750656,False,False,ModifiedCuts,False,4,0.06,76,23589610[].aqua,3600,1,0,0,0.05,-1,-1,0,-1,inf,True,True,False,1,False,False,True,False,False,Lazy,False,0,Chain,False,False,False,False,False,0.146484,90,18
80.52434456928839,78.18181818181819,2.25,3,4,0,0,0,0,0,0,0,0.8653767,0.0,0.01,0.8643068537809168,0.0833978652954101,0.0286235331811451,0.7932541906978219,0.2026660442352295,0.1062200844150418,BendWorstOCT,2026-07-10 14:11:49,spect,,,22,22,0,22,2,2,0.6218181818181819,0.6218181818181818,0.0,47.13820004463196,11920.0,-1454733476,0.042032384,False,False,ModifiedCuts,False,4,0.04,77,23589610[].aqua,3600,1,0,0,0.05,-1,-1,0,-1,inf,True,True,False,1,False,False,True,False,False,Lazy,False,0,Chain,False,False,False,False,False,0.151284,124,52
79.7752808988764,79.71698113207547,2.6,3,5,0,0,0,0,0,0,0,0.9684848,0.01,0.01,0.9666666666666692,0.2682111263275146,0.0131438719314434,0.9666666666666692,0.558445930480957,0.0245757790909665,BendWorstOCT,2026-07-10 14:11:49,spect,,,22,22,0,22,2,2,0.747169811320758,0.747169811320758,0.0,80.42100310325623,27779.0,1171096689,0.041539352,False,False,ModifiedCuts,False,3,0.01,64,23589610[].aqua,3600,1,0,0,0.05,-1,-1,0,-1,inf,True,True,False,1,False,False,True,False,False,Lazy,False,0,Chain,False,False,False,False,False,0.150436,158,92
68.95306859205776,67.90123456790124,1.6666666666666667,2,3,0,0,0,0,0,0,0,0.8819786,0.01,0.0,0.8813027053375548,1.5522468090057373,0.0179018091590396,0.8682208215605269,1.828561782836914,0.0480767167518415,BendWorstOCT,2026-07-10 14:10:31,breast-cancer,,,9,9,0,38,2,2,0.4990123456790115,0.4990123456790115,0.0,193.6269738674164,11596.0,149335052,0.061544872,False,False,ModifiedCuts,False,3,0.06,1,23589610[].aqua,3600,1,0,0,0.05,-1,-1,0,-1,inf,True,True,False,1,False,False,True,False,False,Lazy,False,0,Chain,False,False,False,False,False,0.176092,269,204
79.7752808988764,79.71698113207547,2.6,3,5,0,0,0,0,0,0,0,0.9747879,0.0,0.01,0.9733333333333352,0.059067964553833,0.0131814113783221,0.9733333333333352,0.0844109058380127,0.0246376589756118,BendWorstOCT,2026-07-10 14:11:49,spect,,,22,22,0,22,2,2,0.7571698113207581,0.7571698113207581,0.0,131.72933411598206,41132.0,854952423,0.046536416,False,False,ModifiedCuts,False,3,0.008,65,23589610[].aqua,3600,1,0,0,0.05,-1,-1,0,-1,inf,True,True,False,1,False,False,True,False,False,Lazy,False,0,Chain,False,False,False,False,False,0.153332,210,137
79.7752808988764,79.71698113207547,2.6,3,5,0,0,0,0,0,0,0,0.9810909,0.0,0.01,0.9800000000000014,0.0651149749755859,0.0131712738024092,0.9800000000000014,0.0851469039916992,0.0245838331134092,BendWorstOCT,2026-07-10 14:11:49,spect,,,22,22,0,22,2,2,0.7671698113207562,0.7671698113207562,0.0,156.69395112991333,40651.0,-1892438628,0.048639936,False,False,ModifiedCuts,False,3,0.006,66,23589610[].aqua,3600,1,0,0,0.05,-1,-1,0,-1,inf,True,True,False,1,False,False,True,False,False,Lazy,False,0,Chain,False,False,False,False,False,0.16108,235,162
34.56,30.55555555555556,1.6666666666666667,2,3,0,0,0,0,0,0,0,0.7723077,0.02,0.04,0.7639222614840967,0.2285280227661132,0.1119516781473719,0.6799999999999983,0.5626199245452881,0.5453757162980762,BendWorstOCT,2026-07-10 14:10:30,balance-scale,,,4,4,0,20,3,2,0.0655555556621106,0.0655555556621106,0.0,269.48221588134766,25499.0,-131713360,0.083446104,False,False,ModifiedCuts,False,3,0.08,30,23589610[].aqua,3600,1,0,0,0.05,-1,-1,0,-1,inf,True,True,False,1,False,False,True,False,False,Lazy,False,0,Chain,False,False,False,False,False,0.192944,343,272
79.7752808988764,79.71698113207547,2.6,3,5,0,0,0,0,0,0,0,0.9873939,0.01,0.01,0.9866666666666676,0.0622031688690185,0.0131813783783221,0.9866666666666676,0.0825550556182861,0.0246226772593814,BendWorstOCT,2026-07-10 14:11:49,spect,,,22,22,0,22,2,2,0.7771698113207547,0.7771698113207547,0.0,245.2815420627594,70304.0,682799076,0.048067576,False,False,ModifiedCuts,False,3,0.004,67,23589610[].aqua,3600,1,0,0,0.05,-1,-1,0,-1,inf,True,True,False,1,False,False,True,False,False,Lazy,False,0,Chain,False,False,False,False,False,0.161712,323,250
79.7752808988764,79.71698113207547,2.6,3,5,0,0,0,0,0,0,0,0.993697,0.01,0.01,0.9933333333333338,0.0697300434112548,0.0133212420953267,0.9933333333333338,0.0947489738464355,0.0246076979965046,BendWorstOCT,2026-07-10 14:11:49,spect,,,22,22,0,22,2,2,0.7871698113207571,0.7871698113207571,0.0,246.6708378791809,77388.0,46219017,0.056301376,False,False,ModifiedCuts,False,3,0.002,68,23589610[].aqua,3600,1,0,0,0.05,-1,-1,0,-1,inf,True,True,False,1,False,False,True,False,False,Lazy,False,0,Chain,False,False,False,False,False,0.162576,325,252
68.95306859205776,67.90123456790124,1.6666666666666667,2,3,0,0,0,0,0,0,0,0.9203695,0.0,0.0,0.9202006269592452,0.1313791275024414,0.0176047098573515,0.9080839716018868,0.1885640621185302,0.0720203113614141,BendWorstOCT,2026-07-10 14:10:30,breast-cancer,,,9,9,0,38,2,2,0.5590123456790133,0.5590123456790133,0.0,380.51819920539856,26372.0,1220759208,0.062237856,False,False,ModifiedCuts,False,3,0.04,2,23589610[].aqua,3600,1,0,0,0.05,-1,-1,0,-1,inf,True,True,False,1,False,False,True,False,False,Lazy,False,0,Chain,False,False,False,False,False,0.178048,456,383
79.7752808988764,79.71698113207547,2.6,3,5,0,0,0,0,0,0,0,0.9974788,0.01,0.01,0.9973333333333336,1.4858438968658447,0.0139139805534528,0.9973333333333336,1.7474608421325684,0.0252056407487673,BendWorstOCT,2026-07-10 14:11:49,spect,,,22,22,0,22,2,2,0.7931698113207578,0.7931698113207578,0.0,328.4721338748932,116510.0,-1855736362,0.050758624,False,False,ModifiedCuts,False,3,0.0008,70,23589610[].aqua,3600,1,0,0,0.05,-1,-1,0,-1,inf,True,True,False,1,False,False,True,False,False,Lazy,False,0,Chain,False,False,False,False,False,0.163764,408,337
79.7752808988764,79.71698113207547,2.6,3,5,0,0,0,0,0,0,0,0.9968485,0.01,0.01,0.9966666666666668,0.0699620246887207,0.013595182862337,0.9966666666666668,0.0956611633300781,0.0249604656379423,BendWorstOCT,2026-07-10 14:11:49,spect,,,22,22,0,22,2,2,0.7921698113207569,0.7921698113207569,0.0,368.9066190719605,102414.0,-622913664,0.055722848,False,False,ModifiedCuts,False,3,0.001,69,23589610[].aqua,3600,1,0,0,0.05,-1,-1,0,-1,inf,True,True,False,1,False,False,True,False,False,Lazy,False,0,Chain,False,False,False,False,False,0.17066,447,373
79.7752808988764,79.71698113207547,2.6,3,5,0,0,0,0,0,0,0,0.9987394,0.0,0.0,0.9986666666666668,0.0485949516296386,0.0130828456826885,0.9986666666666668,0.0679049491882324,0.0245044661946824,BendWorstOCT,2026-07-10 14:11:49,spect,,,22,22,0,22,2,2,0.7951698115002725,0.7951698115002725,0.0,372.0465829372406,130143.0,294684894,0.051771664,False,False,ModifiedCuts,False,3,0.0004,72,23589610[].aqua,3600,1,0,0,0.05,-1,-1,0,-1,inf,True,True,False,1,False,False,True,False,False,Lazy,False,0,Chain,False,False,False,False,False,0.167356,450,375
79.7752808988764,79.71698113207547,2.6,3,5,0,0,0,0,0,0,0,0.9999,0.0,0.0,0.99965,0.06705904006958,0.0127300570983891,0.955622714695543,0.1327199935913086,0.0613997298685607,BendWorstOCT,2026-07-10 14:11:49,spect,,,22,22,0,22,2,2,0.7966698113207578,0.7966698113207578,0.0,390.4717059135437,138376.0,1204141659,0.054167272,False,False,ModifiedCuts,False,3,0.0001,74,23589610[].aqua,3600,1,0,0,0.05,-1,-1,0,-1,inf,True,True,False,1,False,False,True,False,False,Lazy,False,0,Chain,False,False,False,False,False,0.163096,467,392
68.95306859205776,67.90123456790124,1.6666666666666667,2,3,0,0,0,0,0,0,0,0.8410976,0.03,0.01,0.839863611088766,4.368854999542236,0.024294812835433,0.8279771843009825,5.255603075027466,0.0796218657166941,BendWorstOCT,2026-07-10 14:10:31,breast-cancer,,,9,9,0,38,2,2,0.4390123456790131,0.4390123456790131,0.0,474.64249300956726,19352.0,-156153317,0.10552232,False,False,ModifiedCuts,False,4,0.08,15,23589610[].aqua,3600,1,0,0,0.05,-1,-1,0,-1,inf,True,True,False,1,False,False,True,False,False,Lazy,False,0,Chain,False,False,False,False,False,0.204836,550,486
79.7752808988764,79.71698113207547,2.6,3,5,0,0,0,0,0,0,0,0.9981091,0.0,0.01,0.998,0.0515058040618896,0.0134936327668508,0.998,0.071030855178833,0.0247993591671156,BendWorstOCT,2026-07-10 14:11:49,spect,,,22,22,0,22,2,2,0.7941698113207546,0.7941698113207546,0.0,407.3096778392792,144229.0,679490176,0.053092408,False,False,ModifiedCuts,False,3,0.0006,71,23589610[].aqua,3600,1,0,0,0.05,-1,-1,0,-1,inf,True,True,False,1,False,False,True,False,False,Lazy,False,0,Chain,False,False,False,False,False,0.16882,484,409
79.7752808988764,79.71698113207547,2.6,3,5,0,0,0,0,0,0,0,0.9998,0.0,0.0,0.9993458333333334,0.0592279434204101,0.0159753162877235,0.9394322245002592,0.1882519721984863,0.0855566887211192,BendWorstOCT,2026-07-10 14:11:49,spect,,,22,22,0,22,2,2,0.7961698113207575,0.7961698113207575,0.0,423.70994091033936,172968.0,-719057259,0.054227808,False,False,ModifiedCuts,False,3,0.0002,73,23589610[].aqua,3600,1,0,0,0.05,-1,-1,0,-1,inf,True,True,False,1,False,False,True,False,False,Lazy,False,0,Chain,False,False,False,False,False,0.166668,501,425
34.56,30.55555555555556,1.6666666666666667,2,3,0,0,0,0,0,0,0,0.8292308,0.02,0.03,0.8249153443170578,0.227550983428955,0.1080829658585563,0.7599999999999978,0.459691047668457,0.3242284139107045,BendWorstOCT,2026-07-10 14:10:30,balance-scale,,,4,4,0,20,3,2,0.1255555558932216,0.1255555558932216,0.0,688.0773539543152,57036.0,368200548,0.093528504,False,False,ModifiedCuts,False,3,0.06,31,23589610[].aqua,3600,1,0,0,0.05,-1,-1,0,-1,inf,True,True,False,1,False,False,True,False,False,Lazy,False,0,Chain,False,False,False,False,False,0.2003,761,688
50.4,48.61111111111112,2.857142857142857,3,7,0,0,0,0,0,0,0,0.9997286,0.0,0.0,0.9997199999999968,0.1330771446228027,0.0447555225202194,0.9971761827351338,0.2877240180969238,0.2237536291169041,BendWorstOCT,2026-07-10 14:10:30,balance-scale,,,4,4,0,20,3,2,0.4854111112596511,0.4854111112596511,0.0,806.6616411209106,46066.0,-1707781589,0.105459504,False,False,ModifiedCuts,False,3,0.0001,44,23589610[].aqua,3600,1,0,0,0.05,-1,-1,0,-1,inf,True,True,False,1,False,False,True,False,False,Lazy,False,0,Chain,False,False,False,False,False,0.217844,880,805
50.4,48.61111111111112,2.857142857142857,3,7,0,0,0,0,0,0,0,0.9988615,0.01,0.03,0.998799999999997,0.2028388977050781,0.1298876179326639,0.9983999999999972,0.3657670021057129,0.3387780877982592,BendWorstOCT,2026-07-10 14:10:30,balance-scale,,,4,4,0,20,3,2,0.4833111111111097,0.4833111111111097,0.0,833.5987730026245,49121.0,1555560480,0.103328096,False,False,ModifiedCuts,False,3,0.0004,42,23589610[].aqua,3600,1,0,0,0.05,-1,-1,0,-1,inf,True,True,False,1,False,False,True,False,False,Lazy,False,0,Chain,False,False,False,False,False,0.215168,907,831
50.4,48.61111111111112,2.857142857142857,3,7,0,0,0,0,0,0,0,0.9943077,0.01,0.03,0.993999999999997,0.2073369026184082,0.1268720441854366,0.991999999999997,0.3448359966278076,0.2824508943329138,BendWorstOCT,2026-07-10 14:10:30,balance-scale,,,4,4,0,20,3,2,0.4721111111111098,0.4721111111111098,0.0,848.6404769420624,37890.0,326134569,0.1025296,False,False,ModifiedCuts,False,3,0.002,38,23589610[].aqua,3600,1,0,0,0.05,-1,-1,0,-1,inf,True,True,False,1,False,False,True,False,False,Lazy,False,0,Chain,False,False,False,False,False,0.206772,922,846
50.4,48.61111111111112,2.857142857142857,3,7,0,0,0,0,0,0,0,0.9971538,0.01,0.03,0.996999999999997,0.2033309936523437,0.1246432446858177,0.995999999999997,0.3601500988006592,0.3289840744323741,BendWorstOCT,2026-07-10 14:10:30,balance-scale,,,4,4,0,20,3,2,0.4791114583333321,0.4791114583333321,0.0,867.9363040924072,44781.0,221570801,0.099946448,False,False,ModifiedCuts,False,3,0.001,39,23589610[].aqua,3600,1,0,0,0.05,-1,-1,0,-1,inf,True,True,False,1,False,False,True,False,False,Lazy,False,0,Chain,False,False,False,False,False,0.202504,941,865
50.4,48.61111111111112,2.857142857142857,3,7,0,0,0,0,0,0,0,0.9886154,0.02,0.03,0.9879999999999972,0.2299809455871582,0.1177574012929112,0.983999999999997,0.368067979812622,0.2996477015110003,BendWorstOCT,2026-07-10 14:10:30,balance-scale,,,4,4,0,20,3,2,0.4581111111111099,0.4581111111111099,0.0,933.0720980167388,48553.0,-673613679,0.103546568,False,False,ModifiedCuts,False,3,0.004,37,23589610[].aqua,3600,1,0,0,0.05,-1,-1,0,-1,inf,True,True,False,1,False,False,True,False,False,Lazy,False,0,Chain,False,False,False,False,False,0.21612,1007,931
50.4,48.61111111111112,2.857142857142857,3,7,0,0,0,0,0,0,0,0.9772308,0.02,0.03,0.975999999999997,0.1909999847412109,0.0773051992355919,0.967999999999997,0.3978199958801269,0.3203262880894326,BendWorstOCT,2026-07-10 14:10:30,balance-scale,,,4,4,0,20,3,2,0.4301111111111098,0.4301111111111098,0.0,980.2594139575958,52116.0,225976592,0.102689016,False,False,ModifiedCuts,False,3,0.008,35,23589610[].aqua,3600,1,0,0,0.05,-1,-1,0,-1,inf,True,True,False,1,False,False,True,False,False,Lazy,False,0,Chain,False,False,False,False,False,0.210936,1053,977
50.4,48.61111111111112,2.857142857142857,3,7,0,0,0,0,0,0,0,0.9715385,0.01,0.03,0.969999999999997,0.1859550476074218,0.0741949368420227,0.9599999999999972,0.3421199321746826,0.2048358695812661,BendWorstOCT,2026-07-10 14:10:30,balance-scale,,,4,4,0,20,3,2,0.4161111115359434,0.4161111115359434,0.0,989.6550011634828,67581.0,-326977299,0.109742688,False,False,ModifiedCuts,False,3,0.01,34,23589610[].aqua,3600,1,0,0,0.05,-1,-1,0,-1,inf,True,True,False,1,False,False,True,False,False,Lazy,False,0,Chain,False,False,False,False,False,0.2384,1063,987
50.4,48.61111111111112,2.857142857142857,3,7,0,0,0,0,0,0,0,0.9977231,0.01,0.03,0.997599999999997,0.2159750461578369,0.1178718775571477,0.996799999999997,0.4205851554870605,0.3979199692432558,BendWorstOCT,2026-07-10 14:10:30,balance-scale,,,4,4,0,20,3,2,0.4805111114072122,0.4805111114072122,0.0,1101.6428201198578,69046.0,-700238105,0.112246048,False,False,ModifiedCuts,False,3,0.0008,40,23589610[].aqua,3600,1,0,0,0.05,-1,-1,0,-1,inf,True,True,False,1,False,False,True,False,False,Lazy,False,0,Chain,False,False,False,False,False,0.216476,1175,1097
50.4,48.61111111111112,2.857142857142857,3,7,0,0,0,0,0,0,0,0.9829231,0.01,0.03,0.981999999999997,0.1895809173583984,0.0829116854008721,0.9759999999999966,0.3403899669647217,0.2472346452009742,BendWorstOCT,2026-07-10 14:10:30,balance-scale,,,4,4,0,20,3,2,0.4441111112555206,0.4441111112555206,0.0,1104.5535349845886,66123.0,-644917102,0.10494716,False,False,ModifiedCuts,False,3,0.006,36,23589610[].aqua,3600,1,0,0,0.05,-1,-1,0,-1,inf,True,True,False,1,False,False,True,False,False,Lazy,False,0,Chain,False,False,False,False,False,0.2278,1178,1101
80.52434456928839,78.18181818181819,2.25,3,4,0,0,0,0,0,0,0,0.9273739,0.01,0.01,0.9259990354336334,0.0840702056884765,0.0258893248305066,0.887032215420874,0.1416611671447754,0.0593715843819593,BendWorstOCT,2026-07-10 14:11:49,spect,,,22,22,0,22,2,2,0.7018181824877693,0.7018181824877692,0.0,1027.3300490379331,216538.0,853284163,0.0811534,False,False,ModifiedCuts,False,4,0.02,78,23589610[].aqua,3600,1,0,0,0.05,-1,-1,0,-1,inf,True,True,False,1,False,False,True,False,False,Lazy,False,0,Chain,False,False,False,False,False,0.197264,1104,1025
50.4,48.61111111111112,2.857142857142857,3,7,0,0,0,0,0,0,0,0.9994308,0.02,0.03,0.999399999999997,0.2115530967712402,0.1100926809492747,0.999199999999997,0.3848519325256347,0.3060090138299067,BendWorstOCT,2026-07-10 14:10:30,balance-scale,,,4,4,0,20,3,2,0.4847111111111098,0.4847111111111099,0.0,1125.7346279621124,64252.0,161351874,0.141133392,False,False,ModifiedCuts,False,3,0.0002,43,23589610[].aqua,3600,1,0,0,0.05,-1,-1,0,-1,inf,True,True,False,1,False,False,True,False,False,Lazy,False,0,Chain,False,False,False,False,False,0.23942,1199,1121
50.4,48.61111111111112,2.857142857142857,3,7,0,0,0,0,0,0,0,0.9982923,0.01,0.03,0.998199999999997,0.206367015838623,0.109125117411187,0.9975999999999968,0.3468639850616455,0.2815018443244592,BendWorstOCT,2026-07-10 14:10:30,balance-scale,,,4,4,0,20,3,2,0.4819111111111099,0.4819111111111099,0.0,1148.7322690486908,69589.0,-1561431587,0.135442496,False,False,ModifiedCuts,False,3,0.0006,41,23589610[].aqua,3600,1,0,0,0.05,-1,-1,0,-1,inf,True,True,False,1,False,False,True,False,False,Lazy,False,0,Chain,False,False,False,False,False,0.238688,1222,1144
55.04,54.16666666666666,2.8,4,5,0,0,0,0,0,0,0,0.7590184,0.01,0.03,0.758885783695594,0.17684006690979,0.0666574712290613,0.7309538719721127,0.4075441360473633,0.3929595654962545,BendWorstOCT,2026-07-10 14:10:30,balance-scale,,,4,4,0,20,3,2,0.1416666666666681,0.1416666666666681,0.0,1245.4365129470823,77079.0,548034958,0.095515816,False,False,ModifiedCuts,False,4,0.08,45,23589610[].aqua,3600,1,0,0,0.05,-1,-1,0,-1,inf,True,True,False,1,False,False,True,False,False,Lazy,False,0,Chain,False,False,False,False,False,0.211264,1319,1240
64.1711229946524,60.87719298245614,1.0,1,2,0,0,0,0,0,0,0,0.8316179,0.01,0.02,0.8301737671195824,0.0786521434783935,0.0312686766398213,0.8301737671195824,0.0952250957489013,0.0491982187260505,BendWorstOCT,2026-07-10 14:29:42,transfusion,Quantile Thresholds,5.0,4,0,4,16,2,2,0.4487719298245628,0.4487719298245629,0.0,112.30365800857544,4421.0,1110426730,0.115091664,False,False,ModifiedCuts,False,3,0.08,180,23589610[].aqua,3600,1,0,0,0.05,-1,-1,0,-1,inf,True,True,False,1,False,False,True,False,False,Lazy,False,0,Chain,False,False,False,False,False,0.212056,117,115
45.92,40.97222222222222,2.4,3,5,0,0,0,0,0,0,0,0.8861538,0.02,0.03,0.8847283045130867,0.2311639785766601,0.1116312752503773,0.839999999999997,0.5469088554382324,0.3659417828378671,BendWorstOCT,2026-07-10 14:10:30,balance-scale,,,4,4,0,20,3,2,0.2097222225851383,0.2097222225851383,0.0,1401.5521960258484,110253.0,-715576266,0.10971696,False,False,ModifiedCuts,False,3,0.04,32,23589610[].aqua,3600,1,0,0,0.05,-1,-1,0,-1,inf,True,True,False,1,False,False,True,False,False,Lazy,False,0,Chain,False,False,False,False,False,0.227732,1475,1396
64.1711229946524,60.87719298245614,1.0,1,2,0,0,0,0,0,0,0,0.8289957,0.02,0.05,0.8262976279918451,0.2377619743347168,0.0909338620666061,0.7503776683087052,0.3786048889160156,0.213628963585706,BendWorstOCT,2026-07-10 14:32:05,transfusion,Quantile Thresholds,5.0,4,0,4,16,2,2,0.4487719308387031,0.4487719308387032,0.0,215.94063901901245,4850.0,1422811000,0.18713508,False,False,ModifiedCuts,False,4,0.08,195,23589610[].aqua,3600,1,0,0,0.05,-1,-1,0,-1,inf,True,True,False,1,False,False,True,False,False,Lazy,False,0,Chain,False,False,False,False,False,0.282212,223,219
64.1711229946524,60.87719298245614,1.0,1,2,0,0,0,0,0,0,0,0.8692563,0.01,0.02,0.8684718277126504,0.0857830047607421,0.0298942163600482,0.8684718277126504,0.1044850349426269,0.0475983738137935,BendWorstOCT,2026-07-10 14:30:19,transfusion,Quantile Thresholds,5.0,4,0,4,16,2,2,0.4887719298245628,0.4887719298245628,0.0,359.96069598197937,15940.0,-1128782547,0.121652584,False,False,ModifiedCuts,False,3,0.06,181,23589610[].aqua,3600,1,0,0,0.05,-1,-1,0,-1,inf,True,True,False,1,False,False,True,False,False,Lazy,False,0,Chain,False,False,False,False,False,0.220468,365,361
68.95306859205776,67.90123456790124,1.6666666666666667,2,3,0,0,0,0,0,0,0,0.96,0.0,0.0,0.9594117647058792,0.080949068069458,0.0156498802911296,0.9527227095269448,0.2244560718536377,0.0916459431519138,BendWorstOCT,2026-07-10 14:10:30,breast-cancer,,,9,9,0,38,2,2,0.6190123456790146,0.6190123456790145,0.0,1603.602266073227,169813.0,1570284765,0.081535264,False,False,ModifiedCuts,False,3,0.02,3,23589610[].aqua,3600,1,0,0,0.05,-1,-1,0,-1,inf,True,True,False,1,False,False,True,False,False,Lazy,False,0,Chain,False,False,False,False,False,0.2061,1678,1598
50.4,48.61111111111112,2.857142857142857,3,7,0,0,0,0,0,0,0,0.9430769,0.02,0.03,0.9400998844238946,0.3877139091491699,0.090479610440053,0.919999999999997,0.6157598495483398,0.2905171812383019,BendWorstOCT,2026-07-10 14:10:30,balance-scale,,,4,4,0,20,3,2,0.3461111111111098,0.3461111111111098,0.0,1906.2397508621216,70357.0,1800049160,0.105804792,False,False,ModifiedCuts,False,3,0.02,33,23589610[].aqua,3600,1,0,0,0.05,-1,-1,0,-1,inf,True,True,False,1,False,False,True,False,False,Lazy,False,0,Chain,False,False,False,False,False,0.214484,1980,1899
68.95306859205776,67.90123456790124,1.6666666666666667,2,3,0,0,0,0,0,0,0,0.8787873,0.01,0.01,0.8778655282817474,1.514899969100952,0.0231703370422863,0.868578767977671,1.842005014419556,0.0649998088330234,BendWorstOCT,2026-07-10 14:10:31,breast-cancer,,,9,9,0,38,2,2,0.4990123461287171,0.4990123461287171,0.0,2177.9500539302826,107290.0,1078146946,0.110771976,False,False,ModifiedCuts,False,4,0.06,16,23589610[].aqua,3600,1,0,0,0.05,-1,-1,0,-1,inf,True,True,False,1,False,False,True,False,False,Lazy,False,0,Chain,False,False,False,False,False,0.208768,2252,2173
69.38502673796792,66.29213483146067,1.6666666666666667,2,3,0,0,0,0,0,0,0,0.907,0.01,0.01,0.9060850819200948,0.0851988792419433,0.0281290433821602,0.9060850819200948,0.1051290035247802,0.0464628224777946,BendWorstOCT,2026-07-10 14:30:19,transfusion,Quantile Thresholds,5.0,4,0,4,16,2,2,0.542921348314608,0.542921348314608,0.0,1068.821939945221,47894.0,-971915156,0.133043672,False,False,ModifiedCuts,False,3,0.04,182,23589610[].aqua,3600,1,0,0,0.05,-1,-1,0,-1,inf,True,True,False,1,False,False,True,False,False,Lazy,False,0,Chain,False,False,False,False,False,0.232444,1075,1064
55.04,54.16666666666666,2.8,4,5,0,0,0,0,0,0,0,0.8192638,0.01,0.02,0.8185261102102589,0.197718858718872,0.092402121511504,0.7546670619145232,0.4460279941558838,0.4230947802541275,BendWorstOCT,2026-07-10 14:10:30,balance-scale,,,4,4,0,20,3,2,0.2416666667908323,0.2416666667908323,0.0,2396.4343118667603,139397.0,-1538226207,0.142718248,False,False,ModifiedCuts,False,4,0.06,46,23589610[].aqua,3600,1,0,0,0.05,-1,-1,0,-1,inf,True,True,False,1,False,False,True,False,False,Lazy,False,0,Chain,False,False,False,False,False,0.261304,2469,2381
64.1711229946524,60.87719298245614,1.0,1,2,0,0,0,0,0,0,0,0.8670079,0.02,0.06,0.8666193567869568,0.2609469890594482,0.0937834651490546,0.8032024848004254,0.4208128452301025,0.2520861338376358,BendWorstOCT,2026-07-10 14:32:05,transfusion,Quantile Thresholds,5.0,4,0,4,16,2,2,0.4887719298245627,0.4887719298245628,0.0,1312.6173248291016,37263.0,-900786454,0.235203784,False,False,ModifiedCuts,False,4,0.06,196,23589610[].aqua,3600,1,0,0,0.05,-1,-1,0,-1,inf,True,True,False,1,False,False,True,False,False,Lazy,False,0,Chain,False,False,False,False,False,0.319968,1318,1307
72.56317689530685,71.60493827160494,2.6,3,5,0,0,0,0,0,0,0,0.98,0.0,0.0,0.979705882352938,0.0739748477935791,0.0149090739781057,0.9759520537220964,0.194990873336792,0.0815680346335613,BendWorstOCT,2026-07-10 14:10:30,breast-cancer,,,9,9,0,38,2,2,0.6660493827160501,0.6660493827160501,0.0,2819.0947439670563,311027.0,696069150,0.104334368,False,False,ModifiedCuts,False,3,0.01,4,23589610[].aqua,3600,1,0,0,0.05,-1,-1,0,-1,inf,True,True,False,1,False,False,True,False,False,Lazy,False,0,Chain,False,False,False,False,False,0.233192,2894,2805
69.38502673796792,66.29213483146067,1.6666666666666667,2,3,0,0,0,0,0,0,0,0.946094,0.02,0.01,0.945863874345552,1.4836018085479736,0.0288144067253845,0.9149706938929878,1.8166849613189693,0.0977737632015909,BendWorstOCT,2026-07-10 14:31:33,transfusion,Quantile Thresholds,5.0,4,0,4,16,2,2,0.6029213483146065,0.6029213483146064,0.0,2079.789729833603,122934.0,1586582235,0.136076784,False,False,ModifiedCuts,False,3,0.02,183,23589610[].aqua,3600,1,0,0,0.05,-1,-1,0,-1,inf,True,True,False,1,False,False,True,False,False,Lazy,False,0,Chain,False,False,False,False,False,0.25586,2160,2074
72.92418772563177,72.8395061728395,3.0,3,8,0,0,0,0,0,0,0,0.9992,0.0,0.0,0.9991499999999957,0.0556678771972656,0.0131201090904994,0.9990499999999956,0.1302618980407714,0.0541196612158904,BendWorstOCT,2026-07-10 14:09:22,breast-cancer,,,9,9,0,38,2,9,0.7251950617283961,0.7600994020575295,0.0481309680266492,3600.0047290325165,328156.0,-1317906458,0.130009224,False,False,ModifiedCuts,False,3,0.0004,12,23589610[].aqua,3600,1,0,0,0.05,-1,-1,0,-1,inf,True,True,False,1,False,False,True,False,False,Lazy,False,0,Chain,False,False,False,False,False,0.262752,3605,3577
72.92418772563177,72.8395061728395,3.0,3,8,0,0,0,0,0,0,0,0.996,0.0,0.0,0.995941176470584,0.0589540004730224,0.0142251492581522,0.9950999999999892,0.1829450130462646,0.0779385763560868,BendWorstOCT,2026-07-10 14:09:22,breast-cancer,,,9,9,0,38,2,9,0.7123950617283956,0.7908775725375884,0.1101671179735306,3600.0006170272827,264371.0,-388951301,0.158569816,False,False,ModifiedCuts,False,3,0.002,8,23589610[].aqua,3600,1,0,0,0.05,-1,-1,0,-1,inf,True,True,False,1,False,False,True,False,False,Lazy,False,0,Chain,False,False,False,False,False,0.302924,3606,3578
72.92418772563177,72.8395061728395,3.0,3,8,0,0,0,0,0,0,0,0.9988,0.0,0.0,0.9987249999999956,0.1106729507446289,0.0135120527954261,0.9985717391304304,0.1533918380737304,0.0509161723092137,BendWorstOCT,2026-07-10 14:09:22,breast-cancer,,,9,9,0,38,2,9,0.7235950617283958,0.750627442680774,0.0373584375877413,3600.0006968975067,384827.0,305835123,0.121169016,False,False,ModifiedCuts,False,3,0.0006,11,23589610[].aqua,3600,1,0,0,0.05,-1,-1,0,-1,inf,True,True,False,1,False,False,True,False,False,Lazy,False,0,Chain,False,False,False,False,False,0.246232,3605,3574
72.92418772563177,72.8395061728395,3.0,3,8,0,0,0,0,0,0,0,0.998,0.0,0.0,0.9978749999999956,0.1327698230743408,0.0138230357682282,0.9976363636363592,0.2019319534301757,0.0619858362562486,BendWorstOCT,2026-07-10 14:09:22,breast-cancer,,,9,9,0,38,2,9,0.7203950617283961,0.7649334033553815,0.0618248846960826,3600.0019528865814,300065.0,983495617,0.13619516,False,False,ModifiedCuts,False,3,0.001,9,23589610[].aqua,3600,1,0,0,0.05,-1,-1,0,-1,inf,True,True,False,1,False,False,True,False,False,Lazy,False,0,Chain,False,False,False,False,False,0.260284,3605,3581
72.92418772563177,72.8395061728395,3.0,3,8,0,0,0,0,0,0,0,0.9998,0.0,0.0,0.9996499999999956,0.0348820686340332,0.0116741724777181,0.9995466666666624,0.09197998046875,0.0468825424401942,BendWorstOCT,2026-07-10 14:09:22,breast-cancer,,,9,9,0,38,2,9,0.7267950617283964,0.7925118003152164,0.0904199024557742,3600.000906944275,302515.0,1649167955,0.150445456,False,False,ModifiedCuts,False,3,0.0002,13,23589610[].aqua,3600,1,0,0,0.05,-1,-1,0,-1,inf,True,True,False,1,False,False,True,False,False,Lazy,False,0,Chain,False,False,False,False,False,0.28642,3605,3573
72.56317689530685,71.60493827160494,2.6,3,5,0,0,0,0,0,0,0,0.9999,0.0,0.0,0.9998249999999956,0.0350239276885986,0.0116911382340585,0.9997749999999956,0.161391019821167,0.0419909401095789,BendWorstOCT,2026-07-10 14:09:22,breast-cancer,,,9,9,0,38,2,9,0.71554938271605,0.803384464638073,0.1227519498215799,3600.0007309913635,306778.0,-1340299538,0.170806992,False,False,ModifiedCuts,False,3,0.0001,14,23589610[].aqua,3600,1,0,0,0.05,-1,-1,0,-1,inf,True,True,False,1,False,False,True,False,False,Lazy,False,0,Chain,False,False,False,False,False,0.314672,3606,3579
72.92418772563177,72.8395061728395,3.0,3,8,0,0,0,0,0,0,0,0.9984,0.0,0.0,0.9982999999999956,0.0684149265289306,0.0131478162371661,0.9980799999999956,0.2216739654541015,0.0610495777534096,BendWorstOCT,2026-07-10 14:09:23,breast-cancer,,,9,9,0,38,2,9,0.7219950617283962,0.7837211858279108,0.0854938314283582,3600.001091003418,261151.0,601437234,0.133578664,False,False,ModifiedCuts,False,3,0.0008,10,23589610[].aqua,3600,1,0,0,0.05,-1,-1,0,-1,inf,True,True,False,1,False,False,True,False,False,Lazy,False,0,Chain,False,False,False,False,False,0.262356,3607,3573
55.04,54.16666666666666,2.8,4,5,0,0,0,0,0,0,0,0.9397546,0.01,0.01,0.9394460641399398,0.2000539302825927,0.0702807870227126,0.9183703703703682,0.4207189083099365,0.3614873144855559,BendWorstOCT,2026-07-10 14:10:30,balance-scale,,,4,4,0,20,3,9,0.441666666666665,0.6011718749999991,0.3611438679245313,3600.00096988678,57787.0,1961645995,0.19698816,False,False,ModifiedCuts,False,4,0.02,48,23589610[].aqua,3600,1,0,0,0.05,-1,-1,0,-1,inf,True,True,False,1,False,False,True,False,False,Lazy,False,0,Chain,False,False,False,False,False,0.294452,3673,3575
55.04,54.16666666666666,2.8,4,5,0,0,0,0,0,0,0,0.8795092,0.01,0.01,0.8790909090909067,0.1673271656036377,0.0519343225517235,0.8654017208513175,0.3547461032867431,0.3236210185768171,BendWorstOCT,2026-07-10 14:10:30,balance-scale,,,4,4,0,20,3,9,0.3416666668008321,0.4121676001355121,0.2063441950448657,3600.001883983612,120459.0,402944796,0.142907104,False,False,ModifiedCuts,False,4,0.04,47,23589610[].aqua,3600,1,0,0,0.05,-1,-1,0,-1,inf,True,True,False,1,False,False,True,False,False,Lazy,False,0,Chain,False,False,False,False,False,0.26524,3673,3575
55.04,54.16666666666666,2.8,4,5,0,0,0,0,0,0,0,0.9879509,0.0,0.01,0.9876734693877522,0.1472110748291015,0.0412008584507412,0.9858686561665256,0.2716329097747803,0.1720470296883643,BendWorstOCT,2026-07-10 14:10:30,balance-scale,,,4,4,0,20,3,9,0.5216666666666652,0.7230339791569342,0.3860076277768747,3600.001293897629,44921.0,-1034739561,0.264580936,False,False,ModifiedCuts,False,4,0.004,52,23589610[].aqua,3600,1,0,0,0.05,-1,-1,0,-1,inf,True,True,False,1,False,False,True,False,False,Lazy,False,0,Chain,False,False,False,False,False,0.3697,3673,3576
57.44,53.06122448979592,3.333333333333333,4,9,0,0,0,0,0,0,0,0.9997214,0.0,0.0,0.999714857142854,0.0845708847045898,0.0265662147669842,0.9995916666666635,0.3072559833526611,0.1559380391368348,BendWorstOCT,2026-07-10 14:10:30,balance-scale,,,4,4,0,20,3,9,0.5297122448979591,0.7608857052800068,0.436413284020987,3600.005024909973,35997.0,1913335280,0.259983352,False,False,ModifiedCuts,False,4,0.0001,59,23589610[].aqua,3600,1,0,0,0.05,-1,-1,0,-1,inf,True,True,False,1,False,False,True,False,False,Lazy,False,0,Chain,False,False,False,False,False,0.371516,3672,3579
51.04,50.69444444444444,3.0,4,7,0,0,0,0,0,0,0,0.9698773,0.01,0.01,0.9698685146546736,0.1444950103759765,0.0433669991955626,0.9666653050903368,0.2011518478393554,0.102736718192964,BendWorstOCT,2026-07-10 14:10:30,balance-scale,,,4,4,0,20,3,9,0.436944444875526,0.6822048611111095,0.5613080086312842,3600.000871181488,47664.0,-2134037436,0.265435304,False,False,ModifiedCuts,False,4,0.01,49,23589610[].aqua,3600,1,0,0,0.05,-1,-1,0,-1,inf,True,True,False,1,False,False,True,False,False,Lazy,False,0,Chain,False,False,False,False,False,0.382072,3673,3575
63.04,59.18367346938776,3.636363636363636,4,11,0,0,0,0,0,0,0,0.9975902,0.0,0.01,0.997534693877548,0.1583881378173828,0.039107075737604,0.9971522888459028,0.2642910480499267,0.1568269605560045,BendWorstOCT,2026-07-10 14:10:30,balance-scale,,,4,4,0,20,3,9,0.5830367346938825,0.75851114933741,0.3009663100141684,3600.000946998596,34070.0,-1919703284,0.22705664,False,False,ModifiedCuts,False,4,0.0008,55,23589610[].aqua,3600,1,0,0,0.05,-1,-1,0,-1,inf,True,True,False,1,False,False,True,False,False,Lazy,False,0,Chain,False,False,False,False,False,0.304136,3672,3573
55.68,55.55555555555556,3.125,4,8,0,0,0,0,0,0,0,0.9759018,0.01,0.01,0.975505557067604,0.1525819301605224,0.0428673621819373,0.972493539025505,0.2541089057922363,0.1423761232284252,BendWorstOCT,2026-07-10 14:10:30,balance-scale,,,4,4,0,20,3,9,0.4915555555555633,0.6942181604942691,0.4122883011863297,3600.0010409355164,44046.0,-1284788983,0.241058184,False,False,ModifiedCuts,False,4,0.008,50,23589610[].aqua,3600,1,0,0,0.05,-1,-1,0,-1,inf,True,True,False,1,False,False,True,False,False,Lazy,False,0,Chain,False,False,False,False,False,0.328704,3673,3575
56.32,55.90277777777778,3.6666666666666665,4,12,0,0,0,0,0,0,0,0.9993975,0.01,0.01,0.9993692307692278,0.1736459732055664,0.0650803574532219,0.9992467065868234,0.2350950241088867,0.1337112484150402,BendWorstOCT,2026-07-10 14:10:30,balance-scale,,,4,4,0,20,3,9,0.5566277777777864,0.7535887442651481,0.3538468153236709,3600.0008220672607,44203.0,-1157462089,0.303920824,False,False,ModifiedCuts,False,4,0.0002,58,23589610[].aqua,3600,1,0,0,0.05,-1,-1,0,-1,inf,True,True,False,1,False,False,True,False,False,Lazy,False,0,Chain,False,False,False,False,False,0.332564,3672,3582
59.68,57.638888888888886,3.636363636363636,4,11,0,0,0,0,0,0,0,0.9939755,0.0,0.01,0.9938367346938746,0.1600329875946045,0.0395932799841503,0.9918399999999972,0.3168079853057861,0.2481279616101244,BendWorstOCT,2026-07-10 14:10:30,balance-scale,,,4,4,0,20,3,9,0.5543888888888874,0.7619221554856808,0.3743460064878536,3600.0011868476868,36202.0,469451492,0.322759616,False,False,ModifiedCuts,False,4,0.002,53,23589610[].aqua,3600,1,0,0,0.05,-1,-1,0,-1,inf,True,True,False,1,False,False,True,False,False,Lazy,False,0,Chain,False,False,False,False,False,0.428752,3672,3573
58.24,55.10204081632653,3.333333333333333,4,9,0,0,0,0,0,0,0,0.9819264,0.0,0.01,0.9818991596638628,0.0947611331939697,0.0371721364469953,0.9791663807890189,0.245474100112915,0.1825989569375449,BendWorstOCT,2026-07-10 14:10:30,balance-scale,,,4,4,0,20,3,9,0.4970204081632656,0.7073215380188798,0.4231237317453021,3600.00100016594,43998.0,-471533735,0.343433968,False,False,ModifiedCuts,False,4,0.006,51,23589610[].aqua,3600,1,0,0,0.05,-1,-1,0,-1,inf,True,True,False,1,False,False,True,False,False,Lazy,False,0,Chain,False,False,False,False,False,0.427564,3673,3576
58.4,57.638888888888886,3.75,4,12,0,0,0,0,0,0,0,0.9981926,0.01,0.01,0.9981351562499968,0.1031861305236816,0.0487547432122237,0.9979307692307662,0.2605271339416504,0.1981794633436646,BendWorstOCT,2026-07-10 14:10:30,balance-scale,,,4,4,0,20,3,9,0.5691888888888874,0.7534909746239583,0.3237977573575736,3600.0023601055145,31663.0,-971818996,0.234602824,False,False,ModifiedCuts,False,4,0.0006,56,23589610[].aqua,3600,1,0,0,0.05,-1,-1,0,-1,inf,True,True,False,1,False,False,True,False,False,Lazy,False,0,Chain,False,False,False,False,False,0.325948,3672,3574
59.04,53.81944444444444,3.6666666666666665,4,12,0,0,0,0,0,0,0,0.9969877,0.0,0.01,0.9969183673469356,0.1574358940124511,0.0394787184715358,0.9958999999999968,0.4036679267883301,0.3621382175700585,BendWorstOCT,2026-07-10 14:10:30,balance-scale,,,4,4,0,20,3,9,0.5261944444444431,0.7527592936695809,0.4305724844061122,3600.0031809806824,38672.0,1209772736,0.266951104,False,False,ModifiedCuts,False,4,0.001,54,23589610[].aqua,3600,1,0,0,0.05,-1,-1,0,-1,inf,True,True,False,1,False,False,True,False,False,Lazy,False,0,Chain,False,False,False,False,False,0.3967,3672,3574
62.24,58.68055555555556,3.6666666666666665,4,12,0,0,0,0,0,0,0,0.9987951,0.01,0.01,0.998743880597012,0.2041430473327636,0.0497104469484128,0.9983428571428542,0.3132550716400146,0.1820175213115506,BendWorstOCT,2026-07-10 14:10:30,balance-scale,,,4,4,0,20,3,9,0.5820055555555543,0.7481467636629027,0.2854632683853988,3600.0010499954224,41720.0,-520734176,0.248358672,False,False,ModifiedCuts,False,4,0.0004,57,23589610[].aqua,3600,1,0,0,0.05,-1,-1,0,-1,inf,True,True,False,1,False,False,True,False,False,Lazy,False,0,Chain,False,False,False,False,False,0.403712,3673,3574
77.9783393501805,77.77777777777777,3.8461538461538463,4,13,0,0,0,0,0,0,0,0.9998,0.0,0.0,0.9996499999999956,0.075495958328247,0.0175257105043668,0.9995333333333288,0.2307379245758056,0.0500704456084955,BendWorstOCT,2026-07-10 14:10:30,breast-cancer,,,9,9,0,38,2,9,0.775177777777783,0.9985243755119012,0.2881230656203669,3600.000726938248,108571.0,1219866785,0.263394008,False,False,ModifiedCuts,False,4,0.0002,28,23589610[].aqua,3600,1,0,0,0.05,-1,-1,0,-1,inf,True,True,False,1,False,False,True,False,False,Lazy,False,0,Chain,False,False,False,False,False,0.383116,3674,3583
78.33935018050542,76.54320987654322,3.5,4,10,0,0,0,0,0,0,0,0.9999,0.0,0.0,0.9998249999999956,0.0857791900634765,0.0216603228004107,0.999762204724405,0.2212309837341308,0.0659201404625055,BendWorstOCT,2026-07-10 14:10:30,breast-cancer,,,9,9,0,38,2,9,0.764432098765433,0.991946450060166,0.2976253242925974,3600.0009331703186,158713.0,1955517771,0.355683664,False,False,ModifiedCuts,False,4,0.0001,29,23589610[].aqua,3600,1,0,0,0.05,-1,-1,0,-1,inf,True,True,False,1,False,False,True,False,False,Lazy,False,0,Chain,False,False,False,False,False,0.448404,3674,3583
72.56317689530685,71.60493827160494,2.6,3,5,0,0,0,0,0,0,0,0.992,0.0,0.0,0.9918823529411726,0.0797898769378662,0.0142436469241899,0.9901999999999956,0.2140960693359375,0.0796054654677894,BendWorstOCT,2026-07-10 14:10:30,breast-cancer,,,9,9,0,38,2,9,0.6960493827160498,0.7681228494738167,0.1035464846998779,3600.000899076462,327314.0,-175242722,0.16500744,False,False,ModifiedCuts,False,3,0.004,7,23589610[].aqua,3600,1,0,0,0.05,-1,-1,0,-1,inf,True,True,False,1,False,False,True,False,False,Lazy,False,0,Chain,False,False,False,False,False,0.296652,3675,3575
76.89530685920577,76.54320987654322,3.933333333333333,4,15,0,0,0,0,0,0,0,0.9991647,0.0,0.0,0.9991309352517942,0.0628581047058105,0.0171071256917329,0.9991199999999956,0.0905320644378662,0.0513986669384672,BendWorstOCT,2026-07-10 14:10:30,breast-cancer,,,9,9,0,38,2,9,0.7594320987654374,0.9971999999999956,0.3130864518646011,3600.008887052536,88625.0,-1029850820,0.257317408,False,False,ModifiedCuts,False,4,0.0004,27,23589610[].aqua,3600,1,0,0,0.05,-1,-1,0,-1,inf,True,True,False,1,False,False,True,False,False,Lazy,False,0,Chain,False,False,False,False,False,0.353684,3674,3578
68.59205776173285,68.36734693877551,2.25,3,4,0,0,0,0,0,0,0,0.9791176,0.0,0.0,0.9782733812949604,0.0627679824829101,0.0171191074227918,0.9782733812949604,0.093747854232788,0.051534608688608,BendWorstOCT,2026-07-10 14:10:30,breast-cancer,,,9,9,0,38,2,9,0.6436739795918355,0.9197156825352752,0.4288532886143424,3600.0017659664154,149188.0,-1829995714,0.3467752,False,False,ModifiedCuts,False,4,0.01,19,23589610[].aqua,3600,1,0,0,0.05,-1,-1,0,-1,inf,True,True,False,1,False,False,True,False,False,Lazy,False,0,Chain,False,False,False,False,False,0.446936,3674,3580
73.28519855595668,72.8395061728395,3.25,4,8,0,0,0,0,0,0,0,0.9874706,0.0,0.0,0.9869640287769744,0.0671548843383789,0.0171172021917329,0.986799999999996,0.0956430435180664,0.0514624337678426,BendWorstOCT,2026-07-10 14:10:30,breast-cancer,,,9,9,0,38,2,9,0.6803950617283961,0.948983150203404,0.3947531420829512,3600.000680923462,134703.0,-1136820944,0.317037936,False,False,ModifiedCuts,False,4,0.006,21,23589610[].aqua,3600,1,0,0,0.05,-1,-1,0,-1,inf,True,True,False,1,False,False,True,False,False,Lazy,False,0,Chain,False,False,False,False,False,0.411852,3674,3578
75.45126353790614,75.30864197530865,4.0,4,16,0,0,0,0,0,0,0,0.9987471,0.0,0.0,0.9986964028776936,0.0629620552062988,0.0171110765917329,0.9986799999999956,0.0901460647583007,0.0515052368742882,BendWorstOCT,2026-07-10 14:10:30,breast-cancer,,,9,9,0,38,2,9,0.7434864197530875,0.99522827249978,0.338596437081253,3600.0025639534,114914.0,-1163684819,0.2894038,False,False,ModifiedCuts,False,4,0.0006,26,23589610[].aqua,3600,1,0,0,0.05,-1,-1,0,-1,inf,True,True,False,1,False,False,True,False,False,Lazy,False,0,Chain,False,False,False,False,False,0.38876,3674,3578
72.92418772563177,72.8395061728395,3.333333333333333,4,9,0,0,0,0,0,0,0,0.9916471,0.0,0.0,0.9913093525179816,0.0685031414031982,0.0171100738917329,0.991199999999996,0.0992770195007324,0.0510551507425297,BendWorstOCT,2026-07-10 14:10:30,breast-cancer,,,9,9,0,38,2,9,0.692395061728396,0.9669214179326746,0.3964880331742837,3600.000867128372,153591.0,-1869950401,0.355843576,False,False,ModifiedCuts,False,4,0.004,22,23589610[].aqua,3600,1,0,0,0.05,-1,-1,0,-1,inf,True,True,False,1,False,False,True,False,False,Lazy,False,0,Chain,False,False,False,False,False,0.458408,3674,3578
71.84115523465704,71.60493827160494,3.0,4,6,0,0,0,0,0,0,0,0.9832941,0.0,0.0,0.9826187050359676,0.0662639141082763,0.0171172745917329,0.9823999999999964,0.0992879867553711,0.0516369749808638,BendWorstOCT,2026-07-10 14:10:30,breast-cancer,,,9,9,0,38,2,9,0.6680493827160534,0.93213037033295,0.3953015966323271,3600.005944013596,154322.0,216114571,0.341705176,False,False,ModifiedCuts,False,4,0.008,20,23589610[].aqua,3600,1,0,0,0.05,-1,-1,0,-1,inf,True,True,False,1,False,False,True,False,False,Lazy,False,0,Chain,False,False,False,False,False,0.445196,3674,3577
75.45126353790614,75.30864197530865,3.6666666666666665,4,12,0,0,0,0,0,0,0,0.9979118,0.0,0.0,0.997827338129492,0.0626680850982666,0.0171072561917329,0.9977999999999956,0.0947871208190918,0.0514207742646926,BendWorstOCT,2026-07-10 14:10:30,breast-cancer,,,9,9,0,38,2,9,0.7410864197530875,0.9929112149532668,0.3398048979012208,3600.004451990128,101058.0,1146864769,0.268011112,False,False,ModifiedCuts,False,4,0.001,24,23589610[].aqua,3600,1,0,0,0.05,-1,-1,0,-1,inf,True,True,False,1,False,False,True,False,False,Lazy,False,0,Chain,False,False,False,False,False,0.35896,3674,3578
68.95306859205776,67.90123456790124,1.6666666666666667,2,3,0,0,0,0,0,0,0,0.9582353,0.01,0.0,0.9581047931152118,1.4571280479431152,0.0189593181597198,0.9581047931152118,1.7644948959350586,0.054175717353455,BendWorstOCT,2026-07-10 14:10:31,breast-cancer,,,9,9,0,38,2,9,0.6190123456790129,0.8338316498316478,0.3470355731225252,3600.01260304451,185819.0,-256069884,0.330415192,False,False,ModifiedCuts,False,4,0.02,18,23589610[].aqua,3600,1,0,0,0.05,-1,-1,0,-1,inf,True,True,False,1,False,False,True,False,False,Lazy,False,0,Chain,False,False,False,False,False,0.442964,3674,3583
68.23104693140795,67.90123456790124,1.6666666666666667,2,3,0,0,0,0,0,0,0,0.9176001,0.01,0.01,0.916975498945316,1.6822888851165771,0.0201708998078081,0.9168772655593984,1.924285888671875,0.0524112856770094,BendWorstOCT,2026-07-10 14:10:31,breast-cancer,,,9,9,0,38,2,9,0.5590123456790127,0.6888888888888891,0.2323321554770314,3600.0138788223267,138441.0,429789089,0.210240512,False,False,ModifiedCuts,False,4,0.04,17,23589610[].aqua,3600,1,0,0,0.05,-1,-1,0,-1,inf,True,True,False,1,False,False,True,False,False,Lazy,False,0,Chain,False,False,False,False,False,0.317828,3674,3588
72.56317689530685,71.60493827160494,2.6666666666666665,3,6,0,0,0,0,0,0,0,0.988,0.0,0.0,0.9878235294117612,0.0795869827270507,0.0142439972594729,0.9850104633781728,0.2115228176116943,0.0878123159839987,BendWorstOCT,2026-07-10 14:10:30,breast-cancer,,,9,9,0,38,2,9,0.6800493827160532,0.7427606416315088,0.0922157427229662,3600.004576921463,338069.0,1256683311,0.15768048,False,False,ModifiedCuts,False,3,0.006,6,23589610[].aqua,3600,1,0,0,0.05,-1,-1,0,-1,inf,True,True,False,1,False,False,True,False,False,Lazy,False,0,Chain,False,False,False,False,False,0.295336,3675,3575
75.45126353790614,75.30864197530865,3.75,4,12,0,0,0,0,0,0,0,0.9983294,0.0,0.0,0.9982618705035928,0.0585401058197021,0.0171071256917329,0.9982399999999956,0.090501070022583,0.0512871732140676,BendWorstOCT,2026-07-10 14:10:30,breast-cancer,,,9,9,0,38,2,9,0.7434864197530873,0.9941670078266068,0.3371690207290819,3600.000916004181,97648.0,-850789048,0.266255112,False,False,ModifiedCuts,False,4,0.0008,25,23589610[].aqua,3600,1,0,0,0.05,-1,-1,0,-1,inf,True,True,False,1,False,False,True,False,False,Lazy,False,0,Chain,False,False,False,False,False,0.35344,3675,3578
72.56317689530685,71.60493827160494,2.6,3,5,0,0,0,0,0,0,0,0.984,0.02,0.0,0.9837647058823497,4.662842988967896,0.0142443598241899,0.9803898916967484,5.73891806602478,0.0797112857270149,BendWorstOCT,2026-07-10 14:10:31,breast-cancer,,,9,9,0,38,2,9,0.6760493827160503,0.7198731404024052,0.0648233084841991,3600.0372500419617,251040.0,73440880,0.120127424,False,False,ModifiedCuts,False,3,0.008,5,23589610[].aqua,3600,1,0,0,0.05,-1,-1,0,-1,inf,True,True,False,1,False,False,True,False,False,Lazy,False,0,Chain,False,False,False,False,False,0.256272,3676,3594
74.0072202166065,73.9795918367347,3.6666666666666665,4,12,0,0,0,0,0,0,0,0.9958235,0.01,0.0,0.9956546762589884,0.7302341461181641,0.0171173581917329,0.9955999999999956,0.8348941802978516,0.0516349403094047,BendWorstOCT,2026-07-10 14:10:32,breast-cancer,,,9,9,0,38,2,9,0.715795918367345,0.9849999999999955,0.3760905514055972,3600.046282052994,95758.0,1182035272,0.265443656,False,False,ModifiedCuts,False,4,0.002,23,23589610[].aqua,3600,1,0,0,0.05,-1,-1,0,-1,inf,True,True,False,1,False,False,True,False,False,Lazy,False,0,Chain,False,False,False,False,False,0.360784,3679,3576
82.39700374531836,82.0754716981132,3.636363636363636,4,11,0,0,0,0,0,0,0,0.9999,0.0,0.0,0.9996,0.0716750621795654,0.0209213521091798,0.9807293102141412,0.1314830780029297,0.0462212645113531,BendWorstOCT,2026-07-10 14:11:10,spect,,,22,22,0,22,2,9,0.8196547169811351,0.9032955026915376,0.1020439265187897,3600.0010709762573,575276.0,841298797,0.546541984,False,False,ModifiedCuts,False,4,0.0001,89,23589610[].aqua,3600,1,0,0,0.05,-1,-1,0,-1,inf,True,True,False,1,False,False,True,False,False,Lazy,False,0,Chain,False,False,False,False,False,0.67,3605,3576
47.51157407407408,43.47826086956522,2.25,3,4,0,0,0,0,0,0,0,0.84,0.01,0.02,0.8399999999999782,0.2293488979339599,0.1004754448929918,0.788120588754524,0.9664468765258788,1.5225584129092309,BendWorstOCT,2026-07-10 14:11:10,car_evaluation,,,6,6,0,19,4,9,0.1147826086956523,0.3826666743690304,2.3338384509423067,3600.001195907593,17820.0,-1498738764,0.3266786,False,False,ModifiedCuts,False,3,0.08,90,23589610[].aqua,3600,1,0,0,0.05,-1,-1,0,-1,inf,True,True,False,1,False,False,True,False,False,Lazy,False,0,Chain,False,False,False,False,False,0.347624,3605,3577
45.02314814814815,43.47826086956522,2.6666666666666665,3,6,0,0,0,0,0,0,0,0.988,0.01,0.02,0.987999999999978,0.2422261238098144,0.1495475437739546,0.9841090676324312,0.4523661136627197,0.5356988647992902,BendWorstOCT,2026-07-10 14:11:11,car_evaluation,,,6,6,0,19,4,9,0.3987826089754089,0.8399781654701124,1.1063560610836716,3600.001142978668,13616.0,-1881167983,0.331674888,False,False,ModifiedCuts,False,3,0.006,96,23589610[].aqua,3600,1,0,0,0.05,-1,-1,0,-1,inf,True,True,False,1,False,False,True,False,False,Lazy,False,0,Chain,False,False,False,False,False,0.391476,3605,3575
81.27340823970037,81.13207547169812,3.1666666666666665,4,6,0,0,0,0,0,0,0,0.9977091,0.0,0.0,0.9976000000000002,0.053053855895996,0.0171290481171981,0.9974363636363636,0.0739848613739013,0.0315173954127855,BendWorstOCT,2026-07-10 14:11:12,spect,,,22,22,0,22,2,9,0.8077207565247063,0.8995976684491983,0.1137483606584544,3600.001533985138,279729.0,-494109950,0.318667744,False,False,ModifiedCuts,False,4,0.0006,86,23589610[].aqua,3600,1,0,0,0.05,-1,-1,0,-1,inf,True,True,False,1,False,False,True,False,False,Lazy,False,0,Chain,False,False,False,False,False,0.441732,3607,3574
47.51157407407408,43.47826086956522,2.25,3,4,0,0,0,0,0,0,0,0.9244444,0.04,0.08,0.9244444444444226,0.4824459552764892,0.2706454178748666,0.8999439563227641,0.8512430191040039,0.7509214624356447,BendWorstOCT,2026-07-10 14:11:12,car_evaluation,,,6,6,0,19,4,9,0.2747826086956516,0.7976275261570245,1.902758402153734,3600.0016968250275,5122.0,1044594584,0.45980336,False,False,ModifiedCuts,False,4,0.04,107,23589610[].aqua,3600,1,0,0,0.05,-1,-1,0,-1,inf,True,True,False,1,False,False,True,False,False,Lazy,False,0,Chain,False,False,False,False,False,0.444596,3606,3577
39.583333333333336,35.70247933884298,2.25,3,4,0,0,0,0,0,0,0,0.88,0.01,0.02,0.8799999999999781,0.2901489734649658,0.094150286680462,0.8319879101692338,1.3533508777618408,1.935558840954169,BendWorstOCT,2026-07-10 14:11:13,car_evaluation,,,6,6,0,19,4,9,0.1170250413224195,0.5130586681736199,3.38417848330491,3600.004224061966,11977.0,384092151,0.340143424,False,False,ModifiedCuts,False,3,0.06,91,23589610[].aqua,3600,1,0,0,0.05,-1,-1,0,-1,inf,True,True,False,1,False,False,True,False,False,Lazy,False,0,Chain,False,False,False,False,False,0.415068,3607,3578
47.395833333333336,46.09375,2.6666666666666665,3,6,0,0,0,0,0,0,0,0.992,0.01,0.02,0.991999999999978,0.3880009651184082,0.139912640800204,0.989399144193432,0.6315581798553467,0.4375182382127893,BendWorstOCT,2026-07-10 14:11:13,car_evaluation,,,6,6,0,19,4,9,0.436937500000001,0.9140698975758278,1.0919923274514676,3600.001785993576,5909.0,-1991324443,0.357741312,False,False,ModifiedCuts,False,3,0.004,97,23589610[].aqua,3600,1,0,0,0.05,-1,-1,0,-1,inf,True,True,False,1,False,False,True,False,False,Lazy,False,0,Chain,False,False,False,False,False,0.423272,3608,3576
49.47916666666666,47.603305785123965,2.6,3,5,0,0,0,0,0,0,0,0.92,0.02,0.02,0.919999999999978,0.266319990158081,0.158091608933316,0.8940497330047359,0.5539100170135498,0.636630385157108,BendWorstOCT,2026-07-10 14:11:49,car_evaluation,,,6,6,0,19,4,9,0.2760330578512335,0.5989589126370909,1.1698810906913055,3600.000941038132,12228.0,-49182898,0.372027992,False,False,ModifiedCuts,False,3,0.04,92,23589610[].aqua,3600,1,0,0,0.05,-1,-1,0,-1,inf,True,True,False,1,False,False,True,False,False,Lazy,False,0,Chain,False,False,False,False,False,0.410776,3643,3575
82.02247191011236,81.81818181818181,3.2857142857142856,4,7,0,0,0,0,0,0,0,0.9694545,0.01,0.0,0.968000000000003,0.0574350357055664,0.0174225292846048,0.9658181818181826,0.0742809772491455,0.0317801158993679,BendWorstOCT,2026-07-10 14:11:49,spect,,,22,22,0,22,2,9,0.7621818181818185,0.8162627812521699,0.0709554620436384,3600.00048494339,524377.0,234166734,0.418716368,False,False,ModifiedCuts,False,4,0.008,80,23589610[].aqua,3600,1,0,0,0.05,-1,-1,0,-1,inf,True,True,False,1,False,False,True,False,False,Lazy,False,0,Chain,False,False,False,False,False,0.605336,3678,3590
47.10648148148148,45.3125,3.1666666666666665,4,6,0,0,0,0,0,0,0,0.9811111,0.03,0.06,0.9811111111110892,0.3977110385894775,0.2273886214975177,0.97097222222222,1.1393179893493652,1.56247410539176,BendWorstOCT,2026-07-10 14:11:49,car_evaluation,,,6,6,0,19,4,9,0.3931250000000005,0.944375679648442,1.402227484002393,3600.005230903625,5755.0,1926179631,0.490599688,False,False,ModifiedCuts,False,4,0.01,109,23589610[].aqua,3600,1,0,0,0.05,-1,-1,0,-1,inf,True,True,False,1,False,False,True,False,False,Lazy,False,0,Chain,False,False,False,False,False,0.472276,3604,3576
82.02247191011236,81.81818181818181,3.25,4,8,0,0,0,0,0,0,0,0.9969455,0.01,0.0,0.9968000000000002,1.4350531101226809,0.0169688629466771,0.9965818181818182,1.6887319087982178,0.0312368343832368,BendWorstOCT,2026-07-10 14:11:49,spect,,,22,22,0,22,2,9,0.8117818181818184,0.8955424475806678,0.1031812089441121,3600.013058900833,381880.0,1204688969,0.399695304,False,False,ModifiedCuts,False,4,0.0008,85,23589610[].aqua,3600,1,0,0,0.05,-1,-1,0,-1,inf,True,True,False,1,False,False,True,False,False,Lazy,False,0,Chain,False,False,False,False,False,0.519948,3678,3580
47.80092592592592,44.61538461538461,2.6666666666666665,3,6,0,0,0,0,0,0,0,0.96,0.01,0.02,0.959999999999978,0.2733180522918701,0.1106705966503175,0.94461538461537,0.6426041126251221,0.5899282298973039,BendWorstOCT,2026-07-10 14:11:49,car_evaluation,,,6,6,0,19,4,9,0.3261538461538462,0.8770314170935288,1.6890114203339326,3600.0018310546875,7505.0,1732309590,0.379516136,False,False,ModifiedCuts,False,3,0.02,93,23589610[].aqua,3600,1,0,0,0.05,-1,-1,0,-1,inf,True,True,False,1,False,False,True,False,False,Lazy,False,0,Chain,False,False,False,False,False,0.411916,3643,3570
82.39700374531836,81.81818181818181,3.2857142857142856,4,7,0,0,0,0,0,0,0,0.9961818,0.01,0.0,0.9960000000000004,1.4366519451141355,0.0174202376895272,0.9957272727272728,1.6905579566955566,0.0317798111307579,BendWorstOCT,2026-07-10 14:11:49,spect,,,22,22,0,22,2,9,0.8111818181818183,0.888125552338872,0.0948538692959307,3600.000464916229,507771.0,1164282535,0.526905976,False,False,ModifiedCuts,False,4,0.001,84,23589610[].aqua,3600,1,0,0,0.05,-1,-1,0,-1,inf,True,True,False,1,False,False,True,False,False,Lazy,False,0,Chain,False,False,False,False,False,0.693888,3678,3582
81.27340823970037,81.13207547169812,3.1666666666666665,4,6,0,0,0,0,0,0,0,0.9923636,0.01,0.0,0.9920000000000008,1.1509630680084229,0.0174175554846048,0.9914545454545456,1.4008760452270508,0.0317826200993679,BendWorstOCT,2026-07-10 14:11:49,spect,,,22,22,0,22,2,9,0.7993207547169846,0.8783066656631826,0.0988162893057425,3600.090012073517,509841.0,1683716755,0.561654744,False,False,ModifiedCuts,False,4,0.002,83,23589610[].aqua,3600,1,0,0,0.05,-1,-1,0,-1,inf,True,True,False,1,False,False,True,False,False,Lazy,False,0,Chain,False,False,False,False,False,0.695652,3679,3587
81.27340823970037,81.13207547169812,3.1666666666666665,4,6,0,0,0,0,0,0,0,0.9618182,0.0,0.0,0.9600000000000036,0.0521199703216552,0.0174239666501109,0.9588959298074624,0.0729718208312988,0.031568754838241,BendWorstOCT,2026-07-10 14:11:49,spect,,,22,22,0,22,2,9,0.7513207548921164,0.7984120171673847,0.0626779733803977,3600.0005419254303,562290.0,-1317529884,0.375183264,False,False,ModifiedCuts,False,4,0.01,79,23589610[].aqua,3600,1,0,0,0.05,-1,-1,0,-1,inf,True,True,False,1,False,False,True,False,False,Lazy,False,0,Chain,False,False,False,False,False,0.566284,3678,3585
82.39700374531836,81.81818181818181,3.2857142857142856,4,7,0,0,0,0,0,0,0,0.9847273,0.0,0.0,0.9840000000000017,0.0561509132385253,0.0174221387846048,0.9829090909090912,0.0742609500885009,0.0317797353993679,BendWorstOCT,2026-07-10 14:11:49,spect,,,22,22,0,22,2,9,0.7901818181818183,0.8616059012562093,0.0903894286491372,3600.0007700920105,406409.0,-1279907321,0.3796906,False,False,ModifiedCuts,False,4,0.004,82,23589610[].aqua,3600,1,0,0,0.05,-1,-1,0,-1,inf,True,True,False,1,False,False,True,False,False,Lazy,False,0,Chain,False,False,False,False,False,0.491848,3678,3580
79.7752808988764,79.71698113207547,2.8,4,5,0,0,0,0,0,0,0,0.9770909,0.0,0.0,0.9760000000000022,0.0561530590057373,0.0174269174008425,0.974363636363637,0.0742409229278564,0.03154890170274,BendWorstOCT,2026-07-10 14:11:49,spect,,,22,22,0,22,2,9,0.7671698113207722,0.8380110475627899,0.0923410113336657,3600.0029129981995,433702.0,1982735737,0.38214684,False,False,ModifiedCuts,False,4,0.006,81,23589610[].aqua,3600,1,0,0,0.05,-1,-1,0,-1,inf,True,True,False,1,False,False,True,False,False,Lazy,False,0,Chain,False,False,False,False,False,0.501676,3678,3580
47.68518518518518,46.875,3.2857142857142856,4,7,0,0,0,0,0,0,0,0.9622222,0.03,0.06,0.9622222222222012,0.3914830684661865,0.2101647287002347,0.9444102564102396,0.9303879737854004,1.130748315304258,BendWorstOCT,2026-07-10 14:11:50,car_evaluation,,,6,6,0,19,4,9,0.3287500000000011,0.8885180978797305,1.7027166475428974,3600.006585121155,7597.0,-1436835851,0.459349656,False,False,ModifiedCuts,False,4,0.02,108,23589610[].aqua,3600,1,0,0,0.05,-1,-1,0,-1,inf,True,True,False,1,False,False,True,False,False,Lazy,False,0,Chain,False,False,False,False,False,0.448588,3605,3579
82.02247191011236,81.81818181818181,3.6666666666666665,4,9,0,0,0,0,0,0,0,0.9984727,0.0,0.0,0.9984000000000004,0.1180579662322998,0.0170335301663318,0.9982909090909092,0.2154450416564941,0.0313874847107663,BendWorstOCT,2026-07-10 14:12:17,spect,,,22,22,0,22,2,9,0.8145818189076515,0.9001034535098515,0.1049883911193647,3600.0071930885315,490409.0,1147183858,0.500425792,False,False,ModifiedCuts,False,4,0.0004,87,23589610[].aqua,3600,1,0,0,0.05,-1,-1,0,-1,inf,True,True,False,1,False,False,True,False,False,Lazy,False,0,Chain,False,False,False,False,False,0.67364,3672,3581
52.1412037037037,47.603305785123965,3.0,4,6,0,0,0,0,0,0,0,0.9848889,0.03,0.05,0.9848888888888676,0.4320318698883056,0.2467101830134755,0.97772241673709,0.8957898616790771,0.9517079140772764,BendWorstOCT,2026-07-10 14:12:17,car_evaluation,,,6,6,0,19,4,9,0.4280330578514062,0.9599999999999982,1.2428174235394382,3600.002713918686,4496.0,1426654668,0.508817112,False,False,ModifiedCuts,False,4,0.008,110,23589610[].aqua,3600,1,0,0,0.05,-1,-1,0,-1,inf,True,True,False,1,False,False,True,False,False,Lazy,False,0,Chain,False,False,False,False,False,0.503356,3633,3575
47.56944444444444,46.15384615384615,2.6,3,5,0,0,0,0,0,0,0,0.9886667,0.02,0.05,0.9886666666666452,0.451815128326416,0.3929045141972565,0.9836179238712108,0.8956160545349121,1.048729823382401,BendWorstOCT,2026-07-10 14:12:17,car_evaluation,,,6,6,0,19,4,9,0.4315384616816154,0.969320743171423,1.246197799830361,3600.002439022064,5926.0,465865564,0.519087968,False,False,ModifiedCuts,False,4,0.006,111,23589610[].aqua,3600,1,0,0,0.05,-1,-1,0,-1,inf,True,True,False,1,False,False,True,False,False,Lazy,False,0,Chain,False,False,False,False,False,0.514152,3633,3576
47.51157407407408,43.47826086956522,2.25,3,4,0,0,0,0,0,0,0,0.8488889,0.06,0.13,0.848888888888871,0.5296599864959717,0.2853420620334979,0.7767365068190433,3.340909957885742,3.9598269281432654,BendWorstOCT,2026-07-10 14:12:17,car_evaluation,,,6,6,0,19,4,9,0.1147826093645279,0.5686744545756519,3.95436074962932,3600.008539915085,5955.0,-827494556,0.471647136,False,False,ModifiedCuts,False,4,0.08,105,23589610[].aqua,3600,1,0,0,0.05,-1,-1,0,-1,inf,True,True,False,1,False,False,True,False,False,Lazy,False,0,Chain,False,False,False,False,False,0.483712,3672,3581
47.91666666666666,43.47826086956522,2.6666666666666665,3,6,0,0,0,0,0,0,0,0.984,0.01,0.02,0.983999999999978,0.2678699493408203,0.1507054966679107,0.9787950180390548,0.5558898448944092,0.5276001783138204,BendWorstOCT,2026-07-10 14:12:17,car_evaluation,,,6,6,0,19,4,9,0.3867826088343306,0.8494931194713055,1.1963064007233224,3600.006103992462,10742.0,2078971948,0.350458088,False,False,ModifiedCuts,False,3,0.008,95,23589610[].aqua,3600,1,0,0,0.05,-1,-1,0,-1,inf,True,True,False,1,False,False,True,False,False,Lazy,False,0,Chain,False,False,False,False,False,0.47648,3672,3579
50.05787037037037,47.603305785123965,2.6,3,5,0,0,0,0,0,0,0,0.9988,0.01,0.01,0.998799999999978,0.23384690284729,0.0587859566536305,0.9983369215426454,0.5451788902282715,0.5025311415786445,BendWorstOCT,2026-07-10 14:12:17,car_evaluation,,,6,6,0,19,4,9,0.4730330578512326,0.8716558682221038,0.8426954601896699,3600.0051538944244,9298.0,-984697723,0.321397664,False,False,ModifiedCuts,False,3,0.0006,101,23589610[].aqua,3600,1,0,0,0.05,-1,-1,0,-1,inf,True,True,False,1,False,False,True,False,False,Lazy,False,0,Chain,False,False,False,False,False,0.420968,3672,3579
49.594907407407405,47.603305785123965,2.6,3,5,0,0,0,0,0,0,0,0.98,0.01,0.02,0.979999999999978,0.266402006149292,0.1505967236336839,0.9722998392304086,0.6324529647827148,0.6109742820905443,BendWorstOCT,2026-07-10 14:12:17,car_evaluation,,,6,6,0,19,4,9,0.4260330585642504,0.8485387973607895,0.9917205491526914,3600.0036890506744,9221.0,1588559510,0.29996728,False,False,ModifiedCuts,False,3,0.01,94,23589610[].aqua,3600,1,0,0,0.05,-1,-1,0,-1,inf,True,True,False,1,False,False,True,False,False,Lazy,False,0,Chain,False,False,False,False,False,0.424624,3672,3578
49.594907407407405,47.603305785123965,3.1666666666666665,4,6,0,0,0,0,0,0,0,0.9962222,0.03,0.05,0.9962222222222004,0.5164179801940918,0.2773026645327131,0.9943568280333448,0.9959728717803956,0.919424983214069,BendWorstOCT,2026-07-10 14:12:17,car_evaluation,,,6,6,0,19,4,9,0.4640334712207872,0.9899922220393996,1.1334500277208692,3600.005029916764,5924.0,-1179121234,0.485524616,False,False,ModifiedCuts,False,4,0.002,113,23589610[].aqua,3600,1,0,0,0.05,-1,-1,0,-1,inf,True,True,False,1,False,False,True,False,False,Lazy,False,0,Chain,False,False,False,False,False,0.532924,3633,3577
49.594907407407405,47.603305785123965,2.6666666666666665,3,6,0,0,0,0,0,0,0,0.998,0.04,0.02,0.9979999999999942,1.759342908859253,0.1414301284219666,0.9972692307692094,2.282335996627808,0.5727520156525913,BendWorstOCT,2026-07-10 14:12:17,car_evaluation,,,6,6,0,19,4,9,0.4700330578512335,0.9576373245277836,1.0373829213324777,3600.018137931824,9375.0,-1624524476,0.307569888,False,False,ModifiedCuts,False,3,0.001,99,23589610[].aqua,3600,1,0,0,0.05,-1,-1,0,-1,inf,True,True,False,1,False,False,True,False,False,Lazy,False,0,Chain,False,False,False,False,False,0.371924,3672,3584
83.89513108614233,83.63636363636364,3.5,4,10,0,0,0,0,0,0,0,0.9998,0.0,0.0,0.9992,0.1099040508270263,0.0226366424879098,0.9801908559499002,0.2127790451049804,0.0607407091041974,BendWorstOCT,2026-07-10 14:12:17,spect,,,22,22,0,22,2,9,0.8343636363636366,0.8967683229813688,0.074793152407393,3600.000599861145,515221.0,869477749,0.460129632,False,False,ModifiedCuts,False,4,0.0002,88,23589610[].aqua,3600,1,0,0,0.05,-1,-1,0,-1,inf,True,True,False,1,False,False,True,False,False,Lazy,False,0,Chain,False,False,False,False,False,0.640196,3672,3585
55.6712962962963,47.13541666666666,3.4444444444444446,4,9,0,0,0,0,0,0,0,0.9924444,0.03,0.06,0.9924444444444226,0.4348311424255371,0.2984671710521205,0.9893326173365768,0.7927911281585693,0.7995244550388051,BendWorstOCT,2026-07-10 14:12:17,car_evaluation,,,6,6,0,19,4,9,0.4353541668098033,0.9790579619316888,1.2488769755117963,3600.0017750263214,6358.0,892056156,0.574398568,False,False,ModifiedCuts,False,4,0.004,112,23589610[].aqua,3600,1,0,0,0.05,-1,-1,0,-1,inf,True,True,False,1,False,False,True,False,False,Lazy,False,0,Chain,False,False,False,False,False,0.569496,3633,3577
47.56944444444444,46.15384615384615,2.6666666666666665,3,6,0,0,0,0,0,0,0,0.9998,0.05,0.01,0.9997999999999782,0.5291481018066406,0.0624477879999448,0.9997330596369703,1.2899479866027832,0.297835678096114,BendWorstOCT,2026-07-10 14:12:17,car_evaluation,,,6,6,0,19,4,9,0.4609384616845555,0.9673173628228534,1.0985824426273192,3600.0102121829987,5182.0,930393423,0.333577704,False,False,ModifiedCuts,False,3,0.0001,104,23589610[].aqua,3600,1,0,0,0.05,-1,-1,0,-1,inf,True,True,False,1,False,False,True,False,False,Lazy,False,0,Chain,False,False,False,False,False,0.425692,3672,3584
39.583333333333336,35.70247933884298,2.25,3,4,0,0,0,0,0,0,0,0.8866667,0.05,0.1,0.88666666666667,0.5558340549468994,0.299571821754897,0.8377731928981291,1.5284299850463867,1.5725865861933788,BendWorstOCT,2026-07-10 14:12:17,car_evaluation,,,6,6,0,19,4,9,0.1170247937235351,0.6692594457243387,4.71895428677643,3600.002085208893,5883.0,-410919786,0.408159944,False,False,ModifiedCuts,False,4,0.06,106,23589610[].aqua,3600,1,0,0,0.05,-1,-1,0,-1,inf,True,True,False,1,False,False,True,False,False,Lazy,False,0,Chain,False,False,False,False,False,0.478148,3672,3582
46.93287037037037,40.0,3.0,3,8,0,0,0,0,0,0,0,0.9996,0.01,0.01,0.999599999999978,0.2360730171203613,0.0930088696269354,0.9994439425051116,0.4729399681091308,0.4335138749986486,BendWorstOCT,2026-07-10 14:12:17,car_evaluation,,,6,6,0,19,4,9,0.3984000002796801,0.998662412451342,1.5066827604173514,3600.006993055344,6660.0,1321137073,0.314148144,False,False,ModifiedCuts,False,3,0.0002,103,23589610[].aqua,3600,1,0,0,0.05,-1,-1,0,-1,inf,True,True,False,1,False,False,True,False,False,Lazy,False,0,Chain,False,False,False,False,False,0.407952,3672,3579
47.56944444444444,46.15384615384615,2.6,3,5,0,0,0,0,0,0,0,0.9984,0.01,0.01,0.9983999999999782,0.2346360683441162,0.0627648810637843,0.9977542056074548,0.5498631000518799,0.540203270989011,BendWorstOCT,2026-07-10 14:12:17,car_evaluation,,,6,6,0,19,4,9,0.4575385281744955,0.9123164763137236,0.9939664533907524,3600.001839160919,10400.0,230003323,0.324302952,False,False,ModifiedCuts,False,3,0.0008,100,23589610[].aqua,3600,1,0,0,0.05,-1,-1,0,-1,inf,True,True,False,1,False,False,True,False,False,Lazy,False,0,Chain,False,False,False,False,False,0.408888,3672,3579
47.51157407407408,43.47826086956522,2.4,3,5,0,0,0,0,0,0,0,0.9992,0.01,0.01,0.9991999999999782,0.2453501224517822,0.0679628310772583,0.998940231046204,0.4782090187072754,0.3149416487655344,BendWorstOCT,2026-07-10 14:12:17,car_evaluation,,,6,6,0,19,4,9,0.4327826086956523,0.948255166697924,1.1910657860209208,3600.003175973892,8798.0,1467498596,0.343065024,False,False,ModifiedCuts,False,3,0.0004,102,23589610[].aqua,3600,1,0,0,0.05,-1,-1,0,-1,inf,True,True,False,1,False,False,True,False,False,Lazy,False,0,Chain,False,False,False,False,False,0.373196,3672,3580
47.68518518518518,46.875,2.6,3,5,0,0,0,0,0,0,0,0.996,0.09,0.02,0.9959999999999942,5.011904954910278,0.1151656732032079,0.9944615384615167,6.024416923522949,0.7013611747153176,BendWorstOCT,2026-07-10 14:12:17,car_evaluation,,,6,6,0,19,4,9,0.4587500001458726,0.8692980735340935,0.8949276801257229,3600.032726049423,9845.0,625856706,0.278749976,False,False,ModifiedCuts,False,3,0.002,98,23589610[].aqua,3600,1,0,0,0.05,-1,-1,0,-1,inf,True,True,False,1,False,False,True,False,False,Lazy,False,0,Chain,False,False,False,False,False,0.384112,3673,3596
47.56944444444444,46.875,3.0,4,6,0,0,0,0,0,0,0,0.9996222,0.02,0.05,0.9996222222222004,0.417996883392334,0.291629750093395,0.999446153846132,0.8670549392700195,0.8212631622228945,BendWorstOCT,2026-07-10 14:12:37,car_evaluation,,,6,6,0,19,4,9,0.4675500000000012,0.9990647788565054,1.1368084244604917,3600.004956960678,4877.0,-1470991139,0.598348016,False,False,ModifiedCuts,False,4,0.0002,118,23589610[].aqua,3600,1,0,0,0.05,-1,-1,0,-1,inf,True,True,False,1,False,False,True,False,False,Lazy,False,0,Chain,False,False,False,False,False,0.53788,3605,3563
49.594907407407405,47.603305785123965,3.5,4,8,0,0,0,0,0,0,0,0.9988667,0.03,0.06,0.9988666666666448,0.3816919326782226,0.2528352512835296,0.9984666666666449,0.6540670394897461,0.6529926633718381,BendWorstOCT,2026-07-10 14:12:37,car_evaluation,,,6,6,0,19,4,9,0.4712330578512335,0.9969999999999783,1.1157259309144805,3600.0187649726868,6478.0,-528287798,0.447192832,False,False,ModifiedCuts,False,4,0.0006,116,23589610[].aqua,3600,1,0,0,0.05,-1,-1,0,-1,inf,True,True,False,1,False,False,True,False,False,Lazy,False,0,Chain,False,False,False,False,False,0.420416,3605,3572
47.8587962962963,46.875,2.8,4,5,0,0,0,0,0,0,0,0.9992444,0.03,0.05,0.9992444444444226,0.4100120067596435,0.2650607720318348,0.9989995648325192,0.7247059345245361,0.6742427193608128,BendWorstOCT,2026-07-10 14:12:37,car_evaluation,,,6,6,0,19,4,9,0.4667507812500004,0.9979136396923286,1.138001005632656,3600.005029916764,5888.0,-2131592671,0.646239152,False,False,ModifiedCuts,False,4,0.0004,117,23589610[].aqua,3600,1,0,0,0.05,-1,-1,0,-1,inf,True,True,False,1,False,False,True,False,False,Lazy,False,0,Chain,False,False,False,False,False,0.455208,3605,3558
48.66898148148148,46.875,2.8,4,5,0,0,0,0,0,0,0,0.9998111,0.02,0.03,0.9998111111110892,0.30548095703125,0.1641734746315376,0.9997083333333112,0.8967359066009521,1.080729995796733,BendWorstOCT,2026-07-10 14:12:37,car_evaluation,,,6,6,0,19,4,9,0.4682500000000466,0.9995093215950064,1.1345634203842114,3600.0075170993805,4324.0,-1538968927,0.505522944,False,False,ModifiedCuts,False,4,0.0001,119,23589610[].aqua,3600,1,0,0,0.05,-1,-1,0,-1,inf,True,True,False,1,False,False,True,False,False,Lazy,False,0,Chain,False,False,False,False,False,0.561436,3606,3568
61.80555555555556,55.989583333333336,3.25,4,8,0,0,0,0,0,0,0,0.9981111,0.02,0.05,0.9981111111110892,0.505634069442749,0.2589768305903584,0.997341790286036,0.9449701309204102,0.7994273151049716,BendWorstOCT,2026-07-10 14:12:38,car_evaluation,,,6,6,0,19,4,9,0.5518958333333623,0.9946153846153656,0.8021795500938069,3600.003799200058,4525.0,-596570832,0.450563528,False,False,ModifiedCuts,False,4,0.001,114,23589610[].aqua,3600,1,0,0,0.05,-1,-1,0,-1,inf,True,True,False,1,False,False,True,False,False,Lazy,False,0,Chain,False,False,False,False,False,0.495728,3607,3574
47.22222222222222,46.15384615384615,3.5,4,8,0,0,0,0,0,0,0,0.9984889,0.03,0.05,0.998488888888867,0.5267980098724365,0.2469907449897712,0.9978666666666448,0.9944608211517334,0.8341567327144292,BendWorstOCT,2026-07-10 14:12:39,car_evaluation,,,6,6,0,19,4,9,0.4551384615384666,0.9963828794688208,1.189186288719329,3600.004248857498,4527.0,-1617463087,0.492633592,False,False,ModifiedCuts,False,4,0.0008,115,23589610[].aqua,3600,1,0,0,0.05,-1,-1,0,-1,inf,True,True,False,1,False,False,True,False,False,Lazy,False,0,Chain,False,False,False,False,False,0.528032,3607,3572
65.97938144329896,56.52173913043478,1.0,1,2,0,0,0,0,0,0,0,0.8559495,0.0,0.01,0.854897369181845,0.1116299629211425,0.0329378473662027,0.8098436040007594,0.2605810165405273,0.1541962242466321,BendWorstOCT,2026-07-10 14:19:21,wpbc,Quantile Thresholds,5.0,32,0,32,127,2,9,0.4052176815530566,0.4989140515831189,0.2312247818776248,3600.00083899498,135787.0,-971400948,0.325207208,False,False,ModifiedCuts,False,3,0.08,150,23589610[].aqua,3600,1,0,0,0.05,-1,-1,0,-1,inf,True,True,False,1,False,False,True,False,False,Lazy,False,0,Chain,False,False,False,False,False,0.323328,3604,3583
72.68041237113403,69.56521739130434,2.0,2,4,0,0,0,0,0,0,0,0.891046,0.0,0.01,0.8895892586443378,0.1093208789825439,0.0308448675509773,0.8895892586443378,0.1341989040374755,0.0557576725247089,BendWorstOCT,2026-07-10 14:19:21,wpbc,Quantile Thresholds,5.0,32,0,32,127,2,9,0.455652191699606,0.6399999999999995,0.4045800978434157,3600.000723838806,226132.0,-1853848032,0.45955092,False,False,ModifiedCuts,False,3,0.06,151,23589610[].aqua,3600,1,0,0,0.05,-1,-1,0,-1,inf,True,True,False,1,False,False,True,False,False,Lazy,False,0,Chain,False,False,False,False,False,0.437384,3604,3579
69.0721649484536,68.91891891891892,2.0,2,4,0,0,0,0,0,0,0,0.9267008,0.0,0.01,0.9247860538827264,0.1129322052001953,0.0284553168097161,0.924025491237388,0.166701078414917,0.0816007165982911,BendWorstOCT,2026-07-10 14:22:01,wpbc,Quantile Thresholds,5.0,32,0,32,127,2,9,0.5291891891891893,0.7599999999999993,0.4361593462717041,3600.000785112381,225835.0,172278672,0.347762976,False,False,ModifiedCuts,False,3,0.04,152,23589610[].aqua,3600,1,0,0,0.05,-1,-1,0,-1,inf,True,True,False,1,False,False,True,False,False,Lazy,False,0,Chain,False,False,False,False,False,0.43658,3604,3572
70.61855670103093,70.27027027027027,2.4,3,5,0,0,0,0,0,0,0,0.9631266,0.0,0.0,0.9622222222222228,0.1137721538543701,0.0274045272667986,0.96,0.1733691692352295,0.0852464618666253,BendWorstOCT,2026-07-10 14:22:02,wpbc,Quantile Thresholds,5.0,32,0,32,127,2,9,0.6027027284776854,0.8799999999999994,0.4600896236569482,3600.002566099167,147696.0,1464509186,0.4101644,False,False,ModifiedCuts,False,3,0.02,153,23589610[].aqua,3600,1,0,0,0.05,-1,-1,0,-1,inf,True,True,False,1,False,False,True,False,False,Lazy,False,0,Chain,False,False,False,False,False,0.385344,3605,3579
74.22680412371135,73.91304347826087,2.857142857142857,3,7,0,0,0,0,0,0,0,0.9852506,0.0,0.0,0.9848888888888888,0.1187489032745361,0.0274040003492309,0.984,0.1587369441986084,0.0666444380231282,BendWorstOCT,2026-07-10 14:22:02,wpbc,Quantile Thresholds,5.0,32,0,32,127,2,9,0.6831304914684266,0.9519999999999994,0.3935844057459987,3600.000827789306,125630.0,982638087,0.407792864,False,False,ModifiedCuts,False,3,0.008,155,23589610[].aqua,3600,1,0,0,0.05,-1,-1,0,-1,inf,True,True,False,1,False,False,True,False,False,Lazy,False,0,Chain,False,False,False,False,False,0.368412,3605,3577
73.71134020618557,73.64864864864865,2.857142857142857,3,7,0,0,0,0,0,0,0,0.9815633,0.0,0.0,0.9811111111111112,0.1186389923095703,0.0274040143492309,0.98,0.1585879325866699,0.0668238001689177,BendWorstOCT,2026-07-10 14:22:02,wpbc,Quantile Thresholds,5.0,32,0,32,127,2,9,0.6664865099779154,0.9399999999999994,0.4103811343925733,3600.000825881958,151616.0,1642735290,0.440030712,False,False,ModifiedCuts,False,3,0.01,154,23589610[].aqua,3600,1,0,0,0.05,-1,-1,0,-1,inf,True,True,False,1,False,False,True,False,False,Lazy,False,0,Chain,False,False,False,False,False,0.418828,3605,3576
76.28865979381443,76.08695652173913,2.857142857142857,3,7,0,0,0,0,0,0,0,0.988938,0.0,0.0,0.9886666666666664,0.1286849975585937,0.0273331587843661,0.988,0.1703259944915771,0.0623073331829266,BendWorstOCT,2026-07-10 14:22:47,wpbc,Quantile Thresholds,5.0,32,0,32,127,2,9,0.7188695652173916,0.9639999999999994,0.3409943147453717,3600.000918149948,115231.0,-1652181409,0.395228752,False,False,ModifiedCuts,False,3,0.006,156,23589610[].aqua,3600,1,0,0,0.05,-1,-1,0,-1,inf,True,True,False,1,False,False,True,False,False,Lazy,False,0,Chain,False,False,False,False,False,0.345872,3606,3567
75.25773195876289,75.0,2.857142857142857,3,7,0,0,0,0,0,0,0,0.9926253,0.0,0.0,0.992444444444444,0.122161865234375,0.0273361803843661,0.992,0.1603879928588867,0.0623283457144246,BendWorstOCT,2026-07-10 14:23:29,wpbc,Quantile Thresholds,5.0,32,0,32,127,2,9,0.7220000000000465,0.9759999999999994,0.3518005540165326,3600.00097990036,121617.0,1477378814,0.405983104,False,False,ModifiedCuts,False,3,0.004,157,23589610[].aqua,3600,1,0,0,0.05,-1,-1,0,-1,inf,True,True,False,1,False,False,True,False,False,Lazy,False,0,Chain,False,False,False,False,False,0.364616,3605,3578
74.22680412371135,73.91304347826087,2.857142857142857,3,7,0,0,0,0,0,0,0,0.9996516,0.0,0.0,0.9995999999999994,0.1168758869171142,0.0235214127734819,0.9995999999999994,0.1337158679962158,0.0373364399667302,BendWorstOCT,2026-07-10 14:24:11,wpbc,Quantile Thresholds,5.0,32,0,32,127,2,9,0.7377305806006659,0.9988059309153584,0.3538898307592493,3600.000957965851,89862.0,-579354718,0.338739552,False,False,ModifiedCuts,False,3,0.0002,163,23589610[].aqua,3600,1,0,0,0.05,-1,-1,0,-1,inf,True,True,False,1,False,False,True,False,False,Lazy,False,0,Chain,False,False,False,False,False,0.343036,3604,3574
65.97938144329896,56.52173913043478,1.0,1,2,0,0,0,0,0,0,0,0.8550125,0.01,0.01,0.8543499389668121,0.1597580909729004,0.0443835822038784,0.8537048192771092,0.205718994140625,0.0869154044817732,BendWorstOCT,2026-07-10 14:24:11,wpbc,Quantile Thresholds,5.0,32,0,32,127,2,9,0.4052173913043482,0.5315524349691695,0.311771030503314,3600.001435995102,103860.0,428448693,0.455268136,False,False,ModifiedCuts,False,4,0.08,165,23589610[].aqua,3600,1,0,0,0.05,-1,-1,0,-1,inf,True,True,False,1,False,False,True,False,False,Lazy,False,0,Chain,False,False,False,False,False,0.368504,3604,3574
74.74226804123711,74.32432432432432,3.0,3,8,0,0,0,0,0,0,0,0.9988938,0.0,0.0,0.998866666666666,0.1172358989715576,0.0268069218445463,0.9988,0.1552150249481201,0.0659532597847908,BendWorstOCT,2026-07-10 14:24:11,wpbc,Quantile Thresholds,5.0,32,0,32,127,2,9,0.7384432443415515,0.9965543276509704,0.3495340844231964,3600.0007989406586,91058.0,-987962981,0.380024904,False,False,ModifiedCuts,False,3,0.0006,161,23589610[].aqua,3600,1,0,0,0.05,-1,-1,0,-1,inf,True,True,False,1,False,False,True,False,False,Lazy,False,0,Chain,False,False,False,False,False,0.352052,3605,3573
74.22680412371135,73.91304347826087,2.857142857142857,3,7,0,0,0,0,0,0,0,0.9985251,0.0,0.0,0.9984888888888884,0.1235759258270263,0.0267022714359878,0.9984,0.1610560417175293,0.0658616754752766,BendWorstOCT,2026-07-10 14:24:11,wpbc,Quantile Thresholds,5.0,32,0,32,127,2,9,0.7335304764200622,0.9955350475852692,0.3571829386611171,3600.0015120506287,94337.0,1870617803,0.370338848,False,False,ModifiedCuts,False,3,0.0008,160,23589610[].aqua,3600,1,0,0,0.05,-1,-1,0,-1,inf,True,True,False,1,False,False,True,False,False,Lazy,False,0,Chain,False,False,False,False,False,0.372908,3605,3573
77.31958762886597,77.02702702702703,3.0,3,8,0,0,0,0,0,0,0,0.9981563,0.0,0.0,0.9981111111111106,0.1151318550109863,0.0266825909909427,0.998,0.1533567905426025,0.0663567276757241,BendWorstOCT,2026-07-10 14:24:11,wpbc,Quantile Thresholds,5.0,32,0,32,127,2,9,0.7622702960452538,0.9944107347122558,0.3045382194103239,3600.000928878784,119563.0,-2040670688,0.380863184,False,False,ModifiedCuts,False,3,0.001,159,23589610[].aqua,3600,1,0,0,0.05,-1,-1,0,-1,inf,True,True,False,1,False,False,True,False,False,Lazy,False,0,Chain,False,False,False,False,False,0.342736,3605,3571
76.28865979381443,76.08695652173913,3.0,3,8,0,0,0,0,0,0,0,0.9992625,0.0,0.0,0.9992530973451323,0.1247761249542236,0.0269328591210328,0.9992,0.1605010032653808,0.0597125766448417,BendWorstOCT,2026-07-10 14:24:11,wpbc,Quantile Thresholds,5.0,32,0,32,127,2,9,0.7576695652173904,0.9978505926601728,0.3169997033916359,3600.000761985779,100682.0,2084107621,0.3835012,False,False,ModifiedCuts,False,3,0.0004,162,23589610[].aqua,3600,1,0,0,0.05,-1,-1,0,-1,inf,True,True,False,1,False,False,True,False,False,Lazy,False,0,Chain,False,False,False,False,False,0.344624,3604,3574
74.74226804123711,73.91304347826087,3.0,3,8,0,0,0,0,0,0,0,0.9998258,0.0,0.0,0.9997999999999996,0.119028091430664,0.0241962605160013,0.9997999999999996,0.136747121810913,0.0389189520923927,BendWorstOCT,2026-07-10 14:24:11,wpbc,Quantile Thresholds,5.0,32,0,32,127,2,9,0.7383304377646748,0.9994597063692116,0.3536753399942663,3600.0026540756226,101654.0,-425873198,0.369845896,False,False,ModifiedCuts,False,3,0.0001,164,23589610[].aqua,3600,1,0,0,0.05,-1,-1,0,-1,inf,True,True,False,1,False,False,True,False,False,Lazy,False,0,Chain,False,False,False,False,False,0.350616,3604,3574
72.68041237113403,72.29729729729729,3.0,3,8,0,0,0,0,0,0,0,0.9963127,0.0,0.0,0.9962222222222218,0.1737880706787109,0.0273443909843661,0.996,0.2161760330200195,0.0625914282867001,BendWorstOCT,2026-07-10 14:24:12,wpbc,Quantile Thresholds,5.0,32,0,32,127,2,9,0.7069730245229363,0.9886008618565926,0.3983572605527602,3600.001301050186,124546.0,-941515775,0.406436968,False,False,ModifiedCuts,False,3,0.002,158,23589610[].aqua,3600,1,0,0,0.05,-1,-1,0,-1,inf,True,True,False,1,False,False,True,False,False,Lazy,False,0,Chain,False,False,False,False,False,0.369316,3606,3575
63.91752577319588,63.51351351351352,1.6666666666666667,2,3,0,0,0,0,0,0,0,0.890207,0.0,0.01,0.8901146641977072,0.1322782039642334,0.04326313079776,0.8515940600630718,0.3877060413360595,0.3447007598294186,BendWorstOCT,2026-07-10 14:24:54,wpbc,Quantile Thresholds,5.0,32,0,32,127,2,9,0.4551351351351356,0.669652568803264,0.4713269029525379,3600.001410007477,123593.0,110010680,0.762423776,False,False,ModifiedCuts,False,4,0.06,166,23589610[].aqua,3600,1,0,0,0.05,-1,-1,0,-1,inf,True,True,False,1,False,False,True,False,False,Lazy,False,0,Chain,False,False,False,False,False,0.431844,3605,3572
63.91752577319588,62.16216216216216,1.6666666666666667,2,3,0,0,0,0,0,0,0,0.9259033,0.0,0.01,0.9255817415033496,0.1385149955749511,0.0395724009825441,0.9255817415033496,0.2023401260375976,0.101017244677141,BendWorstOCT,2026-07-10 14:24:54,wpbc,Quantile Thresholds,5.0,32,0,32,127,2,9,0.5016221177896238,0.7819726166653069,0.5588878339556386,3600.0019459724426,140889.0,-1382281276,0.819050968,False,False,ModifiedCuts,False,4,0.04,167,23589610[].aqua,3600,1,0,0,0.05,-1,-1,0,-1,inf,True,True,False,1,False,False,True,False,False,Lazy,False,0,Chain,False,False,False,False,False,0.508648,3605,3571
72.68041237113403,71.73913043478261,2.6666666666666665,3,6,0,0,0,0,0,0,0,0.9626535,0.0,0.01,0.96167487684729,0.1265900135040283,0.0396257696701829,0.9609514950495044,0.1915900707244873,0.1021828706864512,BendWorstOCT,2026-07-10 14:25:46,wpbc,Quantile Thresholds,5.0,32,0,32,127,2,9,0.597391304347826,0.8800000000000022,0.4730713245997129,3600.0014791488647,124686.0,-1276892349,0.890926248,False,False,ModifiedCuts,False,4,0.02,168,23589610[].aqua,3600,1,0,0,0.05,-1,-1,0,-1,inf,True,True,False,1,False,False,True,False,False,Lazy,False,0,Chain,False,False,False,False,False,0.522208,3604,3573
70.61855670103093,69.56521739130434,2.4,3,5,0,0,0,0,0,0,0,0.988796,0.0,0.01,0.9885024630541864,0.1452410221099853,0.0391732778715057,0.9882861485148507,0.182668924331665,0.0740352135960935,BendWorstOCT,2026-07-10 14:25:47,wpbc,Quantile Thresholds,5.0,32,0,32,127,2,9,0.665652173913043,0.968327788877644,0.4547053653942411,3600.0012559890747,125541.0,-1611312691,0.60646816,False,False,ModifiedCuts,False,4,0.006,171,23589610[].aqua,3600,1,0,0,0.05,-1,-1,0,-1,inf,True,True,False,1,False,False,True,False,False,Lazy,False,0,Chain,False,False,False,False,False,0.575008,3605,3572
74.22680412371135,73.91304347826087,3.0,4,7,0,0,0,0,0,0,0,0.9850614,0.0,0.01,0.9846699507389156,0.1455740928649902,0.0391715130715057,0.9843811980198014,0.1860690116882324,0.0765673056125459,BendWorstOCT,2026-07-10 14:25:47,wpbc,Quantile Thresholds,5.0,32,0,32,127,2,9,0.6831304347826083,0.9520000000000022,0.3935845213849328,3600.008854150772,90430.0,333776484,0.51745916,False,False,ModifiedCuts,False,4,0.008,170,23589610[].aqua,3600,1,0,0,0.05,-1,-1,0,-1,inf,True,True,False,1,False,False,True,False,False,Lazy,False,0,Chain,False,False,False,False,False,0.486488,3605,3571
73.71134020618557,73.64864864864865,2.833333333333333,4,6,0,0,0,0,0,0,0,0.9813267,0.0,0.01,0.9808374384236448,0.1384470462799072,0.0391704440715057,0.980476247524752,0.1822659969329834,0.0805486414727422,BendWorstOCT,2026-07-10 14:25:47,wpbc,Quantile Thresholds,5.0,32,0,32,127,2,9,0.6764864864864877,0.9400000000000022,0.3895325609268885,3600.0021879673004,103323.0,1265125555,0.814279976,False,False,ModifiedCuts,False,4,0.01,169,23589610[].aqua,3600,1,0,0,0.05,-1,-1,0,-1,inf,True,True,False,1,False,False,True,False,False,Lazy,False,0,Chain,False,False,False,False,False,0.48842,3605,3571
77.31958762886597,77.02702702702703,3.333333333333333,4,9,0,0,0,0,0,0,0,0.9925307,0.0,0.01,0.9923349753694576,0.1681129932403564,0.0391736008715057,0.9921910990099004,0.2032768726348877,0.0708566349996482,BendWorstOCT,2026-07-10 14:25:47,wpbc,Quantile Thresholds,5.0,32,0,32,127,2,9,0.7342702702702705,0.978806243484698,0.3330326490331942,3600.0031769275665,69065.0,-1436239388,0.544340072,False,False,ModifiedCuts,False,4,0.004,172,23589610[].aqua,3600,1,0,0,0.05,-1,-1,0,-1,inf,True,True,False,1,False,False,True,False,False,Lazy,False,0,Chain,False,False,False,False,False,0.4453,3605,3577
80.9278350515464,80.43478260869566,3.857142857142857,4,14,0,0,0,0,0,0,0,0.9985061,0.0,0.01,0.998466995073891,0.2072160243988037,0.0391727111715057,0.9984390198019796,0.2477469444274902,0.0710010263519008,BendWorstOCT,2026-07-10 14:25:48,wpbc,Quantile Thresholds,5.0,32,0,32,127,2,9,0.793147826086956,0.9959999999996104,0.2557558216019305,3600.001950979233,70781.0,-1781966983,0.464015104,False,False,ModifiedCuts,False,4,0.0008,175,23589610[].aqua,3600,1,0,0,0.05,-1,-1,0,-1,inf,True,True,False,1,False,False,True,False,False,Lazy,False,0,Chain,False,False,False,False,False,0.433988,3606,3577
78.35051546391753,78.26086956521739,3.8461538461538463,4,13,0,0,0,0,0,0,0,0.9981327,0.0,0.01,0.998083743842364,0.2059640884399414,0.0391736723715057,0.9980485247524746,0.2464189529418945,0.0709994529886893,BendWorstOCT,2026-07-10 14:25:48,wpbc,Quantile Thresholds,5.0,32,0,32,127,2,9,0.7696087371162745,0.9949999999999994,0.2928647402422514,3600.0141689777374,61600.0,872139843,0.491868656,False,False,ModifiedCuts,False,4,0.001,174,23589610[].aqua,3600,1,0,0,0.05,-1,-1,0,-1,inf,True,True,False,1,False,False,True,False,False,Lazy,False,0,Chain,False,False,False,False,False,0.44696,3606,3577
81.95876288659794,81.75675675675676,3.769230769230769,4,13,0,0,0,0,0,0,0,0.9988796,0.0,0.01,0.998850246305418,0.2044160366058349,0.0391729867715057,0.9988295148514844,0.2450380325317382,0.0709851059747424,BendWorstOCT,2026-07-10 14:25:48,wpbc,Quantile Thresholds,5.0,32,0,32,127,2,9,0.8097675675675672,0.9971542607953184,0.231407999940817,3600.001147031784,73869.0,471699852,0.480287768,False,False,ModifiedCuts,False,4,0.0006,176,23589610[].aqua,3600,1,0,0,0.05,-1,-1,0,-1,inf,True,True,False,1,False,False,True,False,False,Lazy,False,0,Chain,False,False,False,False,False,0.44142,3606,3577
78.35051546391753,78.26086956521739,3.769230769230769,4,13,0,0,0,0,0,0,0,0.9962653,0.0,0.01,0.9961674876847284,0.2140779495239257,0.0391736619715057,0.99609604950495,0.2573997974395752,0.0710907305886893,BendWorstOCT,2026-07-10 14:25:49,wpbc,Quantile Thresholds,5.0,32,0,32,127,2,9,0.7566087371162741,0.9897991758299812,0.3082047923507801,3600.003448009491,77030.0,847171699,0.759494568,False,False,ModifiedCuts,False,4,0.002,173,23589610[].aqua,3600,1,0,0,0.05,-1,-1,0,-1,inf,True,True,False,1,False,False,True,False,False,Lazy,False,0,Chain,False,False,False,False,False,0.474012,3607,3576
79.38144329896907,79.05405405405405,3.636363636363636,4,11,0,0,0,0,0,0,0,0.9992531,0.0,0.01,0.9992334975369452,0.1322138309478759,0.0397611337203483,0.9992200099009896,0.1649038791656494,0.0716434206820656,BendWorstOCT,2026-07-10 14:28:04,wpbc,Quantile Thresholds,5.0,32,0,32,127,2,9,0.7861405534280334,0.99796091258893,0.2694433689207811,3600.004324913025,97553.0,-608045123,0.521397472,False,False,ModifiedCuts,False,4,0.0004,177,23589610[].aqua,3600,1,0,0,0.05,-1,-1,0,-1,inf,True,True,False,1,False,False,True,False,False,Lazy,False,0,Chain,False,False,False,False,False,0.520836,3606,3580
82.98969072164948,82.6086956521739,3.6666666666666665,4,12,0,0,0,0,0,0,0,0.9996516,0.0,0.01,0.9995999999999994,0.117460012435913,0.0325559859564255,0.9995999999999994,0.1419711112976074,0.0524156192177031,BendWorstOCT,2026-07-10 14:29:41,wpbc,Quantile Thresholds,5.0,32,0,32,127,2,9,0.8236869565217388,0.9990666666666668,0.2129203440170042,3600.001384973526,77989.0,839142056,0.472179536,False,False,ModifiedCuts,False,4,0.0002,178,23589610[].aqua,3600,1,0,0,0.05,-1,-1,0,-1,inf,True,True,False,1,False,False,True,False,False,Lazy,False,0,Chain,False,False,False,False,False,0.44128,3605,3572
82.47422680412372,82.43243243243244,3.636363636363636,4,11,0,0,0,0,0,0,0,0.9998258,0.0,0.01,0.9997999999999996,0.1048851013183593,0.0322760031632013,0.9997999999999996,0.1280369758605957,0.05337049302404,BendWorstOCT,2026-07-10 14:29:41,wpbc,Quantile Thresholds,5.0,32,0,32,127,2,9,0.8232244531992506,0.9995255668875048,0.2141592283891777,3600.002100944519,89536.0,1300847687,0.512178696,False,False,ModifiedCuts,False,4,0.0001,179,23589610[].aqua,3600,1,0,0,0.05,-1,-1,0,-1,inf,True,True,False,1,False,False,True,False,False,Lazy,False,0,Chain,False,False,False,False,False,0.483228,3605,3579
67.9144385026738,67.41573033707866,2.25,3,4,0,0,0,0,0,0,0,0.9689592,0.01,0.02,0.9682056892779016,0.1115720272064209,0.028317568042517,0.967320319432123,0.1279380321502685,0.0443771917529119,BendWorstOCT,2026-07-10 14:30:19,transfusion,Quantile Thresholds,5.0,4,0,4,16,2,9,0.634157303370788,0.7376700161492922,0.1632287639490937,3600.000706195832,184457.0,-6895973,0.195916456,False,False,ModifiedCuts,False,3,0.01,184,23589610[].aqua,3600,1,0,0,0.05,-1,-1,0,-1,inf,True,True,False,1,False,False,True,False,False,Lazy,False,0,Chain,False,False,False,False,False,0.304968,3605,3579
68.85026737967914,68.7719298245614,2.6666666666666665,3,6,0,0,0,0,0,0,0,0.9866667,0.01,0.01,0.9865473684210548,0.1746668815612793,0.0423218892798538,0.9711046408513176,0.223733901977539,0.0974753349570084,BendWorstOCT,2026-07-10 14:30:51,transfusion,Quantile Thresholds,5.0,4,0,4,16,2,9,0.6637192982456156,0.775564577430807,0.1685129232807119,3600.000689983368,178623.0,1931481811,0.213373824,False,False,ModifiedCuts,False,3,0.004,187,23589610[].aqua,3600,1,0,0,0.05,-1,-1,0,-1,inf,True,True,False,1,False,False,True,False,False,Lazy,False,0,Chain,False,False,False,False,False,0.367592,3605,3570
68.85026737967914,68.7719298245614,2.6666666666666665,3,6,0,0,0,0,0,0,0,0.9806549,0.01,0.02,0.9800000000000022,0.0878140926361084,0.028270241584883,0.9800000000000022,0.1054470539093017,0.0441537535751115,BendWorstOCT,2026-07-10 14:30:51,transfusion,Quantile Thresholds,5.0,4,0,4,16,2,9,0.6517192982456157,0.7319777637630531,0.1231488245529751,3600.0007030963898,227539.0,-2094860083,0.21505956,False,False,ModifiedCuts,False,3,0.006,186,23589610[].aqua,3600,1,0,0,0.05,-1,-1,0,-1,inf,True,True,False,1,False,False,True,False,False,Lazy,False,0,Chain,False,False,False,False,False,0.340152,3605,3571
69.6524064171123,69.10112359550561,2.857142857142857,3,7,0,0,0,0,0,0,0,0.9986667,0.01,0.01,0.9986000000000002,0.1882808208465576,0.0455935582476359,0.9786389496717748,0.2591478824615478,0.0943626516200651,BendWorstOCT,2026-07-10 14:30:51,transfusion,Quantile Thresholds,5.0,4,0,4,16,2,9,0.6882112359550575,0.8040630726307278,0.168337612963988,3600.000654935837,169734.0,-166680076,0.197334688,False,False,ModifiedCuts,False,3,0.0004,192,23589610[].aqua,3600,1,0,0,0.05,-1,-1,0,-1,inf,True,True,False,1,False,False,True,False,False,Lazy,False,0,Chain,False,False,False,False,False,0.308628,3605,3571
69.6524064171123,69.10112359550561,2.857142857142857,3,7,0,0,0,0,0,0,0,0.998,0.01,0.01,0.9979000000000002,0.1882021427154541,0.052911180993564,0.9778254704595208,0.2575511932373047,0.1100226748348563,BendWorstOCT,2026-07-10 14:30:51,transfusion,Quantile Thresholds,5.0,4,0,4,16,2,9,0.6868112359550578,0.7686318016046689,0.1191310819716484,3600.000675201416,224834.0,1143701007,0.204429288,False,False,ModifiedCuts,False,3,0.0006,191,23589610[].aqua,3600,1,0,0,0.05,-1,-1,0,-1,inf,True,True,False,1,False,False,True,False,False,Lazy,False,0,Chain,False,False,False,False,False,0.31276,3605,3570
69.6524064171123,69.10112359550561,2.857142857142857,3,7,0,0,0,0,0,0,0,0.9973333,0.01,0.01,0.9972000000000004,0.1848039627075195,0.040019071998743,0.9769985120350132,0.2666611671447754,0.1068436702914026,BendWorstOCT,2026-07-10 14:30:51,transfusion,Quantile Thresholds,5.0,4,0,4,16,2,9,0.6854112362921398,0.7947817208297944,0.159569144400542,3600.004157066345,183051.0,235927365,0.208865824,False,False,ModifiedCuts,False,3,0.0008,190,23589610[].aqua,3600,1,0,0,0.05,-1,-1,0,-1,inf,True,True,False,1,False,False,True,False,False,Lazy,False,0,Chain,False,False,False,False,False,0.319292,3605,3570
69.6524064171123,69.10112359550561,2.857142857142857,3,7,0,0,0,0,0,0,0,0.9933333,0.01,0.01,0.9932596491228096,0.1833879947662353,0.0465350914592287,0.9724341581103092,0.2632269859313965,0.1110435404736098,BendWorstOCT,2026-07-10 14:30:51,transfusion,Quantile Thresholds,5.0,4,0,4,16,2,9,0.6770112359550574,0.7650870853080585,0.1300951072529139,3600.000514984131,222760.0,-1836963793,0.211026448,False,False,ModifiedCuts,False,3,0.002,188,23589610[].aqua,3600,1,0,0,0.05,-1,-1,0,-1,inf,True,True,False,1,False,False,True,False,False,Lazy,False,0,Chain,False,False,False,False,False,0.332672,3605,3571
69.6524064171123,69.10112359550561,2.857142857142857,3,7,0,0,0,0,0,0,0,0.9966667,0.01,0.01,0.9965000000000004,0.1868190765380859,0.042275210348092,0.976137855579871,0.2630698680877685,0.0859810191838985,BendWorstOCT,2026-07-10 14:30:51,transfusion,Quantile Thresholds,5.0,4,0,4,16,2,9,0.6840112359550575,0.7896294363256794,0.1544100371730756,3600.000967025757,191335.0,-1382844054,0.202934512,False,False,ModifiedCuts,False,3,0.001,189,23589610[].aqua,3600,1,0,0,0.05,-1,-1,0,-1,inf,True,True,False,1,False,False,True,False,False,Lazy,False,0,Chain,False,False,False,False,False,0.315932,3605,3570
69.6524064171123,69.10112359550561,2.857142857142857,3,7,0,0,0,0,0,0,0,0.9999,0.0,0.0,0.9995666666666694,0.1301479339599609,0.0119345900635707,0.9995500000000028,0.1538200378417968,0.0352709427675033,BendWorstOCT,2026-07-10 14:30:51,transfusion,Quantile Thresholds,5.0,4,0,4,16,2,9,0.6903112359550576,0.7407336928957017,0.0730430772590333,3600.000451087952,271724.0,1844944593,0.197233488,False,False,ModifiedCuts,False,3,0.0001,194,23589610[].aqua,3600,1,0,0,0.05,-1,-1,0,-1,inf,True,True,False,1,False,False,True,False,False,Lazy,False,0,Chain,False,False,False,False,False,0.311968,3604,3572
69.6524064171123,69.10112359550561,2.857142857142857,3,7,0,0,0,0,0,0,0,0.9998,0.0,0.0,0.9989000000000006,0.1957099437713623,0.0465558922803921,0.9780067493313904,0.2644758224487304,0.0994401592101799,BendWorstOCT,2026-07-10 14:30:51,transfusion,Quantile Thresholds,5.0,4,0,4,16,2,9,0.6896112359550602,0.7999831596319632,0.1600494857425663,3600.0005111694336,209119.0,-619569502,0.222593608,False,False,ModifiedCuts,False,3,0.0002,193,23589610[].aqua,3600,1,0,0,0.05,-1,-1,0,-1,inf,True,True,False,1,False,False,True,False,False,Lazy,False,0,Chain,False,False,False,False,False,0.332444,3606,3572
68.18181818181819,68.0701754385965,2.6,3,5,0,0,0,0,0,0,0,0.974807,0.01,0.02,0.9733982521847712,0.1443510055541992,0.0279695582091082,0.9733982521847712,0.1625628471374511,0.0441892194072903,BendWorstOCT,2026-07-10 14:30:51,transfusion,Quantile Thresholds,5.0,4,0,4,16,2,9,0.6407017543859667,0.7292220520673824,0.1381614722847942,3600.00062584877,192110.0,642657955,0.205927088,False,False,ModifiedCuts,False,3,0.008,185,23589610[].aqua,3600,1,0,0,0.05,-1,-1,0,-1,inf,True,True,False,1,False,False,True,False,False,Lazy,False,0,Chain,False,False,False,False,False,0.311152,3606,3574
69.38502673796792,66.29213483146067,1.6666666666666667,2,3,0,0,0,0,0,0,0,0.9050201,0.03,0.06,0.9049156734877468,0.2092931270599365,0.0936134036724429,0.8742882681564272,0.344783067703247,0.2688948283944283,BendWorstOCT,2026-07-10 14:32:04,transfusion,Quantile Thresholds,5.0,4,0,4,16,2,9,0.542921348314608,0.6357272504292393,0.1709380233485546,3600.001201152801,113555.0,645439270,0.296837,False,False,ModifiedCuts,False,4,0.04,197,23589610[].aqua,3600,1,0,0,0.05,-1,-1,0,-1,inf,True,True,False,1,False,False,True,False,False,Lazy,False,0,Chain,False,False,False,False,False,0.404256,3606,3578
69.38502673796792,66.29213483146067,1.6666666666666667,2,3,0,0,0,0,0,0,0,0.9434777,0.02,0.06,0.9433452371065552,0.2112429141998291,0.087499612330223,0.9233227333946196,0.3401060104370117,0.2193138984306753,BendWorstOCT,2026-07-10 14:32:04,transfusion,Quantile Thresholds,5.0,4,0,4,16,2,9,0.6029213483146076,0.7822646382787158,0.2974571898398361,3600.001252889633,125491.0,546883824,0.449405472,False,False,ModifiedCuts,False,4,0.02,198,23589610[].aqua,3600,1,0,0,0.05,-1,-1,0,-1,inf,True,True,False,1,False,False,True,False,False,Lazy,False,0,Chain,False,False,False,False,False,0.528556,3606,3578
69.25133689839572,69.10112359550561,2.833333333333333,4,6,0,0,0,0,0,0,0,0.9968,0.03,0.06,0.9968000000000002,0.2321419715881347,0.1001058196204906,0.9845531728665228,0.2776961326599121,0.1217743158705252,BendWorstOCT,2026-07-10 14:32:43,transfusion,Quantile Thresholds,5.0,4,0,4,16,2,9,0.6862112359550591,0.955866002381402,0.3929617474873336,3600.000869989395,127426.0,949398557,0.54447928,False,False,ModifiedCuts,False,4,0.0008,205,23589610[].aqua,3600,1,0,0,0.05,-1,-1,0,-1,inf,True,True,False,1,False,False,True,False,False,Lazy,False,0,Chain,False,False,False,False,False,0.60282,3605,3578
68.71657754010695,68.59649122807018,2.833333333333333,4,6,0,0,0,0,0,0,0,0.996,0.03,0.06,0.9960000000000004,0.1952788829803466,0.0912282379467216,0.9831531728665228,0.2541990280151367,0.1214928478158725,BendWorstOCT,2026-07-10 14:32:43,transfusion,Quantile Thresholds,5.0,4,0,4,16,2,9,0.6799649122807035,0.9563963893204984,0.4065378551852072,3600.0015199184418,104964.0,924601049,0.52680244,False,False,ModifiedCuts,False,4,0.001,204,23589610[].aqua,3600,1,0,0,0.05,-1,-1,0,-1,inf,True,True,False,1,False,False,True,False,False,Lazy,False,0,Chain,False,False,False,False,False,0.601432,3605,3578
69.6524064171123,69.10112359550561,3.25,4,8,0,0,0,0,0,0,0,0.992,0.03,0.06,0.9920000000000008,0.206752061843872,0.0943923189493817,0.9765632547208064,0.2637770175933838,0.1349299038005773,BendWorstOCT,2026-07-10 14:32:43,transfusion,Quantile Thresholds,5.0,4,0,4,16,2,9,0.6750112359550575,0.9471662921348336,0.4031859644450365,3600.002825975418,122581.0,968119488,0.528772688,False,False,ModifiedCuts,False,4,0.002,203,23589610[].aqua,3600,1,0,0,0.05,-1,-1,0,-1,inf,True,True,False,1,False,False,True,False,False,Lazy,False,0,Chain,False,False,False,False,False,0.608428,3605,3578
66.84491978609626,66.84210526315789,2.8,4,5,0,0,0,0,0,0,0,0.9644898,0.02,0.06,0.9624243203841888,0.1650969982147216,0.0756408217961393,0.9624243203841888,0.216871976852417,0.2089420208013192,BendWorstOCT,2026-07-10 14:32:43,transfusion,Quantile Thresholds,5.0,4,0,4,16,2,9,0.6184210526315808,0.8692990972390034,0.4056751359609376,3600.002051115036,113437.0,92063159,0.460458504,False,False,ModifiedCuts,False,4,0.01,199,23589610[].aqua,3600,1,0,0,0.05,-1,-1,0,-1,inf,True,True,False,1,False,False,True,False,False,Lazy,False,0,Chain,False,False,False,False,False,0.53426,3605,3576
68.71657754010695,67.97752808988764,2.4,3,5,0,0,0,0,0,0,0,0.976807,0.02,0.06,0.9760000000000022,0.1338720321655273,0.0771062004494624,0.9760000000000022,0.1541659832000732,0.0955052801282731,BendWorstOCT,2026-07-10 14:32:43,transfusion,Quantile Thresholds,5.0,4,0,4,16,2,9,0.6497752808988777,0.9108812421972554,0.401840403865737,3600.011025905609,113599.0,-774974763,0.515625944,False,False,ModifiedCuts,False,4,0.006,201,23589610[].aqua,3600,1,0,0,0.05,-1,-1,0,-1,inf,True,True,False,1,False,False,True,False,False,Lazy,False,0,Chain,False,False,False,False,False,0.599636,3605,3576
68.71657754010695,68.59649122807018,2.833333333333333,4,6,0,0,0,0,0,0,0,0.984,0.02,0.06,0.9840000000000014,0.1756532192230224,0.0919103633632917,0.96913617287258,0.2256591320037841,0.1479484615427252,BendWorstOCT,2026-07-10 14:32:43,transfusion,Quantile Thresholds,5.0,4,0,4,16,2,9,0.6619649122807033,0.9282198074381364,0.4022190454779403,3600.0011661052704,101737.0,-1688671113,0.499813728,False,False,ModifiedCuts,False,4,0.004,202,23589610[].aqua,3600,1,0,0,0.05,-1,-1,0,-1,inf,True,True,False,1,False,False,True,False,False,Lazy,False,0,Chain,False,False,False,False,False,0.64306,3605,3575
66.84491978609626,66.84210526315789,2.25,3,4,0,0,0,0,0,0,0,0.9696765,0.02,0.06,0.9692087312414756,0.1679317951202392,0.0766201135780004,0.9684883720930256,0.1898169517517089,0.0959713497206165,BendWorstOCT,2026-07-10 14:32:43,transfusion,Quantile Thresholds,5.0,4,0,4,16,2,9,0.6364210526316074,0.8885909645909664,0.3962312543191868,3600.0033638477325,112495.0,694486019,0.51162548,False,False,ModifiedCuts,False,4,0.008,200,23589610[].aqua,3600,1,0,0,0.05,-1,-1,0,-1,inf,True,True,False,1,False,False,True,False,False,Lazy,False,0,Chain,False,False,False,False,False,0.600636,3606,3576
58.51063829787234,50.0,1.0,1,2,0,0,0,0,0,0,0,0.8496926,0.01,0.02,0.8493200628601317,0.1476621627807617,0.0537145387517091,0.8216723702249538,0.2684640884399414,0.1990067575008675,BendWorstOCT,2026-07-10 14:44:44,thoracic,Quantile Thresholds,5.0,16,13,3,36,2,2,0.3400000001340001,0.3400000001340001,0.0,2994.9552981853485,87952.0,1595449437,0.138710832,False,False,ModifiedCuts,False,3,0.08,240,23589610[].aqua,3600,1,0,0,0.05,-1,-1,0,-1,inf,True,True,False,1,False,False,True,False,False,Lazy,False,0,Chain,False,False,False,False,False,0.229648,3000,2978
69.25133689839572,69.10112359550561,3.0,4,6,0,0,0,0,0,0,0,0.9976,0.02,0.06,0.9976000000000002,0.2264800071716308,0.0962986196486834,0.9859531728665228,0.2859759330749511,0.1212746167469484,BendWorstOCT,2026-07-10 14:35:56,transfusion,Quantile Thresholds,5.0,4,0,4,16,2,9,0.6874112361237987,0.9650223130569584,0.4038500716086106,3600.0013110637665,99150.0,-95195475,0.47645756,False,False,ModifiedCuts,False,4,0.0006,206,23589610[].aqua,3600,1,0,0,0.05,-1,-1,0,-1,inf,True,True,False,1,False,False,True,False,False,Lazy,False,0,Chain,False,False,False,False,False,0.514844,3605,3577
70.18716577540107,69.66292134831461,3.4444444444444446,4,9,0,0,0,0,0,0,0,0.9998,0.0,0.0,0.9988000000000008,0.1887071132659912,0.0264497016530706,0.9883228938906776,0.2979800701141357,0.0933280490523257,BendWorstOCT,2026-07-10 14:37:37,transfusion,Quantile Thresholds,5.0,4,0,4,16,2,9,0.6948292134831474,0.9645044310103296,0.3881172701062932,3600.005398988724,129144.0,-1154031946,0.573340496,False,False,ModifiedCuts,False,4,0.0002,208,23589610[].aqua,3600,1,0,0,0.05,-1,-1,0,-1,inf,True,True,False,1,False,False,True,False,False,Lazy,False,0,Chain,False,False,False,False,False,0.64052,3670,3577
70.32085561497327,70.2247191011236,3.857142857142857,4,14,0,0,0,0,0,0,0,0.9984,0.03,0.06,0.9984000000000002,0.1996428966522216,0.0952192047621152,0.9980000000000004,0.288309097290039,0.1251026393282473,BendWorstOCT,2026-07-10 14:37:37,transfusion,Quantile Thresholds,5.0,4,0,4,16,2,9,0.6966471910112362,0.9628451269246792,0.3821129825084583,3600.0033049583435,131558.0,-1061861891,0.553864896,False,False,ModifiedCuts,False,4,0.0004,207,23589610[].aqua,3600,1,0,0,0.05,-1,-1,0,-1,inf,True,True,False,1,False,False,True,False,False,Lazy,False,0,Chain,False,False,False,False,False,0.63912,3670,3578
69.78609625668449,69.66292134831461,3.5,4,10,0,0,0,0,0,0,0,0.9999,0.0,0.0,0.9994000000000004,0.1793639659881591,0.0156063324277049,0.9994000000000004,0.2432789802551269,0.0386100498248927,BendWorstOCT,2026-07-10 14:37:37,transfusion,Quantile Thresholds,5.0,4,0,4,16,2,9,0.6956292134831601,0.9657709314969212,0.3883415370971919,3600.0008959770203,116280.0,1755772347,0.523589592,False,False,ModifiedCuts,False,4,0.0001,209,23589610[].aqua,3600,1,0,0,0.05,-1,-1,0,-1,inf,True,True,False,1,False,False,True,False,False,Lazy,False,0,Chain,False,False,False,False,False,0.59276,3670,3577
62.66233766233766,61.92071468453378,1.0,1,2,0,0,0,0,0,0,0,0.8599161,0.26,0.74,0.8598430152739346,2.8040120601654053,1.5724305220450083,0.8213459648009159,5.344969987869263,5.965561405999305,BendWorstOCT,2026-07-10 14:38:40,ozone-one,Quantile Thresholds,5.0,72,0,72,286,2,9,0.459207146845343,0.6800000000000009,0.480813190019926,3600.0065310001373,3980.0,-1488377211,1.658989528,False,False,ModifiedCuts,False,3,0.08,210,23589610[].aqua,3600,1,0,0,0.05,-1,-1,0,-1,inf,True,True,False,1,False,False,True,False,False,Lazy,False,0,Chain,False,False,False,False,False,1.008236,3605,3580
77.0021645021645,75.43859649122807,1.6666666666666667,2,3,0,0,0,0,0,0,0,0.9291327,0.37,1.06,0.9290967765639988,2.223813056945801,1.7118026351726965,0.9083866296479416,4.443501949310303,4.823534490123513,BendWorstOCT,2026-07-10 14:39:16,ozone-one,Quantile Thresholds,5.0,72,0,72,286,2,9,0.6343859649122818,0.84,0.3241150442477852,3600.036957025528,5986.0,204565921,1.34270096,False,False,ModifiedCuts,False,3,0.04,212,23589610[].aqua,3600,1,0,0,0.05,-1,-1,0,-1,inf,True,True,False,1,False,False,True,False,False,Lazy,False,0,Chain,False,False,False,False,False,0.940136,3605,3581
79.491341991342,71.9298245614035,1.0,1,2,0,0,0,0,0,0,0,0.9820756,0.41,1.07,0.9820104332154124,3.1119399070739746,1.799116343064754,0.9771790213156928,4.681402921676636,3.541358819405137,BendWorstOCT,2026-07-10 14:40:37,ozone-one,Quantile Thresholds,5.0,72,0,72,286,2,9,0.6992982456141312,0.9626257229367776,0.3765596138331354,3600.046669006348,2467.0,1922731600,1.672196144,False,False,ModifiedCuts,False,3,0.01,214,23589610[].aqua,3600,1,0,0,0.05,-1,-1,0,-1,inf,True,True,False,1,False,False,True,False,False,Lazy,False,0,Chain,False,False,False,False,False,1.018024,3605,3580
78.95021645021644,78.94736842105263,2.857142857142857,3,7,0,0,0,0,0,0,0,0.9999,0.05,0.03,0.999826864160631,1.8300089836120603,0.9627437301900372,0.9997808894859388,2.337520122528076,1.7147886248874868,BendWorstOCT,2026-07-10 14:43:03,ozone-one,Quantile Thresholds,5.0,72,0,72,286,2,9,0.7887736842105264,0.9996810876125332,0.2673864603040114,3600.026610136032,1825.0,-415010199,1.54166864,False,False,ModifiedCuts,False,3,0.0001,224,23589610[].aqua,3600,1,0,0,0.05,-1,-1,0,-1,inf,True,True,False,1,False,False,True,False,False,Lazy,False,0,Chain,False,False,False,False,False,1.030404,3683,3578
70.508658008658,70.17543859649123,1.6666666666666667,2,3,0,0,0,0,0,0,0,0.9854885,0.83,1.09,0.9854830952595066,4.535973072052002,1.6812509043458763,0.9813969698227972,7.761305093765259,3.489823471698114,BendWorstOCT,2026-07-10 14:43:43,ozone-one,Quantile Thresholds,5.0,72,0,72,286,2,9,0.6777543859649127,0.9733799958486828,0.4361839864199338,3600.006497144699,1277.0,-400498556,1.878306784,False,False,ModifiedCuts,False,4,0.008,230,23589610[].aqua,3600,1,0,0,0.05,-1,-1,0,-1,inf,True,True,False,1,False,False,True,False,False,Lazy,False,0,Chain,False,False,False,False,False,0.928452,3612,3581
63.82978723404256,63.75,2.25,3,4,0,0,0,0,0,0,0,0.8863861,0.01,0.02,0.8861789532920593,0.1540720462799072,0.0526956104955781,0.8654940306531221,0.2569019794464111,0.1872122597236293,BendWorstOCT,2026-07-10 14:44:44,thoracic,Quantile Thresholds,5.0,16,13,3,36,2,9,0.3974999999999983,0.526236085728527,0.3238643666126521,3600.000600099564,101471.0,-1580784728,0.178100816,False,False,ModifiedCuts,False,3,0.06,241,23589610[].aqua,3600,1,0,0,0.05,-1,-1,0,-1,inf,True,True,False,1,False,False,True,False,False,Lazy,False,0,Chain,False,False,False,False,False,0.27876,3605,3580
63.82978723404256,63.75,2.25,3,4,0,0,0,0,0,0,0,0.9234544,0.01,0.02,0.9233661641540978,0.1721971035003662,0.0538863685711003,0.9097656423351176,0.2938289642333984,0.1910397011369525,BendWorstOCT,2026-07-10 14:44:44,thoracic,Quantile Thresholds,5.0,16,13,3,36,2,9,0.477500000147748,0.6800445704873284,0.4241771105275581,3600.000956058502,97380.0,-1688219994,0.187645496,False,False,ModifiedCuts,False,3,0.04,242,23589610[].aqua,3600,1,0,0,0.05,-1,-1,0,-1,inf,True,True,False,1,False,False,True,False,False,Lazy,False,0,Chain,False,False,False,False,False,0.292924,3605,3580
63.82978723404256,63.75,2.25,3,4,0,0,0,0,0,0,0,0.9613275,0.01,0.02,0.9611252853497984,0.1552331447601318,0.0566622631999784,0.954344176661732,0.2618410587310791,0.1983665329281171,BendWorstOCT,2026-07-10 14:45:17,thoracic,Quantile Thresholds,5.0,16,13,3,36,2,9,0.5575000000000351,0.8035481635481634,0.441341997395718,3600.0038981437683,94770.0,1209456020,0.195971488,False,False,ModifiedCuts,False,3,0.02,243,23589610[].aqua,3600,1,0,0,0.05,-1,-1,0,-1,inf,True,True,False,1,False,False,True,False,False,Lazy,False,0,Chain,False,False,False,False,False,0.299264,3604,3573
68.93617021276596,68.57142857142857,3.0,3,8,0,0,0,0,0,0,0,0.9805603,0.01,0.01,0.9803157894736754,0.1696159839630127,0.0486853281614427,0.97701789660638,0.2819569110870361,0.1736679976164395,BendWorstOCT,2026-07-10 14:45:41,thoracic,Quantile Thresholds,5.0,16,13,3,36,2,9,0.6057142857142852,0.8714347481828668,0.4386894427547341,3600.001793861389,99600.0,-2101379117,0.241165848,False,False,ModifiedCuts,False,3,0.01,244,23589610[].aqua,3600,1,0,0,0.05,-1,-1,0,-1,inf,True,True,False,1,False,False,True,False,False,Lazy,False,0,Chain,False,False,False,False,False,0.29068,3605,3577
66.38297872340425,65.71428571428571,2.6666666666666665,3,6,0,0,0,0,0,0,0,0.9844483,0.01,0.01,0.9842526315789384,0.1518599987030029,0.0435825064197492,0.981804907542692,0.2392408847808838,0.1443452720105426,BendWorstOCT,2026-07-10 14:45:41,thoracic,Quantile Thresholds,5.0,16,13,3,36,2,9,0.6091428571428567,0.9086886817342348,0.4917497120402553,3600.000721931457,74797.0,-958770821,0.198783456,False,False,ModifiedCuts,False,3,0.008,245,23589610[].aqua,3600,1,0,0,0.05,-1,-1,0,-1,inf,True,True,False,1,False,False,True,False,False,Lazy,False,0,Chain,False,False,False,False,False,0.287756,3606,3576
68.93617021276596,68.57142857142857,3.0,3,8,0,0,0,0,0,0,0,0.9883362,0.01,0.01,0.9881894736842012,0.1812210083007812,0.0483020838850443,0.9863435100705704,0.3094100952148437,0.1864106383678493,BendWorstOCT,2026-07-10 14:46:03,thoracic,Quantile Thresholds,5.0,16,13,3,36,2,9,0.6377142857142851,0.9143432320101054,0.4337819498366361,3600.000759124756,81049.0,-2089952367,0.193956184,False,False,ModifiedCuts,False,3,0.006,246,23589610[].aqua,3600,1,0,0,0.05,-1,-1,0,-1,inf,True,True,False,1,False,False,True,False,False,Lazy,False,0,Chain,False,False,False,False,False,0.289712,3605,3577
67.23404255319149,66.75,2.857142857142857,3,7,0,0,0,0,0,0,0,0.9922241,0.01,0.01,0.992126315789464,0.1719069480895996,0.0461928289006068,0.990895918367337,0.2497668266296386,0.1320150998713494,BendWorstOCT,2026-07-10 14:46:27,thoracic,Quantile Thresholds,5.0,16,13,3,36,2,9,0.6395000000000155,0.9334615445146556,0.4596740336428975,3600.000767946244,76478.0,-1810495522,0.18976604,False,False,ModifiedCuts,False,3,0.004,247,23589610[].aqua,3600,1,0,0,0.05,-1,-1,0,-1,inf,True,True,False,1,False,False,True,False,False,Lazy,False,0,Chain,False,False,False,False,False,0.281124,3605,3577
68.51063829787235,68.5,3.0,3,8,0,0,0,0,0,0,0,0.998056,0.01,0.01,0.9980315789473584,0.1806340217590332,0.0474401637215744,0.997730324074064,0.2669360637664795,0.1384346952054406,BendWorstOCT,2026-07-10 14:47:19,thoracic,Quantile Thresholds,5.0,16,13,3,36,2,9,0.6769999999999972,0.9657255590185766,0.4264779306035164,3600.000801086426,75963.0,-1294291676,0.18964372,False,False,ModifiedCuts,False,3,0.001,249,23589610[].aqua,3600,1,0,0,0.05,-1,-1,0,-1,inf,True,True,False,1,False,False,True,False,False,Lazy,False,0,Chain,False,False,False,False,False,0.271512,3605,3577
68.51063829787235,68.5,2.857142857142857,3,7,0,0,0,0,0,0,0,0.9961121,0.01,0.01,0.9960631578947268,0.1480910778045654,0.0425334883745136,0.9954479591836634,0.261030912399292,0.1716317448885772,BendWorstOCT,2026-07-10 14:47:41,thoracic,Quantile Thresholds,5.0,16,13,3,36,2,9,0.6709999999999967,0.9700410490307804,0.4456647526539273,3600.012247085572,65378.0,-354886149,0.18000028,False,False,ModifiedCuts,False,3,0.002,248,23589610[].aqua,3600,1,0,0,0.05,-1,-1,0,-1,inf,True,True,False,1,False,False,True,False,False,Lazy,False,0,Chain,False,False,False,False,False,0.28522,3655,3578
68.08510638297872,68.0,3.0,3,8,0,0,0,0,0,0,0,0.9984448,0.01,0.01,0.9984252631578844,0.1534919738769531,0.0466478931230577,0.9981580705009174,0.2595100402832031,0.1558774302853923,BendWorstOCT,2026-07-10 14:47:46,thoracic,Quantile Thresholds,5.0,16,13,3,36,2,9,0.6735999999999962,0.9740503270256328,0.4460367087672775,3600.0007181167603,70844.0,1532711579,0.192557192,False,False,ModifiedCuts,False,3,0.0008,250,23589610[].aqua,3600,1,0,0,0.05,-1,-1,0,-1,inf,True,True,False,1,False,False,True,False,False,Lazy,False,0,Chain,False,False,False,False,False,0.297776,3605,3578
67.44680851063829,67.25,3.0,3,8,0,0,0,0,0,0,0,0.9992224,0.01,0.01,0.9992126315789372,0.1511402130126953,0.0595915163504936,0.9990867656765574,0.2469511032104492,0.1943686115212793,BendWorstOCT,2026-07-10 14:48:14,thoracic,Quantile Thresholds,5.0,16,13,3,36,2,9,0.6692999999999967,0.954252210633376,0.4257466168136573,3600.000738143921,78047.0,2101855848,0.191752472,False,False,ModifiedCuts,False,3,0.0004,252,23589610[].aqua,3600,1,0,0,0.05,-1,-1,0,-1,inf,True,True,False,1,False,False,True,False,False,Lazy,False,0,Chain,False,False,False,False,False,0.284632,3604,3574
69.14893617021276,68.57142857142857,3.0,3,8,0,0,0,0,0,0,0,0.9988336,0.01,0.01,0.9988189473684108,0.2909059524536133,0.0529330697826816,0.9986144427001468,0.4205739498138428,0.1663199503997085,BendWorstOCT,2026-07-10 14:48:47,thoracic,Quantile Thresholds,5.0,16,13,3,36,2,9,0.6809142857142853,0.9878650401576526,0.4507920613258587,3600.001947879792,56582.0,595668328,0.176584208,False,False,ModifiedCuts,False,3,0.0006,251,23589610[].aqua,3600,1,0,0,0.05,-1,-1,0,-1,inf,True,True,False,1,False,False,True,False,False,Lazy,False,0,Chain,False,False,False,False,False,0.279892,3637,3578
68.93617021276596,68.57142857142857,3.0,3,8,0,0,0,0,0,0,0,0.9998,0.0,0.0,0.9995999999999896,0.0638840198516845,0.015043293889739,0.9995511230907356,0.2725841999053955,0.0995265434133182,BendWorstOCT,2026-07-10 14:48:50,thoracic,Quantile Thresholds,5.0,16,13,3,36,2,9,0.6841142857142852,0.961457489998516,0.4054047840773508,3600.001183032989,75625.0,-539858470,0.213764688,False,False,ModifiedCuts,False,3,0.0002,253,23589610[].aqua,3600,1,0,0,0.05,-1,-1,0,-1,inf,True,True,False,1,False,False,True,False,False,Lazy,False,0,Chain,False,False,False,False,False,0.31446,3606,3576
68.51063829787235,68.5,3.0,3,8,0,0,0,0,0,0,0,0.9999,0.0,0.0,0.9997999999999896,0.058039903640747,0.015521170354554,0.9997780539772624,0.1606130599975586,0.065452711305024,BendWorstOCT,2026-07-10 14:49:17,thoracic,Quantile Thresholds,5.0,16,13,3,36,2,9,0.6841999999999966,0.9662279620981806,0.4122010553905078,3600.000761985779,64918.0,-1041794562,0.173787592,False,False,ModifiedCuts,False,3,0.0001,254,23589610[].aqua,3600,1,0,0,0.05,-1,-1,0,-1,inf,True,True,False,1,False,False,True,False,False,Lazy,False,0,Chain,False,False,False,False,False,0.281156,3632,3581
58.51063829787234,50.0,1.0,1,2,0,0,0,0,0,0,0,0.8476624,0.01,0.02,0.8475133313425146,0.2407121658325195,0.0482966383497209,0.8219040336455699,0.3822369575500488,0.1827225842218245,BendWorstOCT,2026-07-10 14:49:26,thoracic,Quantile Thresholds,5.0,16,13,3,36,2,9,0.3399999999999982,0.5136794697127329,0.5108219697433402,3600.001953125,37634.0,188422786,0.250915752,False,False,ModifiedCuts,False,4,0.08,255,23589610[].aqua,3600,1,0,0,0.05,-1,-1,0,-1,inf,True,True,False,1,False,False,True,False,False,Lazy,False,0,Chain,False,False,False,False,False,0.348088,3606,3576
65.1063829787234,65.0,3.0,4,6,0,0,0,0,0,0,0,0.9880682,0.0,0.01,0.9878604651162696,0.1300740242004394,0.0342010413934919,0.9878604651162696,0.1897139549255371,0.1412630491438455,BendWorstOCT,2026-07-10 14:49:59,thoracic,Quantile Thresholds,5.0,16,13,3,36,2,9,0.6139999999999938,0.963851067361634,0.569790011989648,3600.0011298656464,36849.0,2041795386,0.371188832,False,False,ModifiedCuts,False,4,0.006,261,23589610[].aqua,3600,1,0,0,0.05,-1,-1,0,-1,inf,True,True,False,1,False,False,True,False,False,Lazy,False,0,Chain,False,False,False,False,False,0.424272,3605,3579
66.59574468085107,66.5,3.636363636363636,4,11,0,0,0,0,0,0,0,0.9960227,0.0,0.01,0.99599999999999,0.1573610305786132,0.0411923816729359,0.9954151603708816,0.2504150867462158,0.1464781180365698,BendWorstOCT,2026-07-10 14:50:39,thoracic,Quantile Thresholds,5.0,16,13,3,36,2,9,0.6429999999999989,0.9877799999999924,0.536205287713832,3600.001533031464,51135.0,-836128211,0.380917624,False,False,ModifiedCuts,False,4,0.002,263,23589610[].aqua,3600,1,0,0,0.05,-1,-1,0,-1,inf,True,True,False,1,False,False,True,False,False,Lazy,False,0,Chain,False,False,False,False,False,0.436736,3605,3582
67.23404255319149,67.14285714285714,3.5,4,10,0,0,0,0,0,0,0,0.9920455,0.0,0.01,0.9919999999999904,0.2054049968719482,0.0418541553906601,0.990820618556691,0.3409271240234375,0.1546553925242289,BendWorstOCT,2026-07-10 14:50:39,thoracic,Quantile Thresholds,5.0,16,13,3,36,2,9,0.6314285714285708,0.9767917193789444,0.5469552116861126,3600.001540184021,35242.0,1413466427,0.320653864,False,False,ModifiedCuts,False,4,0.004,262,23589610[].aqua,3600,1,0,0,0.05,-1,-1,0,-1,inf,True,True,False,1,False,False,True,False,False,Lazy,False,0,Chain,False,False,False,False,False,0.421948,3606,3573
68.29787234042553,68.25,4.0,4,16,0,0,0,0,0,0,0,0.9980114,0.0,0.01,0.9979921259842418,0.1112101078033447,0.0334787748822754,0.9979921259842418,0.1627891063690185,0.139520846526709,BendWorstOCT,2026-07-10 14:50:39,thoracic,Quantile Thresholds,5.0,16,13,3,36,2,9,0.6664999999999982,0.9938053830227644,0.491080844745337,3600.0064940452576,48860.0,1464308125,0.364216104,False,False,ModifiedCuts,False,4,0.001,264,23589610[].aqua,3600,1,0,0,0.05,-1,-1,0,-1,inf,True,True,False,1,False,False,True,False,False,Lazy,False,0,Chain,False,False,False,False,False,0.40766,3606,3580
58.297872340425535,57.142857142857146,1.6666666666666667,2,3,0,0,0,0,0,0,0,0.884714,0.01,0.01,0.884444444444439,0.2133858203887939,0.0512048005385793,0.8653544852292275,0.3298189640045166,0.1690267456889121,BendWorstOCT,2026-07-10 14:51:01,thoracic,Quantile Thresholds,5.0,16,13,3,36,2,9,0.3914290075331167,0.6399999999999966,0.635034674699855,3600.002311944961,41443.0,-1506899839,0.306905296,False,False,ModifiedCuts,False,4,0.06,256,23589610[].aqua,3600,1,0,0,0.05,-1,-1,0,-1,inf,True,True,False,1,False,False,True,False,False,Lazy,False,0,Chain,False,False,False,False,False,0.378836,3667,3578
63.40425531914894,63.25,2.4,3,5,0,0,0,0,0,0,0,0.9605464,0.01,0.01,0.9604025256511372,0.195235013961792,0.0413415545488322,0.954378866256768,0.3008639812469482,0.1380230743511899,BendWorstOCT,2026-07-10 14:51:01,thoracic,Quantile Thresholds,5.0,16,13,3,36,2,9,0.5324999999999975,0.8799999999999983,0.6525821596244177,3600.000967025757,41490.0,1684282963,0.322440728,False,False,ModifiedCuts,False,4,0.02,258,23589610[].aqua,3600,1,0,0,0.05,-1,-1,0,-1,inf,True,True,False,1,False,False,True,False,False,Lazy,False,0,Chain,False,False,False,False,False,0.374456,3667,3577
65.95744680851064,65.71428571428571,2.833333333333333,4,6,0,0,0,0,0,0,0,0.9840909,0.01,0.01,0.9839467213114664,0.1615269184112548,0.0333805609935021,0.9839467213114664,0.2326219081878662,0.1415498351834289,BendWorstOCT,2026-07-10 14:51:01,thoracic,Quantile Thresholds,5.0,16,13,3,36,2,9,0.6091428571428565,0.9519999999999896,0.562851782363962,3600.001686811447,35439.0,-1345643475,0.339148856,False,False,ModifiedCuts,False,4,0.008,260,23589610[].aqua,3600,1,0,0,0.05,-1,-1,0,-1,inf,True,True,False,1,False,False,True,False,False,Lazy,False,0,Chain,False,False,False,False,False,0.405792,3667,3578
58.297872340425535,57.142857142857146,1.6666666666666667,2,3,0,0,0,0,0,0,0,0.9221302,0.01,0.01,0.9220715350223484,0.1656038761138916,0.0392060885348466,0.922068965517235,0.2317590713500976,0.1403202193673615,BendWorstOCT,2026-07-10 14:51:01,thoracic,Quantile Thresholds,5.0,16,13,3,36,2,9,0.4514285715737142,0.7474198375137098,0.6556768547195575,3600.006219863892,62572.0,311861686,0.346107608,False,False,ModifiedCuts,False,4,0.04,257,23589610[].aqua,3600,1,0,0,0.05,-1,-1,0,-1,inf,True,True,False,1,False,False,True,False,False,Lazy,False,0,Chain,False,False,False,False,False,0.422708,3667,3578
63.82978723404256,63.5,2.8,4,5,0,0,0,0,0,0,0,0.9801136,0.0,0.01,0.97958769633507,0.1676070690155029,0.0338989033752562,0.97958769633507,0.231058120727539,0.1391243100553,BendWorstOCT,2026-07-10 14:51:01,thoracic,Quantile Thresholds,5.0,16,13,3,36,2,9,0.5849999999999972,0.9366666666666628,0.6011396011396022,3600.0017199516296,45452.0,613900699,0.389685448,False,False,ModifiedCuts,False,4,0.01,259,23589610[].aqua,3600,1,0,0,0.05,-1,-1,0,-1,inf,True,True,False,1,False,False,True,False,False,Lazy,False,0,Chain,False,False,False,False,False,0.436696,3667,3578
70.63829787234043,70.0,3.5454545454545454,4,11,0,0,0,0,0,0,0,0.9988068,0.0,0.01,0.9987952755905408,0.147778034210205,0.0337598481042727,0.9987952755905408,0.2024571895599365,0.139820541674099,BendWorstOCT,2026-07-10 14:51:42,thoracic,Quantile Thresholds,5.0,16,13,3,36,2,9,0.6934000000000018,0.9964162393162294,0.4370006335682532,3600.0015931129456,39329.0,-1856003780,0.339614744,False,False,ModifiedCuts,False,4,0.0006,266,23589610[].aqua,3600,1,0,0,0.05,-1,-1,0,-1,inf,True,True,False,1,False,False,True,False,False,Lazy,False,0,Chain,False,False,False,False,False,0.436652,3605,3575
70.2127659574468,70.0,3.6666666666666665,4,12,0,0,0,0,0,0,0,0.9998,0.0,0.0,0.9995999999999896,0.0611360073089599,0.0208089933531199,0.9995178571428468,0.1951191425323486,0.0689758699934287,BendWorstOCT,2026-07-10 14:51:42,thoracic,Quantile Thresholds,5.0,16,13,3,36,2,9,0.697600000000004,0.9987842613976546,0.4317434939759875,3600.005424976349,42742.0,1697495145,0.347434272,False,False,ModifiedCuts,False,4,0.0002,268,23589610[].aqua,3600,1,0,0,0.05,-1,-1,0,-1,inf,True,True,False,1,False,False,True,False,False,Lazy,False,0,Chain,False,False,False,False,False,0.44584,3604,3575
70.0,70.0,3.8461538461538463,4,13,0,0,0,0,0,0,0,0.9992045,0.0,0.01,0.9992045454545352,0.2266640663146972,0.0478289345287257,0.999077551020398,0.3147439956665039,0.1324685132537783,BendWorstOCT,2026-07-10 14:51:42,thoracic,Quantile Thresholds,5.0,16,13,3,36,2,9,0.6948000000000064,0.9975999999999896,0.4358088658606512,3600.0067949295044,49377.0,-1485617102,0.371124632,False,False,ModifiedCuts,False,4,0.0004,267,23589610[].aqua,3600,1,0,0,0.05,-1,-1,0,-1,inf,True,True,False,1,False,False,True,False,False,Lazy,False,0,Chain,False,False,False,False,False,0.426956,3604,3575
71.27659574468085,71.25,3.857142857142857,4,14,0,0,0,0,0,0,0,0.9984091,0.0,0.01,0.9983937007873912,0.1202249526977539,0.0336640627092545,0.9983937007873912,0.1736500263214111,0.1397162090581384,BendWorstOCT,2026-07-10 14:51:42,thoracic,Quantile Thresholds,5.0,16,13,3,36,2,9,0.7013000695345969,0.995357048048606,0.4193026513018227,3600.002811908722,39467.0,1137246801,0.351298528,False,False,ModifiedCuts,False,4,0.0008,265,23589610[].aqua,3600,1,0,0,0.05,-1,-1,0,-1,inf,True,True,False,1,False,False,True,False,False,Lazy,False,0,Chain,False,False,False,False,False,0.403452,3605,3576
67.23404255319149,67.14285714285714,3.6666666666666665,4,9,0,0,0,0,0,0,0,0.9999,0.0,0.0,0.9997999999999896,0.0652170181274414,0.0212390073945774,0.9997777777777676,0.1784460544586181,0.0580686252797207,BendWorstOCT,2026-07-10 14:51:42,thoracic,Quantile Thresholds,5.0,16,13,3,36,2,9,0.6705285986764087,0.9994299999999996,0.4905106239656692,3600.00401520729,34460.0,-2095635020,0.342870264,False,False,ModifiedCuts,False,4,0.0001,269,23589610[].aqua,3600,1,0,0,0.05,-1,-1,0,-1,inf,True,True,False,1,False,False,True,False,False,Lazy,False,0,Chain,False,False,False,False,False,0.450628,3605,3576
64.0092879256966,63.33885666942833,1.0,1,2,0,0,0,0,0,0,0,0.8530106,0.4,1.12,0.8529682789900285,1.2944200038909912,1.4681753366627364,0.834318649650108,2.0388991832733154,2.2797694169902565,BendWorstOCT,2026-07-10 14:51:43,seismic-bumps,Quantile Thresholds,5.0,15,5,10,39,2,9,0.473388566988974,0.5998284157812002,0.2670952735433746,3600.004483938217,4722.0,1483253415,0.9362666,False,False,ModifiedCuts,False,3,0.08,270,23589610[].aqua,3600,1,0,0,0.05,-1,-1,0,-1,inf,True,True,False,1,False,False,True,False,False,Lazy,False,0,Chain,False,False,False,False,False,0.553528,3606,3576
71.09133126934985,71.00248550124275,1.6666666666666667,2,3,0,0,0,0,0,0,0,0.8887741,0.37,1.2,0.8887159347169893,0.8421850204467773,1.3897751235815403,0.8741944991785843,1.2767341136932373,1.980601142066148,BendWorstOCT,2026-07-10 14:52:17,seismic-bumps,Quantile Thresholds,5.0,15,5,10,39,2,9,0.5300248551654385,0.6923986916706439,0.3063513624366221,3600.0013830661774,4544.0,558668743,1.100530408,False,False,ModifiedCuts,False,3,0.06,271,23589610[].aqua,3600,1,0,0,0.05,-1,-1,0,-1,inf,True,True,False,1,False,False,True,False,False,Lazy,False,0,Chain,False,False,False,False,False,0.613368,3605,3579
71.43962848297214,71.41673570836785,2.25,3,4,0,0,0,0,0,0,0,0.9882525,0.07,0.15,0.988197138314821,0.7323298454284668,0.2610738325830538,0.9866049992516532,1.0872588157653809,0.5071653040290085,BendWorstOCT,2026-07-10 14:52:18,seismic-bumps,Quantile Thresholds,5.0,15,5,10,39,2,9,0.6901673570837015,0.9661731493089348,0.399911397420322,3600.0099987983704,4180.0,1519049424,0.84241228,False,False,ModifiedCuts,False,3,0.006,276,23589610[].aqua,3600,1,0,0,0.05,-1,-1,0,-1,inf,True,True,False,1,False,False,True,False,False,Lazy,False,0,Chain,False,False,False,False,False,0.61214,3607,3576
71.94272445820434,71.76470588235294,2.6,3,5,0,0,0,0,0,0,0,0.9998,0.01,0.01,0.9995999999999976,0.4021000862121582,0.1712825705327518,0.9995291666666688,0.94547700881958,0.5731209159699087,BendWorstOCT,2026-07-10 14:52:49,seismic-bumps,Quantile Thresholds,5.0,15,5,10,39,2,9,0.7166470588235364,0.9988752534124596,0.393817557909517,3600.004101037979,5177.0,-2052340213,0.910983824,False,False,ModifiedCuts,False,3,0.0002,283,23589610[].aqua,3600,1,0,0,0.05,-1,-1,0,-1,inf,True,True,False,1,False,False,True,False,False,Lazy,False,0,Chain,False,False,False,False,False,0.69992,3605,3576
72.94891640866874,72.94117647058823,2.857142857142857,3,7,0,0,0,0,0,0,0,0.9992108,0.24,0.62,0.9991902439024444,0.7843890190124512,0.7274073196307054,0.9990846153846256,1.2692949771881104,0.9839626510479844,BendWorstOCT,2026-07-10 14:52:49,seismic-bumps,Quantile Thresholds,5.0,15,5,10,39,2,9,0.7266117647058808,0.9978136754470288,0.373241838233827,3600.0083708763123,4463.0,-1334102016,0.809149184,False,False,ModifiedCuts,False,3,0.0004,282,23589610[].aqua,3600,1,0,0,0.05,-1,-1,0,-1,inf,True,True,False,1,False,False,True,False,False,Lazy,False,0,Chain,False,False,False,False,False,0.64332,3605,3576
71.9814241486068,71.95526097763049,2.4,3,5,0,0,0,0,0,0,0,0.992133,0.14,0.36,0.992014860681158,0.8050642013549805,0.4840082383314997,0.9911801648195964,1.1079151630401611,0.7382114666017182,BendWorstOCT,2026-07-10 14:52:58,seismic-bumps,Quantile Thresholds,5.0,15,5,10,39,2,9,0.6995526097763096,0.9778809005084016,0.397866131642466,3600.002213001251,6279.0,-1149363769,1.019749304,False,False,ModifiedCuts,False,3,0.004,277,23589610[].aqua,3600,1,0,0,0.05,-1,-1,0,-1,inf,True,True,False,1,False,False,True,False,False,Lazy,False,0,Chain,False,False,False,False,False,0.680316,3614,3581
70.6656346749226,68.82352941176471,1.6666666666666667,2,3,0,0,0,0,0,0,0,0.9617927,0.09,0.2,0.9617423048203966,0.6636970043182373,0.290517429397245,0.9557675336077832,1.2637698650360107,0.943212363340875,BendWorstOCT,2026-07-10 14:53:17,seismic-bumps,Quantile Thresholds,5.0,15,5,10,39,2,9,0.6282352941176459,0.8942655809613653,0.4234564490958089,3600.006082057953,5103.0,563094429,0.856691432,False,False,ModifiedCuts,False,3,0.02,273,23589610[].aqua,3600,1,0,0,0.05,-1,-1,0,-1,inf,True,True,False,1,False,False,True,False,False,Lazy,False,0,Chain,False,False,False,False,False,0.680324,3667,3576
71.671826625387,71.6238608119304,2.25,3,4,0,0,0,0,0,0,0,0.9805866,0.67,2.16,0.980574403504076,1.1783251762390137,2.3482600126281854,0.9778991596638918,3.08793306350708,4.654637673344412,BendWorstOCT,2026-07-10 14:53:17,seismic-bumps,Quantile Thresholds,5.0,15,5,10,39,2,9,0.6762386081193272,0.9411420234307,0.3917306881488031,3600.0020570755005,6873.0,335563273,0.860623248,False,False,ModifiedCuts,False,3,0.01,274,23589610[].aqua,3600,1,0,0,0.05,-1,-1,0,-1,inf,True,True,False,1,False,False,True,False,False,Lazy,False,0,Chain,False,False,False,False,False,0.644164,3667,3577
71.09133126934985,71.00248550124275,1.6666666666666667,2,3,0,0,0,0,0,0,0,0.9251193,0.39,1.27,0.9250951134248628,1.092818021774292,2.0785562141448164,0.9194080651128604,1.6323330402374268,2.4636053015616555,BendWorstOCT,2026-07-10 14:53:17,seismic-bumps,Quantile Thresholds,5.0,15,5,10,39,2,9,0.59002485501245,0.788177500497628,0.3358377936146383,3600.001583099365,4928.0,1505620022,0.773052584,False,False,ModifiedCuts,False,3,0.04,272,23589610[].aqua,3600,1,0,0,0.05,-1,-1,0,-1,inf,True,True,False,1,False,False,True,False,False,Lazy,False,0,Chain,False,False,False,False,False,0.671624,3667,3574
71.09133126934985,71.00248550124275,1.6666666666666667,2,3,0,0,0,0,0,0,0,0.9844033,0.2,0.53,0.9843877924328762,0.6590859889984131,0.6344327142746611,0.9816253998149314,1.161808967590332,0.8665001465905574,BendWorstOCT,2026-07-10 14:53:17,seismic-bumps,Quantile Thresholds,5.0,15,5,10,39,2,9,0.6860248550124499,0.9530549715305866,0.3892426266586079,3600.0020849704742,6082.0,1378721152,0.851591848,False,False,ModifiedCuts,False,3,0.008,275,23589610[].aqua,3600,1,0,0,0.05,-1,-1,0,-1,inf,True,True,False,1,False,False,True,False,False,Lazy,False,0,Chain,False,False,False,False,False,0.683824,3667,3576
64.0092879256966,63.33885666942833,1.0,1,2,0,0,0,0,0,0,0,0.8519293,0.51,1.64,0.8519131650742234,0.9790987968444824,1.840727138991791,0.8343186496501075,1.298388957977295,2.2794348560106057,BendWorstOCT,2026-07-10 14:53:22,seismic-bumps,Quantile Thresholds,5.0,15,5,10,39,2,9,0.473388566989226,0.5999999999999975,0.2674577331176929,3600.0097258090973,3990.0,-1314960124,0.999439488,False,False,ModifiedCuts,False,4,0.08,285,23589610[].aqua,3600,1,0,0,0.05,-1,-1,0,-1,inf,True,True,False,1,False,False,True,False,False,Lazy,False,0,Chain,False,False,False,False,False,0.84704,3605,3574
73.33591331269349,72.3529411764706,3.25,4,8,0,0,0,0,0,0,0,0.9879452,0.26,0.77,0.987918003565096,0.9544248580932616,0.998568085708178,0.986220207253926,1.399150848388672,1.4858807143103796,BendWorstOCT,2026-07-10 14:53:22,seismic-bumps,Quantile Thresholds,5.0,15,5,10,39,2,9,0.6755294117647064,0.9702176228516596,0.4362329840193485,3600.0040760040283,7247.0,1001105080,1.069167104,False,False,ModifiedCuts,False,4,0.006,291,23589610[].aqua,3600,1,0,0,0.05,-1,-1,0,-1,inf,True,True,False,1,False,False,True,False,False,Lazy,False,0,Chain,False,False,False,False,False,0.911368,3605,3579
71.09133126934985,71.00248550124275,1.6666666666666667,2,3,0,0,0,0,0,0,0,0.887049,0.56,1.83,0.8870236059378148,1.2472009658813477,2.0424808260388767,0.8741728216078193,2.277726888656616,3.645684494023498,BendWorstOCT,2026-07-10 14:53:23,seismic-bumps,Quantile Thresholds,5.0,15,5,10,39,2,9,0.53002485501245,0.6994195046440159,0.3195975585476778,3600.0034980773926,4392.0,793721634,1.248030888,False,False,ModifiedCuts,False,4,0.06,286,23589610[].aqua,3600,1,0,0,0.05,-1,-1,0,-1,inf,True,True,False,1,False,False,True,False,False,Lazy,False,0,Chain,False,False,False,False,False,0.814248,3606,3576
70.6656346749226,68.82352941176471,1.6666666666666667,2,3,0,0,0,0,0,0,0,0.9239756,0.62,2.01,0.923960292332252,1.1290428638458252,2.1500200518803942,0.9143563063163272,1.6630878448486328,2.835460328658942,BendWorstOCT,2026-07-10 14:53:23,seismic-bumps,Quantile Thresholds,5.0,15,5,10,39,2,9,0.5682352941176599,0.8050163692047825,0.4166954737557962,3600.0026869773865,4769.0,-76503464,0.670946824,False,False,ModifiedCuts,False,4,0.04,287,23589610[].aqua,3600,1,0,0,0.05,-1,-1,0,-1,inf,True,True,False,1,False,False,True,False,False,Lazy,False,0,Chain,False,False,False,False,False,0.648332,3606,3576
71.671826625387,71.6238608119304,2.25,3,4,0,0,0,0,0,0,0,0.961129,0.57,1.73,0.9610911411966458,1.2784481048583984,1.9511284034735337,0.9551860718856502,2.257708072662353,2.897769445587366,BendWorstOCT,2026-07-10 14:53:23,seismic-bumps,Quantile Thresholds,5.0,15,5,10,39,2,9,0.6362386081193273,0.9045246564076402,0.4216752093705001,3600.004353046417,6294.0,-1027584826,1.105088528,False,False,ModifiedCuts,False,4,0.02,288,23589610[].aqua,3600,1,0,0,0.05,-1,-1,0,-1,inf,True,True,False,1,False,False,True,False,False,Lazy,False,0,Chain,False,False,False,False,False,0.971856,3606,3576
72.05882352941177,72.0381110190555,2.4,3,5,0,0,0,0,0,0,0,0.998027,0.51,1.37,0.997896551724159,1.1404659748077393,1.519379953859768,0.9977420020640382,1.7193870544433594,1.6888330585825542,BendWorstOCT,2026-07-10 14:53:51,seismic-bumps,Quantile Thresholds,5.0,15,5,10,39,2,9,0.7153811101905853,0.9942117082344346,0.3897651113118794,3600.0021431446075,4590.0,2055350377,0.875162064,False,False,ModifiedCuts,False,3,0.001,279,23589610[].aqua,3600,1,0,0,0.05,-1,-1,0,-1,inf,True,True,False,1,False,False,True,False,False,Lazy,False,0,Chain,False,False,False,False,False,0.723076,3668,3578
71.94272445820434,71.76470588235294,2.6,3,5,0,0,0,0,0,0,0,0.9988162,0.31,0.79,0.9987379310344944,0.8898258209228516,1.1796902745172853,0.9986500000000108,1.2871098518371582,1.4627162115651722,BendWorstOCT,2026-07-10 14:53:51,seismic-bumps,Quantile Thresholds,5.0,15,5,10,39,2,9,0.714647058823528,0.9965680000000526,0.3944897522430594,3600.0033218860626,6700.0,137757210,0.77316296,False,False,ModifiedCuts,False,3,0.0006,281,23589610[].aqua,3600,1,0,0,0.05,-1,-1,0,-1,inf,True,True,False,1,False,False,True,False,False,Lazy,False,0,Chain,False,False,False,False,False,0.60906,3668,3578
73.76160990712074,71.76470588235294,2.6666666666666665,3,6,0,0,0,0,0,0,0,0.9960541,0.07,0.16,0.9958515605389096,0.8967280387878418,0.2695196624740146,0.9953846153846674,1.2943260669708252,0.5764047511815049,BendWorstOCT,2026-07-10 14:53:51,seismic-bumps,Quantile Thresholds,5.0,15,5,10,39,2,9,0.7056470588235279,0.9883265270535276,0.4005961120298437,3600.007553100586,6212.0,1577235034,1.022093912,False,False,ModifiedCuts,False,3,0.002,278,23589610[].aqua,3600,1,0,0,0.05,-1,-1,0,-1,inf,True,True,False,1,False,False,True,False,False,Lazy,False,0,Chain,False,False,False,False,False,0.647412,3668,3578
72.13622291021672,72.12096106048052,3.0,3,8,0,0,0,0,0,0,0,0.9984216,0.32,0.78,0.9983172413793268,0.9306390285491944,0.9406027488657488,0.9981130402477324,1.3182859420776367,1.2031203339025915,BendWorstOCT,2026-07-10 14:53:51,seismic-bumps,Quantile Thresholds,5.0,15,5,10,39,2,9,0.714809610604828,0.99533788612613,0.3924517400989282,3600.0429079532623,4352.0,575877894,0.879242968,False,False,ModifiedCuts,False,3,0.0008,280,23589610[].aqua,3600,1,0,0,0.05,-1,-1,0,-1,inf,True,True,False,1,False,False,True,False,False,Lazy,False,0,Chain,False,False,False,False,False,0.736392,3668,3578
71.94272445820434,71.91383595691798,2.857142857142857,3,7,0,0,0,0,0,0,0,0.9999,0.03,0.02,0.9997999999999976,0.995826005935669,0.1954411185363172,0.9997647058823528,1.323594093322754,0.3900150487470521,BendWorstOCT,2026-07-10 14:53:52,seismic-bumps,Quantile Thresholds,5.0,15,5,10,39,2,9,0.7184383595692035,0.99715657132368,0.387950069817547,3600.043044090271,6544.0,-1620336019,0.842803496,False,False,ModifiedCuts,False,3,0.0001,284,23589610[].aqua,3600,1,0,0,0.05,-1,-1,0,-1,inf,True,True,False,1,False,False,True,False,False,Lazy,False,0,Chain,False,False,False,False,False,0.730256,3669,3578
72.94891640866874,72.94117647058823,3.2857142857142856,4,7,0,0,0,0,0,0,0,0.9998,0.01,0.01,0.9995999999999976,0.4057271480560303,0.1708224778508969,0.9995529411764712,0.95275616645813,0.4623939546963485,BendWorstOCT,2026-07-10 14:54:29,seismic-bumps,Quantile Thresholds,5.0,15,5,10,39,2,9,0.728011764705894,0.9990802259887138,0.3723407703340171,3600.04368519783,3484.0,-601908251,1.260030432,False,False,ModifiedCuts,False,4,0.0002,298,23589610[].aqua,3600,1,0,0,0.05,-1,-1,0,-1,inf,True,True,False,1,False,False,True,False,False,Lazy,False,0,Chain,False,False,False,False,False,1.004436,3620,3574
71.86532507739938,71.76470588235294,3.2857142857142856,4,7,0,0,0,0,0,0,0,0.995913,0.34,0.98,0.9957674418605036,0.9763669967651368,1.1366490300258292,0.9954285714286072,1.449549913406372,1.7132997355033828,BendWorstOCT,2026-07-10 14:54:29,seismic-bumps,Quantile Thresholds,5.0,15,5,10,39,2,9,0.7036470588235281,0.9902872267951132,0.4073635558867211,3600.104814052582,4655.0,1504704741,1.084289968,False,False,ModifiedCuts,False,4,0.002,293,23589610[].aqua,3600,1,0,0,0.05,-1,-1,0,-1,inf,True,True,False,1,False,False,True,False,False,Lazy,False,0,Chain,False,False,False,False,False,0.939584,3686,3577
70.31944444444444,66.30434782608695,2.25,3,4,0,0,0,0,0,0,0,0.98,0.5,1.0,0.97999999999998,1.904829025268555,1.281360245943672,0.9786666666665914,2.662191152572632,1.916516019052809,BendWorstOCT,2026-07-10 14:54:31,ann-thyroid,Quantile Thresholds,5.0,21,15,6,39,3,9,0.6310434782609043,0.9679999999999228,0.5339672040786134,3600.0220041275024,765.0,2083780896,0.939977176,False,False,ModifiedCuts,False,3,0.008,305,23589610[].aqua,3600,1,0,0,0.05,-1,-1,0,-1,inf,True,True,False,1,False,False,True,False,False,Lazy,False,0,Chain,False,False,False,False,False,0.936068,3607,3578
85.88888888888889,66.30434782608695,2.25,3,4,0,0,0,0,0,0,0,0.9995,0.12,0.26,0.9994999999999228,1.1884090900421145,0.4455469049736976,0.9994999999999228,2.0597400665283203,0.9195634967018148,BendWorstOCT,2026-07-10 14:56:17,ann-thyroid,Quantile Thresholds,5.0,21,15,6,39,3,9,0.6622434782608694,0.9991759493670158,0.5087743136270234,3600.0017549991608,952.0,-1570443755,0.970356504,False,False,ModifiedCuts,False,3,0.0002,313,23589610[].aqua,3600,1,0,0,0.05,-1,-1,0,-1,inf,True,True,False,1,False,False,True,False,False,Lazy,False,0,Chain,False,False,False,False,False,0.929184,3605,3577
86.13888888888889,71.08433734939759,3.5,4,8,0,0,0,0,0,0,0,0.975,0.78,1.66,0.9749999999999984,2.5941128730773926,2.2531744400729266,0.9727753469043504,4.026388883590698,3.641536900010618,BendWorstOCT,2026-07-10 14:58:06,ann-thyroid,Quantile Thresholds,5.0,21,15,6,39,3,9,0.6308433734939741,0.9606432294945656,0.5227919795272953,3600.002193927765,1413.0,2085674299,0.9621262,False,False,ModifiedCuts,False,4,0.01,319,23589610[].aqua,3600,1,0,0,0.05,-1,-1,0,-1,inf,True,True,False,1,False,False,True,False,False,Lazy,False,0,Chain,False,False,False,False,False,0.98402,3606,3579
65.48611111111111,62.04819277108434,2.25,3,4,0,0,0,0,0,0,0,0.95,0.53,1.08,0.9499999999999972,1.6634769439697266,1.2330786048719626,0.9499999999999972,2.0768771171569824,1.7508514956560737,BendWorstOCT,2026-07-10 16:03:54,ann-thyroid,Quantile Thresholds,5.0,21,15,6,39,3,9,0.5404819277108623,0.9266958280986336,0.7145731995582679,3600.013736009598,803.0,193155703,1.084974928,False,False,ModifiedCuts,False,3,0.02,5,23597441[].aqua,3600,1,0,0,0.05,-1,-1,0,-1,inf,True,True,False,1,False,False,True,False,False,Lazy,False,0,Chain,False,False,False,False,False,1.089452,3606,3580
79.11255411255411,71.9298245614035,1.0,1,2,0,0,0,0,0,0,0,0.9982018,0.43,1.22,0.9981989740401088,2.0605831146240234,1.6405823513650413,0.9977058290278968,4.455280065536499,4.126618432074756,BendWorstOCT,2026-07-10 16:03:55,ozone-one,Quantile Thresholds,5.0,72,0,72,286,2,9,0.7172982456140358,0.9966732565840112,0.3894823564371322,3600.0106320381165,1153.0,2019899590,2.428583512,False,False,ModifiedCuts,False,3,0.001,2,23597441[].aqua,3600,1,0,0,0.05,-1,-1,0,-1,inf,True,True,False,1,False,False,True,False,False,Lazy,False,0,Chain,False,False,False,False,False,1.365872,3606,3581
73.1811145510836,73.15658657829329,3.6666666666666665,4,9,0,0,0,0,0,0,0,0.9991826,0.08,0.18,0.9991534883720988,0.5823709964752197,0.5190853130849762,0.9990820512820776,0.8910231590270996,0.7942551158925722,BendWorstOCT,2026-07-10 16:03:54,seismic-bumps,Quantile Thresholds,5.0,15,5,10,39,2,9,0.7279658657829597,0.9979810201622804,0.3709173287801172,3600.004776000977,4143.0,-772327295,1.33933464,False,False,ModifiedCuts,False,4,0.0004,6,23597441[].aqua,3600,1,0,0,0.05,-1,-1,0,-1,inf,True,True,False,1,False,False,True,False,False,Lazy,False,0,Chain,False,False,False,False,False,1.125592,3606,3579
72.79411764705883,70.0,2.8,4,5,0,0,0,0,0,0,0,0.984021,0.19,0.52,0.9840099177735866,0.8341460227966309,0.6857290401689152,0.9818883952372818,1.4892349243164062,1.3803085353859286,BendWorstOCT,2026-07-10 16:03:54,seismic-bumps,Quantile Thresholds,5.0,15,5,10,39,2,9,0.6599999999999986,0.9607914569890784,0.4557446318016372,3600.0031278133392,5235.0,-1900575615,1.20283084,False,False,ModifiedCuts,False,4,0.008,4,23597441[].aqua,3600,1,0,0,0.05,-1,-1,0,-1,inf,True,True,False,1,False,False,True,False,False,Lazy,False,0,Chain,False,False,False,False,False,1.158156,3606,3581
70.6656346749226,68.82352941176471,2.6666666666666665,3,6,0,0,0,0,0,0,0,0.9999,0.01,0.02,0.9997999999999976,0.3888969421386719,0.1510541774131731,0.999776080246913,0.8982148170471191,0.4467978916904961,BendWorstOCT,2026-07-10 16:03:54,seismic-bumps,Quantile Thresholds,5.0,15,5,10,39,2,9,0.6876352941176592,0.9995120700949977,0.4535496921773391,3600.086833000183,3918.0,497658468,1.335700488,False,False,ModifiedCuts,False,4,0.0001,3,23597441[].aqua,3600,1,0,0,0.05,-1,-1,0,-1,inf,True,True,False,1,False,False,True,False,False,Lazy,False,0,Chain,False,False,False,False,False,1.200356,3606,3582
85.88888888888889,66.30434782608695,2.25,3,4,0,0,0,0,0,0,0,0.9985,0.12,0.25,0.998499999999923,1.0255060195922852,0.4413243492878266,0.998499999999923,1.3257591724395752,0.6665596104693589,BendWorstOCT,2026-07-10 16:03:55,ann-thyroid,Quantile Thresholds,5.0,21,15,6,39,3,9,0.6606434782608686,0.9975844404903622,0.510019357364254,3600.004795074463,865.0,1749601605,1.685432304,False,False,ModifiedCuts,False,3,0.0006,1,23597441[].aqua,3600,1,0,0,0.05,-1,-1,0,-1,inf,True,True,False,1,False,False,True,False,False,Lazy,False,0,Chain,False,False,False,False,False,1.398516,3606,3574
72.07792207792208,71.91513121161363,2.25,3,4,0,0,0,0,0,0,0,0.9892117,0.42,1.16,0.9891840147430372,2.4300878047943115,1.6380429604324518,0.986005684044684,4.285843849182129,3.841522589769632,BendWorstOCT,2026-07-10 16:03:55,ozone-one,Quantile Thresholds,5.0,72,0,72,286,2,9,0.6951513121161454,0.9806396050718524,0.4106851098167932,3600.0355179309845,956.0,2071923744,1.910229616,False,False,ModifiedCuts,False,3,0.006,0,23597441[].aqua,3600,1,0,0,0.05,-1,-1,0,-1,inf,True,True,False,1,False,False,True,False,False,Lazy,False,0,Chain,False,False,False,False,False,1.003004,3606,3574
71.28482972136223,70.58823529411765,3.25,4,8,0,0,0,0,0,0,0,0.9983652,0.35,1.01,0.9983069767442,0.8478388786315918,1.2941135831333006,0.9981818181818316,1.1725919246673584,1.5977692508482266,BendWorstOCT,2026-07-10 16:03:56,seismic-bumps,Quantile Thresholds,5.0,15,5,10,39,2,9,0.6994823529411751,0.9964227025517324,0.4245144260780649,3600.010278940201,3988.0,503879752,1.216837648,False,False,ModifiedCuts,False,4,0.0008,41,23597441[].aqua,3600,1,0,0,0.05,-1,-1,0,-1,inf,True,True,False,1,False,False,True,False,False,Lazy,False,0,Chain,False,False,False,False,False,1.106616,3607,3576
72.02012383900929,71.996685998343,3.0,4,6,0,0,0,0,0,0,0,0.9979565,0.41,1.19,0.9978837209302506,0.879565954208374,1.5643723868054915,0.997727272727291,1.4156758785247805,2.1208440604784733,BendWorstOCT,2026-07-10 16:03:56,seismic-bumps,Quantile Thresholds,5.0,15,5,10,39,2,9,0.7139668599834537,0.9950625974605098,0.3937097829492683,3600.007738828659,4952.0,-840885345,1.331293504,False,False,ModifiedCuts,False,4,0.001,36,23597441[].aqua,3600,1,0,0,0.05,-1,-1,0,-1,inf,True,True,False,1,False,False,True,False,False,Lazy,False,0,Chain,False,False,False,False,False,1.113368,3607,3576
83.0,82.7932793279328,2.6,3,5,0,0,0,0,0,0,0,0.8700166,0.32,0.73,0.8700080767023317,1.3074688911437988,0.9380739295587984,0.8402995762859821,2.892292022705078,3.038521876453743,BendWorstOCT,2026-07-10 16:03:57,ann-thyroid,Quantile Thresholds,5.0,21,15,6,39,3,9,0.5279327932792659,0.7855733011072612,0.4880176247958679,3600.003611087799,793.0,290483485,1.60209776,False,False,ModifiedCuts,False,3,0.06,40,23597441[].aqua,3600,1,0,0,0.05,-1,-1,0,-1,inf,True,True,False,1,False,False,True,False,False,Lazy,False,0,Chain,False,False,False,False,False,1.408452,3607,3576
85.875,66.30434782608695,3.1666666666666665,4,6,0,0,0,0,0,0,0,0.9098486,0.75,1.62,0.9098482669205088,2.265928030014038,2.0040263484652376,0.893333333333278,3.6273751258850098,3.647747236309784,BendWorstOCT,2026-07-10 16:03:57,ann-thyroid,Quantile Thresholds,5.0,21,15,6,39,3,9,0.4230434782608685,0.8680487348777224,1.0519137617870158,3600.0045549869537,937.0,-1093750467,2.800390328,False,False,ModifiedCuts,False,4,0.04,37,23597441[].aqua,3600,1,0,0,0.05,-1,-1,0,-1,inf,True,True,False,1,False,False,True,False,False,Lazy,False,0,Chain,False,False,False,False,False,1.91904,3607,3575
86.02777777777777,66.86746987951807,2.8,4,5,0,0,0,0,0,0,0,0.95,0.98,2.15,0.9499999999999316,2.39267897605896,2.5209400095919428,0.9464160938662278,3.8629770278930655,4.08828965241465,BendWorstOCT,2026-07-10 16:03:57,ann-thyroid,Quantile Thresholds,5.0,21,15,6,39,3,9,0.5686746987951959,0.9273929488784276,0.6307969228158352,3600.001783132553,729.0,851144141,1.124827528,False,False,ModifiedCuts,False,4,0.02,39,23597441[].aqua,3600,1,0,0,0.05,-1,-1,0,-1,inf,True,True,False,1,False,False,True,False,False,Lazy,False,0,Chain,False,False,False,False,False,1.04934,3607,3576
81.65584415584415,66.66666666666667,1.0,1,2,0,0,0,0,0,0,0,0.9639684,0.39,1.05,0.9638647864388248,2.0311179161071777,1.4592958366617437,0.9533840789332038,4.521250009536743,4.205194613610769,BendWorstOCT,2026-07-10 16:03:57,ozone-one,Quantile Thresholds,5.0,72,0,72,286,2,9,0.6266666666666665,0.928758056588344,0.4820607285984218,3600.0092389583588,2691.0,115667638,2.267424192,False,False,ModifiedCuts,False,4,0.02,42,23597441[].aqua,3600,1,0,0,0.05,-1,-1,0,-1,inf,True,True,False,1,False,False,True,False,False,Lazy,False,0,Chain,False,False,False,False,False,1.421556,3607,3576
77.97619047619048,77.19298245614036,2.8,4,5,0,0,0,0,0,0,0,0.998546,0.43,1.17,0.9985460101867596,2.894826889038086,1.7099699171716478,0.9981724281509168,4.27354097366333,3.2868192016957063,BendWorstOCT,2026-07-10 16:03:57,ozone-one,Quantile Thresholds,5.0,72,0,72,286,2,9,0.7679298245614042,0.9969052854372346,0.2981723766316895,3600.026752948761,5635.0,528642515,2.138612432,False,False,ModifiedCuts,False,4,0.0008,38,23597441[].aqua,3600,1,0,0,0.05,-1,-1,0,-1,inf,True,True,False,1,False,False,True,False,False,Lazy,False,0,Chain,False,False,False,False,False,1.208088,3607,3576
79.43722943722943,78.94736842105263,2.8,4,5,0,0,0,0,0,0,0,0.9989095,0.49,1.15,0.9989095076400698,2.785565137863159,1.6831674912692072,0.9985952845894104,4.399155139923096,3.2352220190417107,BendWorstOCT,2026-07-10 16:03:57,ozone-one,Quantile Thresholds,5.0,72,0,72,286,2,9,0.786473684210527,0.997959544756062,0.2689039249391126,3600.026281118393,1737.0,282224979,2.65398576,False,False,ModifiedCuts,False,4,0.0006,43,23597441[].aqua,3600,1,0,0,0.05,-1,-1,0,-1,inf,True,True,False,1,False,False,True,False,False,Lazy,False,0,Chain,False,False,False,False,False,1.24086,3607,3578
77.86796536796537,77.83361250697934,1.6666666666666667,2,3,0,0,0,0,0,0,0,0.8935938,0.34,0.9,0.8935541620102642,2.6596720218658447,1.5159336504105267,0.8668181702519091,5.016407012939453,4.345458592736393,BendWorstOCT,2026-07-10 16:03:57,ozone-one,Quantile Thresholds,5.0,72,0,72,286,2,9,0.5983361250698034,0.7600000000000013,0.270189059554674,3600.0064120292664,6277.0,-1864652245,1.747421584,False,False,ModifiedCuts,False,4,0.06,23,23597441[].aqua,3600,1,0,0,0.05,-1,-1,0,-1,inf,True,True,False,1,False,False,True,False,False,Lazy,False,0,Chain,False,False,False,False,False,0.942596,3607,3576
79.20833333333333,78.53260869565217,2.833333333333333,4,6,0,0,0,0,0,0,0,0.99975,0.08,0.15,0.9997499999999228,0.7431118488311768,0.2985747570889286,0.9997333333332562,2.12990403175354,1.8873587935699687,BendWorstOCT,2026-07-10 16:03:59,ann-thyroid,Quantile Thresholds,5.0,21,15,6,39,3,9,0.7847260869565239,0.9995876853030622,0.2738045821566299,3600.008761882782,1028.0,1452578112,1.230509624,False,False,ModifiedCuts,False,4,0.0001,28,23597441[].aqua,3600,1,0,0,0.05,-1,-1,0,-1,inf,True,True,False,1,False,False,True,False,False,Lazy,False,0,Chain,False,False,False,False,False,1.243404,3609,3577
68.55555555555556,68.39183918391839,2.6,3,5,0,0,0,0,0,0,0,0.9098486,0.54,1.15,0.9098482669205084,1.545015811920166,1.3564385116963975,0.893333333333253,2.3487448692321777,2.5246224111336955,BendWorstOCT,2026-07-10 16:03:59,ann-thyroid,Quantile Thresholds,5.0,21,15,6,39,3,9,0.4839183918391347,0.847953849147487,0.7522662156419253,3600.0048418045044,727.0,-444242750,1.37203616,False,False,ModifiedCuts,False,3,0.04,29,23597441[].aqua,3600,1,0,0,0.05,-1,-1,0,-1,inf,True,True,False,1,False,False,True,False,False,Lazy,False,0,Chain,False,False,False,False,False,1.18634,3609,3577
87.48611111111111,66.30434782608695,2.6666666666666665,3,6,0,0,0,0,0,0,0,0.998,0.12,0.22,0.9979999999999978,1.1983439922332764,0.3667133166383556,0.9979999999999978,1.6297919750213623,0.6059037835595926,BendWorstOCT,2026-07-10 16:03:59,ann-thyroid,Quantile Thresholds,5.0,21,15,6,39,3,9,0.6582434782608685,0.9969523459957552,0.5145647149133666,3600.020947933197,887.0,471913034,1.916713592,False,False,ModifiedCuts,False,3,0.0008,32,23597441[].aqua,3600,1,0,0,0.05,-1,-1,0,-1,inf,True,True,False,1,False,False,True,False,False,Lazy,False,0,Chain,False,False,False,False,False,1.318068,3610,3579
80.62770562770562,78.94736842105263,3.1666666666666665,4,6,0,0,0,0,0,0,0,0.996365,0.45,1.12,0.9963590814196306,3.050225019454956,1.6534252883410194,0.9953553025265068,4.88468599319458,3.2774018189568936,BendWorstOCT,2026-07-10 16:03:59,ozone-one,Quantile Thresholds,5.0,72,0,72,286,2,9,0.7774736842105272,0.9934047640098282,0.2777342618593769,3600.001394033432,2356.0,1166546071,2.436312856,False,False,ModifiedCuts,False,4,0.002,35,23597441[].aqua,3600,1,0,0,0.05,-1,-1,0,-1,inf,True,True,False,1,False,False,True,False,False,Lazy,False,0,Chain,False,False,False,False,False,1.40002,3610,3580
68.56944444444444,67.1195652173913,2.6,3,5,0,0,0,0,0,0,0,0.995,0.17,0.34,0.9949999999999836,1.424116134643555,0.496625257766291,0.9949999999999836,1.8279550075531008,0.7356459091662052,BendWorstOCT,2026-07-10 16:03:59,ann-thyroid,Quantile Thresholds,5.0,21,15,6,39,3,9,0.6611956521739119,0.99344247953759,0.5024939687236307,3600.0752120018005,671.0,1943097488,1.0674614,False,False,ModifiedCuts,False,3,0.002,31,23597441[].aqua,3600,1,0,0,0.05,-1,-1,0,-1,inf,True,True,False,1,False,False,True,False,False,Lazy,False,0,Chain,False,False,False,False,False,1.154428,3610,3579
75.44444444444444,73.09782608695652,3.1666666666666665,4,6,0,0,0,0,0,0,0,0.995,0.45,0.88,0.994999999999998,2.234827995300293,1.3432078426008802,0.994999999999998,3.152711868286133,1.9742648429523733,BendWorstOCT,2026-07-10 16:03:59,ann-thyroid,Quantile Thresholds,5.0,21,15,6,39,3,9,0.7189782608695631,0.9925069533528764,0.3804408385762539,3600.0097658634186,733.0,1476872617,2.086021128,False,False,ModifiedCuts,False,4,0.002,30,23597441[].aqua,3600,1,0,0,0.05,-1,-1,0,-1,inf,True,True,False,1,False,False,True,False,False,Lazy,False,0,Chain,False,False,False,False,False,1.659416,3610,3579
77.38095238095238,73.6842105263158,2.8,4,5,0,0,0,0,0,0,0,0.9998,0.04,0.05,0.9996537284819932,2.2147130966186523,1.27213240799261,0.9995620072021556,2.819939136505127,2.029480282269432,BendWorstOCT,2026-07-10 16:03:59,ozone-one,Quantile Thresholds,5.0,72,0,72,286,2,9,0.7358421052631586,0.9994,0.3581718045919448,3600.467698097229,548.0,1470238686,2.63209288,False,False,ModifiedCuts,False,4,0.0002,34,23597441[].aqua,3600,1,0,0,0.05,-1,-1,0,-1,inf,True,True,False,1,False,False,True,False,False,Lazy,False,0,Chain,False,False,False,False,False,1.619852,3610,3581
87.08333333333333,85.5421686746988,2.8,4,5,0,0,0,0,0,0,0,0.98,0.63,1.23,0.9799999999999376,2.295614957809448,1.553884202906574,0.9786666666665944,3.6018919944763184,2.744658363538243,BendWorstOCT,2026-07-10 16:03:59,ann-thyroid,Quantile Thresholds,5.0,21,15,6,39,3,9,0.8154216867469865,0.9679435091172548,0.1870465611219309,3600.0282838344574,937.0,162781974,2.39470608,False,False,ModifiedCuts,False,4,0.008,33,23597441[].aqua,3600,1,0,0,0.05,-1,-1,0,-1,inf,True,True,False,1,False,False,True,False,False,Lazy,False,0,Chain,False,False,False,False,False,1.951896,3610,3580
59.03679653679654,49.12280701754386,1.6666666666666667,2,3,0,0,0,0,0,0,0,0.9927301,0.42,1.17,0.9927181628392612,3.301111936569214,1.7836896449765245,0.9904457866490318,6.171714067459106,4.575208493237533,BendWorstOCT,2026-07-10 16:04:19,ozone-one,Quantile Thresholds,5.0,72,0,72,286,2,9,0.4792280701754385,0.987012027010484,1.0595872580025474,3600.002243041992,830.0,-1566156751,3.205940032,False,False,ModifiedCuts,False,4,0.004,25,23597441[].aqua,3600,1,0,0,0.05,-1,-1,0,-1,inf,True,True,False,1,False,False,True,False,False,Lazy,False,0,Chain,False,False,False,False,False,1.499348,3629,3581
70.22222222222223,66.30434782608695,1.6666666666666667,2,3,0,0,0,0,0,0,0,0.8303034,0.41,0.87,0.8302928702660632,1.4452428817749023,1.079098764141827,0.7886414558644046,3.773099899291992,4.708621240972765,BendWorstOCT,2026-07-10 16:04:19,ann-thyroid,Quantile Thresholds,5.0,21,15,6,39,3,9,0.4230434782608691,0.6797258966251822,0.6067518625261263,3600.003433942795,1099.0,-655155742,1.313724832,False,False,ModifiedCuts,False,3,0.08,9,23597441[].aqua,3600,1,0,0,0.05,-1,-1,0,-1,inf,True,True,False,1,False,False,True,False,False,Lazy,False,0,Chain,False,False,False,False,False,1.0998,3631,3574
65.47619047619048,64.9357900614182,2.25,3,4,0,0,0,0,0,0,0,0.9964037,0.59,1.43,0.9963979480802172,2.595034122467041,1.8407516251465617,0.9954767646391256,4.137909173965454,3.460420657217172,BendWorstOCT,2026-07-10 16:04:23,ozone-one,Quantile Thresholds,5.0,72,0,72,286,2,9,0.6413579006141898,0.9931399072280004,0.548495631342391,3600.004610061645,788.0,1999122632,1.960249376,False,False,ModifiedCuts,False,3,0.002,19,23597441[].aqua,3600,1,0,0,0.05,-1,-1,0,-1,inf,True,True,False,1,False,False,True,False,False,Lazy,False,0,Chain,False,False,False,False,False,1.38792,3635,3574
73.86363636363636,73.75767727526521,1.6666666666666667,2,3,0,0,0,0,0,0,0,0.8943805,0.32,0.93,0.8943541784565334,2.7051749229431152,1.5737273119448387,0.865162448663388,5.405680894851685,5.737751743430933,BendWorstOCT,2026-07-10 16:04:23,ozone-one,Quantile Thresholds,5.0,72,0,72,286,2,9,0.5575767727526654,0.76,0.3630409965752416,3600.002634048462,6216.0,416622518,1.895342536,False,False,ModifiedCuts,False,3,0.06,11,23597441[].aqua,3600,1,0,0,0.05,-1,-1,0,-1,inf,True,True,False,1,False,False,True,False,False,Lazy,False,0,Chain,False,False,False,False,False,1.117624,3634,3576
79.38311688311688,78.94736842105263,2.6,3,5,0,0,0,0,0,0,0,0.9989211,0.52,1.47,0.9989211039558588,2.681473970413208,2.1800860244207314,0.9986303710373028,4.678379058837891,4.011946411931108,BendWorstOCT,2026-07-10 16:04:23,ozone-one,Quantile Thresholds,5.0,72,0,72,286,2,9,0.7864736842105272,0.9981215389560472,0.2691099002987937,3600.0281410217285,2203.0,1709492490,2.082778648,False,False,ModifiedCuts,False,3,0.0006,13,23597441[].aqua,3600,1,0,0,0.05,-1,-1,0,-1,inf,True,True,False,1,False,False,True,False,False,Lazy,False,0,Chain,False,False,False,False,False,1.257528,3634,3580
80.03246753246754,80.01116694584032,2.6,3,5,0,0,0,0,0,0,0,0.9985615,0.42,1.19,0.998561475139943,2.1107330322265625,1.5860926619747346,0.9980942337572738,5.166545867919922,5.731878805665309,BendWorstOCT,2026-07-10 16:04:23,ozone-one,Quantile Thresholds,5.0,72,0,72,286,2,9,0.7961116694584149,0.9970744296180252,0.2524303660770641,3600.0125019550323,2696.0,1548650843,1.720267816,False,False,ModifiedCuts,False,3,0.0008,12,23597441[].aqua,3600,1,0,0,0.05,-1,-1,0,-1,inf,True,True,False,1,False,False,True,False,False,Lazy,False,0,Chain,False,False,False,False,False,0.995828,3634,3578
71.09133126934985,71.00248550124275,2.25,3,4,0,0,0,0,0,0,0,0.9801575,0.5,1.47,0.980150060024028,1.2651000022888184,1.9892276795057744,0.9772341748539012,2.0213210582733154,2.604664617643289,BendWorstOCT,2026-07-10 16:04:23,seismic-bumps,Quantile Thresholds,5.0,15,5,10,39,2,9,0.6700248550124553,0.9570144823174768,0.4283268376658752,3600.0311608314514,2671.0,1528941245,1.393930464,False,False,ModifiedCuts,False,4,0.01,22,23597441[].aqua,3600,1,0,0,0.05,-1,-1,0,-1,inf,True,True,False,1,False,False,True,False,False,Lazy,False,0,Chain,False,False,False,False,False,1.04594,3634,3574
67.37012987012987,67.00167504187604,1.6666666666666667,2,3,0,0,0,0,0,0,0,0.9992807,0.43,1.2,0.9992795896160436,2.2088639736175537,1.633757822394453,0.9990701137038644,4.336309909820557,4.851542920549421,BendWorstOCT,2026-07-10 16:04:23,ozone-one,Quantile Thresholds,5.0,72,0,72,286,2,9,0.6688167504187705,0.9986845293388068,0.4932110009408316,3600.0079650878906,1476.0,986509252,1.59512472,False,False,ModifiedCuts,False,3,0.0004,10,23597441[].aqua,3600,1,0,0,0.05,-1,-1,0,-1,inf,True,True,False,1,False,False,True,False,False,Lazy,False,0,Chain,False,False,False,False,False,1.1546,3634,3576
76.94805194805195,76.94025683975433,2.8,4,5,0,0,0,0,0,0,0,0.9981825,0.41,1.13,0.9981795407098154,2.728938102722168,1.6967275781013826,0.9975860701937436,4.9184629917144775,4.080386443951123,BendWorstOCT,2026-07-10 16:04:23,ozone-one,Quantile Thresholds,5.0,72,0,72,286,2,9,0.7644025683975516,0.9965484244066652,0.3036958084740224,3600.0603709220886,874.0,-270353986,3.612044848,False,False,ModifiedCuts,False,4,0.001,7,23597441[].aqua,3600,1,0,0,0.05,-1,-1,0,-1,inf,True,True,False,1,False,False,True,False,False,Lazy,False,0,Chain,False,False,False,False,False,1.83238,3635,3580
86.22222222222223,76.3586956521739,3.1666666666666665,4,6,0,0,0,0,0,0,0,0.9975,0.32,0.63,0.9974999999999236,2.3238840103149414,1.70094904544869,0.997090194872739,4.276561975479126,4.191587010442702,BendWorstOCT,2026-07-10 16:04:23,ann-thyroid,Quantile Thresholds,5.0,21,15,6,39,3,9,0.7575869565217365,0.995988683726828,0.3146856280362204,3600.044450044632,1135.0,-310893686,2.219371152,False,False,ModifiedCuts,False,4,0.001,16,23597441[].aqua,3600,1,0,0,0.05,-1,-1,0,-1,inf,True,True,False,1,False,False,True,False,False,Lazy,False,0,Chain,False,False,False,False,False,1.79054,3635,3576
66.01388888888889,65.48913043478261,2.25,3,4,0,0,0,0,0,0,0,0.99,0.76,1.32,0.989999999999998,2.617428064346313,1.6811025975074234,0.989999999999998,4.146872043609619,2.3020018737023107,BendWorstOCT,2026-07-10 16:04:23,ann-thyroid,Quantile Thresholds,5.0,21,15,6,39,3,9,0.6388913043478273,0.9860009999999264,0.5433000782604555,3600.02831697464,906.0,-513722553,2.651591816,False,False,ModifiedCuts,False,4,0.004,21,23597441[].aqua,3600,1,0,0,0.05,-1,-1,0,-1,inf,True,True,False,1,False,False,True,False,False,Lazy,False,0,Chain,False,False,False,False,False,2.068808,3634,3573
85.94444444444444,60.869565217391305,2.8,4,5,0,0,0,0,0,0,0,0.9995,0.23,0.45,0.9994999999999228,1.6691489219665527,0.7773154702906898,0.9994666666665896,2.523234844207764,1.7653193118076944,BendWorstOCT,2026-07-10 16:04:23,ann-thyroid,Quantile Thresholds,5.0,21,15,6,39,3,9,0.6076956521739142,0.9991527864340548,0.6441664225501335,3600.005208969116,940.0,-1598552881,1.612361272,False,False,ModifiedCuts,False,4,0.0002,18,23597441[].aqua,3600,1,0,0,0.05,-1,-1,0,-1,inf,True,True,False,1,False,False,True,False,False,Lazy,False,0,Chain,False,False,False,False,False,1.319472,3635,3575
70.74303405572755,70.0,2.0,2,4,0,0,0,0,0,0,0,0.9919072,0.29,0.84,0.9918820375335546,0.757451057434082,0.9636969881671852,0.9907039704771258,1.180028200149536,1.3923677216642625,BendWorstOCT,2026-07-10 16:04:23,seismic-bumps,Quantile Thresholds,5.0,15,5,10,39,2,9,0.6839999999999986,0.9815490122086924,0.4350131757437054,3600.0057611465454,5206.0,-1589131607,1.268935,False,False,ModifiedCuts,False,4,0.004,17,23597441[].aqua,3600,1,0,0,0.05,-1,-1,0,-1,inf,True,True,False,1,False,False,True,False,False,Lazy,False,0,Chain,False,False,False,False,False,1.113364,3635,3575
85.73611111111111,69.29347826086956,2.25,3,4,0,0,0,0,0,0,0,0.985,0.42,0.79,0.9849999999999236,1.7972431182861328,1.033038263843991,0.9849999999999236,2.34148907661438,1.3393420212863838,BendWorstOCT,2026-07-10 16:04:23,ann-thyroid,Quantile Thresholds,5.0,21,15,6,39,3,9,0.6689347826086949,0.977999261768446,0.4620248299161084,3600.0706779956818,639.0,-2050946944,1.141719472,False,False,ModifiedCuts,False,3,0.006,20,23597441[].aqua,3600,1,0,0,0.05,-1,-1,0,-1,inf,True,True,False,1,False,False,True,False,False,Lazy,False,0,Chain,False,False,False,False,False,1.189572,3635,3575
65.15277777777777,65.06024096385542,3.1666666666666665,4,6,0,0,0,0,0,0,0,0.999,0.42,0.53,0.9989999999999232,3.8268580436706543,1.7668831730563903,0.9988999999999232,6.67243504524231,3.7113984611104938,BendWorstOCT,2026-07-10 16:04:24,ann-thyroid,Quantile Thresholds,5.0,21,15,6,39,3,9,0.592708695652174,0.9984857562673016,0.6846146574054218,3600.0430850982666,610.0,-379433321,2.263260424,False,False,ModifiedCuts,False,4,0.0004,26,23597441[].aqua,3600,1,0,0,0.05,-1,-1,0,-1,inf,True,True,False,1,False,False,True,False,False,Lazy,False,0,Chain,False,False,False,False,False,1.771356,3635,3583
80.41125541125541,80.3461753210497,2.25,3,4,0,0,0,0,0,0,0,0.9285541,0.36,0.98,0.9285322185554508,2.4910929203033447,1.4944762385577908,0.9112859971883452,4.174221038818359,3.3234728456446763,BendWorstOCT,2026-07-10 16:04:24,ozone-one,Quantile Thresholds,5.0,72,0,72,286,2,9,0.6434617532105088,0.8400000000000175,0.3054388948665471,3600.135293006897,3942.0,-1669168018,2.843567856,False,False,ModifiedCuts,False,4,0.04,24,23597441[].aqua,3600,1,0,0,0.05,-1,-1,0,-1,inf,True,True,False,1,False,False,True,False,False,Lazy,False,0,Chain,False,False,False,False,False,1.308652,3634,3574
85.88888888888889,66.30434782608695,2.8,4,5,0,0,0,0,0,0,0,0.9985,0.41,0.83,0.9984999999999232,3.2870709896087646,1.1432935920640117,0.998399999999923,4.4983110427856445,1.9552544138879409,BendWorstOCT,2026-07-10 16:04:24,ann-thyroid,Quantile Thresholds,5.0,21,15,6,39,3,9,0.6600434782608685,0.9977462715665204,0.5116371942579543,3600.01845407486,1015.0,-1918671324,2.252902448,False,False,ModifiedCuts,False,4,0.0006,14,23597441[].aqua,3600,1,0,0,0.05,-1,-1,0,-1,inf,True,True,False,1,False,False,True,False,False,Lazy,False,0,Chain,False,False,False,False,False,1.908312,3636,3585
80.08658008658008,80.06700167504188,2.25,3,4,0,0,0,0,0,0,0,0.9890972,0.47,0.99,0.989089979047826,3.89656400680542,1.6283104756561,0.9863013827218456,5.556438207626343,3.0234430153039127,BendWorstOCT,2026-07-10 16:04:24,ozone-one,Quantile Thresholds,5.0,72,0,72,286,2,9,0.7766700167505675,0.9789474001600929,0.2604418595374824,3600.0117189884186,1626.0,-1983060029,2.594308216,False,False,ModifiedCuts,False,4,0.006,27,23597441[].aqua,3600,1,0,0,0.05,-1,-1,0,-1,inf,True,True,False,1,False,False,True,False,False,Lazy,False,0,Chain,False,False,False,False,False,1.329008,3635,3580
87.08333333333333,85.5421686746988,2.8,4,5,0,0,0,0,0,0,0,0.998,0.22,0.43,0.997999999999838,1.4500889778137207,0.7154514013569594,0.997999999999838,2.356360912322998,1.4488046758718869,BendWorstOCT,2026-07-10 16:04:27,ann-thyroid,Quantile Thresholds,5.0,21,15,6,39,3,9,0.8514216867469865,0.9970374140330026,0.1710265659809158,3600.018006086349,793.0,1589612558,2.308892048,False,False,ModifiedCuts,False,4,0.0008,46,23597441[].aqua,3600,1,0,0,0.05,-1,-1,0,-1,inf,True,True,False,1,False,False,True,False,False,Lazy,False,0,Chain,False,False,False,False,False,1.764912,3605,3573
57.55555555555556,56.52565256525653,1.6666666666666667,2,3,0,0,0,0,0,0,0,0.8700127,0.78,1.76,0.8700126237720828,2.321218013763428,2.1223289757600754,0.8266284892130547,8.29752802848816,12.432188757202194,BendWorstOCT,2026-07-10 16:04:27,ann-thyroid,Quantile Thresholds,5.0,21,15,6,39,3,9,0.3852565256525266,0.782596375690769,1.0313643600591833,3600.107288837433,565.0,-1431736538,1.240926032,False,False,ModifiedCuts,False,4,0.06,45,23597441[].aqua,3600,1,0,0,0.05,-1,-1,0,-1,inf,True,True,False,1,False,False,True,False,False,Lazy,False,0,Chain,False,False,False,False,False,1.202568,3605,3574
87.08333333333333,85.5421686746988,2.25,3,4,0,0,0,0,0,0,0,0.9975,0.1,0.19,0.9974999999999148,1.1665589809417725,0.3859174223682926,0.9974999999999148,1.7076759338378906,0.8011576875518361,BendWorstOCT,2026-07-10 16:04:27,ann-thyroid,Quantile Thresholds,5.0,21,15,6,39,3,9,0.8514216867470008,0.9965299196654992,0.1704305107295407,3600.1955020427704,583.0,-1411253330,1.227066744,False,False,ModifiedCuts,False,3,0.001,47,23597441[].aqua,3600,1,0,0,0.05,-1,-1,0,-1,inf,True,True,False,1,False,False,True,False,False,Lazy,False,0,Chain,False,False,False,False,False,1.036412,3606,3576
82.62987012987013,78.94736842105263,2.6,3,5,0,0,0,0,0,0,0,0.9818941,0.43,1.11,0.9818199827496008,3.808730125427246,1.8251577642138228,0.9759469739484508,7.410335063934326,5.435272078713979,BendWorstOCT,2026-07-10 16:04:27,ozone-one,Quantile Thresholds,5.0,72,0,72,286,2,9,0.7394736842105272,0.963007486232116,0.3022877038014366,3600.037651062012,1976.0,-690262033,2.69660036,False,False,ModifiedCuts,False,4,0.01,44,23597441[].aqua,3600,1,0,0,0.05,-1,-1,0,-1,inf,True,True,False,1,False,False,True,False,False,Lazy,False,0,Chain,False,False,False,False,False,1.630852,3606,3571
87.0,85.59782608695652,2.8,4,5,0,0,0,0,0,0,0,0.985,0.7,1.43,0.9849999999999348,2.8594448566436768,2.368376000474461,0.9834999999999272,4.764010906219482,4.113870112148878,BendWorstOCT,2026-07-10 16:04:29,ann-thyroid,Quantile Thresholds,5.0,21,15,6,39,3,9,0.8259782608696082,0.9759999999999976,0.1816291617317424,3600.0259158611298,792.0,-643939793,2.064478128,False,False,ModifiedCuts,False,4,0.006,8,23597441[].aqua,3600,1,0,0,0.05,-1,-1,0,-1,inf,True,True,False,1,False,False,True,False,False,Lazy,False,0,Chain,False,False,False,False,False,1.662372,3641,3590
86.33333333333333,71.6867469879518,2.25,3,4,0,0,0,0,0,0,0,0.999,0.09,0.2,0.9989999999999228,0.918968915939331,0.3469083279707224,0.9989999999999228,1.4077420234680176,0.600500295045788,BendWorstOCT,2026-07-10 16:04:31,ann-thyroid,Quantile Thresholds,5.0,21,15,6,39,3,9,0.7152674698795324,0.9983904175697116,0.3958280777649005,3600.0030789375305,688.0,861454512,1.840708616,False,False,ModifiedCuts,False,3,0.0004,51,23597441[].aqua,3600,1,0,0,0.05,-1,-1,0,-1,inf,True,True,False,1,False,False,True,False,False,Lazy,False,0,Chain,False,False,False,False,False,1.551444,3609,3579
87.13888888888889,86.97869786978698,2.6,3,5,0,0,0,0,0,0,0,0.99975,0.09,0.18,0.9997499999999228,0.7709519863128662,0.2945226713360237,0.9997499999999228,1.1801939010620115,0.5397251396301285,BendWorstOCT,2026-07-10 16:04:31,ann-thyroid,Quantile Thresholds,5.0,21,15,6,39,3,9,0.8609457831325287,0.9995715475731084,0.1610156727130871,3600.040817975998,960.0,-453546434,1.31728148,False,False,ModifiedCuts,False,3,0.0001,48,23597441[].aqua,3600,1,0,0,0.05,-1,-1,0,-1,inf,True,True,False,1,False,False,True,False,False,Lazy,False,0,Chain,False,False,False,False,False,1.076224,3610,3580
74.67532467532467,74.65103294249023,1.6666666666666667,2,3,0,0,0,0,0,0,0,0.9643095,0.41,1.08,0.9642701949707494,3.410562992095948,1.7415383239266136,0.9539101020757618,7.9369118213653564,5.439015013554594,BendWorstOCT,2026-07-10 16:04:31,ozone-one,Quantile Thresholds,5.0,72,0,72,286,2,9,0.6865103294249151,0.9299562546375144,0.3546136376659214,3600.003450870514,1943.0,143069601,1.526895688,False,False,ModifiedCuts,False,3,0.02,49,23597441[].aqua,3600,1,0,0,0.05,-1,-1,0,-1,inf,True,True,False,1,False,False,True,False,False,Lazy,False,0,Chain,False,False,False,False,False,1.104524,3608,3580
80.24891774891775,78.94736842105263,2.6666666666666665,3,6,0,0,0,0,0,0,0,0.9928074,0.43,1.13,0.9927958961604348,2.2131919860839844,1.6427077013772993,0.9908797777615376,3.699951171875,3.2229565392541235,BendWorstOCT,2026-07-10 16:04:31,ozone-one,Quantile Thresholds,5.0,72,0,72,286,2,9,0.765473684210527,0.9846901887838152,0.2863801971185694,3600.0070540905,2712.0,405349652,2.117117672,False,False,ModifiedCuts,False,3,0.004,53,23597441[].aqua,3600,1,0,0,0.05,-1,-1,0,-1,inf,True,True,False,1,False,False,True,False,False,Lazy,False,0,Chain,False,False,False,False,False,1.551552,3609,3580
74.24242424242425,73.6842105263158,2.8,4,5,0,0,0,0,0,0,0,0.9999,0.05,0.07,0.9998,2.040312051773072,1.3502307289662707,0.9997709343825396,4.266409873962402,3.0583046164779364,BendWorstOCT,2026-07-10 16:04:31,ozone-one,Quantile Thresholds,5.0,72,0,72,286,2,9,0.7363421052631639,0.9996562381695068,0.3575975501390566,3600.0064129829407,2705.0,-1476092754,2.500902416,False,False,ModifiedCuts,False,4,0.0001,52,23597441[].aqua,3600,1,0,0,0.05,-1,-1,0,-1,inf,True,True,False,1,False,False,True,False,False,Lazy,False,0,Chain,False,False,False,False,False,1.034016,3609,3580
87.08333333333333,85.5421686746988,2.25,3,4,0,0,0,0,0,0,0,0.99,0.35,0.74,0.989999999999998,1.49727201461792,0.920268763643853,0.989999999999998,1.8576641082763672,1.168503400104395,BendWorstOCT,2026-07-10 16:04:31,ann-thyroid,Quantile Thresholds,5.0,21,15,6,39,3,9,0.8394216867469865,0.9842678630574742,0.1725547226112426,3600.007730960846,764.0,920606187,1.811585968,False,False,ModifiedCuts,False,3,0.004,50,23597441[].aqua,3600,1,0,0,0.05,-1,-1,0,-1,inf,True,True,False,1,False,False,True,False,False,Lazy,False,0,Chain,False,False,False,False,False,1.519996,3609,3579
79.54545454545455,79.50865438302624,2.25,3,4,0,0,0,0,0,0,0,0.9856355,0.71,1.09,0.9856085215951814,3.6932132244110094,1.556351922515911,0.9813290082817808,6.5007312297821045,4.175427896747337,BendWorstOCT,2026-07-10 16:04:38,ozone-one,Quantile Thresholds,5.0,72,0,72,286,2,9,0.7630865438302741,0.9734409541219424,0.2756625863638023,3600.152037143708,980.0,-1902991876,2.097962384,False,False,ModifiedCuts,False,3,0.008,56,23597441[].aqua,3600,1,0,0,0.05,-1,-1,0,-1,inf,True,True,False,1,False,False,True,False,False,Lazy,False,0,Chain,False,False,False,False,False,1.258888,3617,3583
71.9814241486068,71.95526097763049,2.4,3,5,0,0,0,0,0,0,0,0.9987739,0.22,0.65,0.9987302325581492,0.6977019309997559,0.7934132014631029,0.9986200000000328,1.1861369609832764,1.2487754389552488,BendWorstOCT,2026-07-10 16:04:39,seismic-bumps,Quantile Thresholds,5.0,15,5,10,39,2,9,0.7165526097764815,0.9972282587557244,0.3917027796002246,3600.009336948395,4612.0,1486059893,1.245095728,False,False,ModifiedCuts,False,4,0.0006,57,23597441[].aqua,3600,1,0,0,0.05,-1,-1,0,-1,inf,True,True,False,1,False,False,True,False,False,Lazy,False,0,Chain,False,False,False,False,False,1.116228,3617,3583
79.491341991342,71.9298245614035,1.0,1,2,0,0,0,0,0,0,0,0.8589955,0.28,0.77,0.8589468907215563,1.9312078952789309,1.1790380411898584,0.8216324625233837,4.773196935653687,5.078545803253598,BendWorstOCT,2026-07-10 16:04:39,ozone-one,Quantile Thresholds,5.0,72,0,72,286,2,9,0.5592982456140358,0.6760516433640682,0.2087498014978618,3600.023684978485,4850.0,444198802,1.473293688,False,False,ModifiedCuts,False,4,0.08,55,23597441[].aqua,3600,1,0,0,0.05,-1,-1,0,-1,inf,True,True,False,1,False,False,True,False,False,Lazy,False,0,Chain,False,False,False,False,False,1.08634,3618,3581
85.86111111111111,70.92391304347827,2.25,3,4,0,0,0,0,0,0,0,0.975,0.3,0.51,0.9749999999999538,1.4717750549316406,0.6909818070367897,0.9749999999999538,1.931333065032959,0.9359258820897396,BendWorstOCT,2026-07-10 16:04:59,ann-thyroid,Quantile Thresholds,5.0,21,15,6,39,3,9,0.6692391304347808,0.9627964038173183,0.4386433190059043,3600.0051419734955,823.0,2134169791,1.638594968,False,False,ModifiedCuts,False,3,0.01,59,23597441[].aqua,3600,1,0,0,0.05,-1,-1,0,-1,inf,True,True,False,1,False,False,True,False,False,Lazy,False,0,Chain,False,False,False,False,False,1.344564,3620,3574
85.88888888888889,66.30434782608695,1.6666666666666667,2,3,0,0,0,0,0,0,0,0.8302441,1.09,2.24,0.8302405912687224,2.658046007156372,2.604374591175417,0.7880034596419326,5.783145904541016,8.00798321193325,BendWorstOCT,2026-07-10 16:04:58,ann-thyroid,Quantile Thresholds,5.0,21,15,6,39,3,9,0.4230434782609696,0.7162098181683219,0.69299340368628,3600.096983909607,627.0,633114845,1.252645896,False,False,ModifiedCuts,False,4,0.08,58,23597441[].aqua,3600,1,0,0,0.05,-1,-1,0,-1,inf,True,True,False,1,False,False,True,False,False,Lazy,False,0,Chain,False,False,False,False,False,1.20988,3620,3577
74.02597402597402,73.81351200446677,2.6,3,5,0,0,0,0,0,0,0,0.9998,0.03,0.02,0.9996537269566078,3.312021017074585,1.015889062013988,0.9995616407697104,3.951308012008667,1.5745420179377132,BendWorstOCT,2026-07-10 16:05:28,ozone-one,Quantile Thresholds,5.0,72,0,72,286,2,9,0.737135120044685,0.9993267821407146,0.3556900966543768,3600.042564868927,1937.0,-161033031,1.788091504,False,False,ModifiedCuts,False,3,0.0002,54,23597441[].aqua,3600,1,0,0,0.05,-1,-1,0,-1,inf,True,True,False,1,False,False,True,False,False,Lazy,False,0,Chain,False,False,False,False,False,1.366056,3668,3588
79.38311688311688,79.34115019542155,2.8,4,5,0,0,0,0,0,0,0,0.999273,0.43,1.22,0.99927300418835,3.040250062942505,1.9316129627700287,0.9990795184025454,5.530493974685669,4.2502113081908695,BendWorstOCT,2026-07-10 19:39:23,ozone-one,Quantile Thresholds,5.0,72,0,72,286,2,9,0.7914115019542272,0.9986329696861436,0.2618378267440212,3600.0650749206543,1188.0,1900142382,4.610083656,False,False,ModifiedCuts,False,4,0.0004,0,23607578[].aqua,3600,1,0,0,0.05,-1,-1,0,-1,inf,True,True,False,1,False,False,True,False,False,Lazy,False,0,Chain,False,False,False,False,False,2.1655,3632,3581
