Accuracy,Worst Class Accuracy,Average Leaf Depth,Max Leaf Depth,Leaves Used,Benders Cuts - Cuts Added,Benders Cuts - Time,Solution Polishing - Solutions Found,Solution Polishing - Time,EQP Initial Cuts - Auxiliary Vars,EQP Initial Cuts - Cuts,EQP Initial Cuts - Time,Initial Root Relaxation - Obj,Initial Root Relaxation - Time,Initial Root Relaxation - Work,Presolve Relaxation - Obj,Presolve Relaxation - Time,Presolve Relaxation - Work,Final Root Relaxation - Obj,Final Root Relaxation - Time,Final Root Relaxation - Work,Model,Begin Opt Time,Dataset,Encoding,Buckets,|F|,|F^C|,|F^N|,|F^B|,|K|,Model Status,Objective,Bound,Gap,Solve Time,Node Count,Fingerprint,Memory Usage,Warmstart,Polish Warmstart,Results Directory,Compare Relaxations,depth,lambda,Subjob id,Array Job id,TimeLimit,Threads,MIPGap,MIPFocus,Heuristics,NodeMethod,Method,Seed,Presolve,NodeLimit,Benders Cuts-Enabled,Benders Cuts-Enhanced Cuts,Benders Cuts-Relax w,Benders Cuts-EC Level,Solution Polishing-Enabled,Solution Polishing-Check Validity,Solution Polishing-Use Cache,Path Bound Cutting Planes-Enabled,Path Bound Cutting Planes-Endpoint Only,Path Bound Cutting Planes-Cut Type,EQP Initial Cuts-Enabled,EQP Initial Cuts-Features Removed,EQP Initial Cuts-H Variant,EQP Initial Cuts-Disaggregate Alpha,EQP Initial Cuts-Group Selection,EQP Initial Cuts-Ignore Dataset Check,EQP Initial Cuts-Filter Dominated,EQP Initial Cuts-Beta Dependence,Memory,Walltime,CPUtime
68.95306859205776,67.90123456790124,1.6666666666666667,2,3,0,0,2,0.0074245929718017,0,0,0,0.8402904,0.0,0.01,0.8358221688995507,0.0563499927520751,0.0149454827083708,0.8278831003811914,0.0949130058288574,0.0519520435276678,BendWorstOCT,2026-07-10 21:11:00,breast-cancer,,,9,9,0,38,2,2,0.4390123456790131,0.4390123456790131,0.0,91.25905394554138,7772.0,-232606241,0.053649544,False,False,SolutionPolishing,False,3,0.08,1,23612090[].aqua,3600,1,0,0,0.05,-1,-1,0,-1,inf,True,False,False,1,True,True,False,False,False,Lazy,False,0,Chain,False,False,False,False,False,0.175696,127,94
68.95306859205776,67.90123456790124,1.6666666666666667,2,3,0,0,2,0.0048952102661132,0,0,0,0.8402904,0.0,0.01,0.8358221688995507,0.0563349723815918,0.0149454827083708,0.8278831003811914,0.0921940803527832,0.0519520435276678,BendWorstOCT,2026-07-10 21:11:00,breast-cancer,,,9,9,0,38,2,2,0.4390123456790131,0.4390123456790131,0.0,91.28477907180786,7772.0,-232606241,0.053647152,False,False,SolutionPolishing,False,3,0.08,0,23612090[].aqua,3600,1,0,0,0.05,-1,-1,0,-1,inf,True,False,False,1,True,True,True,False,False,Lazy,False,0,Chain,False,False,False,False,False,0.174404,127,94
68.95306859205776,67.90123456790124,1.6666666666666667,2,3,0,0,2,0.1117722988128662,0,0,0,0.8402904,0.0,0.01,0.8358221688995507,0.0562431812286376,0.0149454827083708,0.8278831003811914,0.0987410545349121,0.0519520435276678,BendWorstOCT,2026-07-10 21:11:00,breast-cancer,,,9,9,0,38,2,2,0.4390123456790131,0.4390123456790131,0.0,91.26017713546752,7772.0,-232606241,0.053650584,False,False,SolutionPolishing,False,3,0.08,3,23612090[].aqua,3600,1,0,0,0.05,-1,-1,0,-1,inf,True,False,False,1,True,False,False,False,False,Lazy,False,0,Chain,False,False,False,False,False,0.178564,127,94
68.95306859205776,67.90123456790124,1.6666666666666667,2,3,0,0,2,0.0586307048797607,0,0,0,0.8402904,0.0,0.01,0.8358221688995507,0.0563349723815918,0.0149454827083708,0.8278831003811914,0.093437910079956,0.0519520435276678,BendWorstOCT,2026-07-10 21:11:00,breast-cancer,,,9,9,0,38,2,2,0.4390123456790131,0.4390123456790131,0.0,91.09405088424684,7772.0,-232606241,0.053647264,False,False,SolutionPolishing,False,3,0.08,2,23612090[].aqua,3600,1,0,0,0.05,-1,-1,0,-1,inf,True,False,False,1,True,False,True,False,False,Lazy,False,0,Chain,False,False,False,False,False,0.178792,127,94
68.95306859205776,67.90123456790124,1.6666666666666667,2,3,0,0,2,0.047743797302246,0,0,0,0.8784775,0.0,0.0,0.8775437519189411,0.0527329444885253,0.0164304001294188,0.8674457384259202,0.1288919448852539,0.0577263214381086,BendWorstOCT,2026-07-10 21:11:00,breast-cancer,,,9,9,0,38,2,2,0.4990123461287171,0.4990123461287171,0.0,171.04555106163025,20601.0,149335052,0.040912096,False,False,SolutionPolishing,False,3,0.06,5,23612090[].aqua,3600,1,0,0,0.05,-1,-1,0,-1,inf,True,False,False,1,True,True,False,False,False,Lazy,False,0,Chain,False,False,False,False,False,0.181892,207,174
68.95306859205776,67.90123456790124,1.6666666666666667,2,3,0,0,2,0.039222240447998,0,0,0,0.8784775,0.0,0.0,0.8775437519189411,0.053110122680664,0.0164304001294188,0.8674457384259202,0.128849983215332,0.0577263214381086,BendWorstOCT,2026-07-10 21:11:00,breast-cancer,,,9,9,0,38,2,2,0.4990123461287171,0.4990123461287171,0.0,171.3577470779419,20601.0,149335052,0.040912208,False,False,SolutionPolishing,False,3,0.06,4,23612090[].aqua,3600,1,0,0,0.05,-1,-1,0,-1,inf,True,False,False,1,True,True,True,False,False,Lazy,False,0,Chain,False,False,False,False,False,0.180364,207,174
68.95306859205776,67.90123456790124,1.6666666666666667,2,3,0,0,2,0.061868667602539,0,0,0,0.8784775,0.0,0.0,0.8775437519189411,0.0583059787750244,0.0164304001294188,0.8682175652759123,0.0846660137176513,0.0417319981317907,BendWorstOCT,2026-07-10 21:11:00,breast-cancer,,,9,9,0,38,2,2,0.4990123458289144,0.4990123458289144,0.0,237.5028779506684,24571.0,149335052,0.03965636,False,False,SolutionPolishing,False,3,0.06,6,23612090[].aqua,3600,1,0,0,0.05,-1,-1,0,-1,inf,True,False,False,1,True,False,True,False,False,Lazy,False,0,Chain,False,False,False,False,False,0.18254,273,240
68.95306859205776,67.90123456790124,1.6666666666666667,2,3,0,0,2,0.1427001953125,0,0,0,0.8784775,0.01,0.0,0.8775437519189411,0.1038439273834228,0.0164304001294188,0.8682175652759123,0.1509809494018554,0.0417319981317907,BendWorstOCT,2026-07-10 21:11:47,breast-cancer,,,9,9,0,38,2,2,0.4990123458289144,0.4990123458289144,0.0,233.25714993476868,24571.0,149335052,0.03965676,False,False,SolutionPolishing,False,3,0.06,7,23612090[].aqua,3600,1,0,0,0.05,-1,-1,0,-1,inf,True,False,False,1,True,False,False,False,False,Lazy,False,0,Chain,False,False,False,False,False,0.1756,316,237
35.2,30.55555555555556,1.6666666666666667,2,3,0,0,2,0.3993630409240722,0,0,0,0.76,0.02,0.03,0.759999999999998,0.188209056854248,0.0833985474905415,0.634467198850512,0.4521741867065429,0.4354770561291121,BendWorstOCT,2026-07-10 21:13:16,balance-scale,,,4,4,0,20,3,2,0.0655562500000008,0.0655562500000008,0.0,244.42829012870789,35702.0,-131713360,0.049851912,False,False,SolutionPolishing,False,3,0.08,122,23612090[].aqua,3600,1,0,0,0.05,-1,-1,0,-1,inf,True,False,False,1,True,False,True,False,False,Lazy,False,0,Chain,False,False,False,False,False,0.179332,253,248
68.95306859205776,67.90123456790124,1.6666666666666667,2,3,0,0,2,0.0050761699676513,0,0,0,0.8375806,0.0,0.01,0.8373320417906291,0.0776469707489013,0.0238583362727354,0.8282463896256967,0.1112868785858154,0.055300698551413,BendWorstOCT,2026-07-10 21:11:47,breast-cancer,,,9,9,0,38,2,2,0.4390123456790131,0.4390123456790131,0.0,336.5895590782165,19717.0,-156153317,0.066325504,False,False,SolutionPolishing,False,4,0.08,60,23612090[].aqua,3600,1,0,0,0.05,-1,-1,0,-1,inf,True,False,False,1,True,True,True,False,False,Lazy,False,0,Chain,False,False,False,False,False,0.18908,344,338
35.2,30.55555555555556,1.6666666666666667,2,3,0,0,2,0.638336181640625,0,0,0,0.76,0.01,0.03,0.759999999999998,0.1520388126373291,0.0833985474905415,0.634467198850512,0.3800818920135498,0.4354770561291121,BendWorstOCT,2026-07-10 21:14:19,balance-scale,,,4,4,0,20,3,2,0.0655562500000008,0.0655562500000008,0.0,189.46605277061465,35702.0,-131713360,0.049852072,False,False,SolutionPolishing,False,3,0.08,123,23612090[].aqua,3600,1,0,0,0.05,-1,-1,0,-1,inf,True,False,False,1,True,False,False,False,False,Lazy,False,0,Chain,False,False,False,False,False,0.181664,194,192
35.2,30.55555555555556,1.6666666666666667,2,3,0,0,5,0.1199903488159179,0,0,0,0.76,0.01,0.03,0.759999999999998,0.1280529499053955,0.0833985474905415,0.6321625480188786,0.5290188789367676,0.5569419815971448,BendWorstOCT,2026-07-10 21:13:00,balance-scale,,,4,4,0,20,3,2,0.0655555555555555,0.0655555555555555,0.0,293.62409496307373,50197.0,-131713360,0.061579352,False,False,SolutionPolishing,False,3,0.08,121,23612090[].aqua,3600,1,0,0,0.05,-1,-1,0,-1,inf,True,False,False,1,True,True,False,False,False,Lazy,False,0,Chain,False,False,False,False,False,0.199392,373,302
68.95306859205776,67.90123456790124,1.6666666666666667,2,3,0,0,2,1.5494086742401123,0,0,0,0.8375806,0.0,0.01,0.8373320417906291,0.086832046508789,0.0238583362727354,0.8282463896256967,0.1314890384674072,0.055300698551413,BendWorstOCT,2026-07-10 21:11:47,breast-cancer,,,9,9,0,38,2,2,0.4390123456790131,0.4390123456790131,0.0,373.0241649150848,19717.0,-156153317,0.066325648,False,False,SolutionPolishing,False,4,0.08,63,23612090[].aqua,3600,1,0,0,0.05,-1,-1,0,-1,inf,True,False,False,1,True,False,False,False,False,Lazy,False,0,Chain,False,False,False,False,False,0.205456,381,374
35.2,30.55555555555556,1.6666666666666667,2,3,0,0,5,0.0568516254425048,0,0,0,0.76,0.01,0.03,0.759999999999998,0.126967191696167,0.0833985474905415,0.6321625480188786,0.4403431415557861,0.5569419815971448,BendWorstOCT,2026-07-10 21:13:00,balance-scale,,,4,4,0,20,3,2,0.0655555555555555,0.0655555555555555,0.0,308.64989709854126,50197.0,-131713360,0.061579752,False,False,SolutionPolishing,False,3,0.08,120,23612090[].aqua,3600,1,0,0,0.05,-1,-1,0,-1,inf,True,False,False,1,True,True,True,False,False,Lazy,False,0,Chain,False,False,False,False,False,0.192664,387,311
68.95306859205776,67.90123456790124,1.6666666666666667,2,3,0,0,2,0.168633222579956,0,0,0,0.8375806,0.0,0.01,0.8373320417906291,0.0753009319305419,0.0238583362727354,0.8282463896256967,0.1088969707489013,0.055300698551413,BendWorstOCT,2026-07-10 21:12:52,breast-cancer,,,9,9,0,38,2,2,0.4390123456790131,0.4390123456790131,0.0,334.51875400543213,19717.0,-156153317,0.0663252,False,False,SolutionPolishing,False,4,0.08,62,23612090[].aqua,3600,1,0,0,0.05,-1,-1,0,-1,inf,True,False,False,1,True,False,True,False,False,Lazy,False,0,Chain,False,False,False,False,False,0.2097,339,336
68.95306859205776,67.90123456790124,1.6666666666666667,2,3,0,0,3,0.0165662765502929,0,0,0,0.9186246,0.01,0.0,0.9185483604298676,0.0874960422515869,0.0180770416067808,0.908447794098794,0.1638619899749755,0.0652665506801791,BendWorstOCT,2026-07-10 21:11:47,breast-cancer,,,9,9,0,38,2,2,0.5590123456790131,0.5590123456790131,0.0,413.2126929759979,65330.0,1220759208,0.045812208,False,False,SolutionPolishing,False,3,0.04,8,23612090[].aqua,3600,1,0,0,0.05,-1,-1,0,-1,inf,True,False,False,1,True,True,True,False,False,Lazy,False,0,Chain,False,False,False,False,False,0.18866,496,416
68.95306859205776,67.90123456790124,1.6666666666666667,2,3,0,0,3,0.1393823623657226,0,0,0,0.9186246,0.01,0.0,0.9185483604298676,1.685804843902588,0.0180770416067808,0.908447794098794,2.050386905670166,0.0652665506801791,BendWorstOCT,2026-07-10 21:11:47,breast-cancer,,,9,9,0,38,2,2,0.5590123456790131,0.5590123456790131,0.0,435.4152159690857,65330.0,1220759208,0.045812848,False,False,SolutionPolishing,False,3,0.04,9,23612090[].aqua,3600,1,0,0,0.05,-1,-1,0,-1,inf,True,False,False,1,True,True,False,False,False,Lazy,False,0,Chain,False,False,False,False,False,0.183556,519,445
68.95306859205776,67.90123456790124,1.6666666666666667,2,3,0,0,2,0.0077791213989257,0,0,0,0.8375806,0.0,0.01,0.8373320417906291,0.0760779380798339,0.0238583362727354,0.8282463896256967,0.1118419170379638,0.055300698551413,BendWorstOCT,2026-07-10 21:13:57,breast-cancer,,,9,9,0,38,2,2,0.4390123456790131,0.4390123456790131,0.0,337.02504301071167,19717.0,-156153317,0.066325072,False,False,SolutionPolishing,False,4,0.08,61,23612090[].aqua,3600,1,0,0,0.05,-1,-1,0,-1,inf,True,False,False,1,True,True,False,False,False,Lazy,False,0,Chain,False,False,False,False,False,0.186764,343,338
68.95306859205776,67.90123456790124,1.6666666666666667,2,3,0,0,2,0.0740261077880859,0,0,0,0.9186246,0.01,0.0,0.9185483604298676,0.0855660438537597,0.0180770416067808,0.9082111858551356,0.1872260570526123,0.0653806371757772,BendWorstOCT,2026-07-10 21:11:47,breast-cancer,,,9,9,0,38,2,2,0.5590123456790131,0.5590123456790131,0.0,519.1317839622498,69855.0,1220759208,0.048855784,False,False,SolutionPolishing,False,3,0.04,10,23612090[].aqua,3600,1,0,0,0.05,-1,-1,0,-1,inf,True,False,False,1,True,False,True,False,False,Lazy,False,0,Chain,False,False,False,False,False,0.18836,602,527
35.2,30.55555555555556,1.6666666666666667,2,3,0,0,2,0.4985303878784179,0,0,0,0.82,0.01,0.03,0.8199999999999971,0.1349751949310302,0.0660277937445538,0.7950266454155194,0.281055212020874,0.2354390387083791,BendWorstOCT,2026-07-10 21:12:52,balance-scale,,,4,4,0,20,3,2,0.1255555561183337,0.1255555561183337,0.0,479.32451605796814,63937.0,368200548,0.061324376,False,False,SolutionPolishing,False,3,0.06,126,23612090[].aqua,3600,1,0,0,0.05,-1,-1,0,-1,inf,True,False,False,1,True,False,True,False,False,Lazy,False,0,Chain,False,False,False,False,False,0.197492,484,479
35.2,30.55555555555556,1.6666666666666667,2,3,0,0,2,1.119124174118042,0,0,0,0.82,0.01,0.03,0.8199999999999971,0.1361300945281982,0.0660277937445538,0.7950266454155194,0.2876780033111572,0.2354390387083791,BendWorstOCT,2026-07-10 21:13:00,balance-scale,,,4,4,0,20,3,2,0.1255555561183337,0.1255555561183337,0.0,492.1086010932922,63937.0,368200548,0.061327864,False,False,SolutionPolishing,False,3,0.06,127,23612090[].aqua,3600,1,0,0,0.05,-1,-1,0,-1,inf,True,False,False,1,True,False,False,False,False,Lazy,False,0,Chain,False,False,False,False,False,0.19488,507,492
68.95306859205776,67.90123456790124,1.6666666666666667,2,3,0,0,2,0.1473667621612548,0,0,0,0.9186246,0.01,0.0,0.9185483604298676,0.1153459548950195,0.0180770416067808,0.9082111858551356,0.2002358436584472,0.0653806371757772,BendWorstOCT,2026-07-10 21:11:47,breast-cancer,,,9,9,0,38,2,2,0.5590123456790131,0.5590123456790131,0.0,570.8999929428101,69855.0,1220759208,0.048854896,False,False,SolutionPolishing,False,3,0.04,11,23612090[].aqua,3600,1,0,0,0.05,-1,-1,0,-1,inf,True,False,False,1,True,False,False,False,False,Lazy,False,0,Chain,False,False,False,False,False,0.187192,654,577
35.2,30.55555555555556,1.6666666666666667,2,3,0,0,2,0.0335893630981445,0,0,0,0.82,0.01,0.03,0.8199999999999971,0.1101388931274414,0.0660277937445538,0.7950266454155194,0.2385499477386474,0.2484399674273275,BendWorstOCT,2026-07-10 21:12:52,balance-scale,,,4,4,0,20,3,2,0.125556250112555,0.125556250112555,0.0,531.5556290149689,80363.0,368200548,0.06518456,False,False,SolutionPolishing,False,3,0.06,125,23612090[].aqua,3600,1,0,0,0.05,-1,-1,0,-1,inf,True,False,False,1,True,True,False,False,False,Lazy,False,0,Chain,False,False,False,False,False,0.20066,536,531
35.2,30.55555555555556,1.6666666666666667,2,3,0,0,2,0.0137248039245605,0,0,0,0.82,0.01,0.03,0.8199999999999971,0.1088109016418457,0.0660277937445538,0.7950266454155194,0.2347538471221923,0.2484399674273275,BendWorstOCT,2026-07-10 21:12:52,balance-scale,,,4,4,0,20,3,2,0.125556250112555,0.125556250112555,0.0,532.1818208694458,80363.0,368200548,0.065184224,False,False,SolutionPolishing,False,3,0.06,124,23612090[].aqua,3600,1,0,0,0.05,-1,-1,0,-1,inf,True,False,False,1,True,True,True,False,False,Lazy,False,0,Chain,False,False,False,False,False,0.2107,537,532
50.4,48.61111111111112,2.857142857142857,3,7,0,0,6,0.5672974586486816,0,0,0,0.976,0.01,0.02,0.9759999999999972,0.1371829509735107,0.0641439894257528,0.9266969877400162,0.4047811031341553,0.4501377749674947,BendWorstOCT,2026-07-10 21:14:19,balance-scale,,,4,4,0,20,3,2,0.4301111119691768,0.4301111119691768,0.0,654.3351011276245,93319.0,225976592,0.070737904,False,False,SolutionPolishing,False,3,0.008,142,23612090[].aqua,3600,1,0,0,0.05,-1,-1,0,-1,inf,True,False,False,1,True,False,True,False,False,Lazy,False,0,Chain,False,False,False,False,False,0.210296,659,652
50.4,48.61111111111112,2.857142857142857,3,7,0,0,6,0.6447737216949463,0,0,0,0.97,0.01,0.02,0.9699999999999968,0.1389410495758056,0.0476742248931333,0.9633333333333304,0.216174840927124,0.111777643116925,BendWorstOCT,2026-07-10 21:13:14,balance-scale,,,4,4,0,20,3,2,0.4161111118191658,0.4161111118191658,0.0,755.9208500385284,110382.0,-326977299,0.0784824,False,False,SolutionPolishing,False,3,0.01,138,23612090[].aqua,3600,1,0,0,0.05,-1,-1,0,-1,inf,True,False,False,1,True,False,True,False,False,Lazy,False,0,Chain,False,False,False,False,False,0.212384,762,754
50.4,48.61111111111112,2.857142857142857,3,7,0,0,5,0.1102135181427002,0,0,0,0.97,0.01,0.02,0.9699999999999968,0.1157541275024414,0.0476742248931333,0.9633333333333304,0.1787769794464111,0.1161467884678879,BendWorstOCT,2026-07-10 21:13:15,balance-scale,,,4,4,0,20,3,2,0.4161111111111098,0.4161111111111098,0.0,757.7358200550079,91680.0,-326977299,0.070807152,False,False,SolutionPolishing,False,3,0.01,137,23612090[].aqua,3600,1,0,0,0.05,-1,-1,0,-1,inf,True,False,False,1,True,True,False,False,False,Lazy,False,0,Chain,False,False,False,False,False,0.20474,764,755
50.4,48.61111111111112,2.857142857142857,3,7,0,0,5,0.0673723220825195,0,0,0,0.97,0.01,0.02,0.9699999999999968,0.1152729988098144,0.0476742248931333,0.9633333333333304,0.1777939796447754,0.1161467884678879,BendWorstOCT,2026-07-10 21:13:15,balance-scale,,,4,4,0,20,3,2,0.4161111111111098,0.4161111111111098,0.0,759.3429820537567,91680.0,-326977299,0.070807296,False,False,SolutionPolishing,False,3,0.01,136,23612090[].aqua,3600,1,0,0,0.05,-1,-1,0,-1,inf,True,False,False,1,True,True,True,False,False,Lazy,False,0,Chain,False,False,False,False,False,0.203704,765,757
50.4,48.61111111111112,2.857142857142857,3,7,0,0,6,1.46266770362854,0,0,0,0.97,0.01,0.02,0.9699999999999968,0.1401350498199463,0.0476742248931333,0.9633333333333304,0.2303268909454345,0.111777643116925,BendWorstOCT,2026-07-10 21:13:15,balance-scale,,,4,4,0,20,3,2,0.4161111118191658,0.4161111118191658,0.0,773.9465990066528,110382.0,-326977299,0.078482624,False,False,SolutionPolishing,False,3,0.01,139,23612090[].aqua,3600,1,0,0,0.05,-1,-1,0,-1,inf,True,False,False,1,True,False,False,False,False,Lazy,False,0,Chain,False,False,False,False,False,0.221612,780,771
50.4,48.61111111111112,2.857142857142857,3,7,0,0,4,0.5854647159576416,0,0,0,0.94,0.02,0.02,0.9399999999999972,1.6899728775024414,0.0705169995516943,0.8864172294214253,2.0446479320526123,0.3319387942938807,BendWorstOCT,2026-07-10 21:14:14,balance-scale,,,4,4,0,20,3,2,0.3461111111111098,0.3461111111111098,0.0,719.819020986557,83297.0,1800049160,0.06909656,False,False,SolutionPolishing,False,3,0.02,134,23612090[].aqua,3600,1,0,0,0.05,-1,-1,0,-1,inf,True,False,False,1,True,False,True,False,False,Lazy,False,0,Chain,False,False,False,False,False,0.21552,807,727
50.4,48.61111111111112,2.857142857142857,3,7,0,0,3,0.0635507106781005,0,0,0,0.976,0.01,0.02,0.9759999999999972,0.1152510643005371,0.0641439894257528,0.9261901907755266,0.3737409114837646,0.3987600772964114,BendWorstOCT,2026-07-10 21:14:19,balance-scale,,,4,4,0,20,3,2,0.4301111113971321,0.4301111113971321,0.0,728.1256020069122,100590.0,225976592,0.070877768,False,False,SolutionPolishing,False,3,0.008,140,23612090[].aqua,3600,1,0,0,0.05,-1,-1,0,-1,inf,True,False,False,1,True,True,True,False,False,Lazy,False,0,Chain,False,False,False,False,False,0.201496,733,727
50.4,48.61111111111112,2.857142857142857,3,7,0,0,4,1.2418313026428225,0,0,0,0.94,0.02,0.02,0.9399999999999972,1.7139439582824707,0.0705169995516943,0.8864172294214253,2.0956509113311768,0.3319387942938807,BendWorstOCT,2026-07-10 21:14:14,balance-scale,,,4,4,0,20,3,2,0.3461111111111098,0.3461111111111098,0.0,741.1951401233673,83297.0,1800049160,0.069097712,False,False,SolutionPolishing,False,3,0.02,135,23612090[].aqua,3600,1,0,0,0.05,-1,-1,0,-1,inf,True,False,False,1,True,False,False,False,False,Lazy,False,0,Chain,False,False,False,False,False,0.206324,828,747
50.4,48.61111111111112,2.857142857142857,3,7,0,0,6,1.286303997039795,0,0,0,0.976,0.01,0.02,0.9759999999999972,0.1407320499420166,0.0641439894257528,0.9266969877400162,0.4652121067047119,0.4501377749674947,BendWorstOCT,2026-07-10 21:15:36,balance-scale,,,4,4,0,20,3,2,0.4301111119691768,0.4301111119691768,0.0,676.113039970398,93319.0,225976592,0.0707384,False,False,SolutionPolishing,False,3,0.008,143,23612090[].aqua,3600,1,0,0,0.05,-1,-1,0,-1,inf,True,False,False,1,True,False,False,False,False,Lazy,False,0,Chain,False,False,False,False,False,0.209256,680,675
73.78277153558052,72.64150943396227,1.6666666666666667,2,3,0,0,4,0.014052391052246,0,0,0,0.7608324,0.01,0.01,0.7608084268219598,0.0736501216888427,0.0329341930998219,0.6548006123100382,0.1064901351928711,0.0701068451487035,BendWorstOCT,2026-07-10 21:26:56,spect,,,22,22,0,22,2,2,0.4864150943396251,0.4864150943396251,0.0,1.0398681163787842,702.0,-1511147379,0.020452416,False,False,SolutionPolishing,False,3,0.08,240,23612090[].aqua,3600,1,0,0,0.05,-1,-1,0,-1,inf,True,False,False,1,True,True,True,False,False,Lazy,False,0,Chain,False,False,False,False,False,0.05084,6,4
73.78277153558052,72.64150943396227,1.6666666666666667,2,3,0,0,4,0.0326435565948486,0,0,0,0.7608324,0.01,0.01,0.7608084268219598,0.0794899463653564,0.0329341930998219,0.6548006123100382,0.111109972000122,0.0703198712091812,BendWorstOCT,2026-07-10 21:26:57,spect,,,22,22,0,22,2,2,0.4864150943396251,0.4864150943396251,0.0,0.942533016204834,620.0,-1511147379,0.0201132,False,False,SolutionPolishing,False,3,0.08,242,23612090[].aqua,3600,1,0,0,0.05,-1,-1,0,-1,inf,True,False,False,1,True,False,True,False,False,Lazy,False,0,Chain,False,False,False,False,False,0.0,7,5
73.78277153558052,72.64150943396227,1.6666666666666667,2,3,0,0,4,0.0186166763305664,0,0,0,0.7608324,0.01,0.01,0.7608084268219598,0.0854701995849609,0.0329341930998219,0.6548006123100382,0.1249420642852783,0.0701068451487035,BendWorstOCT,2026-07-10 21:26:56,spect,,,22,22,0,22,2,2,0.4864150943396251,0.4864150943396251,0.0,1.1784121990203855,702.0,-1511147379,0.020451984,False,False,SolutionPolishing,False,3,0.08,241,23612090[].aqua,3600,1,0,0,0.05,-1,-1,0,-1,inf,True,False,False,1,True,True,False,False,False,Lazy,False,0,Chain,False,False,False,False,False,0.078148,7,5
73.78277153558052,72.64150943396227,1.6666666666666667,2,3,0,0,4,0.0475726127624511,0,0,0,0.7608324,0.01,0.01,0.7608084268219598,0.0778281688690185,0.0329341930998219,0.6548006123100382,0.1106960773468017,0.0703198712091812,BendWorstOCT,2026-07-10 21:27:23,spect,,,22,22,0,22,2,2,0.4864150943396251,0.4864150943396251,0.0,0.9637432098388672,620.0,-1511147379,0.020113488,False,False,SolutionPolishing,False,3,0.08,243,23612090[].aqua,3600,1,0,0,0.05,-1,-1,0,-1,inf,True,False,False,1,True,False,False,False,False,Lazy,False,0,Chain,False,False,False,False,False,0.0,6,4
73.78277153558052,72.64150943396227,1.6666666666666667,2,3,0,0,3,0.0150394439697265,0,0,0,0.8122439,0.01,0.01,0.8111622937195799,0.0776870250701904,0.0286457549624037,0.7064421470850573,0.1212270259857177,0.080629372694715,BendWorstOCT,2026-07-10 21:27:23,spect,,,22,22,0,22,2,2,0.5464150946489084,0.5464150946489084,0.0,2.3471951484680176,1713.0,2018360874,0.020688616,False,False,SolutionPolishing,False,3,0.06,244,23612090[].aqua,3600,1,0,0,0.05,-1,-1,0,-1,inf,True,False,False,1,True,True,True,False,False,Lazy,False,0,Chain,False,False,False,False,False,0.154924,7,5
73.78277153558052,72.64150943396227,1.6666666666666667,2,3,0,0,3,0.0182433128356933,0,0,0,0.8122439,0.01,0.01,0.8111622937195799,0.0805480480194091,0.0286457549624037,0.7064421470850573,0.126004934310913,0.080629372694715,BendWorstOCT,2026-07-10 21:27:24,spect,,,22,22,0,22,2,2,0.5464150946489084,0.5464150946489084,0.0,2.387989997863769,1713.0,2018360874,0.020688792,False,False,SolutionPolishing,False,3,0.06,245,23612090[].aqua,3600,1,0,0,0.05,-1,-1,0,-1,inf,True,False,False,1,True,True,False,False,False,Lazy,False,0,Chain,False,False,False,False,False,0.152016,8,6
73.78277153558052,72.64150943396227,1.6666666666666667,2,3,0,0,5,0.0426962375640869,0,0,0,0.8122439,0.01,0.01,0.8111622937195799,0.0812861919403076,0.0286457549624037,0.7064421470850573,0.126255989074707,0.080844406694715,BendWorstOCT,2026-07-10 21:27:24,spect,,,22,22,0,22,2,2,0.5464150946489084,0.5464150946489084,0.0,2.416745185852051,1713.0,2018360874,0.020688648,False,False,SolutionPolishing,False,3,0.06,246,23612090[].aqua,3600,1,0,0,0.05,-1,-1,0,-1,inf,True,False,False,1,True,False,True,False,False,Lazy,False,0,Chain,False,False,False,False,False,0.150996,8,6
73.78277153558052,72.64150943396227,1.6666666666666667,2,3,0,0,5,0.0640788078308105,0,0,0,0.8122439,0.01,0.01,0.8111622937195799,0.0874059200286865,0.0286457549624037,0.7064421470850573,0.1342689990997314,0.080844406694715,BendWorstOCT,2026-07-10 21:27:24,spect,,,22,22,0,22,2,2,0.5464150946489084,0.5464150946489084,0.0,2.4950618743896484,1713.0,2018360874,0.020688776,False,False,SolutionPolishing,False,3,0.06,247,23612090[].aqua,3600,1,0,0,0.05,-1,-1,0,-1,inf,True,False,False,1,True,False,False,False,False,Lazy,False,0,Chain,False,False,False,False,False,0.150892,8,6
80.52434456928839,78.18181818181819,2.25,3,4,0,0,2,0.0133168697357177,0,0,0,0.8667777,0.0,0.01,0.8665469370633072,0.0513792037963867,0.0200471274804777,0.767799828881192,0.1171011924743652,0.0771251072150166,BendWorstOCT,2026-07-10 21:27:24,spect,,,22,22,0,22,2,2,0.6218181818181819,0.6218181818181819,0.0,3.1392040252685547,2257.0,-1807473579,0.023897752,False,False,SolutionPolishing,False,3,0.04,249,23612090[].aqua,3600,1,0,0,0.05,-1,-1,0,-1,inf,True,False,False,1,True,True,False,False,False,Lazy,False,0,Chain,False,False,False,False,False,0.15368,8,6
80.52434456928839,78.18181818181819,2.25,3,4,0,0,2,0.0122473239898681,0,0,0,0.8667777,0.0,0.01,0.8665469370633072,0.0513141155242919,0.0200471274804777,0.767799828881192,0.1161441802978515,0.0771251072150166,BendWorstOCT,2026-07-10 21:27:24,spect,,,22,22,0,22,2,2,0.6218181818181819,0.6218181818181819,0.0,3.151633977890014,2257.0,-1807473579,0.023897928,False,False,SolutionPolishing,False,3,0.04,248,23612090[].aqua,3600,1,0,0,0.05,-1,-1,0,-1,inf,True,False,False,1,True,True,True,False,False,Lazy,False,0,Chain,False,False,False,False,False,0.153664,8,7
80.52434456928839,78.18181818181819,2.25,3,4,0,0,4,0.0677509307861328,0,0,0,0.8667777,0.0,0.01,0.8665469370633072,0.0658719539642334,0.0200471274804777,0.7896575342465776,0.107666015625,0.0544238052530275,BendWorstOCT,2026-07-10 21:27:24,spect,,,22,22,0,22,2,2,0.6218181818181819,0.6218181818181819,0.0,3.201751947402954,1938.0,-1807473579,0.023374328,False,False,SolutionPolishing,False,3,0.04,251,23612090[].aqua,3600,1,0,0,0.05,-1,-1,0,-1,inf,True,False,False,1,True,False,False,False,False,Lazy,False,0,Chain,False,False,False,False,False,0.072508,9,7
80.52434456928839,78.18181818181819,2.25,3,4,0,0,4,0.0494868755340576,0,0,0,0.8667777,0.0,0.01,0.8665469370633072,0.0722758769989013,0.0200471274804777,0.7896575342465776,0.1157050132751464,0.0544238052530275,BendWorstOCT,2026-07-10 21:27:24,spect,,,22,22,0,22,2,2,0.6218181818181819,0.6218181818181819,0.0,3.5145390033721924,1938.0,-1807473579,0.023373624,False,False,SolutionPolishing,False,3,0.04,250,23612090[].aqua,3600,1,0,0,0.05,-1,-1,0,-1,inf,True,False,False,1,True,False,True,False,False,Lazy,False,0,Chain,False,False,False,False,False,0.15476,9,7
80.52434456928839,78.18181818181819,2.25,3,4,0,0,5,0.0182583332061767,0,0,0,0.927805,0.0,0.01,0.9277370701182052,0.08103609085083,0.0240459072495977,0.8468530259366022,0.1160330772399902,0.0586417988199133,BendWorstOCT,2026-07-10 21:27:25,spect,,,22,22,0,22,2,2,0.701818181818186,0.7018181818181859,0.0,21.027953147888184,8658.0,1816830288,0.033620224,False,False,SolutionPolishing,False,3,0.02,252,23612090[].aqua,3600,1,0,0,0.05,-1,-1,0,-1,inf,True,False,False,1,True,True,True,False,False,Lazy,False,0,Chain,False,False,False,False,False,0.165168,27,25
50.4,48.61111111111112,2.857142857142857,3,7,0,0,3,0.0437800884246826,0,0,0,0.994,0.01,0.01,0.993999999999997,0.1220698356628418,0.070302482129735,0.9583214476913072,0.2970368862152099,0.351038955247356,BendWorstOCT,2026-07-10 21:17:22,balance-scale,,,4,4,0,20,3,2,0.4721111111111098,0.4721111111111098,0.0,629.8025298118591,60739.0,326134569,0.075316536,False,False,SolutionPolishing,False,3,0.002,152,23612090[].aqua,3600,1,0,0,0.05,-1,-1,0,-1,inf,True,False,False,1,True,True,True,False,False,Lazy,False,0,Chain,False,False,False,False,False,0.211408,634,628
50.4,48.61111111111112,2.857142857142857,3,7,0,0,2,0.0346262454986572,0,0,0,0.988,0.01,0.01,0.987999999999997,0.1346278190612793,0.0712166458180629,0.9421874385143656,0.3529160022735595,0.379607068291602,BendWorstOCT,2026-07-10 21:17:01,balance-scale,,,4,4,0,20,3,2,0.4581111111111098,0.4581111111111098,0.0,651.5365238189697,73930.0,-673613679,0.069216608,False,False,SolutionPolishing,False,3,0.004,148,23612090[].aqua,3600,1,0,0,0.05,-1,-1,0,-1,inf,True,False,False,1,True,True,True,False,False,Lazy,False,0,Chain,False,False,False,False,False,0.206732,657,650
50.4,48.61111111111112,2.857142857142857,3,7,0,0,3,0.0527725219726562,0,0,0,0.994,0.01,0.01,0.993999999999997,0.1218938827514648,0.070302482129735,0.9583214476913072,0.2969000339508056,0.351038955247356,BendWorstOCT,2026-07-10 21:17:22,balance-scale,,,4,4,0,20,3,2,0.4721111111111098,0.4721111111111098,0.0,632.372153043747,60739.0,326134569,0.075316056,False,False,SolutionPolishing,False,3,0.002,153,23612090[].aqua,3600,1,0,0,0.05,-1,-1,0,-1,inf,True,False,False,1,True,True,False,False,False,Lazy,False,0,Chain,False,False,False,False,False,0.210328,637,630
50.4,48.61111111111112,2.857142857142857,3,7,0,0,2,0.0444240570068359,0,0,0,0.988,0.01,0.01,0.987999999999997,0.1345541477203369,0.0712166458180629,0.9421874385143656,0.3546311855316162,0.379607068291602,BendWorstOCT,2026-07-10 21:17:01,balance-scale,,,4,4,0,20,3,2,0.4581111111111098,0.4581111111111098,0.0,655.0832500457764,73930.0,-673613679,0.069217248,False,False,SolutionPolishing,False,3,0.004,149,23612090[].aqua,3600,1,0,0,0.05,-1,-1,0,-1,inf,True,False,False,1,True,True,False,False,False,Lazy,False,0,Chain,False,False,False,False,False,0.204924,661,653
50.4,48.61111111111112,2.857142857142857,3,7,0,0,4,0.6443130970001221,0,0,0,0.982,0.01,0.02,0.9819999999999972,0.16056489944458,0.059825287234047,0.9402499881321348,0.3854329586029053,0.3139662117901192,BendWorstOCT,2026-07-10 21:17:01,balance-scale,,,4,4,0,20,3,2,0.4441111111111099,0.4441111111111099,0.0,667.0398387908936,74697.0,-644917102,0.065642968,False,False,SolutionPolishing,False,3,0.006,146,23612090[].aqua,3600,1,0,0,0.05,-1,-1,0,-1,inf,True,False,False,1,True,False,True,False,False,Lazy,False,0,Chain,False,False,False,False,False,0.209324,673,665
50.4,48.61111111111112,2.857142857142857,3,7,0,0,4,1.372531175613403,0,0,0,0.982,0.01,0.02,0.9819999999999972,0.1606109142303466,0.059825287234047,0.9402499881321348,0.4104578495025635,0.3139662117901192,BendWorstOCT,2026-07-10 21:17:01,balance-scale,,,4,4,0,20,3,2,0.4441111111111099,0.4441111111111099,0.0,668.9361219406128,74697.0,-644917102,0.065642808,False,False,SolutionPolishing,False,3,0.006,147,23612090[].aqua,3600,1,0,0,0.05,-1,-1,0,-1,inf,True,False,False,1,True,False,False,False,False,Lazy,False,0,Chain,False,False,False,False,False,0.204756,675,667
80.52434456928839,78.18181818181819,2.25,3,4,0,0,5,0.0199189186096191,0,0,0,0.927805,0.0,0.01,0.9277370701182052,0.0763399600982666,0.0240459072495977,0.8468530259366022,0.1105298995971679,0.0586417988199133,BendWorstOCT,2026-07-10 21:27:53,spect,,,22,22,0,22,2,2,0.701818181818186,0.7018181818181859,0.0,20.250916957855225,8658.0,1816830288,0.033620736,False,False,SolutionPolishing,False,3,0.02,253,23612090[].aqua,3600,1,0,0,0.05,-1,-1,0,-1,inf,True,False,False,1,True,True,False,False,False,Lazy,False,0,Chain,False,False,False,False,False,0.1717,24,23
80.52434456928839,78.18181818181819,2.25,3,4,0,0,7,0.0530915260314941,0,0,0,0.927805,0.0,0.01,0.9277370701182052,0.077981948852539,0.0240459072495977,0.8468530259366022,0.1134328842163086,0.0588568328199134,BendWorstOCT,2026-07-10 21:27:53,spect,,,22,22,0,22,2,2,0.701818181818182,0.701818181818182,0.0,23.51497197151184,10333.0,1816830288,0.03751192,False,False,SolutionPolishing,False,3,0.02,254,23612090[].aqua,3600,1,0,0,0.05,-1,-1,0,-1,inf,True,False,False,1,True,False,True,False,False,Lazy,False,0,Chain,False,False,False,False,False,0.161048,28,26
80.52434456928839,78.18181818181819,2.25,3,4,0,0,7,0.0970330238342285,0,0,0,0.927805,0.0,0.01,0.9277370701182052,0.0823879241943359,0.0240459072495977,0.8468530259366022,0.1202709674835205,0.0588568328199134,BendWorstOCT,2026-07-10 21:27:53,spect,,,22,22,0,22,2,2,0.701818181818182,0.701818181818182,0.0,23.91943311691284,10333.0,1816830288,0.037512352,False,False,SolutionPolishing,False,3,0.02,255,23612090[].aqua,3600,1,0,0,0.05,-1,-1,0,-1,inf,True,False,False,1,True,False,False,False,False,Lazy,False,0,Chain,False,False,False,False,False,0.160592,28,27
50.4,48.61111111111112,2.857142857142857,3,7,0,0,8,0.5778646469116211,0,0,0,0.988,0.01,0.01,0.987999999999997,0.145547866821289,0.0712166458180629,0.9467435837092656,0.3813068866729736,0.3527661461352573,BendWorstOCT,2026-07-10 21:17:22,balance-scale,,,4,4,0,20,3,2,0.4581112974242233,0.4581112974242233,0.0,655.1899969577789,74333.0,-673613679,0.06902152,False,False,SolutionPolishing,False,3,0.004,150,23612090[].aqua,3600,1,0,0,0.05,-1,-1,0,-1,inf,True,False,False,1,True,False,True,False,False,Lazy,False,0,Chain,False,False,False,False,False,0.21548,660,654
50.4,48.61111111111112,2.857142857142857,3,7,0,0,8,1.3291857242584229,0,0,0,0.988,0.01,0.01,0.987999999999997,0.1498529911041259,0.0712166458180629,0.9467435837092656,0.4339158535003662,0.3527661461352573,BendWorstOCT,2026-07-10 21:17:22,balance-scale,,,4,4,0,20,3,2,0.4581112974242233,0.4581112974242233,0.0,661.0357868671417,74333.0,-673613679,0.069023936,False,False,SolutionPolishing,False,3,0.004,151,23612090[].aqua,3600,1,0,0,0.05,-1,-1,0,-1,inf,True,False,False,1,True,False,False,False,False,Lazy,False,0,Chain,False,False,False,False,False,0.205572,666,659
50.4,48.61111111111112,2.857142857142857,3,7,0,0,6,1.6226775646209717,0,0,0,0.994,0.01,0.01,0.993999999999997,0.1465449333190918,0.070302482129735,0.9562613662828842,0.3331718444824219,0.3185577503709124,BendWorstOCT,2026-07-10 21:17:44,balance-scale,,,4,4,0,20,3,2,0.4721111111111098,0.4721111111111098,0.0,658.0357890129089,87338.0,326134569,0.069420504,False,False,SolutionPolishing,False,3,0.002,155,23612090[].aqua,3600,1,0,0,0.05,-1,-1,0,-1,inf,True,False,False,1,True,False,False,False,False,Lazy,False,0,Chain,False,False,False,False,False,0.20286,663,657
79.7752808988764,79.71698113207547,2.6,3,5,0,0,8,0.143247365951538,0,0,0,0.9607445,0.0,0.01,0.9600000000000048,0.0791211128234863,0.020198799429711,0.8882489122403766,0.1236801147460937,0.0513737880072059,BendWorstOCT,2026-07-10 21:27:53,spect,,,22,22,0,22,2,2,0.747169811320758,0.747169811320758,0.0,56.85576415061951,30969.0,1171096689,0.037280152,False,False,SolutionPolishing,False,3,0.01,259,23612090[].aqua,3600,1,0,0,0.05,-1,-1,0,-1,inf,True,False,False,1,True,False,False,False,False,Lazy,False,0,Chain,False,False,False,False,False,0.172316,61,60
79.7752808988764,79.71698113207547,2.6,3,5,0,0,8,0.0730907917022705,0,0,0,0.9607445,0.0,0.01,0.9600000000000048,0.0779180526733398,0.020198799429711,0.8882489122403766,0.1197030544281005,0.0513737880072059,BendWorstOCT,2026-07-10 21:27:53,spect,,,22,22,0,22,2,2,0.747169811320758,0.747169811320758,0.0,57.01611709594727,30969.0,1171096689,0.037279752,False,False,SolutionPolishing,False,3,0.01,258,23612090[].aqua,3600,1,0,0,0.05,-1,-1,0,-1,inf,True,False,False,1,True,False,True,False,False,Lazy,False,0,Chain,False,False,False,False,False,0.17282,61,60
79.7752808988764,79.71698113207547,2.6,3,5,0,0,5,0.02345871925354,0,0,0,0.9607445,0.0,0.01,0.9600000000000048,0.0817980766296386,0.020198799429711,0.8882489122403766,0.1253840923309326,0.0511587420072059,BendWorstOCT,2026-07-10 21:27:53,spect,,,22,22,0,22,2,2,0.7471698113207573,0.7471698113207573,0.0,62.91853618621826,34862.0,1171096689,0.036090376,False,False,SolutionPolishing,False,3,0.01,257,23612090[].aqua,3600,1,0,0,0.05,-1,-1,0,-1,inf,True,False,False,1,True,True,False,False,False,Lazy,False,0,Chain,False,False,False,False,False,0.170608,67,66
79.7752808988764,79.71698113207547,2.6,3,5,0,0,5,0.0186243057250976,0,0,0,0.9607445,0.0,0.01,0.9600000000000048,0.0731360912322998,0.020198799429711,0.8882489122403766,0.1113309860229492,0.0511587420072059,BendWorstOCT,2026-07-10 21:27:53,spect,,,22,22,0,22,2,2,0.7471698113207573,0.7471698113207573,0.0,62.9521541595459,34862.0,1171096689,0.036090888,False,False,SolutionPolishing,False,3,0.01,256,23612090[].aqua,3600,1,0,0,0.05,-1,-1,0,-1,inf,True,False,False,1,True,True,True,False,False,Lazy,False,0,Chain,False,False,False,False,False,0.167636,67,66
50.4,48.61111111111112,2.857142857142857,3,7,0,0,6,0.7219512462615967,0,0,0,0.994,0.01,0.01,0.993999999999997,0.1550590991973877,0.070302482129735,0.9562613662828842,0.3251910209655761,0.3185577503709124,BendWorstOCT,2026-07-10 21:17:23,balance-scale,,,4,4,0,20,3,2,0.4721111111111098,0.4721111111111098,0.0,696.7058730125427,87338.0,326134569,0.069421144,False,False,SolutionPolishing,False,3,0.002,154,23612090[].aqua,3600,1,0,0,0.05,-1,-1,0,-1,inf,True,False,False,1,True,False,True,False,False,Lazy,False,0,Chain,False,False,False,False,False,0.205324,702,695
50.4,48.61111111111112,2.857142857142857,3,7,0,0,6,0.7286739349365234,0,0,0,0.9982,0.01,0.01,0.998199999999997,0.1735210418701172,0.0640040066969314,0.9495904577307276,0.3790950775146484,0.3910960621835097,BendWorstOCT,2026-07-10 21:18:30,balance-scale,,,4,4,0,20,3,2,0.4819111111111099,0.4819111111111099,0.0,654.1741828918457,81474.0,-1561431587,0.066512312,False,False,SolutionPolishing,False,3,0.0006,166,23612090[].aqua,3600,1,0,0,0.05,-1,-1,0,-1,inf,True,False,False,1,True,False,True,False,False,Lazy,False,0,Chain,False,False,False,False,False,0.203264,660,653
50.4,48.61111111111112,2.857142857142857,3,7,0,0,6,1.6305160522460938,0,0,0,0.9982,0.01,0.01,0.998199999999997,0.170612096786499,0.0640040066969314,0.9495904577307276,0.3896141052246094,0.3910960621835097,BendWorstOCT,2026-07-10 21:18:30,balance-scale,,,4,4,0,20,3,2,0.4819111111111099,0.4819111111111099,0.0,656.0398049354553,81474.0,-1561431587,0.066510144,False,False,SolutionPolishing,False,3,0.0006,167,23612090[].aqua,3600,1,0,0,0.05,-1,-1,0,-1,inf,True,False,False,1,True,False,False,False,False,Lazy,False,0,Chain,False,False,False,False,False,0.209756,663,655
50.4,48.61111111111112,2.857142857142857,3,7,0,0,3,0.0525259971618652,0,0,0,0.94,0.01,0.02,0.9399999999999972,0.1262359619140625,0.0705169995516943,0.8709646782839902,0.3601250648498535,0.437085328242515,BendWorstOCT,2026-07-10 21:13:00,balance-scale,,,4,4,0,20,3,2,0.3461114583333322,0.3461114583333322,0.0,995.425754070282,102495.0,1800049160,0.074849576,False,False,SolutionPolishing,False,3,0.02,132,23612090[].aqua,3600,1,0,0,0.05,-1,-1,0,-1,inf,True,False,False,1,True,True,True,False,False,Lazy,False,0,Chain,False,False,False,False,False,0.21966,1009,992
50.4,48.61111111111112,2.857142857142857,3,7,0,0,3,0.0723285675048828,0,0,0,0.94,0.01,0.02,0.9399999999999972,0.1262350082397461,0.0705169995516943,0.8709646782839902,0.3602430820465088,0.437085328242515,BendWorstOCT,2026-07-10 21:13:00,balance-scale,,,4,4,0,20,3,2,0.3461114583333322,0.3461114583333322,0.0,1006.086236000061,102495.0,1800049160,0.074851176,False,False,SolutionPolishing,False,3,0.02,133,23612090[].aqua,3600,1,0,0,0.05,-1,-1,0,-1,inf,True,False,False,1,True,True,False,False,False,Lazy,False,0,Chain,False,False,False,False,False,0.215212,1019,1003
50.4,48.61111111111112,2.857142857142857,3,7,0,0,3,0.0491533279418945,0,0,0,0.982,0.01,0.02,0.9819999999999972,0.1036100387573242,0.059825287234047,0.9480967911309796,0.3068249225616455,0.3242983158966043,BendWorstOCT,2026-07-10 21:16:17,balance-scale,,,4,4,0,20,3,2,0.444111111255521,0.444111111255521,0.0,817.9258668422699,124516.0,-644917102,0.080287296,False,False,SolutionPolishing,False,3,0.006,144,23612090[].aqua,3600,1,0,0,0.05,-1,-1,0,-1,inf,True,False,False,1,True,True,True,False,False,Lazy,False,0,Chain,False,False,False,False,False,0.221532,822,814
79.7752808988764,79.71698113207547,2.6,3,5,0,0,11,0.1303324699401855,0,0,0,0.968,0.0,0.01,0.9114166591462896,0.0824599266052246,0.0229259714341655,0.8952793241717625,0.1267979145050048,0.0537853006722143,BendWorstOCT,2026-07-10 21:28:23,spect,,,22,22,0,22,2,2,0.757169811320758,0.757169811320758,0.0,98.18164086341858,54321.0,854952423,0.03757236,False,False,SolutionPolishing,False,3,0.008,263,23612090[].aqua,3600,1,0,0,0.05,-1,-1,0,-1,inf,True,False,False,1,True,False,False,False,False,Lazy,False,0,Chain,False,False,False,False,False,0.169368,103,101
79.7752808988764,79.71698113207547,2.6,3,5,0,0,11,0.0719966888427734,0,0,0,0.968,0.0,0.01,0.9114166591462896,0.0810880661010742,0.0229259714341655,0.8952793241717625,0.1206021308898925,0.0537853006722143,BendWorstOCT,2026-07-10 21:28:23,spect,,,22,22,0,22,2,2,0.757169811320758,0.757169811320758,0.0,98.70277214050292,54321.0,854952423,0.037571752,False,False,SolutionPolishing,False,3,0.008,262,23612090[].aqua,3600,1,0,0,0.05,-1,-1,0,-1,inf,True,False,False,1,True,False,True,False,False,Lazy,False,0,Chain,False,False,False,False,False,0.170288,104,101
79.7752808988764,79.71698113207547,2.6,3,5,0,0,13,0.0777914524078369,0,0,0,0.976,0.0,0.01,0.9194879307903272,0.0926389694213867,0.0255598895564566,0.9034999517575132,0.1321358680725097,0.0531104169461165,BendWorstOCT,2026-07-10 21:28:23,spect,,,22,22,0,22,2,2,0.767169811320758,0.767169811320758,0.0,103.5363268852234,66893.0,-1892438628,0.038552424,False,False,SolutionPolishing,False,3,0.006,266,23612090[].aqua,3600,1,0,0,0.05,-1,-1,0,-1,inf,True,False,False,1,True,False,True,False,False,Lazy,False,0,Chain,False,False,False,False,False,0.170364,110,106
79.7752808988764,79.71698113207547,2.6,3,5,0,0,13,0.1437215805053711,0,0,0,0.976,0.0,0.01,0.9194879307903272,0.0975699424743652,0.0255598895564566,0.9034999517575132,0.1409158706665039,0.0531104169461165,BendWorstOCT,2026-07-10 21:28:23,spect,,,22,22,0,22,2,2,0.767169811320758,0.767169811320758,0.0,103.69364786148073,66893.0,-1892438628,0.038553048,False,False,SolutionPolishing,False,3,0.006,267,23612090[].aqua,3600,1,0,0,0.05,-1,-1,0,-1,inf,True,False,False,1,True,False,False,False,False,Lazy,False,0,Chain,False,False,False,False,False,0.16224,110,106
79.7752808988764,79.71698113207547,2.6,3,5,0,0,6,0.0236148834228515,0,0,0,0.976,0.0,0.01,0.9194879307903272,0.0856478214263916,0.0255598895564566,0.9038263757456184,0.1277909278869629,0.0585930480390136,BendWorstOCT,2026-07-10 21:28:23,spect,,,22,22,0,22,2,2,0.767169811320758,0.767169811320758,0.0,111.0860447883606,64827.0,-1892438628,0.04202624,False,False,SolutionPolishing,False,3,0.006,265,23612090[].aqua,3600,1,0,0,0.05,-1,-1,0,-1,inf,True,False,False,1,True,True,False,False,False,Lazy,False,0,Chain,False,False,False,False,False,0.171352,116,114
79.7752808988764,79.71698113207547,2.6,3,5,0,0,5,0.0211265087127685,0,0,0,0.968,0.0,0.01,0.9114166591462896,0.0730278491973877,0.0229259714341655,0.8952793241717625,0.1091959476470947,0.0533575047019229,BendWorstOCT,2026-07-10 21:27:53,spect,,,22,22,0,22,2,2,0.7571698113207581,0.7571698113207581,0.0,141.24514889717102,85337.0,854952423,0.03715464,False,False,SolutionPolishing,False,3,0.008,261,23612090[].aqua,3600,1,0,0,0.05,-1,-1,0,-1,inf,True,False,False,1,True,True,False,False,False,Lazy,False,0,Chain,False,False,False,False,False,0.178028,147,144
79.7752808988764,79.71698113207547,2.6,3,5,0,0,6,0.0179753303527832,0,0,0,0.976,0.0,0.01,0.9194879307903272,0.0831530094146728,0.0255598895564566,0.9038263757456184,0.124047040939331,0.0585930480390136,BendWorstOCT,2026-07-10 21:28:23,spect,,,22,22,0,22,2,2,0.767169811320758,0.767169811320758,0.0,111.4535551071167,64827.0,-1892438628,0.042026032,False,False,SolutionPolishing,False,3,0.006,264,23612090[].aqua,3600,1,0,0,0.05,-1,-1,0,-1,inf,True,False,False,1,True,True,True,False,False,Lazy,False,0,Chain,False,False,False,False,False,0.169168,117,114
73.78277153558052,72.64150943396227,1.6666666666666667,2,3,0,0,3,0.0123982429504394,0,0,0,0.7419227,0.01,0.01,0.7414798447636065,0.0769350528717041,0.0342008337111566,0.650359227163623,0.1526999473571777,0.1308941809871931,BendWorstOCT,2026-07-10 21:30:17,spect,,,22,22,0,22,2,2,0.4864150943396251,0.4864150943396251,0.0,1.2559030055999756,862.0,581590857,0.017971232,False,False,SolutionPolishing,False,4,0.08,300,23612090[].aqua,3600,1,0,0,0.05,-1,-1,0,-1,inf,True,False,False,1,True,True,True,False,False,Lazy,False,0,Chain,False,False,False,False,False,0.150864,6,4
73.78277153558052,72.64150943396227,1.6666666666666667,2,3,0,0,3,0.0161576271057128,0,0,0,0.7419227,0.01,0.01,0.7414798447636065,0.0855989456176757,0.0342008337111566,0.650359227163623,0.1679251194000244,0.1308941809871931,BendWorstOCT,2026-07-10 21:30:18,spect,,,22,22,0,22,2,2,0.4864150943396251,0.4864150943396251,0.0,1.3406651020050049,862.0,581590857,0.017971088,False,False,SolutionPolishing,False,4,0.08,301,23612090[].aqua,3600,1,0,0,0.05,-1,-1,0,-1,inf,True,False,False,1,True,True,False,False,False,Lazy,False,0,Chain,False,False,False,False,False,0.155908,7,5
73.78277153558052,72.64150943396227,1.6666666666666667,2,3,0,0,4,0.0885591506958007,0,0,0,0.7419227,0.01,0.01,0.7414798447636065,0.0849270820617675,0.0342008337111566,0.650359227163623,0.2188491821289062,0.1310577739871931,BendWorstOCT,2026-07-10 21:30:18,spect,,,22,22,0,22,2,2,0.4864150943396251,0.4864150943396251,0.0,1.433855056762695,862.0,581590857,0.017971088,False,False,SolutionPolishing,False,4,0.08,302,23612090[].aqua,3600,1,0,0,0.05,-1,-1,0,-1,inf,True,False,False,1,True,False,True,False,False,Lazy,False,0,Chain,False,False,False,False,False,0.153928,7,6
50.4,48.61111111111112,2.857142857142857,3,7,0,0,3,0.1258652210235595,0,0,0,0.976,0.01,0.02,0.9759999999999972,0.1423439979553222,0.0641439894257528,0.9261901907755266,0.4596478939056396,0.3987600772964114,BendWorstOCT,2026-07-10 21:14:21,balance-scale,,,4,4,0,20,3,2,0.4301111113971321,0.4301111113971321,0.0,970.5966868400574,100590.0,225976592,0.070877144,False,False,SolutionPolishing,False,3,0.008,141,23612090[].aqua,3600,1,0,0,0.05,-1,-1,0,-1,inf,True,False,False,1,True,True,False,False,False,Lazy,False,0,Chain,False,False,False,False,False,0.214256,978,968
79.7752808988764,79.71698113207547,2.6,3,5,0,0,5,0.0215344429016113,0,0,0,0.968,0.0,0.01,0.9114166591462896,0.0823819637298584,0.0229259714341655,0.8952793241717625,0.1211860179901123,0.0533575047019229,BendWorstOCT,2026-07-10 21:27:54,spect,,,22,22,0,22,2,2,0.7571698113207581,0.7571698113207581,0.0,158.2386679649353,85337.0,854952423,0.037154256,False,False,SolutionPolishing,False,3,0.008,260,23612090[].aqua,3600,1,0,0,0.05,-1,-1,0,-1,inf,True,False,False,1,True,True,True,False,False,Lazy,False,0,Chain,False,False,False,False,False,0.181392,163,161
73.78277153558052,72.64150943396227,1.6666666666666667,2,3,0,0,4,0.0877859592437744,0,0,0,0.7419227,0.01,0.01,0.7414798447636065,0.0854339599609375,0.0342008337111566,0.650359227163623,0.2052729129791259,0.1310577739871931,BendWorstOCT,2026-07-10 21:30:45,spect,,,22,22,0,22,2,2,0.4864150943396251,0.4864150943396251,0.0,1.3606650829315186,862.0,581590857,0.017971232,False,False,SolutionPolishing,False,4,0.08,303,23612090[].aqua,3600,1,0,0,0.05,-1,-1,0,-1,inf,True,False,False,1,True,False,False,False,False,Lazy,False,0,Chain,False,False,False,False,False,0.003172,7,5
50.4,48.61111111111112,2.857142857142857,3,7,0,0,4,0.6517086029052734,0,0,0,0.9994,0.0,0.01,0.9993999999999972,0.1347770690917968,0.0392168209215611,0.955371256058437,0.3736240863800049,0.3761134132585395,BendWorstOCT,2026-07-10 21:19:58,balance-scale,,,4,4,0,20,3,2,0.4847111111111098,0.4847111111111099,0.0,650.883712053299,72655.0,161351874,0.064794024,False,False,SolutionPolishing,False,3,0.0002,174,23612090[].aqua,3600,1,0,0,0.05,-1,-1,0,-1,inf,True,False,False,1,True,False,True,False,False,Lazy,False,0,Chain,False,False,False,False,False,0.199964,656,650
73.78277153558052,72.64150943396227,1.6666666666666667,2,3,0,0,3,0.0151591300964355,0,0,0,0.7946816,0.01,0.01,0.7944276848637869,0.07936692237854,0.0315835907178225,0.7674921445445392,0.1398708820343017,0.0899115889545864,BendWorstOCT,2026-07-10 21:30:45,spect,,,22,22,0,22,2,2,0.5464150944942667,0.5464150944942667,0.0,11.490343809127808,3927.0,-403968686,0.03241096,False,False,SolutionPolishing,False,4,0.06,304,23612090[].aqua,3600,1,0,0,0.05,-1,-1,0,-1,inf,True,False,False,1,True,True,True,False,False,Lazy,False,0,Chain,False,False,False,False,False,0.16092,17,15
73.78277153558052,72.64150943396227,1.6666666666666667,2,3,0,0,4,0.0498774051666259,0,0,0,0.7946816,0.01,0.01,0.7944276848637869,0.0808620452880859,0.0315835907178225,0.7674921445445392,0.1444549560546875,0.0900751699545862,BendWorstOCT,2026-07-10 21:30:45,spect,,,22,22,0,22,2,2,0.5464150944942667,0.5464150944942667,0.0,11.5497088432312,3927.0,-403968686,0.03240732,False,False,SolutionPolishing,False,4,0.06,306,23612090[].aqua,3600,1,0,0,0.05,-1,-1,0,-1,inf,True,False,False,1,True,False,True,False,False,Lazy,False,0,Chain,False,False,False,False,False,0.161828,17,15
73.78277153558052,72.64150943396227,1.6666666666666667,2,3,0,0,3,0.0167162418365478,0,0,0,0.7946816,0.01,0.01,0.7944276848637869,0.0794670581817627,0.0315835907178225,0.7674921445445392,0.1405210494995117,0.0899115889545864,BendWorstOCT,2026-07-10 21:30:45,spect,,,22,22,0,22,2,2,0.5464150944942667,0.5464150944942667,0.0,11.508556127548218,3927.0,-403968686,0.03241072,False,False,SolutionPolishing,False,4,0.06,305,23612090[].aqua,3600,1,0,0,0.05,-1,-1,0,-1,inf,True,False,False,1,True,True,False,False,False,Lazy,False,0,Chain,False,False,False,False,False,0.160904,17,15
73.78277153558052,72.64150943396227,1.6666666666666667,2,3,0,0,4,0.0688281059265136,0,0,0,0.7946816,0.01,0.01,0.7944276848637869,0.0817110538482666,0.0315835907178225,0.7674921445445392,0.1471519470214843,0.0900751699545862,BendWorstOCT,2026-07-10 21:30:45,spect,,,22,22,0,22,2,2,0.5464150944942667,0.5464150944942667,0.0,11.570756912231444,3927.0,-403968686,0.03241072,False,False,SolutionPolishing,False,4,0.06,307,23612090[].aqua,3600,1,0,0,0.05,-1,-1,0,-1,inf,True,False,False,1,True,False,False,False,False,Lazy,False,0,Chain,False,False,False,False,False,0.166632,17,15
50.4,48.61111111111112,2.857142857142857,3,7,0,0,4,1.3918821811676023,0,0,0,0.9994,0.0,0.01,0.9993999999999972,0.138395071029663,0.0392168209215611,0.955371256058437,0.3965299129486084,0.3761134132585395,BendWorstOCT,2026-07-10 21:20:30,balance-scale,,,4,4,0,20,3,2,0.4847111111111098,0.4847111111111099,0.0,643.4661200046539,72655.0,161351874,0.064794584,False,False,SolutionPolishing,False,3,0.0002,175,23612090[].aqua,3600,1,0,0,0.05,-1,-1,0,-1,inf,True,False,False,1,True,False,False,False,False,Lazy,False,0,Chain,False,False,False,False,False,0.20204,649,643
80.52434456928839,78.18181818181819,2.25,3,4,0,0,8,0.1055538654327392,0,0,0,0.8512038,0.01,0.01,0.8505809575040373,0.1024329662322998,0.0337793812692006,0.7845420650957579,0.1650469303131103,0.0835065643709358,BendWorstOCT,2026-07-10 21:30:46,spect,,,22,22,0,22,2,2,0.6218181818181819,0.6218181818181819,0.0,33.959882974624634,13257.0,-1454733476,0.031674352,False,False,SolutionPolishing,False,4,0.04,311,23612090[].aqua,3600,1,0,0,0.05,-1,-1,0,-1,inf,True,False,False,1,True,False,False,False,False,Lazy,False,0,Chain,False,False,False,False,False,0.169272,40,38
80.52434456928839,78.18181818181819,2.25,3,4,0,0,8,0.0819485187530517,0,0,0,0.8512038,0.01,0.01,0.8505809575040373,0.1001749038696289,0.0337793812692006,0.7845420650957579,0.1627829074859619,0.0835065643709358,BendWorstOCT,2026-07-10 21:30:46,spect,,,22,22,0,22,2,2,0.6218181818181819,0.6218181818181819,0.0,34.0132532119751,13257.0,-1454733476,0.031674256,False,False,SolutionPolishing,False,4,0.04,310,23612090[].aqua,3600,1,0,0,0.05,-1,-1,0,-1,inf,True,False,False,1,True,False,True,False,False,Lazy,False,0,Chain,False,False,False,False,False,0.164468,40,38
80.52434456928839,78.18181818181819,2.25,3,4,0,0,4,0.0165677070617675,0,0,0,0.8512038,0.01,0.01,0.8505809575040373,0.0793230533599853,0.0337793812692006,0.7845420650957579,0.1288251876831054,0.083013085370934,BendWorstOCT,2026-07-10 21:30:45,spect,,,22,22,0,22,2,2,0.6218181818181819,0.6218181818181819,0.0,42.86635899543762,14720.0,-1454733476,0.032260608,False,False,SolutionPolishing,False,4,0.04,309,23612090[].aqua,3600,1,0,0,0.05,-1,-1,0,-1,inf,True,False,False,1,True,True,False,False,False,Lazy,False,0,Chain,False,False,False,False,False,0.168844,48,46
80.52434456928839,78.18181818181819,2.25,3,4,0,0,4,0.0169329643249511,0,0,0,0.8512038,0.01,0.01,0.8505809575040373,0.0867581367492675,0.0337793812692006,0.7845420650957579,0.1368529796600341,0.083013085370934,BendWorstOCT,2026-07-10 21:30:45,spect,,,22,22,0,22,2,2,0.6218181818181819,0.6218181818181819,0.0,43.00756812095642,14720.0,-1454733476,0.032260928,False,False,SolutionPolishing,False,4,0.04,308,23612090[].aqua,3600,1,0,0,0.05,-1,-1,0,-1,inf,True,False,False,1,True,True,True,False,False,Lazy,False,0,Chain,False,False,False,False,False,0.166132,48,46
79.7752808988764,79.71698113207547,2.6,3,5,0,0,7,0.0213487148284912,0,0,0,0.984,0.0,0.01,0.9208926622195306,0.0834178924560546,0.0251549296408821,0.9122685191782473,0.1238448619842529,0.0577223581123668,BendWorstOCT,2026-07-10 21:28:23,spect,,,22,22,0,22,2,2,0.7771698114984744,0.7771698114984744,0.0,199.11346888542167,152681.0,682799076,0.039513176,False,False,SolutionPolishing,False,3,0.004,268,23612090[].aqua,3600,1,0,0,0.05,-1,-1,0,-1,inf,True,False,False,1,True,True,True,False,False,Lazy,False,0,Chain,False,False,False,False,False,0.17716,204,201
79.7752808988764,79.71698113207547,2.6,3,5,0,0,7,0.0280454158782959,0,0,0,0.984,0.0,0.01,0.9208926622195306,0.0863499641418457,0.0251549296408821,0.9122685191782473,0.1283988952636718,0.0577223581123668,BendWorstOCT,2026-07-10 21:28:23,spect,,,22,22,0,22,2,2,0.7771698114984744,0.7771698114984744,0.0,200.0079200267792,152681.0,682799076,0.03951316,False,False,SolutionPolishing,False,3,0.004,269,23612090[].aqua,3600,1,0,0,0.05,-1,-1,0,-1,inf,True,False,False,1,True,True,False,False,False,Lazy,False,0,Chain,False,False,False,False,False,0.175112,205,202
50.4,48.61111111111112,2.857142857142857,3,7,0,0,3,0.6896624565124512,0,0,0,0.9997,0.0,0.0,0.999699999999997,0.1260311603546142,0.0273331285145528,0.9590017979998088,0.3027591705322265,0.2604310022057547,BendWorstOCT,2026-07-10 21:21:38,balance-scale,,,4,4,0,20,3,2,0.4854111114081922,0.4854111114081922,0.0,606.3006451129913,74176.0,-1707781589,0.066880016,False,False,SolutionPolishing,False,3,0.0001,178,23612090[].aqua,3600,1,0,0,0.05,-1,-1,0,-1,inf,True,False,False,1,True,False,True,False,False,Lazy,False,0,Chain,False,False,False,False,False,0.210512,611,605
50.4,48.61111111111112,2.857142857142857,3,7,0,0,2,0.7369589805603027,0,0,0,0.997,0.01,0.01,0.996999999999997,0.1550228595733642,0.0487137896813232,0.962667603531821,0.4243800640106201,0.3966531588331164,BendWorstOCT,2026-07-10 21:17:44,balance-scale,,,4,4,0,20,3,2,0.4791111111111099,0.4791111111111099,0.0,841.9581649303436,128425.0,221570801,0.081477536,False,False,SolutionPolishing,False,3,0.001,158,23612090[].aqua,3600,1,0,0,0.05,-1,-1,0,-1,inf,True,False,False,1,True,False,True,False,False,Lazy,False,0,Chain,False,False,False,False,False,0.226104,847,838
50.4,48.61111111111112,2.857142857142857,3,7,0,0,3,1.5646188259124756,0,0,0,0.9997,0.0,0.0,0.999699999999997,0.1295080184936523,0.0273331285145528,0.9590017979998088,0.3103129863739013,0.2604310022057547,BendWorstOCT,2026-07-10 21:22:03,balance-scale,,,4,4,0,20,3,2,0.4854111114081922,0.4854111114081922,0.0,587.421560049057,74176.0,-1707781589,0.06687952,False,False,SolutionPolishing,False,3,0.0001,179,23612090[].aqua,3600,1,0,0,0.05,-1,-1,0,-1,inf,True,False,False,1,True,False,False,False,False,Lazy,False,0,Chain,False,False,False,False,False,0.206116,592,586
50.4,48.61111111111112,2.857142857142857,3,7,0,0,4,0.7329268455505371,0,0,0,0.9988,0.01,0.01,0.998799999999997,0.130436897277832,0.049289420607885,0.950929244388238,0.3954989910125732,0.4178965004666926,BendWorstOCT,2026-07-10 21:18:29,balance-scale,,,4,4,0,20,3,2,0.4833114586300416,0.4833114586300416,0.0,813.6769909858704,102143.0,1555560480,0.07211044,False,False,SolutionPolishing,False,3,0.0004,170,23612090[].aqua,3600,1,0,0,0.05,-1,-1,0,-1,inf,True,False,False,1,True,False,True,False,False,Lazy,False,0,Chain,False,False,False,False,False,0.22058,818,811
50.4,48.61111111111112,2.857142857142857,3,7,0,0,2,1.7149944305419922,0,0,0,0.997,0.01,0.01,0.996999999999997,0.1549210548400879,0.0487137896813232,0.962667603531821,0.4478020668029785,0.3966531588331164,BendWorstOCT,2026-07-10 21:17:44,balance-scale,,,4,4,0,20,3,2,0.4791111111111099,0.4791111111111099,0.0,873.8189790248871,128425.0,221570801,0.081478896,False,False,SolutionPolishing,False,3,0.001,159,23612090[].aqua,3600,1,0,0,0.05,-1,-1,0,-1,inf,True,False,False,1,True,False,False,False,False,Lazy,False,0,Chain,False,False,False,False,False,0.215204,880,871
79.7752808988764,79.71698113207547,2.6,3,5,0,0,13,0.1795191764831543,0,0,0,0.984,0.0,0.01,0.9208926622195306,0.1081290245056152,0.0251549296408821,0.9122685191782476,0.1639900207519531,0.0559206131168651,BendWorstOCT,2026-07-10 21:28:24,spect,,,22,22,0,22,2,2,0.7771698114984751,0.7771698114984751,0.0,245.1081290245056,169002.0,682799076,0.03833716,False,False,SolutionPolishing,False,3,0.004,271,23612090[].aqua,3600,1,0,0,0.05,-1,-1,0,-1,inf,True,False,False,1,True,False,False,False,False,Lazy,False,0,Chain,False,False,False,False,False,0.179664,251,247
50.4,48.61111111111112,2.857142857142857,3,7,0,0,5,0.0785679817199707,0,0,0,0.9982,0.01,0.01,0.998199999999997,0.1597330570220947,0.0640040066969314,0.9495904577307264,0.5440258979797363,0.5580581425310714,BendWorstOCT,2026-07-10 21:18:31,balance-scale,,,4,4,0,20,3,2,0.4819111111111099,0.4819111111111099,0.0,837.6423470973969,72007.0,-1561431587,0.07054604,False,False,SolutionPolishing,False,3,0.0006,165,23612090[].aqua,3600,1,0,0,0.05,-1,-1,0,-1,inf,True,False,False,1,True,True,False,False,False,Lazy,False,0,Chain,False,False,False,False,False,0.207432,845,836
79.7752808988764,79.71698113207547,2.6,3,5,0,0,13,0.0946986675262451,0,0,0,0.984,0.0,0.01,0.9208926622195306,0.1016030311584472,0.0251549296408821,0.9122685191782476,0.1515998840332031,0.0559206131168651,BendWorstOCT,2026-07-10 21:28:24,spect,,,22,22,0,22,2,2,0.7771698114984751,0.7771698114984751,0.0,249.50479197502136,169002.0,682799076,0.038337512,False,False,SolutionPolishing,False,3,0.004,270,23612090[].aqua,3600,1,0,0,0.05,-1,-1,0,-1,inf,True,False,False,1,True,False,True,False,False,Lazy,False,0,Chain,False,False,False,False,False,0.179036,256,252
50.4,48.61111111111112,2.857142857142857,3,7,0,0,4,1.83657455444336,0,0,0,0.9988,0.01,0.01,0.998799999999997,0.1351809501647949,0.049289420607885,0.950929244388238,0.4197969436645508,0.4178965004666926,BendWorstOCT,2026-07-10 21:18:51,balance-scale,,,4,4,0,20,3,2,0.4833114586300416,0.4833114586300416,0.0,837.1263489723206,102143.0,1555560480,0.072112504,False,False,SolutionPolishing,False,3,0.0004,171,23612090[].aqua,3600,1,0,0,0.05,-1,-1,0,-1,inf,True,False,False,1,True,False,False,False,False,Lazy,False,0,Chain,False,False,False,False,False,0.219196,841,835
43.2,40.97222222222222,2.6,3,5,0,0,2,0.1286635398864746,0,0,0,0.88,0.01,0.02,0.8799999999999973,0.1073229312896728,0.0637852559427739,0.8624130518894264,0.2065608501434326,0.1982751455998854,BendWorstOCT,2026-07-10 21:13:00,balance-scale,,,4,4,0,20,3,2,0.2097222230690272,0.2097222230690272,0.0,1199.288477897644,129573.0,-715576266,0.081686064,False,False,SolutionPolishing,False,3,0.04,129,23612090[].aqua,3600,1,0,0,0.05,-1,-1,0,-1,inf,True,False,False,1,True,True,False,False,False,Lazy,False,0,Chain,False,False,False,False,False,0.227776,1213,1193
43.2,40.97222222222222,2.6,3,5,0,0,2,0.0498580932617187,0,0,0,0.88,0.01,0.02,0.8799999999999973,0.1089720726013183,0.0637852559427739,0.8624130518894264,0.2077789306640625,0.1982751455998854,BendWorstOCT,2026-07-10 21:13:00,balance-scale,,,4,4,0,20,3,2,0.2097222230690272,0.2097222230690272,0.0,1200.971615076065,129573.0,-715576266,0.0816844,False,False,SolutionPolishing,False,3,0.04,128,23612090[].aqua,3600,1,0,0,0.05,-1,-1,0,-1,inf,True,False,False,1,True,True,True,False,False,Lazy,False,0,Chain,False,False,False,False,False,0.226844,1215,1195
50.4,48.61111111111112,2.857142857142857,3,7,0,0,2,0.6665935516357422,0,0,0,0.9976,0.01,0.01,0.9975999999999968,0.1253750324249267,0.0400105431228589,0.9688884443700516,0.3123579025268554,0.3121786320304228,BendWorstOCT,2026-07-10 21:18:05,balance-scale,,,4,4,0,20,3,2,0.4805114586294348,0.4805114586294348,0.0,917.6476709842682,119810.0,-700238105,0.080841176,False,False,SolutionPolishing,False,3,0.0008,162,23612090[].aqua,3600,1,0,0,0.05,-1,-1,0,-1,inf,True,False,False,1,True,False,True,False,False,Lazy,False,0,Chain,False,False,False,False,False,0.219592,922,915
79.7752808988764,79.71698113207547,2.6,3,5,0,0,14,0.1359663009643554,0,0,0,0.992,0.0,0.01,0.93582136015326,0.0899629592895507,0.0244250904770592,0.9207910699441896,0.128741979598999,0.0513912651546563,BendWorstOCT,2026-07-10 21:28:23,spect,,,22,22,0,22,2,2,0.787169811320758,0.787169811320758,0.0,310.18148589134216,224616.0,46219017,0.047981472,False,False,SolutionPolishing,False,3,0.002,274,23612090[].aqua,3600,1,0,0,0.05,-1,-1,0,-1,inf,True,False,False,1,True,False,True,False,False,Lazy,False,0,Chain,False,False,False,False,False,0.186984,315,311
50.4,48.61111111111112,2.857142857142857,3,7,0,0,3,0.0811617374420166,0,0,0,0.982,0.01,0.02,0.9819999999999972,0.1294398307800293,0.059825287234047,0.9480967911309796,0.3765738010406494,0.3242983158966043,BendWorstOCT,2026-07-10 21:17:01,balance-scale,,,4,4,0,20,3,2,0.444111111255521,0.444111111255521,0.0,993.9760949611664,124516.0,-644917102,0.080288272,False,False,SolutionPolishing,False,3,0.006,145,23612090[].aqua,3600,1,0,0,0.05,-1,-1,0,-1,inf,True,False,False,1,True,True,False,False,False,Lazy,False,0,Chain,False,False,False,False,False,0.221516,1000,989
45.92,40.97222222222222,2.6,3,5,0,0,2,0.6547989845275879,0,0,0,0.88,0.01,0.02,0.8799999999999973,0.1341500282287597,0.0637852559427739,0.8624130518894264,0.2524030208587646,0.1911042619253086,BendWorstOCT,2026-07-10 21:13:00,balance-scale,,,4,4,0,20,3,2,0.2097222225851381,0.2097222225851381,0.0,1236.0132908821106,132183.0,-715576266,0.082113184,False,False,SolutionPolishing,False,3,0.04,130,23612090[].aqua,3600,1,0,0,0.05,-1,-1,0,-1,inf,True,False,False,1,True,False,True,False,False,Lazy,False,0,Chain,False,False,False,False,False,0.22332,1250,1229
79.7752808988764,79.71698113207547,2.6,3,5,0,0,14,0.2189118862152099,0,0,0,0.992,0.0,0.01,0.93582136015326,0.0947191715240478,0.0244250904770592,0.9207910699441896,0.1350021362304687,0.0513912651546563,BendWorstOCT,2026-07-10 21:28:52,spect,,,22,22,0,22,2,2,0.787169811320758,0.787169811320758,0.0,300.86504101753235,224616.0,46219017,0.047981152,False,False,SolutionPolishing,False,3,0.002,275,23612090[].aqua,3600,1,0,0,0.05,-1,-1,0,-1,inf,True,False,False,1,True,False,False,False,False,Lazy,False,0,Chain,False,False,False,False,False,0.190708,306,302
50.4,48.61111111111112,2.857142857142857,3,7,0,0,4,0.1146225929260253,0,0,0,0.9976,0.01,0.01,0.9975999999999968,0.1136729717254638,0.0400105431228589,0.9688884443700516,0.3419308662414551,0.3315129244679353,BendWorstOCT,2026-07-10 21:17:44,balance-scale,,,4,4,0,20,3,2,0.4805111124435705,0.4805111124435704,0.0,1001.0844368934632,116357.0,-700238105,0.074085632,False,False,SolutionPolishing,False,3,0.0008,160,23612090[].aqua,3600,1,0,0,0.05,-1,-1,0,-1,inf,True,False,False,1,True,True,True,False,False,Lazy,False,0,Chain,False,False,False,False,False,0.210744,1007,997
50.4,48.61111111111112,2.857142857142857,3,7,0,0,4,0.232473611831665,0,0,0,0.9976,0.01,0.01,0.9975999999999968,0.1136829853057861,0.0400105431228589,0.9688884443700516,0.3426730632781982,0.3315129244679353,BendWorstOCT,2026-07-10 21:17:44,balance-scale,,,4,4,0,20,3,2,0.4805111124435705,0.4805111124435704,0.0,1005.5639200210572,116357.0,-700238105,0.074084816,False,False,SolutionPolishing,False,3,0.0008,161,23612090[].aqua,3600,1,0,0,0.05,-1,-1,0,-1,inf,True,False,False,1,True,True,False,False,False,Lazy,False,0,Chain,False,False,False,False,False,0.20544,1011,1001
79.7752808988764,79.71698113207547,2.6,3,5,0,0,7,0.0221748352050781,0,0,0,0.992,0.0,0.01,0.93582136015326,0.0843839645385742,0.0244250904770592,0.9207910699441896,0.1184089183807373,0.0507803258621307,BendWorstOCT,2026-07-10 21:28:23,spect,,,22,22,0,22,2,2,0.7871698113207569,0.7871698113207569,0.0,379.3599429130554,240239.0,46219017,0.048661472,False,False,SolutionPolishing,False,3,0.002,272,23612090[].aqua,3600,1,0,0,0.05,-1,-1,0,-1,inf,True,False,False,1,True,True,True,False,False,Lazy,False,0,Chain,False,False,False,False,False,0.1894,385,380
79.7752808988764,79.71698113207547,2.6,3,5,0,0,7,0.0272033214569091,0,0,0,0.992,0.0,0.01,0.93582136015326,0.0884268283843994,0.0244250904770592,0.9207910699441896,0.125324010848999,0.0507803258621307,BendWorstOCT,2026-07-10 21:28:23,spect,,,22,22,0,22,2,2,0.7871698113207569,0.7871698113207569,0.0,381.62850689888,240239.0,46219017,0.048661584,False,False,SolutionPolishing,False,3,0.002,273,23612090[].aqua,3600,1,0,0,0.05,-1,-1,0,-1,inf,True,False,False,1,True,True,False,False,False,Lazy,False,0,Chain,False,False,False,False,False,0.188412,387,382
50.4,48.61111111111112,2.857142857142857,3,7,0,0,2,1.7490346431732178,0,0,0,0.9976,0.01,0.01,0.9975999999999968,0.1439969539642334,0.0400105431228589,0.9688884443700516,0.3658969402313232,0.3121786320304228,BendWorstOCT,2026-07-10 21:18:30,balance-scale,,,4,4,0,20,3,2,0.4805114586294348,0.4805114586294348,0.0,1017.8471298217772,119810.0,-700238105,0.08083656,False,False,SolutionPolishing,False,3,0.0008,163,23612090[].aqua,3600,1,0,0,0.05,-1,-1,0,-1,inf,True,False,False,1,True,False,False,False,False,Lazy,False,0,Chain,False,False,False,False,False,0.228308,1024,1015
55.04,54.16666666666666,2.8,4,5,0,0,13,3.831789016723633,0,0,0,0.7493333,0.01,0.02,0.7485819159953832,1.3483920097351074,0.0755576881992954,0.6533333333333303,1.950745105743408,0.3391530173371798,BendWorstOCT,2026-07-10 21:23:18,balance-scale,,,4,4,0,20,3,2,0.1416666666666652,0.1416666666666652,0.0,729.8002500534058,95477.0,548034958,0.07072048,False,False,SolutionPolishing,False,4,0.08,183,23612090[].aqua,3600,1,0,0,0.05,-1,-1,0,-1,inf,True,False,False,1,True,False,False,False,False,Lazy,False,0,Chain,False,False,False,False,False,0.216608,735,728
55.04,54.16666666666666,2.8,4,5,0,0,13,3.683516025543213,0,0,0,0.7493333,0.01,0.02,0.7485819159953832,1.2975339889526367,0.0755576881992954,0.6533333333333303,1.8881430625915527,0.3391530173371798,BendWorstOCT,2026-07-10 21:23:18,balance-scale,,,4,4,0,20,3,2,0.1416666666666652,0.1416666666666652,0.0,735.3637800216675,95477.0,548034958,0.070720224,False,False,SolutionPolishing,False,4,0.08,182,23612090[].aqua,3600,1,0,0,0.05,-1,-1,0,-1,inf,True,False,False,1,True,False,True,False,False,Lazy,False,0,Chain,False,False,False,False,False,0.21638,741,733
50.4,48.61111111111112,2.857142857142857,3,7,0,0,4,0.0726943016052246,0,0,0,0.9988,0.01,0.01,0.998799999999997,0.1116819381713867,0.049289420607885,0.9640372557341976,0.3424711227416992,0.3947542421641138,BendWorstOCT,2026-07-10 21:18:30,balance-scale,,,4,4,0,20,3,2,0.4833114583333324,0.4833114583333324,0.0,1053.6980381011963,145897.0,1555560480,0.08541512,False,False,SolutionPolishing,False,3,0.0004,169,23612090[].aqua,3600,1,0,0,0.05,-1,-1,0,-1,inf,True,False,False,1,True,True,False,False,False,Lazy,False,0,Chain,False,False,False,False,False,0.215356,1058,1049
55.04,54.16666666666666,2.8,4,5,0,0,6,2.918063879013061,0,0,0,0.7493333,0.01,0.02,0.7485819159953832,0.1522819995880127,0.0755576881992954,0.6946569915281264,0.681380033493042,0.3721141286370473,BendWorstOCT,2026-07-10 21:22:28,balance-scale,,,4,4,0,20,3,2,0.1416666678240726,0.1416666678240726,0.0,846.6094009876251,73129.0,548034958,0.069509392,False,False,SolutionPolishing,False,4,0.08,181,23612090[].aqua,3600,1,0,0,0.05,-1,-1,0,-1,inf,True,False,False,1,True,True,False,False,False,Lazy,False,0,Chain,False,False,False,False,False,0.222828,851,844
50.4,48.61111111111112,2.857142857142857,3,7,0,0,4,0.0465450286865234,0,0,0,0.9988,0.01,0.01,0.998799999999997,0.114915132522583,0.049289420607885,0.9640372557341976,0.3544981479644775,0.3947542421641138,BendWorstOCT,2026-07-10 21:18:30,balance-scale,,,4,4,0,20,3,2,0.4833114583333324,0.4833114583333324,0.0,1089.5671451091766,145897.0,1555560480,0.085415872,False,False,SolutionPolishing,False,3,0.0004,168,23612090[].aqua,3600,1,0,0,0.05,-1,-1,0,-1,inf,True,False,False,1,True,True,True,False,False,Lazy,False,0,Chain,False,False,False,False,False,0.224092,1095,1085
50.4,48.61111111111112,2.857142857142857,3,7,0,0,5,0.0937769412994384,0,0,0,0.997,0.01,0.01,0.996999999999997,0.1247148513793945,0.0487137896813232,0.9680884443700518,0.3215539455413818,0.3090115179457233,BendWorstOCT,2026-07-10 21:17:44,balance-scale,,,4,4,0,20,3,2,0.47911111111111,0.47911111111111,0.0,1146.9179148674011,153629.0,221570801,0.0863968,False,False,SolutionPolishing,False,3,0.001,157,23612090[].aqua,3600,1,0,0,0.05,-1,-1,0,-1,inf,True,False,False,1,True,True,False,False,False,Lazy,False,0,Chain,False,False,False,False,False,0.223616,1152,1141
50.4,48.61111111111112,2.857142857142857,3,7,0,0,2,0.0731878280639648,0,0,0,0.9997,0.0,0.0,0.999699999999997,0.090019941329956,0.0273331285145528,0.9570503585472456,0.3540880680084228,0.3631136103497375,BendWorstOCT,2026-07-10 21:20:31,balance-scale,,,4,4,0,20,3,2,0.4854111118538157,0.4854111118538157,0.0,1011.802129983902,144032.0,-1707781589,0.083189336,False,False,SolutionPolishing,False,3,0.0001,176,23612090[].aqua,3600,1,0,0,0.05,-1,-1,0,-1,inf,True,False,False,1,True,True,True,False,False,Lazy,False,0,Chain,False,False,False,False,False,0.213776,1018,1008
50.4,48.61111111111112,2.857142857142857,3,7,0,0,2,0.1356482505798339,0,0,0,0.9997,0.0,0.0,0.999699999999997,0.0869040489196777,0.0273331285145528,0.9570503585472456,0.3421759605407715,0.3631136103497375,BendWorstOCT,2026-07-10 21:21:14,balance-scale,,,4,4,0,20,3,2,0.4854111118538157,0.4854111118538157,0.0,984.2844319343568,144032.0,-1707781589,0.083194608,False,False,SolutionPolishing,False,3,0.0001,177,23612090[].aqua,3600,1,0,0,0.05,-1,-1,0,-1,inf,True,False,False,1,True,True,False,False,False,Lazy,False,0,Chain,False,False,False,False,False,0.231092,989,981
79.7752808988764,79.71698113207547,2.6,3,5,0,0,7,0.023893117904663,0,0,0,0.9968,0.0,0.01,0.9407509578544092,0.0833230018615722,0.0240221439995324,0.9258717981831158,0.1214549541473388,0.0532108786793566,BendWorstOCT,2026-07-10 21:28:52,spect,,,22,22,0,22,2,2,0.7931698118587078,0.7931698118587078,0.0,528.8399279117584,340672.0,-1855736362,0.051618296,False,False,SolutionPolishing,False,3,0.0008,280,23612090[].aqua,3600,1,0,0,0.05,-1,-1,0,-1,inf,True,False,False,1,True,True,True,False,False,Lazy,False,0,Chain,False,False,False,False,False,0.190452,533,528
79.7752808988764,79.71698113207547,2.6,3,5,0,0,7,0.034172773361206,0,0,0,0.9968,0.0,0.01,0.9407509578544092,0.0875020027160644,0.0240221439995324,0.9258717981831158,0.1281440258026123,0.0532108786793566,BendWorstOCT,2026-07-10 21:28:52,spect,,,22,22,0,22,2,2,0.7931698118587078,0.7931698118587078,0.0,530.1718471050262,340672.0,-1855736362,0.051618792,False,False,SolutionPolishing,False,3,0.0008,281,23612090[].aqua,3600,1,0,0,0.05,-1,-1,0,-1,inf,True,False,False,1,True,True,False,False,False,Lazy,False,0,Chain,False,False,False,False,False,0.193208,535,530
50.4,48.61111111111112,2.857142857142857,3,7,0,0,2,0.0542898178100585,0,0,0,0.9994,0.0,0.01,0.9993999999999972,0.1066479682922363,0.0392168209215611,0.955371256058437,0.3318231105804443,0.4045018736944419,BendWorstOCT,2026-07-10 21:19:13,balance-scale,,,4,4,0,20,3,2,0.4847111111111098,0.4847111111111098,0.0,1116.7484090328217,162834.0,161351874,0.089569768,False,False,SolutionPolishing,False,3,0.0002,172,23612090[].aqua,3600,1,0,0,0.05,-1,-1,0,-1,inf,True,False,False,1,True,True,True,False,False,Lazy,False,0,Chain,False,False,False,False,False,0.235204,1121,1111
55.04,54.16666666666666,2.8,4,5,0,0,6,3.118250608444214,0,0,0,0.7493333,0.01,0.02,0.7485819159953832,0.1685781478881836,0.0755576881992954,0.6946569915281264,0.8019771575927734,0.3721141286370473,BendWorstOCT,2026-07-10 21:22:04,balance-scale,,,4,4,0,20,3,2,0.1416666678240726,0.1416666678240726,0.0,951.88916015625,73129.0,548034958,0.06950792,False,False,SolutionPolishing,False,4,0.08,180,23612090[].aqua,3600,1,0,0,0.05,-1,-1,0,-1,inf,True,False,False,1,True,True,True,False,False,Lazy,False,0,Chain,False,False,False,False,False,0.222896,957,949
79.7752808988764,79.71698113207547,2.6,3,5,0,0,4,0.0201351642608642,0,0,0,0.9998,0.0,0.0,0.9403694763092304,0.0843629837036132,0.0240810677880372,0.9284555451030186,0.1249630451202392,0.0561271916680661,BendWorstOCT,2026-07-10 21:29:48,spect,,,22,22,0,22,2,2,0.7961698113207577,0.7961698113207577,0.0,503.9244339466095,334253.0,-719057259,0.05605344,False,False,SolutionPolishing,False,3,0.0002,292,23612090[].aqua,3600,1,0,0,0.05,-1,-1,0,-1,inf,True,False,False,1,True,True,True,False,False,Lazy,False,0,Chain,False,False,False,False,False,0.198924,508,503
79.7752808988764,79.71698113207547,2.6,3,5,0,0,6,0.0252470970153808,0,0,0,0.9976,0.0,0.01,0.9415725574712674,0.0905079841613769,0.0223719728267523,0.9267497402327536,0.1359679698944091,0.0553863700936624,BendWorstOCT,2026-07-10 21:29:21,spect,,,22,22,0,22,2,2,0.794169811320758,0.794169811320758,0.0,561.3510999679565,397339.0,679490176,0.0697846,False,False,SolutionPolishing,False,3,0.0006,285,23612090[].aqua,3600,1,0,0,0.05,-1,-1,0,-1,inf,True,False,False,1,True,True,False,False,False,Lazy,False,0,Chain,False,False,False,False,False,0.210932,566,561
79.7752808988764,79.71698113207547,2.6,3,5,0,0,4,0.023118257522583,0,0,0,0.9998,0.0,0.0,0.9403694763092304,0.0871260166168212,0.0240810677880372,0.9284555451030186,0.1307790279388427,0.0561271916680661,BendWorstOCT,2026-07-10 21:29:49,spect,,,22,22,0,22,2,2,0.7961698113207577,0.7961698113207577,0.0,534.8316059112549,334253.0,-719057259,0.056051488,False,False,SolutionPolishing,False,3,0.0002,293,23612090[].aqua,3600,1,0,0,0.05,-1,-1,0,-1,inf,True,False,False,1,True,True,False,False,False,Lazy,False,0,Chain,False,False,False,False,False,0.199832,540,534
79.7752808988764,79.71698113207547,2.6,3,5,0,0,6,0.0187098979949951,0,0,0,0.9976,0.0,0.01,0.9415725574712674,0.0847899913787841,0.0223719728267523,0.9267497402327536,0.1298439502716064,0.0553863700936624,BendWorstOCT,2026-07-10 21:29:21,spect,,,22,22,0,22,2,2,0.794169811320758,0.794169811320758,0.0,590.3840198516846,397339.0,679490176,0.069783608,False,False,SolutionPolishing,False,3,0.0006,284,23612090[].aqua,3600,1,0,0,0.05,-1,-1,0,-1,inf,True,False,False,1,True,True,True,False,False,Lazy,False,0,Chain,False,False,False,False,False,0.21726,596,590
50.4,48.61111111111112,2.857142857142857,3,7,0,0,2,0.091001272201538,0,0,0,0.9994,0.0,0.01,0.9993999999999972,0.1114559173583984,0.0392168209215611,0.955371256058437,0.3457469940185547,0.4045018736944419,BendWorstOCT,2026-07-10 21:19:36,balance-scale,,,4,4,0,20,3,2,0.4847111111111098,0.4847111111111098,0.0,1184.5677330493927,162834.0,161351874,0.089574,False,False,SolutionPolishing,False,3,0.0002,173,23612090[].aqua,3600,1,0,0,0.05,-1,-1,0,-1,inf,True,False,False,1,True,True,False,False,False,Lazy,False,0,Chain,False,False,False,False,False,0.240096,1190,1180
79.7752808988764,79.71698113207547,2.6,3,5,0,0,12,0.10282564163208,0,0,0,0.9976,0.0,0.01,0.9415725574712674,0.0963919162750244,0.0223719728267523,0.9267497402327536,0.1512138843536377,0.0560475484307098,BendWorstOCT,2026-07-10 21:29:21,spect,,,22,22,0,22,2,2,0.7941698115001734,0.7941698115001734,0.0,615.4515178203583,401964.0,679490176,0.063581048,False,False,SolutionPolishing,False,3,0.0006,286,23612090[].aqua,3600,1,0,0,0.05,-1,-1,0,-1,inf,True,False,False,1,True,False,True,False,False,Lazy,False,0,Chain,False,False,False,False,False,0.2015,621,615
79.7752808988764,79.71698113207547,2.6,3,5,0,0,9,0.0246083736419677,0,0,0,0.996,0.0,0.01,0.9399293582375512,0.0799357891082763,0.0239850611238945,0.925011342551362,0.1168289184570312,0.0519997634756975,BendWorstOCT,2026-07-10 21:28:52,spect,,,22,22,0,22,2,2,0.7921698114999751,0.7921698114999751,0.0,653.7910687923431,424909.0,-622913664,0.057475208,False,False,SolutionPolishing,False,3,0.001,276,23612090[].aqua,3600,1,0,0,0.05,-1,-1,0,-1,inf,True,False,False,1,True,True,True,False,False,Lazy,False,0,Chain,False,False,False,False,False,0.196756,659,652
79.7752808988764,79.71698113207547,2.6,3,5,0,0,15,0.1120924949645996,0,0,0,0.996,0.0,0.01,0.9399293582375512,0.0972669124603271,0.0239850611238945,0.925011342551362,0.1483280658721923,0.0526756400587029,BendWorstOCT,2026-07-10 21:28:52,spect,,,22,22,0,22,2,2,0.7921698118584096,0.7921698118584096,0.0,653.4305658340454,408653.0,-622913664,0.056879776,False,False,SolutionPolishing,False,3,0.001,278,23612090[].aqua,3600,1,0,0,0.05,-1,-1,0,-1,inf,True,False,False,1,True,False,True,False,False,Lazy,False,0,Chain,False,False,False,False,False,0.20098,658,651
79.7752808988764,79.71698113207547,2.6,3,5,0,0,15,0.2262690067291259,0,0,0,0.996,0.0,0.01,0.9399293582375512,0.1072690486907959,0.0239850611238945,0.925011342551362,0.1635429859161377,0.0526756400587029,BendWorstOCT,2026-07-10 21:28:52,spect,,,22,22,0,22,2,2,0.7921698118584096,0.7921698118584096,0.0,653.7645230293274,408653.0,-622913664,0.056882016,False,False,SolutionPolishing,False,3,0.001,279,23612090[].aqua,3600,1,0,0,0.05,-1,-1,0,-1,inf,True,False,False,1,True,False,False,False,False,Lazy,False,0,Chain,False,False,False,False,False,0.201808,659,651
79.7752808988764,79.71698113207547,2.6,3,5,0,0,9,0.0327670574188232,0,0,0,0.996,0.0,0.01,0.9399293582375512,0.0821950435638427,0.0239850611238945,0.925011342551362,0.1186280250549316,0.0519997634756975,BendWorstOCT,2026-07-10 21:28:52,spect,,,22,22,0,22,2,2,0.7921698114999751,0.7921698114999751,0.0,656.2997949123383,424909.0,-622913664,0.057474568,False,False,SolutionPolishing,False,3,0.001,277,23612090[].aqua,3600,1,0,0,0.05,-1,-1,0,-1,inf,True,False,False,1,True,True,False,False,False,Lazy,False,0,Chain,False,False,False,False,False,0.204024,661,654
45.92,40.97222222222222,2.6,3,5,0,0,2,1.674166202545166,0,0,0,0.88,0.01,0.02,0.8799999999999973,0.1453509330749511,0.0637852559427739,0.8624130518894264,0.2887589931488037,0.1911042619253086,BendWorstOCT,2026-07-10 21:13:00,balance-scale,,,4,4,0,20,3,2,0.2097222225851381,0.2097222225851381,0.0,1608.4005188941956,132183.0,-715576266,0.082114192,False,False,SolutionPolishing,False,3,0.04,131,23612090[].aqua,3600,1,0,0,0.05,-1,-1,0,-1,inf,True,False,False,1,True,False,False,False,False,Lazy,False,0,Chain,False,False,False,False,False,0.22148,1623,1601
79.7752808988764,79.71698113207547,2.6,3,5,0,0,12,0.2128946781158447,0,0,0,0.9976,0.0,0.01,0.9415725574712674,0.1077969074249267,0.0223719728267523,0.9267497402327536,0.1708149909973144,0.0560475484307098,BendWorstOCT,2026-07-10 21:29:21,spect,,,22,22,0,22,2,2,0.7941698115001734,0.7941698115001734,0.0,632.664715051651,401964.0,679490176,0.063582696,False,False,SolutionPolishing,False,3,0.0006,287,23612090[].aqua,3600,1,0,0,0.05,-1,-1,0,-1,inf,True,False,False,1,True,False,False,False,False,Lazy,False,0,Chain,False,False,False,False,False,0.206888,638,632
79.7752808988764,79.71698113207547,2.6,3,5,0,0,10,0.1689300537109375,0,0,0,0.9998,0.0,0.0,0.9403694763092304,0.0896468162536621,0.0240810677880372,0.9284555451030186,0.1320228576660156,0.0497233866709083,BendWorstOCT,2026-07-10 21:30:17,spect,,,22,22,0,22,2,2,0.7961698113207548,0.7961698113207548,0.0,588.5200819969177,398124.0,-719057259,0.058941952,False,False,SolutionPolishing,False,3,0.0002,295,23612090[].aqua,3600,1,0,0,0.05,-1,-1,0,-1,inf,True,False,False,1,True,False,False,False,False,Lazy,False,0,Chain,False,False,False,False,False,0.205332,593,587
79.7752808988764,79.71698113207547,2.6,3,5,0,0,5,0.0216696262359619,0,0,0,0.9999,0.0,0.0,0.9418174187725664,0.0784230232238769,0.022612227383692,0.92887363881962,0.1157379150390625,0.0540847681166369,BendWorstOCT,2026-07-10 21:30:17,spect,,,22,22,0,22,2,2,0.7966698115004253,0.7966698115004253,0.0,602.7620649337769,402999.0,1204141659,0.063822376,False,False,SolutionPolishing,False,3,0.0001,297,23612090[].aqua,3600,1,0,0,0.05,-1,-1,0,-1,inf,True,False,False,1,True,True,False,False,False,Lazy,False,0,Chain,False,False,False,False,False,0.212596,607,602
50.4,48.61111111111112,2.857142857142857,3,7,0,0,5,0.0649757385253906,0,0,0,0.9982,0.01,0.01,0.998199999999997,0.2209727764129638,0.0640040066969314,0.9495904577307264,0.7267348766326904,0.5580581425310714,BendWorstOCT,2026-07-10 21:18:35,balance-scale,,,4,4,0,20,3,2,0.4819111111111099,0.4819111111111099,0.0,1316.8663530349731,72007.0,-1561431587,0.070544776,False,False,SolutionPolishing,False,3,0.0006,164,23612090[].aqua,3600,1,0,0,0.05,-1,-1,0,-1,inf,True,False,False,1,True,True,True,False,False,Lazy,False,0,Chain,False,False,False,False,False,0.211892,1329,1315
79.7752808988764,79.71698113207547,2.6,3,5,0,0,10,0.0898849964141845,0,0,0,0.9999,0.0,0.0,0.9418174187725664,0.085892915725708,0.022612227383692,0.92887363881962,0.1330440044403076,0.0539703938408819,BendWorstOCT,2026-07-10 21:30:17,spect,,,22,22,0,22,2,2,0.796669811320757,0.796669811320757,0.0,619.7382328510284,502161.0,1204141659,0.068691392,False,False,SolutionPolishing,False,3,0.0001,298,23612090[].aqua,3600,1,0,0,0.05,-1,-1,0,-1,inf,True,False,False,1,True,False,True,False,False,Lazy,False,0,Chain,False,False,False,False,False,0.219328,624,619
79.7752808988764,79.71698113207547,2.6,3,5,0,0,10,0.1780636310577392,0,0,0,0.9999,0.0,0.0,0.9418174187725664,0.093156099319458,0.022612227383692,0.92887363881962,0.1465749740600586,0.0539703938408819,BendWorstOCT,2026-07-10 21:30:17,spect,,,22,22,0,22,2,2,0.796669811320757,0.796669811320757,0.0,620.0615949630737,502161.0,1204141659,0.068694304,False,False,SolutionPolishing,False,3,0.0001,299,23612090[].aqua,3600,1,0,0,0.05,-1,-1,0,-1,inf,True,False,False,1,True,False,False,False,False,Lazy,False,0,Chain,False,False,False,False,False,0.219976,625,619
79.7752808988764,79.71698113207547,2.6,3,5,0,0,5,0.0183355808258056,0,0,0,0.9999,0.0,0.0,0.9418174187725664,0.0835258960723877,0.022612227383692,0.92887363881962,0.1213190555572509,0.0540847681166369,BendWorstOCT,2026-07-10 21:30:17,spect,,,22,22,0,22,2,2,0.7966698115004253,0.7966698115004253,0.0,623.1994290351868,402999.0,1204141659,0.063823288,False,False,SolutionPolishing,False,3,0.0001,296,23612090[].aqua,3600,1,0,0,0.05,-1,-1,0,-1,inf,True,False,False,1,True,True,True,False,False,Lazy,False,0,Chain,False,False,False,False,False,0.2096,628,622
79.7752808988764,79.71698113207547,2.6,3,5,0,0,17,0.1011497974395752,0,0,0,0.9968,0.0,0.01,0.9407509578544092,0.0903949737548828,0.0240221439995324,0.9258717981831158,0.1358089447021484,0.0540910113364255,BendWorstOCT,2026-07-10 21:29:20,spect,,,22,22,0,22,2,2,0.7931698120380265,0.7931698120380265,0.0,682.2036039829254,490447.0,-1855736362,0.06898424,False,False,SolutionPolishing,False,3,0.0008,282,23612090[].aqua,3600,1,0,0,0.05,-1,-1,0,-1,inf,True,False,False,1,True,False,True,False,False,Lazy,False,0,Chain,False,False,False,False,False,0.210236,686,680
79.7752808988764,79.71698113207547,2.6,3,5,0,0,10,0.104459524154663,0,0,0,0.9998,0.0,0.0,0.9403694763092304,0.0977230072021484,0.0240810677880372,0.9284555451030186,0.1456179618835449,0.0497233866709083,BendWorstOCT,2026-07-10 21:29:49,spect,,,22,22,0,22,2,2,0.7961698113207548,0.7961698113207548,0.0,654.3724000453949,398124.0,-719057259,0.058942464,False,False,SolutionPolishing,False,3,0.0002,294,23612090[].aqua,3600,1,0,0,0.05,-1,-1,0,-1,inf,True,False,False,1,True,False,True,False,False,Lazy,False,0,Chain,False,False,False,False,False,0.201856,660,653
79.7752808988764,79.71698113207547,2.6,3,5,0,0,6,0.0217602252960205,0,0,0,0.9984,0.0,0.01,0.9423941570881256,0.0806849002838134,0.0238598530455489,0.9275927094466238,0.1128759384155273,0.0505579467194909,BendWorstOCT,2026-07-10 21:29:20,spect,,,22,22,0,22,2,2,0.7951698144654121,0.7951698144654121,0.0,687.9785208702087,482554.0,294684894,0.06896144,False,False,SolutionPolishing,False,3,0.0004,288,23612090[].aqua,3600,1,0,0,0.05,-1,-1,0,-1,inf,True,False,False,1,True,True,True,False,False,Lazy,False,0,Chain,False,False,False,False,False,0.21258,692,686
79.7752808988764,79.71698113207547,2.6,3,5,0,0,6,0.0355157852172851,0,0,0,0.9984,0.0,0.01,0.9423941570881256,0.0819888114929199,0.0238598530455489,0.9275927094466238,0.1155688762664794,0.0505579467194909,BendWorstOCT,2026-07-10 21:29:20,spect,,,22,22,0,22,2,2,0.7951698144654121,0.7951698144654121,0.0,691.4872858524323,482554.0,294684894,0.06896136,False,False,SolutionPolishing,False,3,0.0004,289,23612090[].aqua,3600,1,0,0,0.05,-1,-1,0,-1,inf,True,False,False,1,True,True,False,False,False,Lazy,False,0,Chain,False,False,False,False,False,0.222012,696,690
68.95306859205776,67.90123456790124,1.6666666666666667,2,3,0,0,2,0.0266346931457519,0,0,0,0.8758875,0.0,0.01,0.8746852680475502,0.0816349983215332,0.025970113059199,0.8682763822010762,0.1139359474182128,0.0532795313335148,BendWorstOCT,2026-07-10 21:11:47,breast-cancer,,,9,9,0,38,2,2,0.4990123464285197,0.4990123464285197,0.0,1752.8628089427948,93561.0,1078146946,0.090151056,False,False,SolutionPolishing,False,4,0.06,65,23612090[].aqua,3600,1,0,0,0.05,-1,-1,0,-1,inf,True,False,False,1,True,True,False,False,False,Lazy,False,0,Chain,False,False,False,False,False,0.226696,1761,1744
79.7752808988764,79.71698113207547,2.6,3,5,0,0,14,0.2005748748779297,0,0,0,0.9984,0.0,0.01,0.9423941570881256,0.0933139324188232,0.0238598530455489,0.9275927094466238,0.1385140419006347,0.052410363241955,BendWorstOCT,2026-07-10 21:29:20,spect,,,22,22,0,22,2,2,0.7951698122183434,0.7951698122183434,0.0,707.0739619731903,465811.0,294684894,0.064697936,False,False,SolutionPolishing,False,3,0.0004,291,23612090[].aqua,3600,1,0,0,0.05,-1,-1,0,-1,inf,True,False,False,1,True,False,False,False,False,Lazy,False,0,Chain,False,False,False,False,False,0.2072,711,705
79.7752808988764,79.71698113207547,2.6,3,5,0,0,14,0.0988836288452148,0,0,0,0.9984,0.0,0.01,0.9423941570881256,0.0868399143218994,0.0238598530455489,0.9275927094466238,0.1281440258026123,0.052410363241955,BendWorstOCT,2026-07-10 21:29:20,spect,,,22,22,0,22,2,2,0.7951698122183434,0.7951698122183434,0.0,708.4848561286926,465811.0,294684894,0.064697856,False,False,SolutionPolishing,False,3,0.0004,290,23612090[].aqua,3600,1,0,0,0.05,-1,-1,0,-1,inf,True,False,False,1,True,False,True,False,False,Lazy,False,0,Chain,False,False,False,False,False,0.214296,713,706
79.7752808988764,79.71698113207547,2.6,3,5,0,0,17,0.209230899810791,0,0,0,0.9968,0.0,0.01,0.9407509578544092,0.1015889644622802,0.0240221439995324,0.9258717981831158,0.1570069789886474,0.0540910113364255,BendWorstOCT,2026-07-10 21:29:21,spect,,,22,22,0,22,2,2,0.7931698120380265,0.7931698120380265,0.0,720.7483460903168,490447.0,-1855736362,0.068984592,False,False,SolutionPolishing,False,3,0.0008,283,23612090[].aqua,3600,1,0,0,0.05,-1,-1,0,-1,inf,True,False,False,1,True,False,False,False,False,Lazy,False,0,Chain,False,False,False,False,False,0.210812,726,719
50.4,48.61111111111112,2.857142857142857,3,7,0,0,5,0.0674529075622558,0,0,0,0.997,0.01,0.01,0.996999999999997,0.1316258907318115,0.0487137896813232,0.9680884443700518,0.337601900100708,0.3090115179457233,BendWorstOCT,2026-07-10 21:17:45,balance-scale,,,4,4,0,20,3,2,0.47911111111111,0.47911111111111,0.0,1429.5694670677185,153629.0,221570801,0.086397216,False,False,SolutionPolishing,False,3,0.001,156,23612090[].aqua,3600,1,0,0,0.05,-1,-1,0,-1,inf,True,False,False,1,True,True,True,False,False,Lazy,False,0,Chain,False,False,False,False,False,0.217896,1437,1424
68.95306859205776,67.90123456790124,1.6666666666666667,2,3,0,0,2,0.1711070537567138,0,0,0,0.9592308,0.0,0.0,0.959085714285712,0.0710339546203613,0.0150806386302212,0.9542936192287718,0.1159729957580566,0.0502424889276242,BendWorstOCT,2026-07-10 21:11:47,breast-cancer,,,9,9,0,38,2,2,0.6190123456790131,0.6190123456790131,0.0,1806.8937120437624,432929.0,1570284765,0.081802856,False,False,SolutionPolishing,False,3,0.02,15,23612090[].aqua,3600,1,0,0,0.05,-1,-1,0,-1,inf,True,False,False,1,True,False,False,False,False,Lazy,False,0,Chain,False,False,False,False,False,0.228608,1890,1798
68.95306859205776,67.90123456790124,1.6666666666666667,2,3,0,0,2,0.0942864418029785,0,0,0,0.9592308,0.0,0.0,0.959085714285712,0.0720510482788086,0.0150806386302212,0.9542936192287718,0.1149599552154541,0.0502424889276242,BendWorstOCT,2026-07-10 21:11:47,breast-cancer,,,9,9,0,38,2,2,0.6190123456790131,0.6190123456790131,0.0,1807.6523661613464,432929.0,1570284765,0.081801992,False,False,SolutionPolishing,False,3,0.02,14,23612090[].aqua,3600,1,0,0,0.05,-1,-1,0,-1,inf,True,False,False,1,True,False,True,False,False,Lazy,False,0,Chain,False,False,False,False,False,0.233176,1890,1800
68.95306859205776,67.90123456790124,1.6666666666666667,2,3,0,0,2,0.0084612369537353,0,0,0,0.9592308,0.0,0.0,0.959085714285712,0.0731339454650878,0.0150806386302212,0.9542936192287718,0.1135048866271972,0.0502424889276242,BendWorstOCT,2026-07-10 21:11:47,breast-cancer,,,9,9,0,38,2,2,0.6190123456790131,0.6190123456790131,0.0,1822.8632180690763,432929.0,1570284765,0.08180068,False,False,SolutionPolishing,False,3,0.02,13,23612090[].aqua,3600,1,0,0,0.05,-1,-1,0,-1,inf,True,False,False,1,True,True,False,False,False,Lazy,False,0,Chain,False,False,False,False,False,0.22986,1905,1815
68.95306859205776,67.90123456790124,1.6666666666666667,2,3,0,0,2,0.239302396774292,0,0,0,0.8758875,0.01,0.01,0.8746852680475502,1.6911580562591553,0.025970113059199,0.8682763822010762,1.9335451126098635,0.0532795313335148,BendWorstOCT,2026-07-10 21:13:00,breast-cancer,,,9,9,0,38,2,2,0.4990123464285197,0.4990123464285197,0.0,1788.8236889839172,93561.0,1078146946,0.090149472,False,False,SolutionPolishing,False,4,0.06,67,23612090[].aqua,3600,1,0,0,0.05,-1,-1,0,-1,inf,True,False,False,1,True,False,False,False,False,Lazy,False,0,Chain,False,False,False,False,False,0.225924,1870,1789
68.95306859205776,67.90123456790124,1.6666666666666667,2,3,0,0,2,0.0054724216461181,0,0,0,0.9592308,0.0,0.0,0.959085714285712,0.1147232055664062,0.0150806386302212,0.9542936192287718,0.1644890308380127,0.0502424889276242,BendWorstOCT,2026-07-10 21:11:47,breast-cancer,,,9,9,0,38,2,2,0.6190123456790131,0.6190123456790131,0.0,1912.9608671665192,432929.0,1570284765,0.081801784,False,False,SolutionPolishing,False,3,0.02,12,23612090[].aqua,3600,1,0,0,0.05,-1,-1,0,-1,inf,True,False,False,1,True,True,True,False,False,Lazy,False,0,Chain,False,False,False,False,False,0.221976,1996,1908
55.04,54.16666666666666,2.8,4,5,0,0,8,4.9736504554748535,0,0,0,0.812,0.01,0.02,0.8112479843012622,0.2771890163421631,0.0764173341673422,0.7399999999999978,0.7064399719238281,0.2776738921472721,BendWorstOCT,2026-07-10 21:23:18,balance-scale,,,4,4,0,20,3,2,0.2416666667908321,0.2416666667908321,0.0,1298.2652249336245,118580.0,-1538226207,0.083419368,False,False,SolutionPolishing,False,4,0.06,187,23612090[].aqua,3600,1,0,0,0.05,-1,-1,0,-1,inf,True,False,False,1,True,False,False,False,False,Lazy,False,0,Chain,False,False,False,False,False,0.234112,1303,1292
55.04,54.16666666666666,2.8,4,5,0,0,8,4.711296796798706,0,0,0,0.812,0.01,0.02,0.8112479843012622,0.2789208889007568,0.0764173341673422,0.7399999999999978,0.6942169666290283,0.2776738921472721,BendWorstOCT,2026-07-10 21:23:18,balance-scale,,,4,4,0,20,3,2,0.2416666667908321,0.2416666667908321,0.0,1298.8790290355682,118580.0,-1538226207,0.083420264,False,False,SolutionPolishing,False,4,0.06,186,23612090[].aqua,3600,1,0,0,0.05,-1,-1,0,-1,inf,True,False,False,1,True,False,True,False,False,Lazy,False,0,Chain,False,False,False,False,False,0.237636,1303,1293
80.52434456928839,78.18181818181819,2.25,3,4,0,0,4,0.0531003475189209,0,0,0,0.9159932,0.01,0.01,0.9134131226276286,0.1230480670928955,0.0303026803878243,0.8482427266247676,0.167525053024292,0.0687838389164343,BendWorstOCT,2026-07-10 21:30:45,spect,,,22,22,0,22,2,2,0.701818181818182,0.701818181818182,0.0,970.0190379619598,338760.0,853284163,0.07931956,False,False,SolutionPolishing,False,4,0.02,312,23612090[].aqua,3600,1,0,0,0.05,-1,-1,0,-1,inf,True,False,False,1,True,True,True,False,False,Lazy,False,0,Chain,False,False,False,False,False,0.227052,975,967
80.52434456928839,78.18181818181819,2.25,3,4,0,0,6,0.1143829822540283,0,0,0,0.9159932,0.01,0.01,0.9134131226276286,0.0930061340332031,0.0303026803878243,0.8482427266247676,0.137714147567749,0.0691110129164343,BendWorstOCT,2026-07-10 21:31:13,spect,,,22,22,0,22,2,2,0.701818181818182,0.701818181818182,0.0,978.5657391548156,338760.0,853284163,0.079320728,False,False,SolutionPolishing,False,4,0.02,314,23612090[].aqua,3600,1,0,0,0.05,-1,-1,0,-1,inf,True,False,False,1,True,False,True,False,False,Lazy,False,0,Chain,False,False,False,False,False,0.212504,984,974
80.52434456928839,78.18181818181819,2.25,3,4,0,0,6,0.1726551055908203,0,0,0,0.9159932,0.01,0.01,0.9134131226276286,0.0941929817199707,0.0303026803878243,0.8482427266247676,0.1392650604248047,0.0691110129164343,BendWorstOCT,2026-07-10 21:31:13,spect,,,22,22,0,22,2,2,0.701818181818182,0.701818181818182,0.0,979.982089996338,338760.0,853284163,0.079321272,False,False,SolutionPolishing,False,4,0.02,315,23612090[].aqua,3600,1,0,0,0.05,-1,-1,0,-1,inf,True,False,False,1,True,False,False,False,False,Lazy,False,0,Chain,False,False,False,False,False,0.213736,985,976
55.04,54.16666666666666,2.8,4,5,0,0,3,0.7468850612640381,0,0,0,0.812,0.01,0.02,0.8112479843012622,0.1290209293365478,0.0764173341673422,0.7399999999999987,0.3273780345916748,0.3565089690734205,BendWorstOCT,2026-07-10 21:23:18,balance-scale,,,4,4,0,20,3,2,0.2416666667908321,0.2416666667908321,0.0,1485.273868083954,134319.0,-1538226207,0.086174992,False,False,SolutionPolishing,False,4,0.06,184,23612090[].aqua,3600,1,0,0,0.05,-1,-1,0,-1,inf,True,False,False,1,True,True,True,False,False,Lazy,False,0,Chain,False,False,False,False,False,0.231736,1490,1478
55.04,54.16666666666666,2.8,4,5,0,0,3,0.8230841159820557,0,0,0,0.812,0.01,0.02,0.8112479843012622,0.1291329860687255,0.0764173341673422,0.7399999999999987,0.3273499011993408,0.3565089690734205,BendWorstOCT,2026-07-10 21:23:18,balance-scale,,,4,4,0,20,3,2,0.2416666667908321,0.2416666667908321,0.0,1490.1011338233948,134319.0,-1538226207,0.086176144,False,False,SolutionPolishing,False,4,0.06,185,23612090[].aqua,3600,1,0,0,0.05,-1,-1,0,-1,inf,True,False,False,1,True,True,False,False,False,Lazy,False,0,Chain,False,False,False,False,False,0.234756,1495,1483
68.95306859205776,67.90123456790124,1.6666666666666667,2,3,0,0,2,1.201526403427124,0,0,0,0.8758875,0.0,0.01,0.8746852680475502,0.0966081619262695,0.025970113059199,0.8682763822010762,0.1385631561279297,0.0532795313335148,BendWorstOCT,2026-07-10 21:11:47,breast-cancer,,,9,9,0,38,2,2,0.4990123464285197,0.4990123464285197,0.0,2294.1524579524994,93561.0,1078146946,0.090148992,False,False,SolutionPolishing,False,4,0.06,66,23612090[].aqua,3600,1,0,0,0.05,-1,-1,0,-1,inf,True,False,False,1,True,False,True,False,False,Lazy,False,0,Chain,False,False,False,False,False,0.227912,2302,2281
80.52434456928839,78.18181818181819,2.25,3,4,0,0,4,0.0360283851623535,0,0,0,0.9159932,0.01,0.01,0.9134131226276286,0.1200931072235107,0.0303026803878243,0.8482427266247676,0.1772501468658447,0.0687838389164343,BendWorstOCT,2026-07-10 21:31:15,spect,,,22,22,0,22,2,2,0.701818181818182,0.701818181818182,0.0,1330.5364060401917,338760.0,853284163,0.079321256,False,False,SolutionPolishing,False,4,0.02,313,23612090[].aqua,3600,1,0,0,0.05,-1,-1,0,-1,inf,True,False,False,1,True,True,False,False,False,Lazy,False,0,Chain,False,False,False,False,False,0.212044,1338,1325
68.95306859205776,67.90123456790124,1.6666666666666667,2,3,0,0,2,0.0135936737060546,0,0,0,0.8758875,0.0,0.01,0.8746852680475502,0.1062281131744384,0.025970113059199,0.8682763822010762,0.1482200622558593,0.0532795313335148,BendWorstOCT,2026-07-10 21:11:48,breast-cancer,,,9,9,0,38,2,2,0.4990123464285197,0.4990123464285197,0.0,2561.0573761463165,93561.0,1078146946,0.090152176,False,False,SolutionPolishing,False,4,0.06,64,23612090[].aqua,3600,1,0,0,0.05,-1,-1,0,-1,inf,True,False,False,1,True,True,True,False,False,Lazy,False,0,Chain,False,False,False,False,False,0.226764,2571,2544
72.92418772563177,72.8395061728395,3.0,3,8,0,0,5,0.0248575210571289,0,0,0,0.9877692,0.0,0.0,0.9875263157894691,0.056351900100708,0.0145602949841664,0.9853730297723255,0.080718994140625,0.0386362372653379,BendWorstOCT,2026-07-10 21:11:47,breast-cancer,,,9,9,0,38,2,9,0.680395061728396,0.7361409691629963,0.0819316755371355,3600.00053191185,760530.0,1256683311,0.208958608,False,False,SolutionPolishing,False,3,0.006,24,23612090[].aqua,3600,1,0,0,0.05,-1,-1,0,-1,inf,True,False,False,1,True,True,True,False,False,Lazy,False,0,Chain,False,False,False,False,False,0.381688,3683,3578
72.92418772563177,72.8395061728395,3.0,3,8,0,0,10,0.1318342685699463,0,0,0,0.9983692,0.0,0.0,0.9983368421052587,0.0729739665985107,0.0146310310779395,0.9977599999999957,0.1157479286193847,0.0386040849173887,BendWorstOCT,2026-07-10 21:11:47,breast-cancer,,,9,9,0,38,2,9,0.7219950617283961,0.7674043946574757,0.062894243099632,3600.0005519390106,882761.0,601437234,0.202021736,False,False,SolutionPolishing,False,3,0.0008,42,23612090[].aqua,3600,1,0,0,0.05,-1,-1,0,-1,inf,True,False,False,1,True,False,True,False,False,Lazy,False,0,Chain,False,False,False,False,False,0.39684,3683,3576
72.56317689530685,71.60493827160494,2.6,3,5,0,0,8,0.2106318473815918,0,0,0,0.9836923,0.0,0.0,0.9833684210526272,0.0557789802551269,0.0148154228081216,0.9813730297723258,0.0853800773620605,0.0392595036818206,BendWorstOCT,2026-07-10 21:11:47,breast-cancer,,,9,9,0,38,2,9,0.6760493827160503,0.723591962905719,0.0703241233630964,3600.000487089157,684219.0,73440880,0.16840716,False,False,SolutionPolishing,False,3,0.008,23,23612090[].aqua,3600,1,0,0,0.05,-1,-1,0,-1,inf,True,False,False,1,True,False,False,False,False,Lazy,False,0,Chain,False,False,False,False,False,0.337604,3683,3579
72.56317689530685,71.60493827160494,2.6,3,5,0,0,8,0.0919623374938964,0,0,0,0.9836923,0.0,0.0,0.9833684210526272,0.0561709403991699,0.0148154228081216,0.9813730297723258,0.0860860347747802,0.0392595036818206,BendWorstOCT,2026-07-10 21:11:47,breast-cancer,,,9,9,0,38,2,9,0.6760493827160503,0.7235707155761035,0.0702926946980333,3600.000548839569,684427.0,73440880,0.168404664,False,False,SolutionPolishing,False,3,0.008,22,23612090[].aqua,3600,1,0,0,0.05,-1,-1,0,-1,inf,True,False,False,1,True,False,True,False,False,Lazy,False,0,Chain,False,False,False,False,False,0.339356,3683,3578
72.56317689530685,71.60493827160494,2.6,3,5,0,0,4,0.0300097465515136,0,0,0,0.9796154,0.0,0.0,0.9792105263157852,0.0628910064697265,0.0183563475749199,0.976828752642702,0.0940189361572265,0.043296298783381,BendWorstOCT,2026-07-10 21:11:47,breast-cancer,,,9,9,0,38,2,9,0.6660493827160496,0.7219206970250592,0.0838846424287261,3600.0004239082336,685280.0,696069150,0.212810376,False,False,SolutionPolishing,False,3,0.01,17,23612090[].aqua,3600,1,0,0,0.05,-1,-1,0,-1,inf,True,False,False,1,True,True,False,False,False,Lazy,False,0,Chain,False,False,False,False,False,0.38944,3683,3581
72.92418772563177,72.8395061728395,3.0,3,8,0,0,11,0.2286760807037353,0,0,0,0.9991846,0.0,0.0,0.9991699999999956,0.1858251094818115,0.0146398330799921,0.998933333333329,0.2301580905914306,0.036612118940706,BendWorstOCT,2026-07-10 21:11:47,breast-cancer,,,9,9,0,38,2,9,0.7251950617283961,0.781428633648581,0.0775426845656676,3600.0007359981537,727724.0,-1317906458,0.18446496,False,False,SolutionPolishing,False,3,0.0004,51,23612090[].aqua,3600,1,0,0,0.05,-1,-1,0,-1,inf,True,False,False,1,True,False,False,False,False,Lazy,False,0,Chain,False,False,False,False,False,0.364796,3682,3575
72.20216606498195,71.93877551020408,3.0,3,8,0,0,2,0.1025977134704589,0,0,0,0.9987769,0.0,0.0,0.9987549999999956,0.0787999629974365,0.0142444708568815,0.9983999999999956,0.1262118816375732,0.0422850908996577,BendWorstOCT,2026-07-10 21:11:47,breast-cancer,,,9,9,0,38,2,9,0.7145877551020391,0.7745367346938764,0.0838930966334245,3600.000501871109,808333.0,305835123,0.215427688,False,False,SolutionPolishing,False,3,0.0006,44,23612090[].aqua,3600,1,0,0,0.05,-1,-1,0,-1,inf,True,False,False,1,True,True,True,False,False,Lazy,False,0,Chain,False,False,False,False,False,0.393856,3683,3580
72.92418772563177,72.8395061728395,3.0,3,8,0,0,16,0.3279578685760498,0,0,0,0.9998,0.0,0.0,0.9996499999999956,0.0507428646087646,0.0114004583821876,0.9995499999999956,0.1333930492401123,0.0506213488162897,BendWorstOCT,2026-07-10 21:11:47,breast-cancer,,,9,9,0,38,2,9,0.726795061728396,0.7849532103526157,0.0800200107110158,3600.000638961792,766537.0,1649167955,0.220960656,False,False,SolutionPolishing,False,3,0.0002,55,23612090[].aqua,3600,1,0,0,0.05,-1,-1,0,-1,inf,True,False,False,1,True,False,False,False,False,Lazy,False,0,Chain,False,False,False,False,False,0.37966,3682,3580
72.92418772563177,72.8395061728395,3.0,3,8,0,0,12,0.1399984359741211,0,0,0,0.9979615,0.0,0.0,0.9979210526315744,0.0764760971069336,0.0147952853984567,0.9971999999999956,0.1154370307922363,0.0392282420748508,BendWorstOCT,2026-07-10 21:11:47,breast-cancer,,,9,9,0,38,2,9,0.7203950617283961,0.7789913661674428,0.0813391256437273,3600.0005860328674,616025.0,983495617,0.192887528,False,False,SolutionPolishing,False,3,0.001,38,23612090[].aqua,3600,1,0,0,0.05,-1,-1,0,-1,inf,True,False,False,1,True,False,True,False,False,Lazy,False,0,Chain,False,False,False,False,False,0.366392,3683,3579
72.92418772563177,72.8395061728395,3.0,3,8,0,0,5,0.0311205387115478,0,0,0,0.9877692,0.0,0.0,0.9875263157894691,0.060931921005249,0.0145602949841664,0.9853730297723255,0.0852768421173095,0.0386362372653379,BendWorstOCT,2026-07-10 21:11:47,breast-cancer,,,9,9,0,38,2,9,0.680395061728396,0.7358446035534341,0.0814960968178994,3600.000544071197,765357.0,1256683311,0.208960688,False,False,SolutionPolishing,False,3,0.006,25,23612090[].aqua,3600,1,0,0,0.05,-1,-1,0,-1,inf,True,False,False,1,True,True,False,False,False,Lazy,False,0,Chain,False,False,False,False,False,0.390368,3683,3578
72.56317689530685,71.60493827160494,2.6,3,5,0,0,8,0.1374154090881347,0,0,0,0.9877692,0.0,0.0,0.9875263157894691,0.0580639839172363,0.0145602949841664,0.9853730297723255,0.0878880023956298,0.0386362372653379,BendWorstOCT,2026-07-10 21:11:47,breast-cancer,,,9,9,0,38,2,9,0.6860493827160503,0.7540051605657248,0.0990537701245928,3600.000552892685,738313.0,1256683311,0.233478592,False,False,SolutionPolishing,False,3,0.006,26,23612090[].aqua,3600,1,0,0,0.05,-1,-1,0,-1,inf,True,False,False,1,True,False,True,False,False,Lazy,False,0,Chain,False,False,False,False,False,0.413488,3683,3580
72.92418772563177,72.8395061728395,3.0,3,8,0,0,16,0.1615867614746093,0,0,0,0.9998,0.0,0.0,0.9996499999999956,0.0363211631774902,0.0114004583821876,0.9995499999999956,0.117305040359497,0.0506213488162897,BendWorstOCT,2026-07-10 21:11:47,breast-cancer,,,9,9,0,38,2,9,0.726795061728396,0.7938271961492174,0.0922297604243647,3600.001305103302,680559.0,1649167955,0.220960512,False,False,SolutionPolishing,False,3,0.0002,54,23612090[].aqua,3600,1,0,0,0.05,-1,-1,0,-1,inf,True,False,False,1,True,False,True,False,False,Lazy,False,0,Chain,False,False,False,False,False,0.402608,3682,3575
72.56317689530685,71.60493827160494,2.6,3,5,0,0,4,0.02032470703125,0,0,0,0.9836923,0.0,0.0,0.9833684210526272,0.0662159919738769,0.0148154228081216,0.9813730297723258,0.0916471481323242,0.0392595036818206,BendWorstOCT,2026-07-10 21:11:47,breast-cancer,,,9,9,0,38,2,9,0.6760493827160503,0.7220691760640879,0.0680716446528678,3600.000591993332,569703.0,73440880,0.148428936,False,False,SolutionPolishing,False,3,0.008,20,23612090[].aqua,3600,1,0,0,0.05,-1,-1,0,-1,inf,True,False,False,1,True,True,True,False,False,Lazy,False,0,Chain,False,False,False,False,False,0.30472,3683,3580
72.92418772563177,72.8395061728395,3.0,3,8,0,0,7,0.0302245616912841,0,0,0,0.9998,0.0,0.0,0.9996499999999956,0.0421819686889648,0.0114004583821876,0.9995499999999956,0.1223301887512207,0.0502297978162901,BendWorstOCT,2026-07-10 21:11:47,breast-cancer,,,9,9,0,38,2,9,0.726795061728396,0.7833479915433396,0.0778113842442113,3600.000593185425,612934.0,1649167955,0.169223168,False,False,SolutionPolishing,False,3,0.0002,52,23612090[].aqua,3600,1,0,0,0.05,-1,-1,0,-1,inf,True,False,False,1,True,True,True,False,False,Lazy,False,0,Chain,False,False,False,False,False,0.341268,3682,3571
72.20216606498195,71.93877551020408,3.0,3,8,0,0,2,0.0232572555541992,0,0,0,0.9987769,0.0,0.0,0.9987549999999956,0.0754170417785644,0.0142444708568815,0.9983999999999956,0.1176421642303466,0.0422850908996577,BendWorstOCT,2026-07-10 21:11:47,breast-cancer,,,9,9,0,38,2,9,0.7145877551020391,0.7745018867924515,0.0838443301926674,3600.0004301071167,808817.0,305835123,0.215429624,False,False,SolutionPolishing,False,3,0.0006,45,23612090[].aqua,3600,1,0,0,0.05,-1,-1,0,-1,inf,True,False,False,1,True,True,False,False,False,Lazy,False,0,Chain,False,False,False,False,False,0.396108,3683,3580
72.56317689530685,71.60493827160494,2.6,3,5,0,0,8,0.2141687870025634,0,0,0,0.9877692,0.0,0.0,0.9875263157894691,0.0974459648132324,0.0145602949841664,0.9853730297723255,0.1397631168365478,0.0386362372653379,BendWorstOCT,2026-07-10 21:11:47,breast-cancer,,,9,9,0,38,2,9,0.6860493827160503,0.7591758470117853,0.1065906713686256,3600.008438110352,675474.0,1256683311,0.225839144,False,False,SolutionPolishing,False,3,0.006,27,23612090[].aqua,3600,1,0,0,0.05,-1,-1,0,-1,inf,True,False,False,1,True,False,False,False,False,Lazy,False,0,Chain,False,False,False,False,False,0.39506,3683,3579
72.92418772563177,72.8395061728395,3.0,3,8,0,0,4,0.0282230377197265,0,0,0,0.9959231,0.0,0.0,0.9958421052631534,0.0649559497833252,0.0147955185460886,0.9943999999999956,0.0921170711517334,0.0394604096452322,BendWorstOCT,2026-07-10 21:11:47,breast-cancer,,,9,9,0,38,2,9,0.7123950617283961,0.7890467675378264,0.1075971885928852,3600.0004720687866,640123.0,-388951301,0.206018192,False,False,SolutionPolishing,False,3,0.002,33,23612090[].aqua,3600,1,0,0,0.05,-1,-1,0,-1,inf,True,False,False,1,True,True,False,False,False,Lazy,False,0,Chain,False,False,False,False,False,0.39302,3683,3578
72.20216606498195,71.93877551020408,3.0,3,8,0,0,4,0.0245528221130371,0,0,0,0.9983692,0.0,0.0,0.9983368421052587,0.0750470161437988,0.0146310310779395,0.9977599999999957,0.1082699298858642,0.0386040849173887,BendWorstOCT,2026-07-10 21:11:47,breast-cancer,,,9,9,0,38,2,9,0.7129877551020392,0.8038419753086431,0.1274274621919718,3600.000581979752,592416.0,601437234,0.230908088,False,False,SolutionPolishing,False,3,0.0008,40,23612090[].aqua,3600,1,0,0,0.05,-1,-1,0,-1,inf,True,False,False,1,True,True,True,False,False,Lazy,False,0,Chain,False,False,False,False,False,0.41834,3683,3578
72.56317689530685,71.60493827160494,2.6,3,5,0,0,6,0.2326598167419433,0,0,0,0.9796154,0.0,0.0,0.9792105263157852,0.0694129467010498,0.0183563475749199,0.976828752642702,0.1067519187927246,0.043296298783381,BendWorstOCT,2026-07-10 21:11:47,breast-cancer,,,9,9,0,38,2,9,0.6660493827160501,0.6986281331836892,0.0489134159013673,3600.000612020493,795530.0,696069150,0.199704488,False,False,SolutionPolishing,False,3,0.01,19,23612090[].aqua,3600,1,0,0,0.05,-1,-1,0,-1,inf,True,False,False,1,True,False,False,False,False,Lazy,False,0,Chain,False,False,False,False,False,0.384344,3683,3580
72.92418772563177,72.8395061728395,3.0,3,8,0,0,10,0.2829077243804931,0,0,0,0.9983692,0.0,0.0,0.9983368421052587,0.0715141296386718,0.0146310310779395,0.9977599999999957,0.1102499961853027,0.0386040849173887,BendWorstOCT,2026-07-10 21:11:47,breast-cancer,,,9,9,0,38,2,9,0.7219950617283961,0.7670211028429672,0.0623633643792278,3600.000393152237,887288.0,601437234,0.202021048,False,False,SolutionPolishing,False,3,0.0008,43,23612090[].aqua,3600,1,0,0,0.05,-1,-1,0,-1,inf,True,False,False,1,True,False,False,False,False,Lazy,False,0,Chain,False,False,False,False,False,0.393648,3683,3577
72.56317689530685,71.60493827160494,2.6,3,5,0,0,12,0.2082438468933105,0,0,0,0.9918462,0.0,0.0,0.9916842105263112,0.0643649101257324,0.0147508466479934,0.9893730297723256,0.1014399528503418,0.0389303402418717,BendWorstOCT,2026-07-10 21:11:47,breast-cancer,,,9,9,0,38,2,9,0.6960493827160503,0.7762043413120486,0.1151569997565777,3600.000445842743,587029.0,-175242722,0.208449952,False,False,SolutionPolishing,False,3,0.004,31,23612090[].aqua,3600,1,0,0,0.05,-1,-1,0,-1,inf,True,False,False,1,True,False,False,False,False,Lazy,False,0,Chain,False,False,False,False,False,0.3828,3683,3577
72.20216606498195,71.93877551020408,3.0,3,8,0,0,5,0.0276978015899658,0,0,0,0.9991846,0.0,0.0,0.9991699999999956,0.0570371150970459,0.0146398330799921,0.998933333333329,0.0923850536346435,0.036612118940706,BendWorstOCT,2026-07-10 21:11:47,breast-cancer,,,9,9,0,38,2,9,0.716188265306121,0.7760230355220666,0.0835461471717501,3600.0005769729614,758087.0,-1317906458,0.209414448,False,False,SolutionPolishing,False,3,0.0004,48,23612090[].aqua,3600,1,0,0,0.05,-1,-1,0,-1,inf,True,False,False,1,True,True,True,False,False,Lazy,False,0,Chain,False,False,False,False,False,0.377532,3683,3572
72.92418772563177,72.8395061728395,3.0,3,8,0,0,4,0.0365378856658935,0,0,0,0.9979615,0.0,0.0,0.9979210526315744,0.0769240856170654,0.0147952853984567,0.9971999999999956,0.1158239841461181,0.0392282420748508,BendWorstOCT,2026-07-10 21:11:47,breast-cancer,,,9,9,0,38,2,9,0.7203950617283961,0.8053704388115663,0.1179566346266928,3600.000513076782,546711.0,983495617,0.215748744,False,False,SolutionPolishing,False,3,0.001,37,23612090[].aqua,3600,1,0,0,0.05,-1,-1,0,-1,inf,True,False,False,1,True,True,False,False,False,Lazy,False,0,Chain,False,False,False,False,False,0.401956,3683,3579
72.56317689530685,71.60493827160494,2.6,3,5,0,0,4,0.026806354522705,0,0,0,0.9836923,0.0,0.0,0.9833684210526272,0.0635130405426025,0.0148154228081216,0.9813730297723258,0.0898370742797851,0.0392595036818206,BendWorstOCT,2026-07-10 21:11:47,breast-cancer,,,9,9,0,38,2,9,0.6760493827160503,0.7217777777777776,0.0676406135865578,3600.0005011558533,576889.0,73440880,0.148426472,False,False,SolutionPolishing,False,3,0.008,21,23612090[].aqua,3600,1,0,0,0.05,-1,-1,0,-1,inf,True,False,False,1,True,True,False,False,False,Lazy,False,0,Chain,False,False,False,False,False,0.30404,3683,3576
72.92418772563177,72.8395061728395,3.0,3,8,0,0,7,0.0443499088287353,0,0,0,0.9998,0.0,0.0,0.9996499999999956,0.0350370407104492,0.0114004583821876,0.9995499999999956,0.120819091796875,0.0502297978162901,BendWorstOCT,2026-07-10 21:11:47,breast-cancer,,,9,9,0,38,2,9,0.726795061728396,0.7837280088457945,0.0783342514491029,3600.000988006592,609594.0,1649167955,0.169056632,False,False,SolutionPolishing,False,3,0.0002,53,23612090[].aqua,3600,1,0,0,0.05,-1,-1,0,-1,inf,True,False,False,1,True,True,False,False,False,Lazy,False,0,Chain,False,False,False,False,False,0.343564,3683,3575
72.92418772563177,72.8395061728395,3.0,3,8,0,0,12,0.3170108795166015,0,0,0,0.9979615,0.0,0.0,0.9979210526315744,0.07389497756958,0.0147952853984567,0.9971999999999956,0.1158668994903564,0.0392282420748508,BendWorstOCT,2026-07-10 21:11:47,breast-cancer,,,9,9,0,38,2,9,0.7203950617283961,0.7828346010439969,0.0866740246189275,3600.000777959824,581159.0,983495617,0.190924384,False,False,SolutionPolishing,False,3,0.001,39,23612090[].aqua,3600,1,0,0,0.05,-1,-1,0,-1,inf,True,False,False,1,True,False,False,False,False,Lazy,False,0,Chain,False,False,False,False,False,0.370416,3683,3580
72.92418772563177,72.8395061728395,3.0,3,8,0,0,4,0.0216925144195556,0,0,0,0.9959231,0.0,0.0,0.9958421052631534,0.0667309761047363,0.0147955185460886,0.9943999999999956,0.0945768356323242,0.0394604096452322,BendWorstOCT,2026-07-10 21:11:47,breast-cancer,,,9,9,0,38,2,9,0.7123950617283961,0.7899612756264245,0.1088808977842141,3600.000403881073,631716.0,-388951301,0.205443288,False,False,SolutionPolishing,False,3,0.002,32,23612090[].aqua,3600,1,0,0,0.05,-1,-1,0,-1,inf,True,False,False,1,True,True,True,False,False,Lazy,False,0,Chain,False,False,False,False,False,0.391092,3683,3577
72.92418772563177,72.8395061728395,3.0,3,8,0,0,12,0.11151123046875,0,0,0,0.9959231,0.0,0.0,0.9958421052631534,0.0657370090484619,0.0147955185460886,0.9943999999999956,0.0984630584716796,0.0394604096452322,BendWorstOCT,2026-07-10 21:11:47,breast-cancer,,,9,9,0,38,2,9,0.7123950617283961,0.7729109287720466,0.0849470613915098,3600.000918149948,734107.0,-388951301,0.207658952,False,False,SolutionPolishing,False,3,0.002,34,23612090[].aqua,3600,1,0,0,0.05,-1,-1,0,-1,inf,True,False,False,1,True,False,True,False,False,Lazy,False,0,Chain,False,False,False,False,False,0.3886,3683,3575
72.92418772563177,72.8395061728395,3.0,3,8,0,0,12,0.2417454719543457,0,0,0,0.9959231,0.0,0.0,0.9958421052631534,0.0652101039886474,0.0147955185460886,0.9943999999999956,0.0979771614074707,0.0394604096452322,BendWorstOCT,2026-07-10 21:11:47,breast-cancer,,,9,9,0,38,2,9,0.7123950617283961,0.7724615384615384,0.0843162452409629,3600.000563144684,738417.0,-388951301,0.207658424,False,False,SolutionPolishing,False,3,0.002,35,23612090[].aqua,3600,1,0,0,0.05,-1,-1,0,-1,inf,True,False,False,1,True,False,False,False,False,Lazy,False,0,Chain,False,False,False,False,False,0.380468,3683,3578
72.92418772563177,72.8395061728395,3.0,3,8,0,0,11,0.1257743835449218,0,0,0,0.9991846,0.0,0.0,0.9991699999999956,0.0555970668792724,0.0146398330799921,0.998933333333329,0.0924680233001709,0.036612118940706,BendWorstOCT,2026-07-10 21:11:47,breast-cancer,,,9,9,0,38,2,9,0.7251950617283961,0.7758486840846025,0.0698482725950738,3600.000564098358,783345.0,-1317906458,0.18630528,False,False,SolutionPolishing,False,3,0.0004,50,23612090[].aqua,3600,1,0,0,0.05,-1,-1,0,-1,inf,True,False,False,1,True,False,True,False,False,Lazy,False,0,Chain,False,False,False,False,False,0.346792,3683,3573
72.56317689530685,71.60493827160494,2.6,3,5,0,0,6,0.1302154064178466,0,0,0,0.9796154,0.0,0.0,0.9792105263157852,0.0658249855041503,0.0183563475749199,0.976828752642702,0.0999791622161865,0.043296298783381,BendWorstOCT,2026-07-10 21:11:47,breast-cancer,,,9,9,0,38,2,9,0.6660493827160501,0.6971800947867302,0.0467393452775733,3600.000648021698,807754.0,696069150,0.199705064,False,False,SolutionPolishing,False,3,0.01,18,23612090[].aqua,3600,1,0,0,0.05,-1,-1,0,-1,inf,True,False,False,1,True,False,True,False,False,Lazy,False,0,Chain,False,False,False,False,False,0.37118,3683,3580
72.92418772563177,72.8395061728395,3.0,3,8,0,0,6,0.2452073097229004,0,0,0,0.9987769,0.0,0.0,0.9987549999999956,0.0612192153930664,0.0142444708568815,0.9983999999999956,0.1080861091613769,0.0422850908996577,BendWorstOCT,2026-07-10 21:11:47,breast-cancer,,,9,9,0,38,2,9,0.723595061728396,0.8062102292768959,0.1141732053161934,3600.000602006912,550866.0,305835123,0.185897592,False,False,SolutionPolishing,False,3,0.0006,47,23612090[].aqua,3600,1,0,0,0.05,-1,-1,0,-1,inf,True,False,False,1,True,False,False,False,False,Lazy,False,0,Chain,False,False,False,False,False,0.356364,3683,3573
72.92418772563177,72.8395061728395,3.0,3,8,0,0,12,0.1227242946624755,0,0,0,0.9999,0.0,0.0,0.9998249999999956,0.0404798984527587,0.0110945147555594,0.999771428571424,0.1441729068756103,0.0412282596599645,BendWorstOCT,2026-07-10 21:11:47,breast-cancer,,,9,9,0,38,2,9,0.727595061728396,0.7803880880578997,0.0725582526688598,3600.00057888031,748118.0,-1340299538,0.218369864,False,False,SolutionPolishing,False,3,0.0001,58,23612090[].aqua,3600,1,0,0,0.05,-1,-1,0,-1,inf,True,False,False,1,True,False,True,False,False,Lazy,False,0,Chain,False,False,False,False,False,0.368384,3682,3576
72.56317689530685,71.60493827160494,2.6,3,5,0,0,4,0.0286183357238769,0,0,0,0.9796154,0.0,0.0,0.9792105263157852,0.0676679611206054,0.0183563475749199,0.976828752642702,0.0955398082733154,0.043296298783381,BendWorstOCT,2026-07-10 21:11:47,breast-cancer,,,9,9,0,38,2,9,0.6660493827160496,0.722746113989637,0.0851239153505203,3600.000587940216,679063.0,696069150,0.212810936,False,False,SolutionPolishing,False,3,0.01,16,23612090[].aqua,3600,1,0,0,0.05,-1,-1,0,-1,inf,True,False,False,1,True,True,True,False,False,Lazy,False,0,Chain,False,False,False,False,False,0.390864,3683,3578
72.20216606498195,71.93877551020408,3.0,3,8,0,0,7,0.0520191192626953,0,0,0,0.9999,0.0,0.0,0.9998249999999956,0.0410671234130859,0.0110945147555594,0.999771428571424,0.1203949451446533,0.0408367086599654,BendWorstOCT,2026-07-10 21:11:47,breast-cancer,,,9,9,0,38,2,9,0.7185877551020391,0.7985610001988467,0.1112922458377424,3600.000610113144,561070.0,-1340299538,0.212985728,False,False,SolutionPolishing,False,3,0.0001,57,23612090[].aqua,3600,1,0,0,0.05,-1,-1,0,-1,inf,True,False,False,1,True,True,False,False,False,Lazy,False,0,Chain,False,False,False,False,False,0.36252,3683,3578
72.92418772563177,72.8395061728395,3.0,3,8,0,0,12,0.3063461780548095,0,0,0,0.9999,0.0,0.0,0.9998249999999956,0.0404200553894043,0.0110945147555594,0.999771428571424,0.1447980403900146,0.0412282596599645,BendWorstOCT,2026-07-10 21:11:47,breast-cancer,,,9,9,0,38,2,9,0.727595061728396,0.7886043282139409,0.0838505780132946,3600.000559091568,667163.0,-1340299538,0.194568536,False,False,SolutionPolishing,False,3,0.0001,59,23612090[].aqua,3600,1,0,0,0.05,-1,-1,0,-1,inf,True,False,False,1,True,False,False,False,False,Lazy,False,0,Chain,False,False,False,False,False,0.349324,3683,3578
72.92418772563177,72.8395061728395,3.0,3,8,0,0,4,0.0242085456848144,0,0,0,0.9979615,0.0,0.0,0.9979210526315744,0.0658938884735107,0.0147952853984567,0.9971999999999956,0.0940909385681152,0.0392282420748508,BendWorstOCT,2026-07-10 21:11:47,breast-cancer,,,9,9,0,38,2,9,0.7203950617283961,0.8030807840292663,0.1147783024809857,3600.000539064408,561806.0,983495617,0.215749896,False,False,SolutionPolishing,False,3,0.001,36,23612090[].aqua,3600,1,0,0,0.05,-1,-1,0,-1,inf,True,False,False,1,True,True,True,False,False,Lazy,False,0,Chain,False,False,False,False,False,0.389748,3683,3578
72.20216606498195,71.93877551020408,3.0,3,8,0,0,5,0.0419926643371582,0,0,0,0.9991846,0.0,0.0,0.9991699999999956,0.062101125717163,0.0146398330799921,0.998933333333329,0.096898078918457,0.036612118940706,BendWorstOCT,2026-07-10 21:11:47,breast-cancer,,,9,9,0,38,2,9,0.716188265306121,0.7766210735586485,0.0843811762633344,3600.0005581378937,753319.0,-1317906458,0.209414048,False,False,SolutionPolishing,False,3,0.0004,49,23612090[].aqua,3600,1,0,0,0.05,-1,-1,0,-1,inf,True,False,False,1,True,True,False,False,False,Lazy,False,0,Chain,False,False,False,False,False,0.376784,3684,3572
72.20216606498195,71.93877551020408,3.0,3,8,0,0,4,0.2368943691253662,0,0,0,0.9983692,0.01,0.0,0.9983368421052587,1.7214980125427246,0.0146310310779395,0.9977599999999957,1.896003007888794,0.0386040849173887,BendWorstOCT,2026-07-10 21:11:47,breast-cancer,,,9,9,0,38,2,9,0.7129877551020392,0.7977858196326821,0.1189334093381549,3600.0121788978577,662792.0,601437234,0.240240544,False,False,SolutionPolishing,False,3,0.0008,41,23612090[].aqua,3600,1,0,0,0.05,-1,-1,0,-1,inf,True,False,False,1,True,True,False,False,False,Lazy,False,0,Chain,False,False,False,False,False,0.441768,3683,3586
72.92418772563177,72.8395061728395,3.0,3,8,0,0,9,0.0355291366577148,0,0,0,0.9999,0.0,0.0,0.9998249999999956,0.0473418235778808,0.0110945147555594,0.999771428571424,0.1211798191070556,0.0408367086599654,BendWorstOCT,2026-07-10 21:11:47,breast-cancer,,,9,9,0,38,2,9,0.727595061728396,0.7770777777777778,0.0680085924880192,3600.000587940216,770911.0,-1340299538,0.234823872,False,False,SolutionPolishing,False,3,0.0001,56,23612090[].aqua,3600,1,0,0,0.05,-1,-1,0,-1,inf,True,False,False,1,True,True,True,False,False,Lazy,False,0,Chain,False,False,False,False,False,0.390548,3683,3580
72.56317689530685,71.60493827160494,2.6,3,5,0,0,12,0.0954732894897461,0,0,0,0.9918462,0.0,0.0,0.9916842105263112,0.0645949840545654,0.0147508466479934,0.9893730297723256,0.0975041389465332,0.0389303402418717,BendWorstOCT,2026-07-10 21:11:47,breast-cancer,,,9,9,0,38,2,9,0.6960493827160503,0.7758364274962357,0.1146284254557468,3600.0005869865417,590339.0,-175242722,0.209687744,False,False,SolutionPolishing,False,3,0.004,30,23612090[].aqua,3600,1,0,0,0.05,-1,-1,0,-1,inf,True,False,False,1,True,False,True,False,False,Lazy,False,0,Chain,False,False,False,False,False,0.388876,3684,3577
72.92418772563177,72.8395061728395,3.0,3,8,0,0,6,0.1099905967712402,0,0,0,0.9987769,0.0,0.0,0.9987549999999956,0.0572350025177001,0.0142444708568815,0.9983999999999956,0.1096971035003662,0.0422850908996577,BendWorstOCT,2026-07-10 21:11:47,breast-cancer,,,9,9,0,38,2,9,0.723595061728396,0.8040742849475125,0.1112213549756433,3600.000561952591,566740.0,305835123,0.18754812,False,False,SolutionPolishing,False,3,0.0006,46,23612090[].aqua,3600,1,0,0,0.05,-1,-1,0,-1,inf,True,False,False,1,True,False,True,False,False,Lazy,False,0,Chain,False,False,False,False,False,0.352172,3683,3575
72.56317689530685,71.60493827160494,2.6,3,5,0,0,2,0.0183498859405517,0,0,0,0.9918462,0.0,0.0,0.9916842105263112,0.0630109310150146,0.0147508466479934,0.9893730297723256,0.0894908905029296,0.0389303402418717,BendWorstOCT,2026-07-10 21:11:47,breast-cancer,,,9,9,0,38,2,9,0.6960493827160503,0.7666955379360442,0.1014958952256029,3600.000566005707,605831.0,-175242722,0.182923232,False,False,SolutionPolishing,False,3,0.004,29,23612090[].aqua,3600,1,0,0,0.05,-1,-1,0,-1,inf,True,False,False,1,True,True,False,False,False,Lazy,False,0,Chain,False,False,False,False,False,0.368212,3684,3584
72.56317689530685,71.60493827160494,2.6,3,5,0,0,2,0.015221357345581,0,0,0,0.9918462,0.0,0.0,0.9916842105263112,0.089691162109375,0.0147508466479934,0.9893730297723256,0.1370999813079834,0.0389303402418717,BendWorstOCT,2026-07-10 21:11:47,breast-cancer,,,9,9,0,38,2,9,0.6960493827160503,0.7607675531323028,0.0929792799524023,3600.0012900829315,662095.0,-175242722,0.189985296,False,False,SolutionPolishing,False,3,0.004,28,23612090[].aqua,3600,1,0,0,0.05,-1,-1,0,-1,inf,True,False,False,1,True,True,True,False,False,Lazy,False,0,Chain,False,False,False,False,False,0.344976,3684,3578
68.95306859205776,67.90123456790124,1.6666666666666667,2,3,0,0,4,0.3172247409820556,0,0,0,0.9575,0.0,0.0,0.957194253007824,0.0459470748901367,0.017727307523629,0.953739065606359,0.1112749576568603,0.0466218773113412,BendWorstOCT,2026-07-10 21:13:00,breast-cancer,,,9,9,0,38,2,9,0.6190123456790131,0.837149798230615,0.3523959644331817,3600.000601053238,213459.0,-256069884,0.295000712,False,False,SolutionPolishing,False,4,0.02,75,23612090[].aqua,3600,1,0,0,0.05,-1,-1,0,-1,inf,True,False,False,1,True,False,False,False,False,Lazy,False,0,Chain,False,False,False,False,False,0.443412,3680,3575
76.53429602888086,76.53061224489795,3.75,4,12,0,0,16,0.2960996627807617,0,0,0,0.9915,0.0,0.0,0.991329192546584,0.0673291683197021,0.0172913965115145,0.9905859872611428,0.133552074432373,0.0741083439590028,BendWorstOCT,2026-07-10 21:13:00,breast-cancer,,,9,9,0,38,2,9,0.7173066326530728,0.9643597245720912,0.3444176878795239,3600.000900030136,214514.0,-1869950401,0.337340648,False,False,SolutionPolishing,False,4,0.004,90,23612090[].aqua,3600,1,0,0,0.05,-1,-1,0,-1,inf,True,False,False,1,True,False,True,False,False,Lazy,False,0,Chain,False,False,False,False,False,0.500528,3680,3580
76.53429602888086,76.53061224489795,3.857142857142857,4,14,0,0,8,0.0454623699188232,0,0,0,0.997875,0.0,0.0,0.9978322981366428,0.0673720836639404,0.0172721785990145,0.9976464968152822,0.1188650131225586,0.0570569005952159,BendWorstOCT,2026-07-10 21:13:00,breast-cancer,,,9,9,0,38,2,9,0.7513066326530595,0.9905699999999964,0.3184630042490583,3600.001061916352,205366.0,1146864769,0.311382536,False,False,SolutionPolishing,False,4,0.001,96,23612090[].aqua,3600,1,0,0,0.05,-1,-1,0,-1,inf,True,False,False,1,True,True,True,False,False,Lazy,False,0,Chain,False,False,False,False,False,0.471424,3680,3575
77.9783393501805,77.77777777777777,4.0,4,16,0,0,18,0.4774177074432373,0,0,0,0.99575,0.0,0.0,0.9956645962732896,0.0673179626464843,0.0172914025115145,0.9952929936305688,0.1112949848175048,0.0569055117289225,BendWorstOCT,2026-07-10 21:13:00,breast-cancer,,,9,9,0,38,2,9,0.745777777777779,0.9826109362981575,0.3175653198276824,3600.0005939006805,213801.0,1182035272,0.311996664,False,False,SolutionPolishing,False,4,0.002,94,23612090[].aqua,3600,1,0,0,0.05,-1,-1,0,-1,inf,True,False,False,1,True,False,True,False,False,Lazy,False,0,Chain,False,False,False,False,False,0.48028,3680,3575
77.61732851985559,77.55102040816327,3.75,4,12,0,0,6,0.0635640621185302,0,0,0,0.9915,0.0,0.0,0.991329192546584,0.0762081146240234,0.0172913965115145,0.9905859872611428,0.1456809043884277,0.0741083439590028,BendWorstOCT,2026-07-10 21:13:00,breast-cancer,,,9,9,0,38,2,9,0.7275107142857127,0.965835830446834,0.3275898367972693,3600.001325130462,233175.0,-1869950401,0.346340112,False,False,SolutionPolishing,False,4,0.004,89,23612090[].aqua,3600,1,0,0,0.05,-1,-1,0,-1,inf,True,False,False,1,True,True,False,False,False,Lazy,False,0,Chain,False,False,False,False,False,0.521388,3680,3577
77.9783393501805,77.77777777777777,3.857142857142857,4,14,0,0,17,0.4854168891906738,0,0,0,0.997875,0.0,0.0,0.9978322981366428,0.1382179260253906,0.0172721785990145,0.9976464968152822,0.246453046798706,0.0570569005952159,BendWorstOCT,2026-07-10 21:13:00,breast-cancer,,,9,9,0,38,2,9,0.763777777777779,0.9915273437499966,0.2981882592013319,3600.0078999996185,174272.0,1146864769,0.276747832,False,False,SolutionPolishing,False,4,0.001,99,23612090[].aqua,3600,1,0,0,0.05,-1,-1,0,-1,inf,True,False,False,1,True,False,False,False,False,Lazy,False,0,Chain,False,False,False,False,False,0.430964,3680,3582
68.95306859205776,67.90123456790124,1.6666666666666667,2,3,0,0,5,0.438544750213623,0,0,0,0.9159471,0.0,0.01,0.9156029588852546,0.0825262069702148,0.020662693202765,0.9082322429826378,0.3744511604309082,0.0755241394497112,BendWorstOCT,2026-07-10 21:13:00,breast-cancer,,,9,9,0,38,2,9,0.5590123456790131,0.6889999999999971,0.2325309187279081,3600.00124502182,139662.0,429789089,0.166534848,False,False,SolutionPolishing,False,4,0.04,71,23612090[].aqua,3600,1,0,0,0.05,-1,-1,0,-1,inf,True,False,False,1,True,False,False,False,False,Lazy,False,0,Chain,False,False,False,False,False,0.307152,3681,3582
68.95306859205776,67.90123456790124,1.6666666666666667,2,3,0,0,4,0.2376422882080078,0,0,0,0.9575,0.0,0.0,0.957194253007824,0.048893928527832,0.017727307523629,0.953739065606359,0.1128580570220947,0.0466218773113412,BendWorstOCT,2026-07-10 21:13:00,breast-cancer,,,9,9,0,38,2,9,0.6190123456790131,0.8370481244096174,0.3522317127478845,3600.0009310245514,214863.0,-256069884,0.297482072,False,False,SolutionPolishing,False,4,0.02,74,23612090[].aqua,3600,1,0,0,0.05,-1,-1,0,-1,inf,True,False,False,1,True,False,True,False,False,Lazy,False,0,Chain,False,False,False,False,False,0.451784,3680,3575
77.61732851985559,77.55102040816327,4.0,4,16,0,0,6,0.0384516716003418,0,0,0,0.9999,0.0,0.0,0.9998249999999956,0.0491251945495605,0.0207275712772668,0.9997749999999956,0.1297051906585693,0.054266321093402,BendWorstOCT,2026-07-10 21:13:00,breast-cancer,,,9,9,0,38,2,9,0.7739102040816304,0.9991250066827008,0.291008958679288,3600.0006511211395,160670.0,1955517771,0.273715632,False,False,SolutionPolishing,False,4,0.0001,116,23612090[].aqua,3600,1,0,0,0.05,-1,-1,0,-1,inf,True,False,False,1,True,True,True,False,False,Lazy,False,0,Chain,False,False,False,False,False,0.425136,3679,3577
76.53429602888086,76.53061224489795,3.636363636363636,4,11,0,0,5,0.0410048961639404,0,0,0,0.98725,0.0,0.0,0.9869937888198782,0.0753700733184814,0.0172914825115145,0.9858789808917162,0.1359760761260986,0.0741622764754582,BendWorstOCT,2026-07-10 21:13:00,breast-cancer,,,9,9,0,38,2,9,0.6993061224489774,0.9484562902111848,0.3562819768968718,3600.000534057617,252364.0,-1136820944,0.333555472,False,False,SolutionPolishing,False,4,0.006,84,23612090[].aqua,3600,1,0,0,0.05,-1,-1,0,-1,inf,True,False,False,1,True,True,True,False,False,Lazy,False,0,Chain,False,False,False,False,False,0.496272,3680,3576
77.9783393501805,77.77777777777777,4.0,4,16,0,0,18,0.4067614078521728,0,0,0,0.9998,0.0,0.0,0.9996499999999956,0.0883491039276123,0.0177672628369858,0.9995333333333288,0.257418155670166,0.0455418908990166,BendWorstOCT,2026-07-10 21:13:00,breast-cancer,,,9,9,0,38,2,9,0.774577777777779,0.995173944581794,0.2847953725665783,3600.0006589889526,185785.0,1219866785,0.300718864,False,False,SolutionPolishing,False,4,0.0002,114,23612090[].aqua,3600,1,0,0,0.05,-1,-1,0,-1,inf,True,False,False,1,True,False,True,False,False,Lazy,False,0,Chain,False,False,False,False,False,0.43598,3679,3582
77.9783393501805,77.77777777777777,3.857142857142857,4,14,0,0,17,0.2839770317077636,0,0,0,0.997875,0.0,0.0,0.9978322981366428,0.1287610530853271,0.0172721785990145,0.9976464968152822,0.2404990196228027,0.0570569005952159,BendWorstOCT,2026-07-10 21:13:00,breast-cancer,,,9,9,0,38,2,9,0.763777777777779,0.9913949367088578,0.2980149011317582,3600.000787973404,187912.0,1146864769,0.29230448,False,False,SolutionPolishing,False,4,0.001,98,23612090[].aqua,3600,1,0,0,0.05,-1,-1,0,-1,inf,True,False,False,1,True,False,True,False,False,Lazy,False,0,Chain,False,False,False,False,False,0.458156,3680,3588
68.95306859205776,67.90123456790124,1.6666666666666667,2,3,0,0,4,0.0445296764373779,0,0,0,0.9159471,0.0,0.01,0.9156029588852546,0.0743169784545898,0.020662693202765,0.9082322429826378,0.3588480949401855,0.0755241394497112,BendWorstOCT,2026-07-10 21:13:00,breast-cancer,,,9,9,0,38,2,9,0.5590123456790131,0.6905105093931869,0.235233022545231,3600.0009329319,126555.0,429789089,0.159813792,False,False,SolutionPolishing,False,4,0.04,69,23612090[].aqua,3600,1,0,0,0.05,-1,-1,0,-1,inf,True,False,False,1,True,True,False,False,False,Lazy,False,0,Chain,False,False,False,False,False,0.299872,3681,3584
68.95306859205776,67.90123456790124,1.6666666666666667,2,3,0,0,2,0.0097639560699462,0,0,0,0.9575,0.01,0.0,0.957194253007824,1.5915539264678955,0.017727307523629,0.953739065606359,1.7719500064849854,0.0466218773113412,BendWorstOCT,2026-07-10 21:13:00,breast-cancer,,,9,9,0,38,2,9,0.6190123456790131,0.8368137208554693,0.3518530392758862,3600.0006608963013,195971.0,-256069884,0.28215304,False,False,SolutionPolishing,False,4,0.02,72,23612090[].aqua,3600,1,0,0,0.05,-1,-1,0,-1,inf,True,False,False,1,True,True,True,False,False,Lazy,False,0,Chain,False,False,False,False,False,0.432576,3680,3589
68.95306859205776,67.90123456790124,1.6666666666666667,2,3,0,0,2,0.0078580379486083,0,0,0,0.9575,0.0,0.0,0.957194253007824,0.0457689762115478,0.017727307523629,0.953739065606359,0.0841639041900634,0.0466218773113412,BendWorstOCT,2026-07-10 21:13:00,breast-cancer,,,9,9,0,38,2,9,0.6190123456790131,0.8379209157543893,0.3536416867990716,3600.0008590221405,187739.0,-256069884,0.27615244,False,False,SolutionPolishing,False,4,0.02,73,23612090[].aqua,3600,1,0,0,0.05,-1,-1,0,-1,inf,True,False,False,1,True,True,False,False,False,Lazy,False,0,Chain,False,False,False,False,False,0.43354,3680,3575
74.36823104693141,74.07407407407408,3.636363636363636,4,11,0,0,4,0.0344758033752441,0,0,0,0.99575,0.0,0.0,0.9956645962732896,0.0680830478668212,0.0172914025115145,0.9952929936305688,0.1129131317138671,0.0569055117289225,BendWorstOCT,2026-07-10 21:13:00,breast-cancer,,,9,9,0,38,2,9,0.7187407407407418,0.9793067489725572,0.3625312904389881,3600.00195813179,243889.0,1182035272,0.368831704,False,False,SolutionPolishing,False,4,0.002,93,23612090[].aqua,3600,1,0,0,0.05,-1,-1,0,-1,inf,True,False,False,1,True,True,False,False,False,Lazy,False,0,Chain,False,False,False,False,False,0.527772,3680,3583
76.17328519855596,76.0204081632653,3.636363636363636,4,11,0,0,14,0.4437558650970459,0,0,0,0.983,0.0,0.0,0.9827590361445776,0.0773150920867919,0.0173308155046561,0.9814999999999956,0.1440091133117675,0.0443446758568441,BendWorstOCT,2026-07-10 21:13:00,breast-cancer,,,9,9,0,38,2,9,0.672204081632651,0.9364574666191172,0.393114817667645,3600.001174211502,177440.0,216114571,0.299442184,False,False,SolutionPolishing,False,4,0.008,83,23612090[].aqua,3600,1,0,0,0.05,-1,-1,0,-1,inf,True,False,False,1,True,False,False,False,False,Lazy,False,0,Chain,False,False,False,False,False,0.4654,3680,3576
76.53429602888086,76.53061224489795,3.636363636363636,4,11,0,0,5,0.0467503070831298,0,0,0,0.98725,0.0,0.0,0.9869937888198782,0.0784120559692382,0.0172914825115145,0.9858789808917162,0.1431701183319091,0.0741622764754582,BendWorstOCT,2026-07-10 21:13:00,breast-cancer,,,9,9,0,38,2,9,0.6993061224489774,0.9484285075645248,0.3562422480202494,3600.00169301033,253645.0,-1136820944,0.335619024,False,False,SolutionPolishing,False,4,0.006,85,23612090[].aqua,3600,1,0,0,0.05,-1,-1,0,-1,inf,True,False,False,1,True,True,False,False,False,Lazy,False,0,Chain,False,False,False,False,False,0.488492,3680,3576
77.61732851985559,77.55102040816327,3.75,4,12,0,0,6,0.0398671627044677,0,0,0,0.9915,0.0,0.0,0.991329192546584,0.0956389904022216,0.0172913965115145,0.9905859872611428,0.1571450233459472,0.0741083439590028,BendWorstOCT,2026-07-10 21:13:00,breast-cancer,,,9,9,0,38,2,9,0.7275107142857127,0.9654015748031451,0.3269929306140864,3600.000694990158,247798.0,-1869950401,0.362795712,False,False,SolutionPolishing,False,4,0.004,88,23612090[].aqua,3600,1,0,0,0.05,-1,-1,0,-1,inf,True,False,False,1,True,True,True,False,False,Lazy,False,0,Chain,False,False,False,False,False,0.559184,3680,3579
76.53429602888086,76.53061224489795,3.933333333333333,4,15,0,0,6,0.0420784950256347,0,0,0,0.9983,0.0,0.0,0.9982658385093132,0.0705440044403076,0.0172723465990145,0.9981171974522248,0.1121900081634521,0.0592083853873479,BendWorstOCT,2026-07-10 21:13:00,breast-cancer,,,9,9,0,38,2,9,0.7533066326530595,0.992048257227774,0.3169248938296136,3600.001214981079,198897.0,-850789048,0.2982902,False,False,SolutionPolishing,False,4,0.0008,100,23612090[].aqua,3600,1,0,0,0.05,-1,-1,0,-1,inf,True,False,False,1,True,True,True,False,False,Lazy,False,0,Chain,False,False,False,False,False,0.461876,3680,3579
68.95306859205776,67.90123456790124,1.6666666666666667,2,3,0,0,5,0.3445155620574951,0,0,0,0.9159471,0.0,0.01,0.9156029588852546,0.0759029388427734,0.020662693202765,0.9082322429826378,0.3636729717254638,0.0755241394497112,BendWorstOCT,2026-07-10 21:13:00,breast-cancer,,,9,9,0,38,2,9,0.5590123456790131,0.6891328144826993,0.2327685064730247,3600.001238822937,139332.0,429789089,0.16653632,False,False,SolutionPolishing,False,4,0.04,70,23612090[].aqua,3600,1,0,0,0.05,-1,-1,0,-1,inf,True,False,False,1,True,False,True,False,False,Lazy,False,0,Chain,False,False,False,False,False,0.307656,3682,3583
76.53429602888086,76.53061224489795,3.5454545454545454,4,11,0,0,11,0.306180477142334,0,0,0,0.97875,0.0,0.0,0.9787009938179794,0.0472140312194824,0.0179162894515194,0.976331740332525,0.135815143585205,0.0540140241172347,BendWorstOCT,2026-07-10 21:13:00,breast-cancer,,,9,9,0,38,2,9,0.6553061224489775,0.9207975758361394,0.4051411154148545,3600.000710964203,192349.0,-1829995714,0.295640952,False,False,SolutionPolishing,False,4,0.01,78,23612090[].aqua,3600,1,0,0,0.05,-1,-1,0,-1,inf,True,False,False,1,True,False,True,False,False,Lazy,False,0,Chain,False,False,False,False,False,0.45254,3680,3576
77.9783393501805,77.77777777777777,4.0,4,16,0,0,18,0.6578648090362549,0,0,0,0.99575,0.0,0.0,0.9956645962732896,0.067371129989624,0.0172914025115145,0.9952929936305688,0.1188859939575195,0.0569055117289225,BendWorstOCT,2026-07-10 21:13:00,breast-cancer,,,9,9,0,38,2,9,0.745777777777779,0.98259086610536,0.3175384080673756,3600.000622987747,214346.0,1182035272,0.31199612,False,False,SolutionPolishing,False,4,0.002,95,23612090[].aqua,3600,1,0,0,0.05,-1,-1,0,-1,inf,True,False,False,1,True,False,False,False,False,Lazy,False,0,Chain,False,False,False,False,False,0.479516,3680,3576
76.53429602888086,76.53061224489795,3.75,4,12,0,0,16,0.4497556686401367,0,0,0,0.9915,0.0,0.0,0.991329192546584,0.0687630176544189,0.0172913965115145,0.9905859872611428,0.1427500247955322,0.0741083439590028,BendWorstOCT,2026-07-10 21:13:00,breast-cancer,,,9,9,0,38,2,9,0.7173066326530728,0.9642542372881338,0.3442706276417463,3600.000685930252,216241.0,-1869950401,0.337340488,False,False,SolutionPolishing,False,4,0.004,91,23612090[].aqua,3600,1,0,0,0.05,-1,-1,0,-1,inf,True,False,False,1,True,False,False,False,False,Lazy,False,0,Chain,False,False,False,False,False,0.50436,3680,3582
76.53429602888086,76.53061224489795,3.857142857142857,4,14,0,0,8,0.068692922592163,0,0,0,0.997875,0.0,0.0,0.9978322981366428,0.0675270557403564,0.0172721785990145,0.9976464968152822,0.1218039989471435,0.0570569005952159,BendWorstOCT,2026-07-10 21:13:00,breast-cancer,,,9,9,0,38,2,9,0.7513066326530595,0.9906146931927096,0.3185224915353014,3600.0014131069183,203389.0,1146864769,0.309022616,False,False,SolutionPolishing,False,4,0.001,97,23612090[].aqua,3600,1,0,0,0.05,-1,-1,0,-1,inf,True,False,False,1,True,True,False,False,False,Lazy,False,0,Chain,False,False,False,False,False,0.4702,3680,3576
77.9783393501805,77.77777777777777,4.0,4,16,0,0,18,0.561650276184082,0,0,0,0.9998,0.0,0.0,0.9996499999999956,0.0866680145263671,0.0177672628369858,0.9995333333333288,0.2539060115814209,0.0455418908990166,BendWorstOCT,2026-07-10 21:13:00,breast-cancer,,,9,9,0,38,2,9,0.774577777777779,0.9956153755745392,0.2853652714268475,3600.00075507164,178052.0,1219866785,0.289406504,False,False,SolutionPolishing,False,4,0.0002,115,23612090[].aqua,3600,1,0,0,0.05,-1,-1,0,-1,inf,True,False,False,1,True,False,False,False,False,Lazy,False,0,Chain,False,False,False,False,False,0.439688,3679,3580
68.95306859205776,67.90123456790124,1.6666666666666667,2,3,0,0,4,0.0479869842529296,0,0,0,0.9159471,0.02,0.01,0.9156029588852546,2.4242520332336426,0.020662693202765,0.9082322429826378,2.889554977416992,0.0755241394497112,BendWorstOCT,2026-07-10 21:13:00,breast-cancer,,,9,9,0,38,2,9,0.5590123456790131,0.6861314740988947,0.2273995009277914,3600.020471096039,144861.0,429789089,0.170392136,False,False,SolutionPolishing,False,4,0.04,68,23612090[].aqua,3600,1,0,0,0.05,-1,-1,0,-1,inf,True,False,False,1,True,True,True,False,False,Lazy,False,0,Chain,False,False,False,False,False,0.33062,3681,3589
71.11913357400722,70.91836734693878,2.6666666666666665,3,6,0,0,3,0.0234463214874267,0,0,0,0.97875,0.0,0.0,0.9787009938179794,0.0488810539245605,0.0179162894515194,0.976331740332525,0.1332049369812011,0.0540140241172347,BendWorstOCT,2026-07-10 21:13:00,breast-cancer,,,9,9,0,38,2,9,0.6491836734693861,0.913784103033076,0.4075894702490045,3600.000557899475,260631.0,-1829995714,0.386040072,False,False,SolutionPolishing,False,4,0.01,77,23612090[].aqua,3600,1,0,0,0.05,-1,-1,0,-1,inf,True,False,False,1,True,True,False,False,False,Lazy,False,0,Chain,False,False,False,False,False,0.564416,3680,3575
77.61732851985559,77.55102040816327,4.0,4,16,0,0,6,0.2830688953399658,0,0,0,0.9999,0.0,0.0,0.9998249999999956,0.0523591041564941,0.0207275712772668,0.9997749999999956,0.1307511329650879,0.054266321093402,BendWorstOCT,2026-07-10 21:13:00,breast-cancer,,,9,9,0,38,2,9,0.7739102040816304,0.9991238543371492,0.2910074696879998,3600.001061201096,161893.0,1955517771,0.27851116,False,False,SolutionPolishing,False,4,0.0001,117,23612090[].aqua,3600,1,0,0,0.05,-1,-1,0,-1,inf,True,False,False,1,True,True,False,False,False,Lazy,False,0,Chain,False,False,False,False,False,0.428468,3679,3576
71.11913357400722,70.91836734693878,2.6666666666666665,3,6,0,0,3,0.0163149833679199,0,0,0,0.97875,0.0,0.0,0.9787009938179794,0.0443048477172851,0.0179162894515194,0.976331740332525,0.1228778362274169,0.0540140241172347,BendWorstOCT,2026-07-10 21:13:00,breast-cancer,,,9,9,0,38,2,9,0.6491836734693861,0.913784103033076,0.4075894702490045,3600.0015029907227,260736.0,-1829995714,0.386040824,False,False,SolutionPolishing,False,4,0.01,76,23612090[].aqua,3600,1,0,0,0.05,-1,-1,0,-1,inf,True,False,False,1,True,True,True,False,False,Lazy,False,0,Chain,False,False,False,False,False,0.566188,3680,3575
76.53429602888086,76.53061224489795,3.5454545454545454,4,11,0,0,14,0.543752908706665,0,0,0,0.98725,0.0,0.0,0.9869937888198782,0.0757219791412353,0.0172914825115145,0.9858789808917162,0.1518881320953369,0.0741622764754582,BendWorstOCT,2026-07-10 21:13:00,breast-cancer,,,9,9,0,38,2,9,0.6993061224489774,0.9485083798882664,0.3563564645574389,3600.000720977783,209848.0,-1136820944,0.3150356,False,False,SolutionPolishing,False,4,0.006,87,23612090[].aqua,3600,1,0,0,0.05,-1,-1,0,-1,inf,True,False,False,1,True,False,False,False,False,Lazy,False,0,Chain,False,False,False,False,False,0.470468,3680,3575
79.06137184115524,79.01234567901234,3.933333333333333,4,15,0,0,15,0.4216034412384033,0,0,0,0.99915,0.0,0.0,0.9991329192546544,0.6840229034423828,0.017421619489952,0.9989999999999956,0.8351278305053711,0.0691200164285677,BendWorstOCT,2026-07-10 21:13:00,breast-cancer,,,9,9,0,38,2,9,0.7841234567901247,0.9965343195266236,0.2708895657911072,3600.0409581661224,146474.0,-1029850820,0.242676936,False,False,SolutionPolishing,False,4,0.0004,111,23612090[].aqua,3600,1,0,0,0.05,-1,-1,0,-1,inf,True,False,False,1,True,False,False,False,False,Lazy,False,0,Chain,False,False,False,False,False,0.397536,3679,3576
79.06137184115524,79.01234567901234,3.933333333333333,4,15,0,0,15,0.2542791366577148,0,0,0,0.99915,0.0,0.0,0.9991329192546544,0.6839690208435059,0.017421619489952,0.9989999999999956,0.8294129371643066,0.0691200164285677,BendWorstOCT,2026-07-10 21:13:00,breast-cancer,,,9,9,0,38,2,9,0.7841234567901247,0.9965062911418996,0.2708538209291454,3600.040909051895,150543.0,-1029850820,0.247794336,False,False,SolutionPolishing,False,4,0.0004,110,23612090[].aqua,3600,1,0,0,0.05,-1,-1,0,-1,inf,True,False,False,1,True,False,True,False,False,Lazy,False,0,Chain,False,False,False,False,False,0.40622,3679,3577
74.0072202166065,73.9795918367347,3.2857142857142856,4,7,0,0,7,0.1100649833679199,0,0,0,0.983,0.0,0.0,0.9827590361445776,0.0500221252441406,0.0173308155046561,0.9814999999999956,0.0904071331024169,0.0443446758568441,BendWorstOCT,2026-07-10 21:13:00,breast-cancer,,,9,9,0,38,2,9,0.683795918367345,0.9354732457545653,0.3680591249917573,3600.0007441043854,217192.0,216114571,0.32430056,False,False,SolutionPolishing,False,4,0.008,81,23612090[].aqua,3600,1,0,0,0.05,-1,-1,0,-1,inf,True,False,False,1,True,True,False,False,False,Lazy,False,0,Chain,False,False,False,False,False,0.481928,3680,3572
74.36823104693141,74.07407407407408,3.636363636363636,4,11,0,0,4,0.0354843139648437,0,0,0,0.99575,0.0,0.0,0.9956645962732896,0.0676300525665283,0.0172914025115145,0.9952929936305688,0.1100549697875976,0.0569055117289225,BendWorstOCT,2026-07-10 21:13:00,breast-cancer,,,9,9,0,38,2,9,0.7187407407407418,0.9793389586381293,0.3625761044640548,3600.0005271434784,243184.0,1182035272,0.367920808,False,False,SolutionPolishing,False,4,0.002,92,23612090[].aqua,3600,1,0,0,0.05,-1,-1,0,-1,inf,True,False,False,1,True,True,True,False,False,Lazy,False,0,Chain,False,False,False,False,False,0.528988,3680,3583
78.33935018050542,77.77777777777777,3.769230769230769,4,13,0,0,5,0.0404491424560546,0,0,0,0.998725,0.0,0.0,0.9986993788819838,0.1108109951019287,0.0173944731962021,0.9985333333333288,0.1955921649932861,0.0632886021664226,BendWorstOCT,2026-07-10 21:13:00,breast-cancer,,,9,9,0,38,2,9,0.7699778207791892,0.9943347191011194,0.2913809882145556,3600.000680208206,202562.0,-1163684819,0.307680552,False,False,SolutionPolishing,False,4,0.0006,104,23612090[].aqua,3600,1,0,0,0.05,-1,-1,0,-1,inf,True,False,False,1,True,True,True,False,False,Lazy,False,0,Chain,False,False,False,False,False,0.484732,3680,3579
76.53429602888086,76.53061224489795,3.5454545454545454,4,11,0,0,11,0.4972679615020752,0,0,0,0.97875,0.0,0.0,0.9787009938179794,0.0527529716491699,0.0179162894515194,0.976331740332525,0.1719329357147216,0.0540140241172347,BendWorstOCT,2026-07-10 21:13:00,breast-cancer,,,9,9,0,38,2,9,0.6553061224489775,0.922489586226046,0.4077231306470382,3600.0006840229034,171131.0,-1829995714,0.27057052,False,False,SolutionPolishing,False,4,0.01,79,23612090[].aqua,3600,1,0,0,0.05,-1,-1,0,-1,inf,True,False,False,1,True,False,False,False,False,Lazy,False,0,Chain,False,False,False,False,False,0.424816,3680,3574
76.17328519855596,76.0204081632653,3.636363636363636,4,11,0,0,14,0.352895975112915,0,0,0,0.983,0.03,0.0,0.9827590361445776,4.023419141769409,0.0173308155046561,0.9814999999999956,4.641802072525024,0.0443446758568441,BendWorstOCT,2026-07-10 21:13:00,breast-cancer,,,9,9,0,38,2,9,0.672204081632651,0.9406548736462071,0.3993590627440736,3600.026335000992,120935.0,216114571,0.231062952,False,False,SolutionPolishing,False,4,0.008,82,23612090[].aqua,3600,1,0,0,0.05,-1,-1,0,-1,inf,True,False,False,1,True,False,True,False,False,Lazy,False,0,Chain,False,False,False,False,False,0.38126,3681,3592
74.36823104693141,74.07407407407408,3.5454545454545454,4,11,0,0,6,0.1491217613220214,0,0,0,0.9998,0.01,0.0,0.9996499999999956,3.4049630165100098,0.0177672628369858,0.9995333333333288,4.223021030426025,0.0440572340813821,BendWorstOCT,2026-07-10 21:13:00,breast-cancer,,,9,9,0,38,2,9,0.7385407407407418,0.9985645643191166,0.3520778329947999,3600.001363992691,143139.0,1219866785,0.267245248,False,False,SolutionPolishing,False,4,0.0002,113,23612090[].aqua,3600,1,0,0,0.05,-1,-1,0,-1,inf,True,False,False,1,True,True,False,False,False,Lazy,False,0,Chain,False,False,False,False,False,0.436264,3679,3590
77.9783393501805,77.77777777777777,4.0,4,16,0,0,15,0.4225733280181885,0,0,0,0.9999,0.0,0.0,0.9998249999999956,0.051609992980957,0.0207275712772668,0.9997749999999956,0.1481919288635254,0.055530959093402,BendWorstOCT,2026-07-10 21:13:00,breast-cancer,,,9,9,0,38,2,9,0.776177777777779,0.9991001388888844,0.287205286589548,3600.0006828308105,159691.0,1955517771,0.271877272,False,False,SolutionPolishing,False,4,0.0001,119,23612090[].aqua,3600,1,0,0,0.05,-1,-1,0,-1,inf,True,False,False,1,True,False,False,False,False,Lazy,False,0,Chain,False,False,False,False,False,0.42024,3679,3577
79.42238267148015,79.08163265306122,4.0,4,16,0,0,16,0.2908339500427246,0,0,0,0.998725,0.0,0.0,0.9986993788819838,0.1019690036773681,0.0173944731962021,0.9985333333333288,0.1695268154144287,0.0632886021664226,BendWorstOCT,2026-07-10 21:13:00,breast-cancer,,,9,9,0,38,2,9,0.7812163265306098,0.9953865125411032,0.2741496545030304,3600.001410007477,150686.0,-1163684819,0.240515936,False,False,SolutionPolishing,False,4,0.0006,106,23612090[].aqua,3600,1,0,0,0.05,-1,-1,0,-1,inf,True,False,False,1,True,False,True,False,False,Lazy,False,0,Chain,False,False,False,False,False,0.38062,3680,3580
77.9783393501805,77.77777777777777,4.0,4,16,0,0,16,0.357496976852417,0,0,0,0.9983,0.0,0.0,0.9982658385093132,0.0757369995117187,0.0172723465990145,0.9981171974522248,0.1184580326080322,0.0592083853873479,BendWorstOCT,2026-07-10 21:13:00,breast-cancer,,,9,9,0,38,2,9,0.764977777777779,0.9935999999999956,0.2988612595863275,3600.001266002655,206071.0,-850789048,0.30038756,False,False,SolutionPolishing,False,4,0.0008,102,23612090[].aqua,3600,1,0,0,0.05,-1,-1,0,-1,inf,True,False,False,1,True,False,True,False,False,Lazy,False,0,Chain,False,False,False,False,False,0.457008,3680,3577
77.9783393501805,77.77777777777777,4.0,4,16,0,0,15,0.2995970249176025,0,0,0,0.9999,0.0,0.0,0.9998249999999956,0.0482709407806396,0.0207275712772668,0.9997749999999956,0.127835988998413,0.055530959093402,BendWorstOCT,2026-07-10 21:13:00,breast-cancer,,,9,9,0,38,2,9,0.776177777777779,0.9990875056136522,0.2871890103245041,3600.000638961792,163674.0,1955517771,0.27460696,False,False,SolutionPolishing,False,4,0.0001,118,23612090[].aqua,3600,1,0,0,0.05,-1,-1,0,-1,inf,True,False,False,1,True,False,True,False,False,Lazy,False,0,Chain,False,False,False,False,False,0.417792,3679,3577
78.33935018050542,77.77777777777777,3.769230769230769,4,13,0,0,5,0.069782018661499,0,0,0,0.998725,0.0,0.0,0.9986993788819838,0.0978870391845703,0.0173944731962021,0.9985333333333288,0.1666359901428222,0.0632886021664226,BendWorstOCT,2026-07-10 21:13:00,breast-cancer,,,9,9,0,38,2,9,0.7699778207791892,0.994432847413068,0.2915084312516151,3600.0007688999176,193568.0,-1163684819,0.29681188,False,False,SolutionPolishing,False,4,0.0006,105,23612090[].aqua,3600,1,0,0,0.05,-1,-1,0,-1,inf,True,False,False,1,True,True,False,False,False,Lazy,False,0,Chain,False,False,False,False,False,0.463944,3680,3580
76.53429602888086,76.53061224489795,3.5454545454545454,4,11,0,0,14,0.4123661518096924,0,0,0,0.98725,0.0,0.0,0.9869937888198782,0.0741999149322509,0.0172914825115145,0.9858789808917162,0.1390659809112548,0.0741622764754582,BendWorstOCT,2026-07-10 21:13:00,breast-cancer,,,9,9,0,38,2,9,0.6993061224489774,0.948502138617317,0.3563475396091951,3600.0007240772247,210145.0,-1136820944,0.315035264,False,False,SolutionPolishing,False,4,0.006,86,23612090[].aqua,3600,1,0,0,0.05,-1,-1,0,-1,inf,True,False,False,1,True,False,True,False,False,Lazy,False,0,Chain,False,False,False,False,False,0.482852,3680,3574
76.17328519855596,76.0204081632653,3.933333333333333,4,15,0,0,4,0.037022590637207,0,0,0,0.99915,0.0,0.0,0.9991329192546544,0.6840219497680664,0.017421619489952,0.9989999999999956,0.7951979637145996,0.0691200164285677,BendWorstOCT,2026-07-10 21:13:00,breast-cancer,,,9,9,0,38,2,9,0.7542045918367328,0.9967999999999956,0.3216572940406849,3600.0409660339355,171123.0,-1029850820,0.276074592,False,False,SolutionPolishing,False,4,0.0004,108,23612090[].aqua,3600,1,0,0,0.05,-1,-1,0,-1,inf,True,False,False,1,True,True,True,False,False,Lazy,False,0,Chain,False,False,False,False,False,0.438936,3680,3577
76.17328519855596,76.0204081632653,3.933333333333333,4,15,0,0,4,0.0454447269439697,0,0,0,0.99915,0.0,0.0,0.9991329192546544,0.6840219497680664,0.017421619489952,0.9989999999999956,0.7958900928497314,0.0691200164285677,BendWorstOCT,2026-07-10 21:13:00,breast-cancer,,,9,9,0,38,2,9,0.7542045918367328,0.9967999999999956,0.3216572940406849,3600.0409591197968,170168.0,-1029850820,0.274498064,False,False,SolutionPolishing,False,4,0.0004,109,23612090[].aqua,3600,1,0,0,0.05,-1,-1,0,-1,inf,True,False,False,1,True,True,False,False,False,Lazy,False,0,Chain,False,False,False,False,False,0.427452,3680,3577
74.36823104693141,74.07407407407408,3.5454545454545454,4,11,0,0,6,0.0409421920776367,0,0,0,0.9998,0.0,0.0,0.9996499999999956,0.685762882232666,0.0177672628369858,0.9995333333333288,0.7567028999328613,0.0440572340813821,BendWorstOCT,2026-07-10 21:13:00,breast-cancer,,,9,9,0,38,2,9,0.7385407407407418,0.9985238550175708,0.3520227117275495,3600.040956974029,172532.0,1219866785,0.303617864,False,False,SolutionPolishing,False,4,0.0002,112,23612090[].aqua,3600,1,0,0,0.05,-1,-1,0,-1,inf,True,False,False,1,True,True,True,False,False,Lazy,False,0,Chain,False,False,False,False,False,0.455384,3679,3576
79.42238267148015,79.08163265306122,4.0,4,16,0,0,16,0.5520570278167725,0,0,0,0.998725,0.0,0.0,0.9986993788819838,0.6840701103210449,0.0173944731962021,0.9985333333333288,0.7680709362030029,0.0632886021664226,BendWorstOCT,2026-07-10 21:13:00,breast-cancer,,,9,9,0,38,2,9,0.7812163265306098,0.9955459364713783,0.2743537259296777,3600.040980100632,125941.0,-1163684819,0.215275144,False,False,SolutionPolishing,False,4,0.0006,107,23612090[].aqua,3600,1,0,0,0.05,-1,-1,0,-1,inf,True,False,False,1,True,False,False,False,False,Lazy,False,0,Chain,False,False,False,False,False,0.35136,3681,3579
74.0072202166065,73.9795918367347,3.2857142857142856,4,7,0,0,7,0.0691769123077392,0,0,0,0.983,0.0,0.0,0.9827590361445776,0.0522620677947998,0.0173308155046561,0.9814999999999956,0.095505952835083,0.0443446758568441,BendWorstOCT,2026-07-10 21:13:00,breast-cancer,,,9,9,0,38,2,9,0.683795918367345,0.9360662403798258,0.3689263349433413,3600.000710964203,201388.0,216114571,0.306683072,False,False,SolutionPolishing,False,4,0.008,80,23612090[].aqua,3600,1,0,0,0.05,-1,-1,0,-1,inf,True,False,False,1,True,True,True,False,False,Lazy,False,0,Chain,False,False,False,False,False,0.463768,3681,3574
77.9783393501805,77.77777777777777,4.0,4,16,0,0,16,0.6082170009613037,0,0,0,0.9983,0.0,0.0,0.9982658385093132,0.111454963684082,0.0172723465990145,0.9981171974522248,0.189424991607666,0.0592083853873479,BendWorstOCT,2026-07-10 21:13:00,breast-cancer,,,9,9,0,38,2,9,0.764977777777779,0.9936666666666624,0.2989484080873732,3600.0007870197296,192815.0,-850789048,0.286108136,False,False,SolutionPolishing,False,4,0.0008,103,23612090[].aqua,3600,1,0,0,0.05,-1,-1,0,-1,inf,True,False,False,1,True,False,False,False,False,Lazy,False,0,Chain,False,False,False,False,False,0.454112,3680,3581
76.53429602888086,76.53061224489795,3.933333333333333,4,15,0,0,6,0.0637452602386474,0,0,0,0.9983,0.0,0.0,0.9982658385093132,0.0720891952514648,0.0172723465990145,0.9981171974522248,0.1176080703735351,0.0592083853873479,BendWorstOCT,2026-07-10 21:13:00,breast-cancer,,,9,9,0,38,2,9,0.7533066326530595,0.992348936170208,0.3173240393161932,3600.004459142685,190479.0,-850789048,0.28785288,False,False,SolutionPolishing,False,4,0.0008,101,23612090[].aqua,3600,1,0,0,0.05,-1,-1,0,-1,inf,True,False,False,1,True,True,False,False,False,Lazy,False,0,Chain,False,False,False,False,False,0.447512,3680,3578
64.1711229946524,60.87719298245614,1.0,1,2,0,0,4,0.0498530864715576,0,0,0,0.8289235,0.01,0.02,0.8275889172725509,0.0821309089660644,0.0338608096871798,0.7583024445707809,0.2062218189239502,0.1362027172900866,BendWorstOCT,2026-07-10 22:12:00,transfusion,Quantile Thresholds,5.0,4,0,4,16,2,2,0.4487719298245629,0.448771929824563,0.0,68.68960809707642,3280.0,1110426730,0.090161992,False,False,SolutionPolishing,False,3,0.08,722,23612090[].aqua,3600,1,0,0,0.05,-1,-1,0,-1,inf,True,False,False,1,True,False,True,False,False,Lazy,False,0,Chain,False,False,False,False,False,0.212916,75,72
64.1711229946524,60.87719298245614,1.0,1,2,0,0,4,0.0680799484252929,0,0,0,0.8289235,0.01,0.02,0.8275889172725509,0.0814919471740722,0.0338608096871798,0.7583024445707809,0.2077069282531738,0.1362027172900866,BendWorstOCT,2026-07-10 22:12:00,transfusion,Quantile Thresholds,5.0,4,0,4,16,2,2,0.4487719298245629,0.448771929824563,0.0,68.95564484596252,3280.0,1110426730,0.090162872,False,False,SolutionPolishing,False,3,0.08,723,23612090[].aqua,3600,1,0,0,0.05,-1,-1,0,-1,inf,True,False,False,1,True,False,False,False,False,Lazy,False,0,Chain,False,False,False,False,False,0.212452,74,72
64.1711229946524,60.87719298245614,1.0,1,2,0,0,2,0.0043866634368896,0,0,0,0.8289235,0.01,0.02,0.8275889172725509,0.0822269916534423,0.0338608096871798,0.7583024445707809,0.2406778335571289,0.1362027172900866,BendWorstOCT,2026-07-10 22:12:00,transfusion,Quantile Thresholds,5.0,4,0,4,16,2,2,0.4487719298245629,0.448771929824563,0.0,69.84118986129761,3280.0,1110426730,0.090162344,False,False,SolutionPolishing,False,3,0.08,720,23612090[].aqua,3600,1,0,0,0.05,-1,-1,0,-1,inf,True,False,False,1,True,True,True,False,False,Lazy,False,0,Chain,False,False,False,False,False,0.208904,76,73
64.1711229946524,60.87719298245614,1.0,1,2,0,0,2,0.0056612491607666,0,0,0,0.8289235,0.01,0.02,0.8275889172725509,0.0841321945190429,0.0338608096871798,0.7583024445707809,0.2433300018310547,0.1362027172900866,BendWorstOCT,2026-07-10 22:12:00,transfusion,Quantile Thresholds,5.0,4,0,4,16,2,2,0.4487719298245629,0.448771929824563,0.0,69.93689799308777,3280.0,1110426730,0.090159504,False,False,SolutionPolishing,False,3,0.08,721,23612090[].aqua,3600,1,0,0,0.05,-1,-1,0,-1,inf,True,False,False,1,True,True,False,False,False,Lazy,False,0,Chain,False,False,False,False,False,0.208272,76,74
64.1711229946524,60.87719298245614,1.0,1,2,0,0,3,0.0752654075622558,0,0,0,0.8266913,0.02,0.05,0.8220491216003232,0.1329379081726074,0.0809583316337782,0.7581042157632912,0.2978119850158691,0.3030953947683498,BendWorstOCT,2026-07-10 22:14:04,transfusion,Quantile Thresholds,5.0,4,0,4,16,2,2,0.4487719298245629,0.4487719298245629,0.0,65.67126488685608,3190.0,1422811000,0.095178168,False,False,SolutionPolishing,False,4,0.08,780,23612090[].aqua,3600,1,0,0,0.05,-1,-1,0,-1,inf,True,False,False,1,True,True,True,False,False,Lazy,False,0,Chain,False,False,False,False,False,0.207264,71,69
64.1711229946524,60.87719298245614,1.0,1,2,0,0,3,0.0179593563079834,0,0,0,0.8266913,0.02,0.05,0.8220491216003232,0.1328668594360351,0.0809583316337782,0.7581042157632912,0.2985439300537109,0.3030953947683498,BendWorstOCT,2026-07-10 22:14:04,transfusion,Quantile Thresholds,5.0,4,0,4,16,2,2,0.4487719298245629,0.4487719298245629,0.0,66.53988289833069,3190.0,1422811000,0.095178264,False,False,SolutionPolishing,False,4,0.08,781,23612090[].aqua,3600,1,0,0,0.05,-1,-1,0,-1,inf,True,False,False,1,True,True,False,False,False,Lazy,False,0,Chain,False,False,False,False,False,0.206336,72,70
64.1711229946524,60.87719298245614,1.0,1,2,0,0,3,0.015718936920166,0,0,0,0.8671641,0.01,0.02,0.8662046042102697,0.0794169902801513,0.0293442589481463,0.8014967718230035,0.1562559604644775,0.1101079239021275,BendWorstOCT,2026-07-10 22:12:00,transfusion,Quantile Thresholds,5.0,4,0,4,16,2,2,0.4887719298245629,0.488771929824563,0.0,200.08266305923465,11744.0,-1128782547,0.093986336,False,False,SolutionPolishing,False,3,0.06,724,23612090[].aqua,3600,1,0,0,0.05,-1,-1,0,-1,inf,True,False,False,1,True,True,True,False,False,Lazy,False,0,Chain,False,False,False,False,False,0.21696,205,203
64.1711229946524,60.87719298245614,1.0,1,2,0,0,3,0.0167157649993896,0,0,0,0.8671641,0.01,0.02,0.8662046042102697,0.0791609287261962,0.0293442589481463,0.8014967718230035,0.1560800075531005,0.1101079239021275,BendWorstOCT,2026-07-10 22:12:00,transfusion,Quantile Thresholds,5.0,4,0,4,16,2,2,0.4887719298245629,0.488771929824563,0.0,200.54075503349304,11744.0,-1128782547,0.093986896,False,False,SolutionPolishing,False,3,0.06,725,23612090[].aqua,3600,1,0,0,0.05,-1,-1,0,-1,inf,True,False,False,1,True,True,False,False,False,Lazy,False,0,Chain,False,False,False,False,False,0.21362,205,203
64.1711229946524,60.87719298245614,1.0,1,2,0,0,2,0.0492916107177734,0,0,0,0.8671641,0.01,0.02,0.8662046042102697,0.0792450904846191,0.0293442589481463,0.8014967718230035,0.2769100666046142,0.1101079239021275,BendWorstOCT,2026-07-10 22:12:00,transfusion,Quantile Thresholds,5.0,4,0,4,16,2,2,0.4887719298245629,0.488771929824563,0.0,223.89537596702576,17120.0,-1128782547,0.084837048,False,False,SolutionPolishing,False,3,0.06,726,23612090[].aqua,3600,1,0,0,0.05,-1,-1,0,-1,inf,True,False,False,1,True,False,True,False,False,Lazy,False,0,Chain,False,False,False,False,False,0.211304,229,226
64.1711229946524,60.87719298245614,1.0,1,2,0,0,2,0.0724716186523437,0,0,0,0.8671641,0.01,0.02,0.8662046042102697,0.0806899070739746,0.0293442589481463,0.8014967718230035,0.2182698249816894,0.1101079239021275,BendWorstOCT,2026-07-10 22:12:00,transfusion,Quantile Thresholds,5.0,4,0,4,16,2,2,0.4887719298245629,0.488771929824563,0.0,225.11851978302,17120.0,-1128782547,0.084836832,False,False,SolutionPolishing,False,3,0.06,727,23612090[].aqua,3600,1,0,0,0.05,-1,-1,0,-1,inf,True,False,False,1,True,False,False,False,False,Lazy,False,0,Chain,False,False,False,False,False,0.211332,230,227
64.1711229946524,60.87719298245614,1.0,1,2,0,0,3,0.1044468879699707,0,0,0,0.8266913,0.02,0.05,0.8220491216003232,0.1429741382598877,0.0809583316337782,0.7838188838188859,0.192263126373291,0.1484649961631605,BendWorstOCT,2026-07-10 22:14:04,transfusion,Quantile Thresholds,5.0,4,0,4,16,2,2,0.4487719301143175,0.4487719301143175,0.0,166.79919695854187,4661.0,1422811000,0.171890752,False,False,SolutionPolishing,False,4,0.08,782,23612090[].aqua,3600,1,0,0,0.05,-1,-1,0,-1,inf,True,False,False,1,True,False,True,False,False,Lazy,False,0,Chain,False,False,False,False,False,0.262652,172,169
64.1711229946524,60.87719298245614,1.0,1,2,0,0,3,0.1258995532989502,0,0,0,0.8266913,0.02,0.05,0.8220491216003232,0.1464190483093261,0.0809583316337782,0.7838188838188859,0.1964311599731445,0.1484649961631605,BendWorstOCT,2026-07-10 22:14:04,transfusion,Quantile Thresholds,5.0,4,0,4,16,2,2,0.4487719301143175,0.4487719301143175,0.0,176.47959113121033,4661.0,1422811000,0.171891648,False,False,SolutionPolishing,False,4,0.08,783,23612090[].aqua,3600,1,0,0,0.05,-1,-1,0,-1,inf,True,False,False,1,True,False,False,False,False,Lazy,False,0,Chain,False,False,False,False,False,0.279912,182,178
55.04,54.16666666666666,2.8,4,5,0,0,13,3.8790886402130127,0,0,0,0.8746667,0.01,0.02,0.8699999999999971,0.0924630165100097,0.0423789331161409,0.8622222222222197,0.1245019435882568,0.0807789763230848,BendWorstOCT,2026-07-10 21:23:18,balance-scale,,,4,4,0,20,3,9,0.3416666668008321,0.4326530612244895,0.2663016421110115,3600.000540971756,200246.0,402944796,0.165392576,False,False,SolutionPolishing,False,4,0.04,191,23612090[].aqua,3600,1,0,0,0.05,-1,-1,0,-1,inf,True,False,False,1,True,False,False,False,False,Lazy,False,0,Chain,False,False,False,False,False,0.31524,3605,3572
63.04,59.18367346938776,3.5,4,10,0,0,6,0.5589044094085693,0,0,0,0.9373333,0.01,0.01,0.9363989676635772,0.1219470500946044,0.0566202361520265,0.9133333333333282,0.427588939666748,0.2159580662237924,BendWorstOCT,2026-07-10 21:23:18,balance-scale,,,4,4,0,20,3,9,0.3918367346938778,0.6035739406041535,0.5403709942501821,3600.0006029605865,94415.0,1961645995,0.23838192,False,False,SolutionPolishing,False,4,0.02,193,23612090[].aqua,3600,1,0,0,0.05,-1,-1,0,-1,inf,True,False,False,1,True,True,False,False,False,Lazy,False,0,Chain,False,False,False,False,False,0.374324,3605,3572
55.04,54.16666666666666,2.8,4,5,0,0,13,3.721632242202759,0,0,0,0.8746667,0.01,0.02,0.8699999999999971,0.0926060676574707,0.0423789331161409,0.8622222222222197,0.1260578632354736,0.0807789763230848,BendWorstOCT,2026-07-10 21:23:18,balance-scale,,,4,4,0,20,3,9,0.3416666668008321,0.4342550505050506,0.2709903912230077,3600.0020840168,194971.0,402944796,0.165393232,False,False,SolutionPolishing,False,4,0.04,190,23612090[].aqua,3600,1,0,0,0.05,-1,-1,0,-1,inf,True,False,False,1,True,False,True,False,False,Lazy,False,0,Chain,False,False,False,False,False,0.313472,3605,3575
51.84,48.97959183673469,2.8,4,5,0,0,4,0.5268619060516357,0,0,0,0.8746667,0.01,0.02,0.8699999999999971,0.0933780670166015,0.0423789331161409,0.8622222222222197,0.1260719299316406,0.0807789763230848,BendWorstOCT,2026-07-10 21:23:18,balance-scale,,,4,4,0,20,3,9,0.2897959184963268,0.444479027973578,0.5337656592261905,3600.000585079193,164381.0,402944796,0.210645224,False,False,SolutionPolishing,False,4,0.04,188,23612090[].aqua,3600,1,0,0,0.05,-1,-1,0,-1,inf,True,False,False,1,True,True,True,False,False,Lazy,False,0,Chain,False,False,False,False,False,0.353508,3605,3575
63.04,59.18367346938776,3.5,4,10,0,0,6,0.5090680122375488,0,0,0,0.9373333,0.01,0.01,0.9363989676635772,0.1198031902313232,0.0566202361520265,0.9133333333333282,0.4156131744384765,0.2159580662237924,BendWorstOCT,2026-07-10 21:23:18,balance-scale,,,4,4,0,20,3,9,0.3918367346938778,0.6038890480133549,0.5411751746174148,3600.000693082809,93837.0,1961645995,0.237526328,False,False,SolutionPolishing,False,4,0.02,192,23612090[].aqua,3600,1,0,0,0.05,-1,-1,0,-1,inf,True,False,False,1,True,True,True,False,False,Lazy,False,0,Chain,False,False,False,False,False,0.37662,3605,3573
51.84,48.97959183673469,2.8,4,5,0,0,4,0.55784010887146,0,0,0,0.8746667,0.01,0.02,0.8699999999999971,0.0940289497375488,0.0423789331161409,0.8622222222222197,0.1271669864654541,0.0807789763230848,BendWorstOCT,2026-07-10 21:23:18,balance-scale,,,4,4,0,20,3,9,0.2897959184963268,0.4446738750522874,0.5344380188636911,3600.0006477832794,163829.0,402944796,0.20965132,False,False,SolutionPolishing,False,4,0.04,189,23612090[].aqua,3600,1,0,0,0.05,-1,-1,0,-1,inf,True,False,False,1,True,True,False,False,False,Lazy,False,0,Chain,False,False,False,False,False,0.355924,3605,3577
69.38502673796792,66.29213483146067,1.6666666666666667,2,3,0,0,3,0.0096197128295898,0,0,0,0.9054047,0.01,0.01,0.9052521008403388,0.0769400596618652,0.026879157057442,0.8603475998265361,0.183769941329956,0.1131179220598106,BendWorstOCT,2026-07-10 22:12:00,transfusion,Quantile Thresholds,5.0,4,0,4,16,2,2,0.542921348314608,0.542921348314608,0.0,724.8917078971863,65818.0,-971915156,0.088390752,False,False,SolutionPolishing,False,3,0.04,729,23612090[].aqua,3600,1,0,0,0.05,-1,-1,0,-1,inf,True,False,False,1,True,True,False,False,False,Lazy,False,0,Chain,False,False,False,False,False,0.221644,730,723
63.04,59.18367346938776,3.5,4,10,0,0,10,18.143805027008057,0,0,0,0.9686667,0.01,0.03,0.9674999999999998,0.3710529804229736,0.0527377287444306,0.964994521087847,0.8629570007324219,0.1832757692570574,BendWorstOCT,2026-07-10 21:24:08,balance-scale,,,4,4,0,20,3,9,0.4918367346938779,0.680512001825807,0.3836136136707269,3600.000941991806,65979.0,-2134037436,0.1885464,False,False,SolutionPolishing,False,4,0.01,198,23612090[].aqua,3600,1,0,0,0.05,-1,-1,0,-1,inf,True,False,False,1,True,False,True,False,False,Lazy,False,0,Chain,False,False,False,False,False,0.338524,3606,3576
69.38502673796792,66.29213483146067,1.6666666666666667,2,3,0,0,3,0.0071477890014648,0,0,0,0.9054047,0.01,0.01,0.9052521008403388,0.0786859989166259,0.026879157057442,0.8603475998265361,0.1844871044158935,0.1131179220598106,BendWorstOCT,2026-07-10 22:12:00,transfusion,Quantile Thresholds,5.0,4,0,4,16,2,2,0.542921348314608,0.542921348314608,0.0,732.3598690032959,65818.0,-971915156,0.088390512,False,False,SolutionPolishing,False,3,0.04,728,23612090[].aqua,3600,1,0,0,0.05,-1,-1,0,-1,inf,True,False,False,1,True,True,True,False,False,Lazy,False,0,Chain,False,False,False,False,False,0.223076,737,731
69.38502673796792,66.29213483146067,1.6666666666666667,2,3,0,0,6,0.1054213047027587,0,0,0,0.9054047,0.01,0.01,0.9052521008403388,0.0767509937286377,0.026879157057442,0.8603475998265361,0.1908090114593505,0.1131179220598106,BendWorstOCT,2026-07-10 22:12:41,transfusion,Quantile Thresholds,5.0,4,0,4,16,2,2,0.542921348314608,0.542921348314608,0.0,704.4803099632263,65818.0,-971915156,0.08839028,False,False,SolutionPolishing,False,3,0.04,731,23612090[].aqua,3600,1,0,0,0.05,-1,-1,0,-1,inf,True,False,False,1,True,False,False,False,False,Lazy,False,0,Chain,False,False,False,False,False,0.222464,709,703
69.38502673796792,66.29213483146067,1.6666666666666667,2,3,0,0,6,0.0733618736267089,0,0,0,0.9054047,0.01,0.01,0.9052521008403388,0.0766980648040771,0.026879157057442,0.8603475998265361,0.1861999034881591,0.1131179220598106,BendWorstOCT,2026-07-10 22:12:41,transfusion,Quantile Thresholds,5.0,4,0,4,16,2,2,0.542921348314608,0.542921348314608,0.0,704.7043058872223,65818.0,-971915156,0.088390608,False,False,SolutionPolishing,False,3,0.04,730,23612090[].aqua,3600,1,0,0,0.05,-1,-1,0,-1,inf,True,False,False,1,True,False,True,False,False,Lazy,False,0,Chain,False,False,False,False,False,0.219048,709,703
55.04,54.16666666666666,2.8,4,5,0,0,14,5.797484874725342,0,0,0,0.9373333,0.01,0.01,0.9363989676635772,0.3785221576690674,0.0566202361520265,0.91333333333333,0.7638740539550781,0.1981738361579665,BendWorstOCT,2026-07-10 21:24:32,balance-scale,,,4,4,0,20,3,9,0.4416666666666653,0.5905650018716206,0.3371283061244282,3600.0007231235504,105115.0,1961645995,0.174656776,False,False,SolutionPolishing,False,4,0.02,194,23612090[].aqua,3600,1,0,0,0.05,-1,-1,0,-1,inf,True,False,False,1,True,False,True,False,False,Lazy,False,0,Chain,False,False,False,False,False,0.324724,3678,3581
55.04,54.16666666666666,2.8,4,5,0,0,14,6.027745485305786,0,0,0,0.9373333,0.01,0.01,0.9363989676635772,0.3783619403839111,0.0566202361520265,0.91333333333333,0.778688907623291,0.1981738361579665,BendWorstOCT,2026-07-10 21:24:32,balance-scale,,,4,4,0,20,3,9,0.4416666666666653,0.5900862080582208,0.3360442446601265,3600.0006070137024,106243.0,1961645995,0.17706288,False,False,SolutionPolishing,False,4,0.02,195,23612090[].aqua,3600,1,0,0,0.05,-1,-1,0,-1,inf,True,False,False,1,True,False,False,False,False,Lazy,False,0,Chain,False,False,False,False,False,0.32718,3678,3580
57.6,56.25,3.5,4,10,0,0,2,0.4753386974334717,0,0,0,0.9686667,0.01,0.03,0.9674999999999998,0.2091920375823974,0.0527377287444306,0.964994521087847,0.3333029747009277,0.1805741338405667,BendWorstOCT,2026-07-10 21:24:32,balance-scale,,,4,4,0,20,3,9,0.4624999999999986,0.6797959183673469,0.4698290126861599,3600.00299692154,76095.0,-2134037436,0.217769552,False,False,SolutionPolishing,False,4,0.01,196,23612090[].aqua,3600,1,0,0,0.05,-1,-1,0,-1,inf,True,False,False,1,True,True,True,False,False,Lazy,False,0,Chain,False,False,False,False,False,0.334752,3678,3578
57.6,56.25,3.5,4,10,0,0,2,0.5762653350830078,0,0,0,0.9686667,0.01,0.03,0.9674999999999998,0.1546700000762939,0.0527377287444306,0.964994521087847,0.2803511619567871,0.1805741338405667,BendWorstOCT,2026-07-10 21:24:32,balance-scale,,,4,4,0,20,3,9,0.4624999999999986,0.7015351500827854,0.5168327569357569,3600.0016691684723,43810.0,-2134037436,0.165242992,False,False,SolutionPolishing,False,4,0.01,197,23612090[].aqua,3600,1,0,0,0.05,-1,-1,0,-1,inf,True,False,False,1,True,True,False,False,False,Lazy,False,0,Chain,False,False,False,False,False,0.283152,3679,3578
60.96,60.06944444444444,3.636363636363636,4,11,0,0,12,15.342148780822754,0,0,0,0.9812,0.01,0.01,0.9804999999999972,0.1000218391418457,0.028986523422202,0.9793333333333308,0.1294078826904297,0.0572319993333721,BendWorstOCT,2026-07-10 21:24:33,balance-scale,,,4,4,0,20,3,9,0.5346944444444428,0.6927295980511564,0.2955616151406154,3600.0048699378967,61828.0,-471533735,0.182884024,False,False,SolutionPolishing,False,4,0.006,207,23612090[].aqua,3600,1,0,0,0.05,-1,-1,0,-1,inf,True,False,False,1,True,False,False,False,False,Lazy,False,0,Chain,False,False,False,False,False,0.347232,3606,3578
57.12,56.59722222222222,3.5,4,10,0,0,4,1.1108903884887695,0,0,0,0.9812,0.01,0.01,0.9804999999999972,0.0892179012298584,0.028986523422202,0.9793333333333308,0.1152877807617187,0.0572319993333721,BendWorstOCT,2026-07-10 21:25:20,balance-scale,,,4,4,0,20,3,9,0.5059722222222207,0.7197415173739558,0.4224921562153436,3600.000646829605,65579.0,-471533735,0.2075882,False,False,SolutionPolishing,False,4,0.006,205,23612090[].aqua,3600,1,0,0,0.05,-1,-1,0,-1,inf,True,False,False,1,True,True,False,False,False,Lazy,False,0,Chain,False,False,False,False,False,0.323892,3676,3577
63.04,59.18367346938776,3.5,4,10,0,0,10,9.589810132980348,0,0,0,0.9686667,0.01,0.03,0.9674999999999998,0.4134740829467773,0.0527377287444306,0.964994521087847,0.8629848957061768,0.1832757692570574,BendWorstOCT,2026-07-10 21:25:20,balance-scale,,,4,4,0,20,3,9,0.4918367346938779,0.6770259141734658,0.3765257176140996,3600.000617980957,71388.0,-2134037436,0.195288768,False,False,SolutionPolishing,False,4,0.01,199,23612090[].aqua,3600,1,0,0,0.05,-1,-1,0,-1,inf,True,False,False,1,True,False,False,False,False,Lazy,False,0,Chain,False,False,False,False,False,0.34434,3677,3577
60.96,60.06944444444444,3.636363636363636,4,11,0,0,12,8.755186796188354,0,0,0,0.9812,0.01,0.01,0.9804999999999972,0.0930171012878418,0.028986523422202,0.9793333333333308,0.1192340850830078,0.0572319993333721,BendWorstOCT,2026-07-10 21:25:20,balance-scale,,,4,4,0,20,3,9,0.5346944444444428,0.6896312364425159,0.2897669755275935,3600.000592947006,68275.0,-471533735,0.192121016,False,False,SolutionPolishing,False,4,0.006,206,23612090[].aqua,3600,1,0,0,0.05,-1,-1,0,-1,inf,True,False,False,1,True,False,True,False,False,Lazy,False,0,Chain,False,False,False,False,False,0.35136,3676,3576
62.56,59.18367346938776,3.5,4,10,0,0,6,6.036937236785889,0,0,0,0.9749333,0.01,0.02,0.973999999999998,0.3572239875793457,0.0611995714822362,0.9653333333333284,0.7465829849243164,0.1796899098808851,BendWorstOCT,2026-07-10 21:25:20,balance-scale,,,4,4,0,20,3,9,0.5118367349962454,0.6972207269591575,0.3621936044982625,3600.000559806824,79409.0,-1284788983,0.189550624,False,False,SolutionPolishing,False,4,0.008,202,23612090[].aqua,3600,1,0,0,0.05,-1,-1,0,-1,inf,True,False,False,1,True,False,True,False,False,Lazy,False,0,Chain,False,False,False,False,False,0.338412,3677,3576
56.48,55.10204081632653,3.5,4,10,0,0,3,1.5053868293762207,0,0,0,0.9749333,0.01,0.02,0.973999999999998,0.1161451339721679,0.0611995714822362,0.96533333333333,0.5925211906433105,0.197261570697534,BendWorstOCT,2026-07-10 21:25:20,balance-scale,,,4,4,0,20,3,9,0.4710204093400824,0.698002494988136,0.4818943747385897,3600.0006489753723,79640.0,-1284788983,0.232518416,False,False,SolutionPolishing,False,4,0.008,201,23612090[].aqua,3600,1,0,0,0.05,-1,-1,0,-1,inf,True,False,False,1,True,True,False,False,False,Lazy,False,0,Chain,False,False,False,False,False,0.369912,3677,3576
57.12,56.59722222222222,3.5,4,10,0,0,4,1.0662519931793213,0,0,0,0.9812,0.01,0.01,0.9804999999999972,0.0898849964141845,0.028986523422202,0.9793333333333308,0.1169538497924804,0.0572319993333721,BendWorstOCT,2026-07-10 21:25:20,balance-scale,,,4,4,0,20,3,9,0.5059722222222207,0.719654727925605,0.4223206261499785,3600.00135588646,65692.0,-471533735,0.207586264,False,False,SolutionPolishing,False,4,0.006,204,23612090[].aqua,3600,1,0,0,0.05,-1,-1,0,-1,inf,True,False,False,1,True,True,True,False,False,Lazy,False,0,Chain,False,False,False,False,False,0.329596,3676,3576
62.56,59.18367346938776,3.5,4,10,0,0,6,6.278777122497559,0,0,0,0.9749333,0.01,0.02,0.973999999999998,0.3566889762878418,0.0611995714822362,0.9653333333333284,0.7443411350250244,0.1796899098808851,BendWorstOCT,2026-07-10 21:25:20,balance-scale,,,4,4,0,20,3,9,0.5118367349962454,0.6969028663364238,0.3615725849406569,3600.000730037689,80047.0,-1284788983,0.191174424,False,False,SolutionPolishing,False,4,0.008,203,23612090[].aqua,3600,1,0,0,0.05,-1,-1,0,-1,inf,True,False,False,1,True,False,False,False,False,Lazy,False,0,Chain,False,False,False,False,False,0.331784,3677,3576
56.48,55.10204081632653,3.5,4,10,0,0,3,1.3928818702697754,0,0,0,0.9749333,0.01,0.02,0.973999999999998,0.1152310371398925,0.0611995714822362,0.96533333333333,0.5829169750213623,0.197261570697534,BendWorstOCT,2026-07-10 21:25:20,balance-scale,,,4,4,0,20,3,9,0.4710204093400824,0.6985981528515354,0.4831589863171704,3600.000874042511,78160.0,-1284788983,0.231108264,False,False,SolutionPolishing,False,4,0.008,200,23612090[].aqua,3600,1,0,0,0.05,-1,-1,0,-1,inf,True,False,False,1,True,True,True,False,False,Lazy,False,0,Chain,False,False,False,False,False,0.363552,3677,3577
59.2,59.02777777777778,3.6666666666666665,4,12,0,0,3,0.4933347702026367,0,0,0,0.9874667,0.0,0.01,0.9869999999999972,0.106328010559082,0.0365054518104117,0.9826666666666638,0.2573390007019043,0.183042569794345,BendWorstOCT,2026-07-10 21:25:33,balance-scale,,,4,4,0,20,3,9,0.5422777777777763,0.7103890993265994,0.3100096084293438,3600.0012419223785,69147.0,-1034739561,0.220644608,False,False,SolutionPolishing,False,4,0.004,208,23612090[].aqua,3600,1,0,0,0.05,-1,-1,0,-1,inf,True,False,False,1,True,True,True,False,False,Lazy,False,0,Chain,False,False,False,False,False,0.376008,3605,3577
61.76,61.224489795918366,3.933333333333333,4,15,0,0,10,12.895838022232056,0,0,0,0.9968667,0.0,0.01,0.996749999999997,0.2764480113983154,0.0419328638353781,0.9963963185108552,0.668604850769043,0.1581767416509515,BendWorstOCT,2026-07-10 21:25:33,balance-scale,,,4,4,0,20,3,9,0.597244897959184,0.7475966958211856,0.2517422892615094,3600.00074505806,55431.0,1209772736,0.162280808,False,False,SolutionPolishing,False,4,0.001,219,23612090[].aqua,3600,1,0,0,0.05,-1,-1,0,-1,inf,True,False,False,1,True,False,False,False,False,Lazy,False,0,Chain,False,False,False,False,False,0.317864,3605,3575
57.12,56.94444444444444,3.933333333333333,4,15,0,0,4,0.5039491653442383,0,0,0,0.9968667,0.0,0.01,0.996749999999997,0.1070098876953125,0.0419328638353781,0.9956666666666636,0.2561829090118408,0.1892620970200914,BendWorstOCT,2026-07-10 21:25:33,balance-scale,,,4,4,0,20,3,9,0.554444444444443,0.7345012964039922,0.3247518372015927,3600.00067281723,58694.0,1209772736,0.205837288,False,False,SolutionPolishing,False,4,0.001,217,23612090[].aqua,3600,1,0,0,0.05,-1,-1,0,-1,inf,True,False,False,1,True,True,False,False,False,Lazy,False,0,Chain,False,False,False,False,False,0.375364,3605,3579
61.76,61.224489795918366,3.933333333333333,4,15,0,0,10,12.28877305984497,0,0,0,0.9968667,0.0,0.01,0.996749999999997,0.2785971164703369,0.0419328638353781,0.9963963185108552,0.6550719738006592,0.1581767416509515,BendWorstOCT,2026-07-10 21:25:33,balance-scale,,,4,4,0,20,3,9,0.597244897959184,0.7464256559766763,0.2497815528056422,3600.002311944961,56555.0,1209772736,0.165774032,False,False,SolutionPolishing,False,4,0.001,218,23612090[].aqua,3600,1,0,0,0.05,-1,-1,0,-1,inf,True,False,False,1,True,False,True,False,False,Lazy,False,0,Chain,False,False,False,False,False,0.310132,3605,3581
61.44,61.224489795918366,3.933333333333333,4,15,0,0,6,10.460938692092896,0,0,0,0.9937333,0.0,0.01,0.993499999999997,0.2736330032348633,0.0320223223635536,0.992961038961036,0.6509690284729004,0.1176541191184417,BendWorstOCT,2026-07-10 21:25:33,balance-scale,,,4,4,0,20,3,9,0.582244897959184,0.7287775441197822,0.2516684073560922,3600.00079703331,67166.0,469451492,0.180286336,False,False,SolutionPolishing,False,4,0.002,215,23612090[].aqua,3600,1,0,0,0.05,-1,-1,0,-1,inf,True,False,False,1,True,False,False,False,False,Lazy,False,0,Chain,False,False,False,False,False,0.332272,3605,3578
61.44,61.224489795918366,3.933333333333333,4,15,0,0,6,10.051162004470823,0,0,0,0.9937333,0.0,0.01,0.993499999999997,0.2719738483428955,0.0320223223635536,0.992961038961036,0.6371958255767822,0.1176541191184417,BendWorstOCT,2026-07-10 21:25:33,balance-scale,,,4,4,0,20,3,9,0.582244897959184,0.7287775441197822,0.2516684073560922,3600.002655982971,67144.0,469451492,0.180288768,False,False,SolutionPolishing,False,4,0.002,214,23612090[].aqua,3600,1,0,0,0.05,-1,-1,0,-1,inf,True,False,False,1,True,False,True,False,False,Lazy,False,0,Chain,False,False,False,False,False,0.321868,3605,3578
59.2,59.02777777777778,3.6666666666666665,4,12,0,0,3,0.5047311782836914,0,0,0,0.9874667,0.0,0.01,0.9869999999999972,0.1057159900665283,0.0365054518104117,0.9826666666666638,0.255605936050415,0.183042569794345,BendWorstOCT,2026-07-10 21:25:33,balance-scale,,,4,4,0,20,3,9,0.5422777777777763,0.710224831761543,0.3097066869898381,3600.0007688999176,69380.0,-1034739561,0.22064496,False,False,SolutionPolishing,False,4,0.004,209,23612090[].aqua,3600,1,0,0,0.05,-1,-1,0,-1,inf,True,False,False,1,True,True,False,False,False,Lazy,False,0,Chain,False,False,False,False,False,0.380792,3605,3578
57.12,56.94444444444444,3.933333333333333,4,15,0,0,4,0.4833264350891113,0,0,0,0.9968667,0.0,0.01,0.996749999999997,0.1073319911956787,0.0419328638353781,0.9956666666666636,0.2614850997924804,0.1892620970200914,BendWorstOCT,2026-07-10 21:25:33,balance-scale,,,4,4,0,20,3,9,0.554444444444443,0.7361554801889155,0.3277353350100716,3600.0010521411896,56123.0,1209772736,0.203130592,False,False,SolutionPolishing,False,4,0.001,216,23612090[].aqua,3600,1,0,0,0.05,-1,-1,0,-1,inf,True,False,False,1,True,True,True,False,False,Lazy,False,0,Chain,False,False,False,False,False,0.355676,3605,3578
63.36,61.11111111111112,3.75,4,12,0,0,6,7.291594743728638,0,0,0,0.9874667,0.0,0.01,0.9869999999999972,0.2783801555633545,0.0365054518104117,0.9859053823483762,0.6568751335144043,0.1471935923593545,BendWorstOCT,2026-07-10 21:25:33,balance-scale,,,4,4,0,20,3,9,0.5631111111111111,0.7009727063740849,0.2448213017692905,3600.000512123108,76011.0,-1034739561,0.18234892,False,False,SolutionPolishing,False,4,0.004,210,23612090[].aqua,3600,1,0,0,0.05,-1,-1,0,-1,inf,True,False,False,1,True,False,True,False,False,Lazy,False,0,Chain,False,False,False,False,False,0.335428,3605,3577
63.36,61.11111111111112,3.75,4,12,0,0,6,7.619168996810913,0,0,0,0.9874667,0.0,0.01,0.9869999999999972,0.2783370018005371,0.0365054518104117,0.9859053823483762,0.6778528690338135,0.1471935923593545,BendWorstOCT,2026-07-10 21:25:33,balance-scale,,,4,4,0,20,3,9,0.5631111111111111,0.7009727063740848,0.2448213017692903,3600.000524997711,76028.0,-1034739561,0.182350648,False,False,SolutionPolishing,False,4,0.004,211,23612090[].aqua,3600,1,0,0,0.05,-1,-1,0,-1,inf,True,False,False,1,True,False,False,False,False,Lazy,False,0,Chain,False,False,False,False,False,0.387172,3605,3578
54.88,54.513888888888886,3.5,4,10,0,0,2,0.1912243366241455,0,0,0,0.9937333,0.01,0.01,0.993499999999997,0.1112258434295654,0.0320223223635536,0.992961038961036,0.1978018283843994,0.1244625788674227,BendWorstOCT,2026-07-10 21:25:33,balance-scale,,,4,4,0,20,3,9,0.5251388888888875,0.7396645860191473,0.408512303448261,3600.001159906388,51465.0,469451492,0.192113592,False,False,SolutionPolishing,False,4,0.002,212,23612090[].aqua,3600,1,0,0,0.05,-1,-1,0,-1,inf,True,False,False,1,True,True,True,False,False,Lazy,False,0,Chain,False,False,False,False,False,0.315816,3606,3578
54.88,54.513888888888886,3.5,4,10,0,0,2,0.204188585281372,0,0,0,0.9937333,0.0,0.01,0.993499999999997,0.1110520362854003,0.0320223223635536,0.992961038961036,0.1979060173034668,0.1244625788674227,BendWorstOCT,2026-07-10 21:25:33,balance-scale,,,4,4,0,20,3,9,0.5251388888888875,0.7397607231294946,0.4086953733225007,3600.001158952713,51121.0,469451492,0.192112376,False,False,SolutionPolishing,False,4,0.002,213,23612090[].aqua,3600,1,0,0,0.05,-1,-1,0,-1,inf,True,False,False,1,True,True,False,False,False,Lazy,False,0,Chain,False,False,False,False,False,0.314148,3606,3578
54.88,54.513888888888886,3.5,4,10,0,0,2,0.1767530441284179,0,0,0,0.9974933,0.0,0.01,0.997399999999997,0.1105790138244628,0.0372967716692281,0.9965333333333304,0.4368398189544678,0.2292629039520876,BendWorstOCT,2026-07-10 21:25:59,balance-scale,,,4,4,0,20,3,9,0.5371388888888875,0.7405204220980757,0.3786386303734185,3600.0012509822845,67401.0,-1919703284,0.224598936,False,False,SolutionPolishing,False,4,0.0008,220,23612090[].aqua,3600,1,0,0,0.05,-1,-1,0,-1,inf,True,False,False,1,True,True,True,False,False,Lazy,False,0,Chain,False,False,False,False,False,0.363352,3604,3572
54.88,54.513888888888886,3.5,4,10,0,0,2,0.1856074333190918,0,0,0,0.99812,0.0,0.01,0.998049999999997,0.1101830005645752,0.0414838768694894,0.9975999999999968,0.3174300193786621,0.1414976549540012,BendWorstOCT,2026-07-10 21:25:59,balance-scale,,,4,4,0,20,3,9,0.5391388888888875,0.7407015609148753,0.3738603839937955,3600.00188612938,69213.0,-971818996,0.223223184,False,False,SolutionPolishing,False,4,0.0006,224,23612090[].aqua,3600,1,0,0,0.05,-1,-1,0,-1,inf,True,False,False,1,True,True,True,False,False,Lazy,False,0,Chain,False,False,False,False,False,0.364648,3605,3572
54.88,54.513888888888886,3.5,4,10,0,0,2,0.1950786113739013,0,0,0,0.99812,0.0,0.01,0.998049999999997,0.109544038772583,0.0414838768694894,0.9975999999999968,0.3154458999633789,0.1414976549540012,BendWorstOCT,2026-07-10 21:25:59,balance-scale,,,4,4,0,20,3,9,0.5391388888888875,0.7408607252509234,0.374155603536159,3600.000596046448,68944.0,-971818996,0.223033936,False,False,SolutionPolishing,False,4,0.0006,225,23612090[].aqua,3600,1,0,0,0.05,-1,-1,0,-1,inf,True,False,False,1,True,True,False,False,False,Lazy,False,0,Chain,False,False,False,False,False,0.368972,3605,3573
61.6,61.224489795918366,3.769230769230769,4,13,0,0,6,0.5237405300140381,0,0,0,0.9987467,0.0,0.01,0.998699999999997,0.1097161769866943,0.0394448483120008,0.9982666666666636,0.5774641036987305,0.2321821323186271,BendWorstOCT,2026-07-10 21:26:00,balance-scale,,,4,4,0,20,3,9,0.607044897959184,0.7316055215460328,0.2051917807160679,3600.003313064575,66738.0,-520734176,0.160950304,False,False,SolutionPolishing,False,4,0.0004,228,23612090[].aqua,3600,1,0,0,0.05,-1,-1,0,-1,inf,True,False,False,1,True,True,True,False,False,Lazy,False,0,Chain,False,False,False,False,False,0.289724,3605,3572
54.88,54.513888888888886,3.5,4,10,0,0,2,0.1946439743041992,0,0,0,0.9974933,0.0,0.01,0.997399999999997,0.1156749725341796,0.0372967716692281,0.9965333333333304,0.4842069149017334,0.2292629039520876,BendWorstOCT,2026-07-10 21:26:00,balance-scale,,,4,4,0,20,3,9,0.5371388888888875,0.7418750822588379,0.3811606227087052,3600.000650882721,64655.0,-1919703284,0.22036284,False,False,SolutionPolishing,False,4,0.0008,221,23612090[].aqua,3600,1,0,0,0.05,-1,-1,0,-1,inf,True,False,False,1,True,True,False,False,False,Lazy,False,0,Chain,False,False,False,False,False,0.36346,3605,3576
63.36,61.11111111111112,3.75,4,12,0,0,17,12.833387613296509,0,0,0,0.9974933,0.0,0.01,0.997399999999997,0.2920949459075928,0.0372967716692281,0.9971844155844126,0.6851820945739746,0.1644010775511251,BendWorstOCT,2026-07-10 21:26:00,balance-scale,,,4,4,0,20,3,9,0.6015111111111111,0.7281177881412384,0.2104810280166886,3600.000769138336,57234.0,-1919703284,0.172550504,False,False,SolutionPolishing,False,4,0.0008,222,23612090[].aqua,3600,1,0,0,0.05,-1,-1,0,-1,inf,True,False,False,1,True,False,True,False,False,Lazy,False,0,Chain,False,False,False,False,False,0.335592,3605,3576
61.76,61.224489795918366,3.933333333333333,4,15,0,0,8,7.035358667373657,0,0,0,0.99812,0.01,0.01,0.998049999999997,0.2872579097747803,0.0414838768694894,0.9978883116883088,0.6699509620666504,0.1462032911042159,BendWorstOCT,2026-07-10 21:25:59,balance-scale,,,4,4,0,20,3,9,0.603244897959184,0.7280171103594163,0.2068350894012442,3600.000766992569,62435.0,-971818996,0.172317296,False,False,SolutionPolishing,False,4,0.0006,226,23612090[].aqua,3600,1,0,0,0.05,-1,-1,0,-1,inf,True,False,False,1,True,False,True,False,False,Lazy,False,0,Chain,False,False,False,False,False,0.377328,3605,3572
63.36,61.11111111111112,3.75,4,12,0,0,17,13.68428087234497,0,0,0,0.9974933,0.0,0.01,0.997399999999997,0.2924399375915527,0.0372967716692281,0.9971844155844126,0.7086498737335205,0.1644010775511251,BendWorstOCT,2026-07-10 21:25:59,balance-scale,,,4,4,0,20,3,9,0.6015111111111111,0.728242547743479,0.2106884383203987,3600.000590801239,57015.0,-1919703284,0.17255172,False,False,SolutionPolishing,False,4,0.0008,223,23612090[].aqua,3600,1,0,0,0.05,-1,-1,0,-1,inf,True,False,False,1,True,False,False,False,False,Lazy,False,0,Chain,False,False,False,False,False,0.335176,3605,3572
61.76,61.224489795918366,3.933333333333333,4,15,0,0,8,7.531832933425903,0,0,0,0.99812,0.0,0.01,0.998049999999997,0.2864079475402832,0.0414838768694894,0.9978883116883088,0.6904189586639404,0.1462032911042159,BendWorstOCT,2026-07-10 21:25:59,balance-scale,,,4,4,0,20,3,9,0.603244897959184,0.7277798344323863,0.2064417567301636,3600.000830888748,62838.0,-971818996,0.17247252,False,False,SolutionPolishing,False,4,0.0006,227,23612090[].aqua,3600,1,0,0,0.05,-1,-1,0,-1,inf,True,False,False,1,True,False,False,False,False,Lazy,False,0,Chain,False,False,False,False,False,0.326024,3605,3572
64.0,61.224489795918366,3.857142857142857,4,14,0,0,10,9.631451845169067,0,0,0,0.9993733,0.0,0.01,0.999349999999997,0.3301088809967041,0.0434324047931754,0.9991333333333304,1.190506935119629,0.2620977350317438,BendWorstOCT,2026-07-10 21:26:00,balance-scale,,,4,4,0,20,3,9,0.609444897959184,0.7283959312290665,0.1951793077080595,3600.000771045685,62865.0,-1157462089,0.169525544,False,False,SolutionPolishing,False,4,0.0002,235,23612090[].aqua,3600,1,0,0,0.05,-1,-1,0,-1,inf,True,False,False,1,True,False,False,False,False,Lazy,False,0,Chain,False,False,False,False,False,0.322632,3605,3574
61.6,61.224489795918366,3.769230769230769,4,13,0,0,6,0.5434677600860596,0,0,0,0.9987467,0.01,0.01,0.998699999999997,0.112778902053833,0.0394448483120008,0.9982666666666636,0.6186299324035645,0.2321821323186271,BendWorstOCT,2026-07-10 21:26:00,balance-scale,,,4,4,0,20,3,9,0.607044897959184,0.7322096668110553,0.2061870040793703,3600.0009779930115,63467.0,-520734176,0.156388736,False,False,SolutionPolishing,False,4,0.0004,229,23612090[].aqua,3600,1,0,0,0.05,-1,-1,0,-1,inf,True,False,False,1,True,True,False,False,False,Lazy,False,0,Chain,False,False,False,False,False,0.284616,3605,3573
61.76,61.224489795918366,3.933333333333333,4,15,0,0,4,0.4791309833526611,0,0,0,0.9993733,0.0,0.01,0.999349999999997,0.1173040866851806,0.0434324047931754,0.9991333333333304,0.2368090152740478,0.1945802043522358,BendWorstOCT,2026-07-10 21:26:00,balance-scale,,,4,4,0,20,3,9,0.609244897959184,0.7255919859514678,0.1909693267551636,3600.000746011734,54225.0,-1157462089,0.173580248,False,False,SolutionPolishing,False,4,0.0002,232,23612090[].aqua,3600,1,0,0,0.05,-1,-1,0,-1,inf,True,False,False,1,True,True,True,False,False,Lazy,False,0,Chain,False,False,False,False,False,0.345972,3605,3573
61.76,61.224489795918366,3.933333333333333,4,15,0,0,4,0.5100977420806885,0,0,0,0.9993733,0.0,0.01,0.999349999999997,0.1181569099426269,0.0434324047931754,0.9991333333333304,0.2386748790740966,0.1945802043522358,BendWorstOCT,2026-07-10 21:26:00,balance-scale,,,4,4,0,20,3,9,0.609244897959184,0.7251070097620963,0.1901732984404481,3600.001358985901,54694.0,-1157462089,0.173579448,False,False,SolutionPolishing,False,4,0.0002,233,23612090[].aqua,3600,1,0,0,0.05,-1,-1,0,-1,inf,True,False,False,1,True,True,False,False,False,Lazy,False,0,Chain,False,False,False,False,False,0.34338,3605,3573
64.0,61.224489795918366,3.857142857142857,4,14,0,0,10,8.970520257949829,0,0,0,0.9993733,0.0,0.01,0.999349999999997,0.3324019908905029,0.0434324047931754,0.9991333333333304,1.1797349452972412,0.2620977350317438,BendWorstOCT,2026-07-10 21:26:00,balance-scale,,,4,4,0,20,3,9,0.609444897959184,0.7306611987381701,0.1988962434256104,3600.000970840454,59614.0,-1157462089,0.164931096,False,False,SolutionPolishing,False,4,0.0002,234,23612090[].aqua,3600,1,0,0,0.05,-1,-1,0,-1,inf,True,False,False,1,True,False,True,False,False,Lazy,False,0,Chain,False,False,False,False,False,0.313308,3605,3573
61.92,61.224489795918366,3.933333333333333,4,15,0,0,9,11.784114360809326,0,0,0,0.9987467,0.0,0.01,0.998699999999997,0.2876989841461181,0.0394448483120008,0.9982666666666636,0.7817020416259766,0.1910859809608443,BendWorstOCT,2026-07-10 21:26:00,balance-scale,,,4,4,0,20,3,9,0.606244897959184,0.7294983165616472,0.203306318976661,3600.001058101654,59245.0,-520734176,0.170061216,False,False,SolutionPolishing,False,4,0.0004,230,23612090[].aqua,3600,1,0,0,0.05,-1,-1,0,-1,inf,True,False,False,1,True,False,True,False,False,Lazy,False,0,Chain,False,False,False,False,False,0.33174,3605,3573
61.92,61.224489795918366,3.933333333333333,4,15,0,0,9,12.204542636871338,0,0,0,0.9987467,0.0,0.01,0.998699999999997,0.2892639636993408,0.0394448483120008,0.9982666666666636,0.8027539253234863,0.1910859809608443,BendWorstOCT,2026-07-10 21:26:00,balance-scale,,,4,4,0,20,3,9,0.606244897959184,0.7294647551290848,0.2032509594467493,3600.0011138916016,59530.0,-520734176,0.170062944,False,False,SolutionPolishing,False,4,0.0004,231,23612090[].aqua,3600,1,0,0,0.05,-1,-1,0,-1,inf,True,False,False,1,True,False,False,False,False,Lazy,False,0,Chain,False,False,False,False,False,0.446164,3606,3573
60.0,59.375,3.857142857142857,4,14,0,0,5,0.3943278789520263,0,0,0,0.9997,0.0,0.0,0.999699999999997,0.1163079738616943,0.026955388320309,0.999649999999997,0.2253389358520507,0.1561028394028419,BendWorstOCT,2026-07-10 21:26:00,balance-scale,,,4,4,0,20,3,9,0.5923499999999985,0.7309777760644283,0.2340301782129317,3600.00212097168,58603.0,1913335280,0.1856152,False,False,SolutionPolishing,False,4,0.0001,236,23612090[].aqua,3600,1,0,0,0.05,-1,-1,0,-1,inf,True,False,False,1,True,True,True,False,False,Lazy,False,0,Chain,False,False,False,False,False,0.330448,3606,3574
61.28,60.763888888888886,3.933333333333333,4,15,0,0,12,15.24009084701538,0,0,0,0.9997,0.0,0.0,0.999699999999997,0.1560208797454834,0.026955388320309,0.999649999999997,0.5068299770355225,0.1565611234028499,BendWorstOCT,2026-07-10 21:26:29,balance-scale,,,4,4,0,20,3,9,0.6061392361111099,0.7374059369675608,0.2165619597547201,3600.0005810260773,48986.0,1913335280,0.168342248,False,False,SolutionPolishing,False,4,0.0001,239,23612090[].aqua,3600,1,0,0,0.05,-1,-1,0,-1,inf,True,False,False,1,True,False,False,False,False,Lazy,False,0,Chain,False,False,False,False,False,0.343452,3605,3575
60.0,59.375,3.857142857142857,4,14,0,0,5,0.457019567489624,0,0,0,0.9997,0.0,0.0,0.999699999999997,0.1264169216156005,0.026955388320309,0.999649999999997,0.2589221000671386,0.1561028394028419,BendWorstOCT,2026-07-10 21:26:29,balance-scale,,,4,4,0,20,3,9,0.5923499999999985,0.7307452460942853,0.2336376231861013,3600.000617980957,59038.0,1913335280,0.187585104,False,False,SolutionPolishing,False,4,0.0001,237,23612090[].aqua,3600,1,0,0,0.05,-1,-1,0,-1,inf,True,False,False,1,True,True,False,False,False,Lazy,False,0,Chain,False,False,False,False,False,0.330188,3605,3575
61.28,60.763888888888886,3.933333333333333,4,15,0,0,12,14.661779403686523,0,0,0,0.9997,0.0,0.0,0.999699999999997,0.1362969875335693,0.026955388320309,0.999649999999997,0.4830350875854492,0.1565611234028499,BendWorstOCT,2026-07-10 21:26:29,balance-scale,,,4,4,0,20,3,9,0.6061392361111099,0.7384923285998257,0.2183542734139298,3600.000597000122,47948.0,1913335280,0.168340776,False,False,SolutionPolishing,False,4,0.0001,238,23612090[].aqua,3600,1,0,0,0.05,-1,-1,0,-1,inf,True,False,False,1,True,False,True,False,False,Lazy,False,0,Chain,False,False,False,False,False,0.444404,3605,3575
64.1711229946524,60.87719298245614,1.0,1,2,0,0,3,0.1215441226959228,0,0,0,0.8651962,0.02,0.05,0.8627959762703148,0.1739909648895263,0.0896602092401035,0.8321151493971712,0.2396211624145507,0.1654465093199772,BendWorstOCT,2026-07-10 22:14:05,transfusion,Quantile Thresholds,5.0,4,0,4,16,2,2,0.4887719298245629,0.488771929824563,0.0,838.4080240726471,31359.0,-900786454,0.170452096,False,False,SolutionPolishing,False,4,0.06,786,23612090[].aqua,3600,1,0,0,0.05,-1,-1,0,-1,inf,True,False,False,1,True,False,True,False,False,Lazy,False,0,Chain,False,False,False,False,False,0.286524,845,836
79.7752808988764,79.71698113207547,2.8,4,5,0,0,6,0.0301551818847656,0,0,0,0.9533716,0.01,0.01,0.9514890588863242,0.0700061321258544,0.0252155280712887,0.8945516386243506,0.1508049964904785,0.076413722492393,BendWorstOCT,2026-07-10 21:31:13,spect,,,22,22,0,22,2,9,0.7471698113207577,0.7962173458725197,0.0656444275566509,3600.0005071163177,907989.0,-1317529884,0.525871736,False,False,SolutionPolishing,False,4,0.01,316,23612090[].aqua,3600,1,0,0,0.05,-1,-1,0,-1,inf,True,False,False,1,True,True,True,False,False,Lazy,False,0,Chain,False,False,False,False,False,0.789224,3606,3574
81.64794007490637,81.60377358490567,3.0,4,7,0,0,4,0.0222880840301513,0,0,0,0.9611322,0.01,0.01,0.960000000000005,0.0779769420623779,0.0253588090789117,0.9154968553459156,0.1122169494628906,0.0528631809026005,BendWorstOCT,2026-07-10 21:31:41,spect,,,22,22,0,22,2,9,0.7600377358490601,0.8165796645702343,0.0743935808108391,3600.000997066498,772523.0,234166734,0.503600232,False,False,SolutionPolishing,False,4,0.008,320,23612090[].aqua,3600,1,0,0,0.05,-1,-1,0,-1,inf,True,False,False,1,True,True,True,False,False,Lazy,False,0,Chain,False,False,False,False,False,0.67788,3605,3578
81.27340823970037,81.13207547169812,3.1666666666666665,4,6,0,0,13,0.2251031398773193,0,0,0,0.9533716,0.0,0.01,0.9514890588863242,0.0808658599853515,0.0252155280712887,0.9037558620689692,0.1270389556884765,0.0528845942337518,BendWorstOCT,2026-07-10 21:31:41,spect,,,22,22,0,22,2,9,0.7513207547169847,0.7973435784851836,0.0612558930114146,3600.00048995018,983110.0,-1317529884,0.44633096,False,False,SolutionPolishing,False,4,0.01,319,23612090[].aqua,3600,1,0,0,0.05,-1,-1,0,-1,inf,True,False,False,1,True,False,False,False,False,Lazy,False,0,Chain,False,False,False,False,False,0.615244,3605,3578
81.27340823970037,81.13207547169812,3.1666666666666665,4,6,0,0,13,0.155534029006958,0,0,0,0.9533716,0.0,0.01,0.9514890588863242,0.08172607421875,0.0252155280712887,0.9037558620689692,0.1243820190429687,0.0528845942337518,BendWorstOCT,2026-07-10 21:31:41,spect,,,22,22,0,22,2,9,0.7513207547169847,0.7971830200428054,0.0610421914180935,3600.000587940216,997077.0,-1317529884,0.45109032,False,False,SolutionPolishing,False,4,0.01,318,23612090[].aqua,3600,1,0,0,0.05,-1,-1,0,-1,inf,True,False,False,1,True,False,True,False,False,Lazy,False,0,Chain,False,False,False,False,False,0.621352,3605,3578
79.7752808988764,79.71698113207547,2.8,4,5,0,0,6,0.0304851531982421,0,0,0,0.9533716,0.0,0.01,0.9514890588863242,0.0600919723510742,0.0252155280712887,0.8945516386243506,0.1299121379852295,0.076413722492393,BendWorstOCT,2026-07-10 21:31:42,spect,,,22,22,0,22,2,9,0.7471698113207577,0.7955967880959968,0.0648138830577692,3600.0005011558533,971896.0,-1317529884,0.554471024,False,False,SolutionPolishing,False,4,0.01,317,23612090[].aqua,3600,1,0,0,0.05,-1,-1,0,-1,inf,True,False,False,1,True,True,False,False,False,Lazy,False,0,Chain,False,False,False,False,False,0.73194,3605,3579
81.64794007490637,81.60377358490567,3.0,4,7,0,0,4,0.1245667934417724,0,0,0,0.9611322,0.01,0.01,0.960000000000005,0.1775078773498535,0.0253588090789117,0.9154968553459156,0.2147109508514404,0.0528631809026005,BendWorstOCT,2026-07-10 21:31:42,spect,,,22,22,0,22,2,9,0.7600377358490601,0.8165840340290847,0.0743993298133482,3600.0005860328674,772068.0,234166734,0.50359548,False,False,SolutionPolishing,False,4,0.008,321,23612090[].aqua,3600,1,0,0,0.05,-1,-1,0,-1,inf,True,False,False,1,True,True,False,False,False,Lazy,False,0,Chain,False,False,False,False,False,0.74274,3605,3578
81.27340823970037,81.13207547169812,3.1666666666666665,4,6,0,0,11,0.1664066314697265,0,0,0,0.9611322,0.01,0.01,0.960000000000005,0.0910661220550537,0.0253588090789117,0.9154968553459156,0.1332650184631347,0.0530267739026005,BendWorstOCT,2026-07-10 21:31:42,spect,,,22,22,0,22,2,9,0.7633207547169846,0.8180222496909783,0.0716625280211007,3600.000545978546,742294.0,234166734,0.421022848,False,False,SolutionPolishing,False,4,0.008,322,23612090[].aqua,3600,1,0,0,0.05,-1,-1,0,-1,inf,True,False,False,1,True,False,True,False,False,Lazy,False,0,Chain,False,False,False,False,False,0.597444,3606,3576
81.27340823970037,81.13207547169812,3.1666666666666665,4,6,0,0,11,0.2453072071075439,0,0,0,0.9611322,0.01,0.01,0.960000000000005,0.0894279479980468,0.0253588090789117,0.9154968553459156,0.1346931457519531,0.0530267739026005,BendWorstOCT,2026-07-10 21:31:42,spect,,,22,22,0,22,2,9,0.7633207547169846,0.8180754716981169,0.0717322523235119,3600.0006840229034,735708.0,234166734,0.418207008,False,False,SolutionPolishing,False,4,0.008,323,23612090[].aqua,3600,1,0,0,0.05,-1,-1,0,-1,inf,True,False,False,1,True,False,False,False,False,Lazy,False,0,Chain,False,False,False,False,False,0.594276,3606,3576
81.64794007490637,81.60377358490567,3.2857142857142856,4,7,0,0,4,0.0256698131561279,0,0,0,0.99,0.0,0.01,0.9464719358533829,0.0939209461212158,0.0264653431583998,0.9361110773949658,0.1288161277770996,0.0556374980992213,BendWorstOCT,2026-07-10 21:32:10,spect,,,22,22,0,22,2,9,0.8020377362094686,0.8798939835618574,0.0970730476103871,3600.000487089157,843162.0,1683716755,0.619295536,False,False,SolutionPolishing,False,4,0.002,333,23612090[].aqua,3600,1,0,0,0.05,-1,-1,0,-1,inf,True,False,False,1,True,True,False,False,False,Lazy,False,0,Chain,False,False,False,False,False,0.907044,3604,3580
81.64794007490637,81.60377358490567,3.2857142857142856,4,7,0,0,5,0.02528977394104,0,0,0,0.97,0.0,0.01,0.9264719358533828,0.0862269401550293,0.0269447293894478,0.915696757058074,0.1233048439025878,0.0609759518008046,BendWorstOCT,2026-07-10 21:32:10,spect,,,22,22,0,22,2,9,0.7740377358490601,0.8379365079365101,0.0825525282916057,3600.000502824784,809485.0,1982735737,0.548472224,False,False,SolutionPolishing,False,4,0.006,325,23612090[].aqua,3600,1,0,0,0.05,-1,-1,0,-1,inf,True,False,False,1,True,True,False,False,False,Lazy,False,0,Chain,False,False,False,False,False,0.788224,3605,3575
82.39700374531836,81.81818181818181,3.2857142857142856,4,7,0,0,11,0.1666750907897949,0,0,0,0.97,0.0,0.01,0.9264719358533828,0.08980393409729,0.0269447293894478,0.915696757058074,0.1282310485839843,0.0613039278008046,BendWorstOCT,2026-07-10 21:32:10,spect,,,22,22,0,22,2,9,0.7761818181818183,0.8376010021922987,0.079129892728424,3600.0008120536804,727557.0,1982735737,0.463541288,False,False,SolutionPolishing,False,4,0.006,326,23612090[].aqua,3600,1,0,0,0.05,-1,-1,0,-1,inf,True,False,False,1,True,False,True,False,False,Lazy,False,0,Chain,False,False,False,False,False,0.712336,3605,3581
82.39700374531836,81.81818181818181,3.2857142857142856,4,7,0,0,5,0.0230095386505126,0,0,0,0.98,0.0,0.01,0.9364719358533828,0.0628499984741211,0.0243334842039463,0.9257382940248576,0.0944159030914306,0.0553203511059691,BendWorstOCT,2026-07-10 21:32:10,spect,,,22,22,0,22,2,9,0.7901818181818183,0.8616716255442709,0.0904726048075216,3600.00048494339,712044.0,-1279907321,0.481910496,False,False,SolutionPolishing,False,4,0.004,328,23612090[].aqua,3600,1,0,0,0.05,-1,-1,0,-1,inf,True,False,False,1,True,True,True,False,False,Lazy,False,0,Chain,False,False,False,False,False,0.646964,3605,3579
81.64794007490637,81.60377358490567,3.2857142857142856,4,7,0,0,5,0.0233457088470459,0,0,0,0.97,0.0,0.01,0.9264719358533828,0.0874879360198974,0.0269447293894478,0.915696757058074,0.1237258911132812,0.0609759518008046,BendWorstOCT,2026-07-10 21:32:10,spect,,,22,22,0,22,2,9,0.7740377358490601,0.8378769128409878,0.082475535797878,3600.000485897064,814882.0,1982735737,0.551250592,False,False,SolutionPolishing,False,4,0.006,324,23612090[].aqua,3600,1,0,0,0.05,-1,-1,0,-1,inf,True,False,False,1,True,True,True,False,False,Lazy,False,0,Chain,False,False,False,False,False,0.77624,3605,3577
82.39700374531836,81.81818181818181,3.2857142857142856,4,7,0,0,11,0.261310338973999,0,0,0,0.97,0.0,0.01,0.9264719358533828,0.0933508872985839,0.0269447293894478,0.915696757058074,0.1335649490356445,0.0613039278008046,BendWorstOCT,2026-07-10 21:32:10,spect,,,22,22,0,22,2,9,0.7761818181818183,0.8377445902802444,0.0793148855800757,3600.0004930496216,715561.0,1982735737,0.457482296,False,False,SolutionPolishing,False,4,0.006,327,23612090[].aqua,3600,1,0,0,0.05,-1,-1,0,-1,inf,True,False,False,1,True,False,False,False,False,Lazy,False,0,Chain,False,False,False,False,False,0.625792,3606,3579
82.39700374531836,81.81818181818181,3.2857142857142856,4,7,0,0,5,0.0278553962707519,0,0,0,0.98,0.0,0.01,0.9364719358533828,0.0626029968261718,0.0243334842039463,0.9257382940248576,0.0945091247558593,0.0553203511059691,BendWorstOCT,2026-07-10 21:32:10,spect,,,22,22,0,22,2,9,0.7901818181818183,0.8617641509433999,0.0905896986168197,3600.0008540153503,701597.0,-1279907321,0.475798872,False,False,SolutionPolishing,False,4,0.004,329,23612090[].aqua,3600,1,0,0,0.05,-1,-1,0,-1,inf,True,False,False,1,True,True,False,False,False,Lazy,False,0,Chain,False,False,False,False,False,0.647308,3606,3578
81.64794007490637,81.60377358490567,3.2857142857142856,4,7,0,0,4,0.0240552425384521,0,0,0,0.99,0.0,0.01,0.9464719358533829,0.0972869396209716,0.0264653431583998,0.9361110773949658,0.1322939395904541,0.0556374980992213,BendWorstOCT,2026-07-10 21:32:10,spect,,,22,22,0,22,2,9,0.8020377362094686,0.8802857142857179,0.0975614669280514,3600.000608921051,793728.0,1683716755,0.588420192,False,False,SolutionPolishing,False,4,0.002,332,23612090[].aqua,3600,1,0,0,0.05,-1,-1,0,-1,inf,True,False,False,1,True,True,True,False,False,Lazy,False,0,Chain,False,False,False,False,False,0.8652,3606,3574
82.02247191011236,81.81818181818181,3.2857142857142856,4,7,0,0,3,0.1694991588592529,0,0,0,0.98,0.0,0.01,0.9364719358533828,0.0821139812469482,0.0243334842039463,0.9257382940248576,0.1210570335388183,0.0559643699942656,BendWorstOCT,2026-07-10 21:32:10,spect,,,22,22,0,22,2,9,0.7901818181818183,0.857247641509437,0.0848739135531299,3600.0013749599457,779934.0,-1279907321,0.51845804,False,False,SolutionPolishing,False,4,0.004,330,23612090[].aqua,3600,1,0,0,0.05,-1,-1,0,-1,inf,True,False,False,1,True,False,True,False,False,Lazy,False,0,Chain,False,False,False,False,False,0.691476,3606,3579
82.02247191011236,81.81818181818181,3.2857142857142856,4,7,0,0,3,0.2810637950897217,0,0,0,0.98,0.0,0.01,0.9364719358533828,0.0966930389404296,0.0243334842039463,0.9257382940248576,0.1454789638519287,0.0559643699942656,BendWorstOCT,2026-07-10 21:32:11,spect,,,22,22,0,22,2,9,0.7901818181818183,0.8582582990980816,0.0861529325907611,3600.000622034073,692557.0,-1279907321,0.471181152,False,False,SolutionPolishing,False,4,0.004,331,23612090[].aqua,3600,1,0,0,0.05,-1,-1,0,-1,inf,True,False,False,1,True,False,False,False,False,Lazy,False,0,Chain,False,False,False,False,False,0.702212,3607,3572
81.64794007490637,81.60377358490567,3.2857142857142856,4,7,0,0,4,0.0331406593322753,0,0,0,0.996,0.0,0.01,0.9524719358533827,0.0907328128814697,0.0255677481282524,0.9423199718210666,0.1264538764953613,0.0561971574988372,BendWorstOCT,2026-07-10 21:32:39,spect,,,22,22,0,22,2,9,0.8104377378405424,0.8963282051282088,0.1059803403485706,3600.000518798828,778337.0,1204688969,0.606710344,False,False,SolutionPolishing,False,4,0.0008,340,23612090[].aqua,3600,1,0,0,0.05,-1,-1,0,-1,inf,True,False,False,1,True,True,True,False,False,Lazy,False,0,Chain,False,False,False,False,False,0.807384,3605,3579
82.02247191011236,81.81818181818181,3.2857142857142856,4,7,0,0,12,0.2032718658447265,0,0,0,0.99,0.0,0.01,0.9464719358533829,0.1031332015991211,0.0264653431583998,0.9361110773949658,0.1444480419158935,0.0562945620992213,BendWorstOCT,2026-07-10 21:32:39,spect,,,22,22,0,22,2,9,0.8041818183622372,0.8812293081761045,0.0958085448521814,3600.000535964966,740764.0,1683716755,0.563904128,False,False,SolutionPolishing,False,4,0.002,334,23612090[].aqua,3600,1,0,0,0.05,-1,-1,0,-1,inf,True,False,False,1,True,False,True,False,False,Lazy,False,0,Chain,False,False,False,False,False,0.798876,3605,3579
83.14606741573034,83.01886792452831,3.75,4,12,0,0,11,0.3416821956634521,0,0,0,0.995,0.0,0.01,0.9514719358533829,0.137286901473999,0.0232566092809848,0.9413194004148596,0.1795010566711425,0.0530059730563706,BendWorstOCT,2026-07-10 21:32:39,spect,,,22,22,0,22,2,9,0.8181886792452867,0.8913622249961016,0.0894335837282809,3600.0022790431976,614887.0,1164282535,0.468052264,False,False,SolutionPolishing,False,4,0.001,339,23612090[].aqua,3600,1,0,0,0.05,-1,-1,0,-1,inf,True,False,False,1,True,False,False,False,False,Lazy,False,0,Chain,False,False,False,False,False,0.68666,3606,3575
83.14606741573034,83.01886792452831,3.75,4,12,0,0,11,0.2403228282928466,0,0,0,0.995,0.0,0.01,0.9514719358533829,0.1372919082641601,0.0232566092809848,0.9413194004148596,0.1776978969573974,0.0530059730563706,BendWorstOCT,2026-07-10 21:32:39,spect,,,22,22,0,22,2,9,0.8181886792452867,0.8913490566037774,0.0894174891615162,3600.0012068748474,615816.0,1164282535,0.468660936,False,False,SolutionPolishing,False,4,0.001,338,23612090[].aqua,3600,1,0,0,0.05,-1,-1,0,-1,inf,True,False,False,1,True,False,True,False,False,Lazy,False,0,Chain,False,False,False,False,False,0.68984,3606,3575
83.52059925093633,83.49056603773585,3.636363636363636,4,11,0,0,7,0.0410981178283691,0,0,0,0.995,0.0,0.01,0.9514719358533829,0.0666210651397705,0.0232566092809848,0.9412670960599838,0.108915090560913,0.0587173565515977,BendWorstOCT,2026-07-10 21:32:39,spect,,,22,22,0,22,2,9,0.8239056603773782,0.8953432146797548,0.0867059880006839,3600.000587940216,689615.0,1164282535,0.433234416,False,False,SolutionPolishing,False,4,0.001,337,23612090[].aqua,3600,1,0,0,0.05,-1,-1,0,-1,inf,True,False,False,1,True,True,False,False,False,Lazy,False,0,Chain,False,False,False,False,False,0.6772,3606,3575
82.02247191011236,81.81818181818181,3.2857142857142856,4,7,0,0,12,0.3465561866760254,0,0,0,0.99,0.0,0.01,0.9464719358533829,0.1213560104370117,0.0264653431583998,0.9361110773949658,0.1719570159912109,0.0562945620992213,BendWorstOCT,2026-07-10 21:32:40,spect,,,22,22,0,22,2,9,0.8041818183622372,0.881755868544604,0.0964633226107384,3600.0009899139404,665969.0,1683716755,0.511601408,False,False,SolutionPolishing,False,4,0.002,335,23612090[].aqua,3600,1,0,0,0.05,-1,-1,0,-1,inf,True,False,False,1,True,False,False,False,False,Lazy,False,0,Chain,False,False,False,False,False,0.7333,3606,3583
83.14606741573034,83.01886792452831,3.636363636363636,4,11,0,0,5,0.0302667617797851,0,0,0,0.995,0.0,0.01,0.9514719358533829,0.0699079036712646,0.0232566092809848,0.9412670960599838,0.1137938499450683,0.0587173565515977,BendWorstOCT,2026-07-10 21:32:40,spect,,,22,22,0,22,2,9,0.8191886792452866,0.8958022727272724,0.0935237454118255,3600.000919818878,640873.0,1164282535,0.43323608,False,False,SolutionPolishing,False,4,0.001,336,23612090[].aqua,3600,1,0,0,0.05,-1,-1,0,-1,inf,True,False,False,1,True,True,True,False,False,Lazy,False,0,Chain,False,False,False,False,False,0.670332,3606,3576
64.1711229946524,60.87719298245614,1.0,1,2,0,0,5,0.0608823299407959,0,0,0,0.8651962,0.02,0.05,0.8627959762703148,0.1305229663848877,0.0896602092401035,0.8074874553871186,0.3510620594024658,0.3242164930658753,BendWorstOCT,2026-07-10 22:14:04,transfusion,Quantile Thresholds,5.0,4,0,4,16,2,2,0.4887719298245629,0.488771929824563,0.0,1117.647526025772,32079.0,-900786454,0.190425456,False,False,SolutionPolishing,False,4,0.06,784,23612090[].aqua,3600,1,0,0,0.05,-1,-1,0,-1,inf,True,False,False,1,True,True,True,False,False,Lazy,False,0,Chain,False,False,False,False,False,0.317996,1124,1111
64.1711229946524,60.87719298245614,1.0,1,2,0,0,3,0.1896498203277588,0,0,0,0.8651962,0.02,0.05,0.8627959762703148,0.1868438720703125,0.0896602092401035,0.8321151493971712,0.2616639137268066,0.1654465093199772,BendWorstOCT,2026-07-10 22:14:07,transfusion,Quantile Thresholds,5.0,4,0,4,16,2,2,0.4887719298245629,0.488771929824563,0.0,1136.255840063095,31359.0,-900786454,0.17045296,False,False,SolutionPolishing,False,4,0.06,787,23612090[].aqua,3600,1,0,0,0.05,-1,-1,0,-1,inf,True,False,False,1,True,False,False,False,False,Lazy,False,0,Chain,False,False,False,False,False,0.28452,1145,1132
81.64794007490637,81.60377358490567,3.2857142857142856,4,7,0,0,4,0.0575397014617919,0,0,0,0.996,0.0,0.01,0.9524719358533827,0.1170089244842529,0.0255677481282524,0.9423199718210666,0.1614630222320556,0.0561971574988372,BendWorstOCT,2026-07-10 21:33:10,spect,,,22,22,0,22,2,9,0.8104377376594986,0.8971181918412379,0.1069551060542514,3600.000592947006,646643.0,1204688969,0.507104832,False,False,SolutionPolishing,False,4,0.0008,341,23612090[].aqua,3600,1,0,0,0.05,-1,-1,0,-1,inf,True,False,False,1,True,True,False,False,False,Lazy,False,0,Chain,False,False,False,False,False,0.75774,3606,3571
82.77153558052434,82.54716981132076,3.636363636363636,4,11,0,0,18,0.2151834964752197,0,0,0,0.996,0.0,0.01,0.9524719358533827,0.1084210872650146,0.0255677481282524,0.9423199718210666,0.1589128971099853,0.0568542214988372,BendWorstOCT,2026-07-10 21:33:10,spect,,,22,22,0,22,2,9,0.8166716981132112,0.8932953333333367,0.0938242814060437,3600.0006608963013,476289.0,1204688969,0.412202352,False,False,SolutionPolishing,False,4,0.0008,342,23612090[].aqua,3600,1,0,0,0.05,-1,-1,0,-1,inf,True,False,False,1,True,False,True,False,False,Lazy,False,0,Chain,False,False,False,False,False,0.615688,3606,3571
82.77153558052434,82.54716981132076,3.636363636363636,4,11,0,0,18,0.3627669811248779,0,0,0,0.996,0.0,0.01,0.9524719358533827,0.1226580142974853,0.0255677481282524,0.9423199718210666,0.1773760318756103,0.0568542214988372,BendWorstOCT,2026-07-10 21:33:11,spect,,,22,22,0,22,2,9,0.8166716981132112,0.8935168151287187,0.0940954819336164,3600.0008590221405,460344.0,1204688969,0.400254736,False,False,SolutionPolishing,False,4,0.0008,343,23612090[].aqua,3600,1,0,0,0.05,-1,-1,0,-1,inf,True,False,False,1,True,False,False,False,False,Lazy,False,0,Chain,False,False,False,False,False,0.60004,3606,3573
82.39700374531836,82.0754716981132,3.6666666666666665,4,9,0,0,6,0.0470364093780517,0,0,0,0.997,0.0,0.01,0.9534719358533826,0.0929911136627197,0.0260827855345501,0.9433442660896724,0.1448650360107422,0.0623967666872974,BendWorstOCT,2026-07-10 21:33:11,spect,,,22,22,0,22,2,9,0.8153547205188703,0.9032275943396268,0.1077725701579756,3600.000810146332,642417.0,-494109950,0.49303052,False,False,SolutionPolishing,False,4,0.0006,344,23612090[].aqua,3600,1,0,0,0.05,-1,-1,0,-1,inf,True,False,False,1,True,True,True,False,False,Lazy,False,0,Chain,False,False,False,False,False,0.722448,3608,3575
64.1711229946524,60.87719298245614,1.0,1,2,0,0,5,0.1412291526794433,0,0,0,0.8651962,0.02,0.05,0.8627959762703148,0.1471970081329345,0.0896602092401035,0.8074874553871186,0.4055650234222412,0.3242164930658753,BendWorstOCT,2026-07-10 22:14:05,transfusion,Quantile Thresholds,5.0,4,0,4,16,2,2,0.4887719298245629,0.488771929824563,0.0,1165.6619398593905,32079.0,-900786454,0.19042608,False,False,SolutionPolishing,False,4,0.06,785,23612090[].aqua,3600,1,0,0,0.05,-1,-1,0,-1,inf,True,False,False,1,True,True,False,False,False,Lazy,False,0,Chain,False,False,False,False,False,0.316908,1172,1160
82.39700374531836,82.0754716981132,3.6666666666666665,4,9,0,0,6,0.0431904792785644,0,0,0,0.997,0.0,0.01,0.9534719358533826,0.0730128288269043,0.0260827855345501,0.9433442660896724,0.1141979694366455,0.0623967666872974,BendWorstOCT,2026-07-10 21:33:40,spect,,,22,22,0,22,2,9,0.8153547252358526,0.901772670807455,0.1059881581560772,3600.000498056412,860717.0,-494109950,0.635342752,False,False,SolutionPolishing,False,4,0.0006,345,23612090[].aqua,3600,1,0,0,0.05,-1,-1,0,-1,inf,True,False,False,1,True,True,False,False,False,Lazy,False,0,Chain,False,False,False,False,False,0.915372,3605,3580
83.14606741573034,83.01886792452831,3.75,4,12,0,0,14,0.3337512016296386,0,0,0,0.997,0.0,0.01,0.9534719358533826,0.1007990837097168,0.0260827855345501,0.9433756487025976,0.1478528976440429,0.0563235644821793,BendWorstOCT,2026-07-10 21:33:40,spect,,,22,22,0,22,2,9,0.8229886792452867,0.8987860613678545,0.0921001515987765,3600.0005559921265,589267.0,-494109950,0.405371048,False,False,SolutionPolishing,False,4,0.0006,347,23612090[].aqua,3600,1,0,0,0.05,-1,-1,0,-1,inf,True,False,False,1,True,False,False,False,False,Lazy,False,0,Chain,False,False,False,False,False,0.61928,3605,3574
83.14606741573034,83.01886792452831,3.75,4,12,0,0,14,0.2023239135742187,0,0,0,0.997,0.0,0.01,0.9534719358533826,0.0982639789581298,0.0260827855345501,0.9433756487025976,0.141387939453125,0.0563235644821793,BendWorstOCT,2026-07-10 21:33:40,spect,,,22,22,0,22,2,9,0.8229886792452867,0.8988093764930752,0.0921284814237288,3600.001566886902,586735.0,-494109950,0.404254096,False,False,SolutionPolishing,False,4,0.0006,346,23612090[].aqua,3600,1,0,0,0.05,-1,-1,0,-1,inf,True,False,False,1,True,False,True,False,False,Lazy,False,0,Chain,False,False,False,False,False,0.616036,3605,3574
82.39700374531836,82.0754716981132,3.5,4,10,0,0,7,0.0264947414398193,0,0,0,0.998,0.0,0.01,0.9544719358533826,0.1017048358917236,0.0279479100785622,0.9443828511045166,0.1372368335723877,0.0590461398338297,BendWorstOCT,2026-07-10 21:34:11,spect,,,22,22,0,22,2,9,0.8167547169811357,0.900340210217976,0.1023385497494112,3600.000504016876,914426.0,1147183858,0.708901144,False,False,SolutionPolishing,False,4,0.0004,348,23612090[].aqua,3600,1,0,0,0.05,-1,-1,0,-1,inf,True,False,False,1,True,True,True,False,False,Lazy,False,0,Chain,False,False,False,False,False,1.003156,3606,3579
83.89513108614233,83.63636363636364,3.5,4,10,0,0,18,0.1503043174743652,0,0,0,0.998,0.0,0.01,0.9544719358533826,0.1104140281677246,0.0279479100785622,0.9443828511045166,0.1503999233245849,0.0598641048338294,BendWorstOCT,2026-07-10 21:34:11,spect,,,22,22,0,22,2,9,0.8323636363636365,0.8964211180124249,0.0769585297222227,3600.0004539489746,584979.0,1147183858,0.461957896,False,False,SolutionPolishing,False,4,0.0004,350,23612090[].aqua,3600,1,0,0,0.05,-1,-1,0,-1,inf,True,False,False,1,True,False,True,False,False,Lazy,False,0,Chain,False,False,False,False,False,0.699756,3606,3574
83.89513108614233,83.63636363636364,3.5,4,10,0,0,18,0.2758035659790039,0,0,0,0.998,0.0,0.01,0.9544719358533826,0.1552989482879638,0.0279479100785622,0.9443828511045166,0.1961541175842285,0.0598641048338294,BendWorstOCT,2026-07-10 21:34:11,spect,,,22,22,0,22,2,9,0.8323636363636365,0.8963350546176799,0.0768551333327301,3600.0006771087646,593221.0,1147183858,0.46758124,False,False,SolutionPolishing,False,4,0.0004,351,23612090[].aqua,3600,1,0,0,0.05,-1,-1,0,-1,inf,True,False,False,1,True,False,False,False,False,Lazy,False,0,Chain,False,False,False,False,False,0.679132,3606,3574
82.39700374531836,82.0754716981132,3.5,4,10,0,0,7,0.0418128967285156,0,0,0,0.998,0.0,0.01,0.9544719358533826,0.1125719547271728,0.0279479100785622,0.9443828511045166,0.1543738842010498,0.0590461398338297,BendWorstOCT,2026-07-10 21:34:12,spect,,,22,22,0,22,2,9,0.8167547169811357,0.900921580150182,0.1030503545545979,3600.000723838806,773613.0,1147183858,0.60490736,False,False,SolutionPolishing,False,4,0.0004,349,23612090[].aqua,3600,1,0,0,0.05,-1,-1,0,-1,inf,True,False,False,1,True,True,False,False,False,Lazy,False,0,Chain,False,False,False,False,False,0.878252,3607,3571
82.39700374531836,82.0754716981132,3.75,4,12,0,0,4,0.0305876731872558,0,0,0,0.9998,0.0,0.0,0.9544643651529228,0.1089928150177002,0.0296726273576674,0.9454344758446936,0.1470608711242675,0.0644894638434244,BendWorstOCT,2026-07-10 21:34:42,spect,,,22,22,0,22,2,9,0.8183547169811357,0.9041100759144268,0.1047899610692509,3600.0005609989166,774597.0,869477749,0.543705624,False,False,SolutionPolishing,False,4,0.0002,352,23612090[].aqua,3600,1,0,0,0.05,-1,-1,0,-1,inf,True,False,False,1,True,True,True,False,False,Lazy,False,0,Chain,False,False,False,False,False,0.797468,3605,3579
82.39700374531836,82.0754716981132,3.75,4,12,0,0,4,0.0834031105041503,0,0,0,0.9998,0.0,0.0,0.9544643651529228,0.1518659591674804,0.0296726273576674,0.9454344758446936,0.1931087970733642,0.0644894638434244,BendWorstOCT,2026-07-10 21:34:42,spect,,,22,22,0,22,2,9,0.8183547169811357,0.9043907909897436,0.1051329847843857,3600.000611782074,742900.0,869477749,0.518091816,False,False,SolutionPolishing,False,4,0.0002,353,23612090[].aqua,3600,1,0,0,0.05,-1,-1,0,-1,inf,True,False,False,1,True,True,False,False,False,Lazy,False,0,Chain,False,False,False,False,False,0.75796,3606,3578
82.77153558052434,82.54716981132076,3.75,4,12,0,0,6,0.0533034801483154,0,0,0,0.9999,0.0,0.0,0.9568578253552764,0.1142089366912841,0.032767200161861,0.9407633465309232,0.1508398056030273,0.0612294930309318,BendWorstOCT,2026-07-10 21:34:42,spect,,,22,22,0,22,2,9,0.8242716981132112,0.9053747412008304,0.0983935797786909,3600.0008170604706,677664.0,841298797,0.475042464,False,False,SolutionPolishing,False,4,0.0001,357,23612090[].aqua,3600,1,0,0,0.05,-1,-1,0,-1,inf,True,False,False,1,True,True,False,False,False,Lazy,False,0,Chain,False,False,False,False,False,0.708248,3606,3573
82.77153558052434,82.54716981132076,3.75,4,12,0,0,6,0.0343050956726074,0,0,0,0.9999,0.0,0.0,0.9568578253552764,0.1119329929351806,0.032767200161861,0.9407633465309232,0.1471669673919677,0.0612294930309318,BendWorstOCT,2026-07-10 21:34:42,spect,,,22,22,0,22,2,9,0.8242716981132112,0.9054104821925192,0.098436940471252,3600.000527858734,674975.0,841298797,0.472847064,False,False,SolutionPolishing,False,4,0.0001,356,23612090[].aqua,3600,1,0,0,0.05,-1,-1,0,-1,inf,True,False,False,1,True,True,True,False,False,Lazy,False,0,Chain,False,False,False,False,False,0.694988,3606,3573
83.89513108614233,83.63636363636364,3.6666666666666665,4,12,0,0,16,0.1634013652801513,0,0,0,0.9998,0.0,0.0,0.9544643651529228,0.1153838634490966,0.0296726273576674,0.9454344758446936,0.1572320461273193,0.0647867111450743,BendWorstOCT,2026-07-10 21:34:42,spect,,,22,22,0,22,2,9,0.8339636363636366,0.9006385574354439,0.0799494344412095,3600.0004708766937,829801.0,869477749,0.50151148,False,False,SolutionPolishing,False,4,0.0002,354,23612090[].aqua,3600,1,0,0,0.05,-1,-1,0,-1,inf,True,False,False,1,True,False,True,False,False,Lazy,False,0,Chain,False,False,False,False,False,0.750084,3606,3578
83.89513108614233,83.63636363636364,3.6666666666666665,4,12,0,0,16,0.2758142948150635,0,0,0,0.9998,0.0,0.0,0.9544643651529228,0.1232478618621826,0.0296726273576674,0.9454344758446936,0.1684238910675048,0.0647867111450743,BendWorstOCT,2026-07-10 21:34:42,spect,,,22,22,0,22,2,9,0.8339636363636366,0.9009431618569668,0.0803146834859412,3600.000902891159,792128.0,869477749,0.48227236,False,False,SolutionPolishing,False,4,0.0002,355,23612090[].aqua,3600,1,0,0,0.05,-1,-1,0,-1,inf,True,False,False,1,True,False,False,False,False,Lazy,False,0,Chain,False,False,False,False,False,0.733836,3606,3575
84.26966292134831,83.63636363636364,3.6666666666666665,4,12,0,0,20,0.1964766979217529,0,0,0,0.9999,0.0,0.0,0.9568578253552764,0.1307928562164306,0.032767200161861,0.9407633465309232,0.1757450103759765,0.0618090538557105,BendWorstOCT,2026-07-10 21:34:42,spect,,,22,22,0,22,2,9,0.8351636363636366,0.9004067639257319,0.0781201727677808,3600.0005519390106,756198.0,841298797,0.474172792,False,False,SolutionPolishing,False,4,0.0001,358,23612090[].aqua,3600,1,0,0,0.05,-1,-1,0,-1,inf,True,False,False,1,True,False,True,False,False,Lazy,False,0,Chain,False,False,False,False,False,0.713296,3606,3575
84.26966292134831,83.63636363636364,3.6666666666666665,4,12,0,0,20,0.3130807876586914,0,0,0,0.9999,0.0,0.0,0.9568578253552764,0.1304500102996826,0.032767200161861,0.9407633465309232,0.177182912826538,0.0618090538557105,BendWorstOCT,2026-07-10 21:34:42,spect,,,22,22,0,22,2,9,0.8351636363636366,0.9001398291925493,0.0778005530890016,3600.000692844391,780384.0,841298797,0.488106024,False,False,SolutionPolishing,False,4,0.0001,359,23612090[].aqua,3600,1,0,0,0.05,-1,-1,0,-1,inf,True,False,False,1,True,False,False,False,False,Lazy,False,0,Chain,False,False,False,False,False,0.736164,3606,3576
47.80092592592592,43.47826086956522,2.25,3,4,0,0,4,0.2374324798583984,0,0,0,0.84,0.01,0.02,0.8399999999999782,0.2915980815887451,0.1004754448929918,0.7929935142240898,0.6739010810852051,0.7702015513926044,BendWorstOCT,2026-07-10 21:35:18,car_evaluation,,,6,6,0,19,4,9,0.1147826090300872,0.3600058278517374,2.1364144001760006,3600.001868009568,40289.0,-1498738764,0.2500916,False,False,SolutionPolishing,False,3,0.08,362,23612090[].aqua,3600,1,0,0,0.05,-1,-1,0,-1,inf,True,False,False,1,True,False,True,False,False,Lazy,False,0,Chain,False,False,False,False,False,0.33092,3605,3574
47.80092592592592,43.47826086956522,2.25,3,4,0,0,4,0.5325591564178467,0,0,0,0.84,0.01,0.02,0.8399999999999782,0.2886559963226318,0.1004754448929918,0.7929935142240898,0.7106161117553711,0.7702015513926044,BendWorstOCT,2026-07-10 21:35:18,car_evaluation,,,6,6,0,19,4,9,0.1147826090300872,0.3605936980545778,2.141535996625217,3600.0023550987244,40024.0,-1498738764,0.25009188,False,False,SolutionPolishing,False,3,0.08,363,23612090[].aqua,3600,1,0,0,0.05,-1,-1,0,-1,inf,True,False,False,1,True,False,False,False,False,Lazy,False,0,Chain,False,False,False,False,False,0.3263,3605,3574
47.80092592592592,43.47826086956522,2.25,3,4,0,0,2,0.0425631999969482,0,0,0,0.84,0.01,0.02,0.8399999999999782,0.3349690437316894,0.1004754448929918,0.788120588754524,1.146799087524414,1.5225584129092309,BendWorstOCT,2026-07-10 21:35:20,car_evaluation,,,6,6,0,19,4,9,0.1147826086956523,0.3393447762569752,1.9564128234509168,3600.005566120148,33660.0,-1498738764,0.272365496,False,False,SolutionPolishing,False,3,0.08,361,23612090[].aqua,3600,1,0,0,0.05,-1,-1,0,-1,inf,True,False,False,1,True,True,False,False,False,Lazy,False,0,Chain,False,False,False,False,False,0.341024,3607,3573
47.80092592592592,43.47826086956522,2.25,3,4,0,0,2,0.0308055877685546,0,0,0,0.84,0.01,0.02,0.8399999999999782,0.3293609619140625,0.1004754448929918,0.788120588754524,1.1407370567321775,1.5225584129092309,BendWorstOCT,2026-07-10 21:35:20,car_evaluation,,,6,6,0,19,4,9,0.1147826086956523,0.3391304347826072,1.9545454545454373,3600.001892089844,33886.0,-1498738764,0.272365272,False,False,SolutionPolishing,False,3,0.08,360,23612090[].aqua,3600,1,0,0,0.05,-1,-1,0,-1,inf,True,False,False,1,True,True,True,False,False,Lazy,False,0,Chain,False,False,False,False,False,0.342476,3607,3573
47.80092592592592,43.47826086956522,2.25,3,4,0,0,2,0.067624807357788,0,0,0,0.88,0.01,0.02,0.8799999999999781,0.2246041297912597,0.094150286680462,0.8319879101692338,1.1512620449066162,1.935558840954169,BendWorstOCT,2026-07-10 21:36:20,car_evaluation,,,6,6,0,19,4,9,0.1947826089346089,0.5578129747043001,1.8637719648347308,3600.000926017761,28282.0,384092151,0.249469984,False,False,SolutionPolishing,False,3,0.06,365,23612090[].aqua,3600,1,0,0,0.05,-1,-1,0,-1,inf,True,False,False,1,True,True,False,False,False,Lazy,False,0,Chain,False,False,False,False,False,0.358936,3605,3575
47.80092592592592,43.47826086956522,2.25,3,4,0,0,2,0.0331208705902099,0,0,0,0.88,0.01,0.02,0.8799999999999781,0.2254619598388672,0.094150286680462,0.8319879101692338,1.1592950820922852,1.935558840954169,BendWorstOCT,2026-07-10 21:36:20,car_evaluation,,,6,6,0,19,4,9,0.1947826089346089,0.5593817293518236,1.8718258391313327,3600.001327037812,27724.0,384092151,0.249471168,False,False,SolutionPolishing,False,3,0.06,364,23612090[].aqua,3600,1,0,0,0.05,-1,-1,0,-1,inf,True,False,False,1,True,True,True,False,False,Lazy,False,0,Chain,False,False,False,False,False,0.352972,3605,3572
47.80092592592592,43.47826086956522,2.25,3,4,0,0,4,0.2215855121612548,0,0,0,0.88,0.01,0.02,0.8799999999999781,0.3048579692840576,0.094150286680462,0.8319958105711178,1.1090760231018066,1.5099411224664154,BendWorstOCT,2026-07-10 21:36:21,car_evaluation,,,6,6,0,19,4,9,0.1947826088151306,0.5299050547093822,1.7204946988481824,3600.0008130073547,27384.0,384092151,0.250816424,False,False,SolutionPolishing,False,3,0.06,366,23612090[].aqua,3600,1,0,0,0.05,-1,-1,0,-1,inf,True,False,False,1,True,False,True,False,False,Lazy,False,0,Chain,False,False,False,False,False,0.34652,3606,3579
47.80092592592592,43.47826086956522,2.25,3,4,0,0,4,0.4639344215393066,0,0,0,0.88,0.01,0.02,0.8799999999999781,0.2539081573486328,0.094150286680462,0.8319958105711178,1.013012170791626,1.5099411224664154,BendWorstOCT,2026-07-10 21:36:53,car_evaluation,,,6,6,0,19,4,9,0.1947826088151306,0.5175462945563143,1.6570457070298334,3600.0009841918945,30747.0,384092151,0.250813608,False,False,SolutionPolishing,False,3,0.06,367,23612090[].aqua,3600,1,0,0,0.05,-1,-1,0,-1,inf,True,False,False,1,True,False,False,False,False,Lazy,False,0,Chain,False,False,False,False,False,0.324636,3606,3576
49.07407407407408,47.603305785123965,2.6666666666666665,3,6,0,0,2,0.0693607330322265,0,0,0,0.96,0.01,0.02,0.959999999999978,0.2866499423980713,0.1106705966503175,0.944611181803604,0.6458709239959717,0.6104730227428565,BendWorstOCT,2026-07-10 21:36:53,car_evaluation,,,6,6,0,19,4,9,0.3560339139585886,0.7804496381281423,1.1920654396393224,3600.001055955887,22086.0,1732309590,0.250753896,False,False,SolutionPolishing,False,3,0.02,372,23612090[].aqua,3600,1,0,0,0.05,-1,-1,0,-1,inf,True,False,False,1,True,True,True,False,False,Lazy,False,0,Chain,False,False,False,False,False,0.380556,3606,3573
49.47916666666666,47.603305785123965,2.6,3,5,0,0,4,0.6891787052154541,0,0,0,0.92,0.01,0.02,0.919999999999978,0.3159620761871338,0.158091608933316,0.8940602552221071,0.6641881465911865,0.6196708698316032,BendWorstOCT,2026-07-10 21:36:53,car_evaluation,,,6,6,0,19,4,9,0.276033693677991,0.6086232669023883,1.2048875946730688,3600.000673055649,29681.0,-49182898,0.28009472,False,False,SolutionPolishing,False,3,0.04,371,23612090[].aqua,3600,1,0,0,0.05,-1,-1,0,-1,inf,True,False,False,1,True,False,False,False,False,Lazy,False,0,Chain,False,False,False,False,False,0.359772,3606,3575
50.05787037037037,47.603305785123965,2.6,3,5,0,0,2,0.0753400325775146,0,0,0,0.92,0.01,0.02,0.919999999999978,0.316162109375,0.158091608933316,0.8940602552221071,0.62322998046875,0.6509181962008634,BendWorstOCT,2026-07-10 21:36:53,car_evaluation,,,6,6,0,19,4,9,0.2760338844251344,0.583228650137736,1.112887884588381,3600.00074505806,27880.0,-49182898,0.27877144,False,False,SolutionPolishing,False,3,0.04,369,23612090[].aqua,3600,1,0,0,0.05,-1,-1,0,-1,inf,True,False,False,1,True,True,False,False,False,Lazy,False,0,Chain,False,False,False,False,False,0.352504,3606,3575
49.47916666666666,47.603305785123965,2.6,3,5,0,0,4,0.358217716217041,0,0,0,0.92,0.01,0.02,0.919999999999978,0.3242909908294678,0.158091608933316,0.8940602552221071,0.6592118740081787,0.6196708698316032,BendWorstOCT,2026-07-10 21:36:53,car_evaluation,,,6,6,0,19,4,9,0.276033693677991,0.608369503567268,1.2039682745287088,3600.00072979927,29796.0,-49182898,0.280094608,False,False,SolutionPolishing,False,3,0.04,370,23612090[].aqua,3600,1,0,0,0.05,-1,-1,0,-1,inf,True,False,False,1,True,False,True,False,False,Lazy,False,0,Chain,False,False,False,False,False,0.355992,3606,3575
50.05787037037037,47.603305785123965,2.6,3,5,0,0,2,0.0396296977996826,0,0,0,0.92,0.01,0.02,0.919999999999978,0.3133409023284912,0.158091608933316,0.8940602552221071,0.623464822769165,0.6509181962008634,BendWorstOCT,2026-07-10 21:36:53,car_evaluation,,,6,6,0,19,4,9,0.2760338844251344,0.5841127411548019,1.116090719700118,3600.003352880478,27490.0,-49182898,0.278770408,False,False,SolutionPolishing,False,3,0.04,368,23612090[].aqua,3600,1,0,0,0.05,-1,-1,0,-1,inf,True,False,False,1,True,True,True,False,False,Lazy,False,0,Chain,False,False,False,False,False,0.359584,3606,3573
49.07407407407408,47.603305785123965,2.6666666666666665,3,6,0,0,2,0.1105074882507324,0,0,0,0.96,0.01,0.02,0.959999999999978,0.2375080585479736,0.1106705966503175,0.944611181803604,0.5730431079864502,0.6104730227428565,BendWorstOCT,2026-07-10 21:37:24,car_evaluation,,,6,6,0,19,4,9,0.3560339139585886,0.7728028548881166,1.170587757485383,3600.000747919082,23907.0,1732309590,0.25075316,False,False,SolutionPolishing,False,3,0.02,373,23612090[].aqua,3600,1,0,0,0.05,-1,-1,0,-1,inf,True,False,False,1,True,True,False,False,False,Lazy,False,0,Chain,False,False,False,False,False,0.376008,3605,3580
50.05787037037037,47.603305785123965,2.6,3,5,0,0,6,0.6743130683898926,0,0,0,0.96,0.01,0.02,0.959999999999978,0.2866649627685547,0.1106705966503175,0.9446124201195883,0.6692569255828857,0.5100323961851858,BendWorstOCT,2026-07-10 21:37:24,car_evaluation,,,6,6,0,19,4,9,0.3760338842975157,0.7095310817002582,0.8868807076409145,3600.002914905548,30668.0,1732309590,0.226998008,False,False,SolutionPolishing,False,3,0.02,375,23612090[].aqua,3600,1,0,0,0.05,-1,-1,0,-1,inf,True,False,False,1,True,False,False,False,False,Lazy,False,0,Chain,False,False,False,False,False,0.3464,3606,3576
50.05787037037037,47.603305785123965,2.6,3,5,0,0,6,0.3819327354431152,0,0,0,0.96,0.01,0.02,0.959999999999978,0.3001189231872558,0.1106705966503175,0.9446124201195883,0.6605119705200195,0.5100323961851858,BendWorstOCT,2026-07-10 21:37:25,car_evaluation,,,6,6,0,19,4,9,0.3760338842975157,0.7140030184763273,0.8987730847984233,3600.0012378692627,29153.0,1732309590,0.226999848,False,False,SolutionPolishing,False,3,0.02,374,23612090[].aqua,3600,1,0,0,0.05,-1,-1,0,-1,inf,True,False,False,1,True,False,True,False,False,Lazy,False,0,Chain,False,False,False,False,False,0.342412,3606,3572
50.05787037037037,47.603305785123965,2.6,3,5,0,0,2,0.0372366905212402,0,0,0,0.98,0.01,0.02,0.979999999999978,0.2938098907470703,0.1505967236336839,0.9722998392304086,0.5832118988037109,0.6109742820905443,BendWorstOCT,2026-07-10 21:37:56,car_evaluation,,,6,6,0,19,4,9,0.4260333059277222,0.8197575441154298,0.924163047136282,3600.0009109973907,28242.0,1588559510,0.233492616,False,False,SolutionPolishing,False,3,0.01,376,23612090[].aqua,3600,1,0,0,0.05,-1,-1,0,-1,inf,True,False,False,1,True,True,True,False,False,Lazy,False,0,Chain,False,False,False,False,False,0.371132,3606,3577
52.1412037037037,50.78125,2.857142857142857,3,7,0,0,6,0.5657303333282471,0,0,0,0.98,0.01,0.02,0.979999999999978,0.2647988796234131,0.1505967236336839,0.9722584419340302,0.4965119361877441,0.5149743370545284,BendWorstOCT,2026-07-10 21:38:28,car_evaluation,,,6,6,0,19,4,9,0.4378127605604506,0.7912748177433395,0.8073361240782859,3600.000819921493,31511.0,1588559510,0.22256656,False,False,SolutionPolishing,False,3,0.01,378,23612090[].aqua,3600,1,0,0,0.05,-1,-1,0,-1,inf,True,False,False,1,True,False,True,False,False,Lazy,False,0,Chain,False,False,False,False,False,0.343064,3605,3572
50.05787037037037,47.603305785123965,2.6,3,5,0,0,2,0.0689308643341064,0,0,0,0.98,0.01,0.02,0.979999999999978,0.2570559978485107,0.1505967236336839,0.9722998392304086,0.5286638736724854,0.6109742820905443,BendWorstOCT,2026-07-10 21:38:29,car_evaluation,,,6,6,0,19,4,9,0.4260333059277222,0.8128907446350866,0.9080450596813102,3600.00180888176,30153.0,1588559510,0.233491912,False,False,SolutionPolishing,False,3,0.01,377,23612090[].aqua,3600,1,0,0,0.05,-1,-1,0,-1,inf,True,False,False,1,True,True,False,False,False,Lazy,False,0,Chain,False,False,False,False,False,0.37848,3605,3579
52.1412037037037,50.78125,2.857142857142857,3,7,0,0,2,0.4206244945526123,0,0,0,0.988,0.01,0.02,0.987999999999978,0.2847211360931396,0.1495475437739546,0.9841090676324312,0.507897138595581,0.5356988647992902,BendWorstOCT,2026-07-10 21:38:29,car_evaluation,,,6,6,0,19,4,9,0.4658127604166681,0.7997478813996561,0.7168870184755867,3600.000751018524,31937.0,-1881167983,0.22049732,False,False,SolutionPolishing,False,3,0.006,385,23612090[].aqua,3600,1,0,0,0.05,-1,-1,0,-1,inf,True,False,False,1,True,True,False,False,False,Lazy,False,0,Chain,False,False,False,False,False,0.32858,3605,3575
52.1412037037037,50.78125,2.857142857142857,3,7,0,0,6,0.5455348491668701,0,0,0,0.988,0.01,0.02,0.987999999999978,0.2957010269165039,0.1495475437739546,0.9844707251598628,0.431553840637207,0.3343174108165095,BendWorstOCT,2026-07-10 21:38:29,car_evaluation,,,6,6,0,19,4,9,0.4658125005863264,0.8105551210210782,0.7400888125604574,3600.001202821732,20342.0,-1881167983,0.224085928,False,False,SolutionPolishing,False,3,0.006,386,23612090[].aqua,3600,1,0,0,0.05,-1,-1,0,-1,inf,True,False,False,1,True,False,True,False,False,Lazy,False,0,Chain,False,False,False,False,False,0.355608,3604,3574
50.05787037037037,47.603305785123965,2.6,3,5,0,0,4,0.3095841407775879,0,0,0,0.984,0.01,0.02,0.983999999999978,0.2644269466400146,0.1507054966679107,0.9787950180390548,0.4895169734954834,0.5276001783138204,BendWorstOCT,2026-07-10 21:38:29,car_evaluation,,,6,6,0,19,4,9,0.4360340495867721,0.8770759491846503,1.0114849975956048,3600.0009808540344,24101.0,2078971948,0.237368968,False,False,SolutionPolishing,False,3,0.008,381,23612090[].aqua,3600,1,0,0,0.05,-1,-1,0,-1,inf,True,False,False,1,True,True,False,False,False,Lazy,False,0,Chain,False,False,False,False,False,0.381072,3605,3578
52.1412037037037,50.78125,2.857142857142857,3,7,0,0,4,0.7037405967712402,0,0,0,0.984,0.01,0.02,0.983999999999978,0.3129360675811767,0.1507054966679107,0.9787860763737706,0.5379190444946289,0.4220669670656143,BendWorstOCT,2026-07-10 21:38:29,car_evaluation,,,6,6,0,19,4,9,0.4518127617233008,0.8151227833053212,0.8041163339350709,3600.000962972641,25127.0,2078971948,0.235471424,False,False,SolutionPolishing,False,3,0.008,382,23612090[].aqua,3600,1,0,0,0.05,-1,-1,0,-1,inf,True,False,False,1,True,False,True,False,False,Lazy,False,0,Chain,False,False,False,False,False,0.357052,3606,3579
52.1412037037037,50.78125,2.857142857142857,3,7,0,0,4,1.3911616802215576,0,0,0,0.984,0.01,0.02,0.983999999999978,0.2666130065917969,0.1507054966679107,0.9787860763737706,0.5126419067382812,0.4220669670656143,BendWorstOCT,2026-07-10 21:38:29,car_evaluation,,,6,6,0,19,4,9,0.4518127618684821,0.8076391300579187,0.7875527170102685,3600.0006489753723,27216.0,2078971948,0.235473072,False,False,SolutionPolishing,False,3,0.008,383,23612090[].aqua,3600,1,0,0,0.05,-1,-1,0,-1,inf,True,False,False,1,True,False,False,False,False,Lazy,False,0,Chain,False,False,False,False,False,0.356432,3605,3578
52.1412037037037,50.78125,2.857142857142857,3,7,0,0,2,0.2381138801574707,0,0,0,0.988,0.01,0.02,0.987999999999978,0.3323650360107422,0.1495475437739546,0.9841090676324312,0.5611660480499268,0.5356988647992902,BendWorstOCT,2026-07-10 21:38:29,car_evaluation,,,6,6,0,19,4,9,0.4658127604166681,0.8046504101753585,0.7274116953249652,3600.000791072845,30482.0,-1881167983,0.220498552,False,False,SolutionPolishing,False,3,0.006,384,23612090[].aqua,3600,1,0,0,0.05,-1,-1,0,-1,inf,True,False,False,1,True,True,True,False,False,Lazy,False,0,Chain,False,False,False,False,False,0.347868,3605,3576
50.05787037037037,47.603305785123965,2.6,3,5,0,0,4,0.1587681770324707,0,0,0,0.984,0.01,0.02,0.983999999999978,0.2658162117004394,0.1507054966679107,0.9787950180390548,0.4927170276641845,0.5276001783138204,BendWorstOCT,2026-07-10 21:38:29,car_evaluation,,,6,6,0,19,4,9,0.4360340495867721,0.8776064914368696,1.0127017426014644,3600.000722169876,24001.0,2078971948,0.237369064,False,False,SolutionPolishing,False,3,0.008,380,23612090[].aqua,3600,1,0,0,0.05,-1,-1,0,-1,inf,True,False,False,1,True,True,True,False,False,Lazy,False,0,Chain,False,False,False,False,False,0.357956,3605,3578
52.1412037037037,50.78125,2.857142857142857,3,7,0,0,6,1.2363531589508057,0,0,0,0.98,0.01,0.02,0.979999999999978,0.3625969886779785,0.1505967236336839,0.9722584419340302,0.6563370227813721,0.5149743370545284,BendWorstOCT,2026-07-10 21:38:30,car_evaluation,,,6,6,0,19,4,9,0.4378127605604506,0.8024563085537244,0.8328755596947154,3600.000823020935,27437.0,1588559510,0.222568048,False,False,SolutionPolishing,False,3,0.01,379,23612090[].aqua,3600,1,0,0,0.05,-1,-1,0,-1,inf,True,False,False,1,True,False,False,False,False,Lazy,False,0,Chain,False,False,False,False,False,0.336168,3606,3578
52.1412037037037,50.78125,2.857142857142857,3,7,0,0,6,0.9474458694458008,0,0,0,0.988,0.01,0.02,0.987999999999978,0.2923579216003418,0.1495475437739546,0.9844707251598628,0.4517929553985595,0.3343174108165095,BendWorstOCT,2026-07-10 21:39:01,car_evaluation,,,6,6,0,19,4,9,0.4658125005863264,0.8108595913422889,0.7407424453436642,3600.0010159015656,20256.0,-1881167983,0.224086952,False,False,SolutionPolishing,False,3,0.006,387,23612090[].aqua,3600,1,0,0,0.05,-1,-1,0,-1,inf,True,False,False,1,True,False,False,False,False,Lazy,False,0,Chain,False,False,False,False,False,0.346196,3605,3574
50.05787037037037,47.603305785123965,2.6,3,5,0,0,3,0.0752501487731933,0,0,0,0.998,0.01,0.02,0.9979999999999942,0.3292961120605469,0.1414301284219666,0.9972692307692091,0.5843589305877686,0.5274423198295354,BendWorstOCT,2026-07-10 21:39:02,car_evaluation,,,6,6,0,19,4,9,0.4710330579983351,0.8698694050274834,0.8467268703475116,3600.001019001007,20862.0,-1624524476,0.244304528,False,False,SolutionPolishing,False,3,0.001,396,23612090[].aqua,3600,1,0,0,0.05,-1,-1,0,-1,inf,True,False,False,1,True,True,True,False,False,Lazy,False,0,Chain,False,False,False,False,False,0.379256,3605,3575
48.90046296296296,47.603305785123965,2.857142857142857,3,7,0,0,2,0.0615749359130859,0,0,0,0.996,0.01,0.02,0.9959999999999942,0.2773599624633789,0.1151656732032079,0.994445627662219,0.6148908138275146,0.6717624094952934,BendWorstOCT,2026-07-10 21:39:02,car_evaluation,,,6,6,0,19,4,9,0.4620330578512335,0.933470240265152,1.0203537915802396,3600.0022678375244,15342.0,625856706,0.248365512,False,False,SolutionPolishing,False,3,0.002,393,23612090[].aqua,3600,1,0,0,0.05,-1,-1,0,-1,inf,True,False,False,1,True,True,False,False,False,Lazy,False,0,Chain,False,False,False,False,False,0.370344,3605,3575
50.05787037037037,47.603305785123965,2.6,3,5,0,0,6,0.6704461574554443,0,0,0,0.996,0.01,0.02,0.9959999999999942,0.3322470188140869,0.1151656732032079,0.994461538461517,0.652414083480835,0.5203129030683553,BendWorstOCT,2026-07-10 21:39:02,car_evaluation,,,6,6,0,19,4,9,0.4660330579978369,0.9302065663491794,0.9960098331768924,3600.001335144043,21429.0,625856706,0.2145818,False,False,SolutionPolishing,False,3,0.002,395,23612090[].aqua,3600,1,0,0,0.05,-1,-1,0,-1,inf,True,False,False,1,True,False,False,False,False,Lazy,False,0,Chain,False,False,False,False,False,0.335868,3605,3575
50.05787037037037,47.603305785123965,2.6,3,5,0,0,6,0.3769350051879883,0,0,0,0.996,0.01,0.02,0.9959999999999942,0.3237152099609375,0.1151656732032079,0.994461538461517,0.6368880271911621,0.5203129030683553,BendWorstOCT,2026-07-10 21:39:02,car_evaluation,,,6,6,0,19,4,9,0.4660330579978369,0.9304783802687976,0.9965930834741694,3600.000743150711,21260.0,625856706,0.214579848,False,False,SolutionPolishing,False,3,0.002,394,23612090[].aqua,3600,1,0,0,0.05,-1,-1,0,-1,inf,True,False,False,1,True,False,True,False,False,Lazy,False,0,Chain,False,False,False,False,False,0.340444,3605,3575
50.05787037037037,47.603305785123965,2.6,3,5,0,0,3,0.1006333827972412,0,0,0,0.998,0.01,0.02,0.9979999999999942,0.317857027053833,0.1414301284219666,0.9972692307692091,0.5698339939117432,0.5274423198295354,BendWorstOCT,2026-07-10 21:39:02,car_evaluation,,,6,6,0,19,4,9,0.4710330579983351,0.8626717515229196,0.8314463005820892,3600.001024007797,21849.0,-1624524476,0.24430488,False,False,SolutionPolishing,False,3,0.001,397,23612090[].aqua,3600,1,0,0,0.05,-1,-1,0,-1,inf,True,False,False,1,True,True,False,False,False,Lazy,False,0,Chain,False,False,False,False,False,0.388228,3605,3574
52.1412037037037,50.78125,2.857142857142857,3,7,0,0,4,0.8101465702056885,0,0,0,0.998,0.01,0.02,0.9979999999999942,0.2831120491027832,0.1414301284219666,0.9972672363852176,0.5434870719909668,0.4560881030915851,BendWorstOCT,2026-07-10 21:39:42,car_evaluation,,,6,6,0,19,4,9,0.5008125001500826,0.7725735719539231,0.5426403528713831,3600.0033960342407,34323.0,-1624524476,0.21020736,False,False,SolutionPolishing,False,3,0.001,399,23612090[].aqua,3600,1,0,0,0.05,-1,-1,0,-1,inf,True,False,False,1,True,False,False,False,False,Lazy,False,0,Chain,False,False,False,False,False,0.334256,3605,3577
52.1412037037037,50.78125,2.857142857142857,3,7,0,0,4,0.5057778358459473,0,0,0,0.998,0.01,0.02,0.9979999999999942,0.3229498863220215,0.1414301284219666,0.9972672363852176,0.5868899822235107,0.4560881030915851,BendWorstOCT,2026-07-10 21:39:42,car_evaluation,,,6,6,0,19,4,9,0.5008125001500826,0.7752420452025778,0.5479686408990483,3600.002427816391,31964.0,-1624524476,0.210206944,False,False,SolutionPolishing,False,3,0.001,398,23612090[].aqua,3600,1,0,0,0.05,-1,-1,0,-1,inf,True,False,False,1,True,False,True,False,False,Lazy,False,0,Chain,False,False,False,False,False,0.325956,3606,3578
50.05787037037037,47.603305785123965,2.6,3,5,0,0,2,0.0344207286834716,0,0,0,0.9984,0.01,0.01,0.9983999999999782,0.2634470462799072,0.0627648810637843,0.9977538399203564,0.5999031066894531,0.4831020799298761,BendWorstOCT,2026-07-10 21:39:43,car_evaluation,,,6,6,0,19,4,9,0.4720333884298282,0.8953063538970282,0.8967013263090882,3600.001419067383,20128.0,230003323,0.225829576,False,False,SolutionPolishing,False,3,0.0008,400,23612090[].aqua,3600,1,0,0,0.05,-1,-1,0,-1,inf,True,False,False,1,True,True,True,False,False,Lazy,False,0,Chain,False,False,False,False,False,0.369856,3606,3576
52.1412037037037,50.78125,2.857142857142857,3,7,0,0,8,0.7840001583099365,0,0,0,0.992,0.01,0.02,0.991999999999978,0.343947172164917,0.139912640800204,0.9893968327147632,0.6274771690368652,0.3913298819107326,BendWorstOCT,2026-07-10 21:40:16,car_evaluation,,,6,6,0,19,4,9,0.4798125001479825,0.9421047470552566,0.96348520883615,3600.001032114029,13750.0,-1991324443,0.224554168,False,False,SolutionPolishing,False,3,0.004,391,23612090[].aqua,3600,1,0,0,0.05,-1,-1,0,-1,inf,True,False,False,1,True,False,False,False,False,Lazy,False,0,Chain,False,False,False,False,False,0.330824,3680,3578
52.1412037037037,50.78125,2.857142857142857,3,7,0,0,8,0.4973905086517334,0,0,0,0.992,0.01,0.02,0.991999999999978,0.346146821975708,0.139912640800204,0.9893968327147632,0.6380429267883301,0.3913298819107326,BendWorstOCT,2026-07-10 21:40:16,car_evaluation,,,6,6,0,19,4,9,0.4798125001479825,0.9417912972951524,0.9628319333170512,3600.0061750411987,13770.0,-1991324443,0.224552872,False,False,SolutionPolishing,False,3,0.004,390,23612090[].aqua,3600,1,0,0,0.05,-1,-1,0,-1,inf,True,False,False,1,True,False,True,False,False,Lazy,False,0,Chain,False,False,False,False,False,0.32036,3680,3578
52.1412037037037,50.78125,2.857142857142857,3,7,0,0,4,0.0817115306854248,0,0,0,0.992,0.01,0.02,0.991999999999978,0.3039369583129883,0.139912640800204,0.9893968327147632,0.5082478523254395,0.4240061388936635,BendWorstOCT,2026-07-10 21:40:16,car_evaluation,,,6,6,0,19,4,9,0.4798125000000012,0.8148256445306001,0.6982167920398032,3600.000711917877,24920.0,-1991324443,0.263467264,False,False,SolutionPolishing,False,3,0.004,388,23612090[].aqua,3600,1,0,0,0.05,-1,-1,0,-1,inf,True,False,False,1,True,True,True,False,False,Lazy,False,0,Chain,False,False,False,False,False,0.350356,3680,3577
52.1412037037037,50.78125,2.857142857142857,3,7,0,0,4,0.1222460269927978,0,0,0,0.992,0.01,0.02,0.991999999999978,0.3013808727264404,0.139912640800204,0.9893968327147632,0.5120809078216553,0.4240061388936635,BendWorstOCT,2026-07-10 21:40:16,car_evaluation,,,6,6,0,19,4,9,0.4798125000000012,0.8156396452954549,0.6999132896609672,3600.004712820053,24835.0,-1991324443,0.263468,False,False,SolutionPolishing,False,3,0.004,389,23612090[].aqua,3600,1,0,0,0.05,-1,-1,0,-1,inf,True,False,False,1,True,True,False,False,False,Lazy,False,0,Chain,False,False,False,False,False,0.372308,3680,3578
48.90046296296296,47.603305785123965,2.857142857142857,3,7,0,0,2,0.0492358207702636,0,0,0,0.996,0.01,0.02,0.9959999999999942,0.2953939437866211,0.1151656732032079,0.994445627662219,0.6408579349517822,0.6717624094952934,BendWorstOCT,2026-07-10 21:40:16,car_evaluation,,,6,6,0,19,4,9,0.4620330578512335,0.9351255933234665,1.0239365504979954,3600.000993013382,14814.0,625856706,0.248366504,False,False,SolutionPolishing,False,3,0.002,392,23612090[].aqua,3600,1,0,0,0.05,-1,-1,0,-1,inf,True,False,False,1,True,True,True,False,False,Lazy,False,0,Chain,False,False,False,False,False,0.369352,3680,3578
50.05787037037037,47.603305785123965,2.6,3,5,0,0,2,0.0527873039245605,0,0,0,0.9984,0.01,0.01,0.9983999999999782,0.2137670516967773,0.0627648810637843,0.9977538399203564,0.4936349391937256,0.4831020799298761,BendWorstOCT,2026-07-10 21:40:18,car_evaluation,,,6,6,0,19,4,9,0.4720333884298282,0.8739463315596053,0.8514502426760535,3600.000801086426,23656.0,230003323,0.225828472,False,False,SolutionPolishing,False,3,0.0008,401,23612090[].aqua,3600,1,0,0,0.05,-1,-1,0,-1,inf,True,False,False,1,True,True,False,False,False,Lazy,False,0,Chain,False,False,False,False,False,0.380324,3604,3579
50.05787037037037,47.603305785123965,2.6,3,5,0,0,4,0.0490686893463134,0,0,0,0.9988,0.01,0.01,0.998799999999978,0.2184531688690185,0.0587859566536305,0.9983370946093004,0.5140230655670166,0.5023912958795769,BendWorstOCT,2026-07-10 21:40:18,car_evaluation,,,6,6,0,19,4,9,0.4730330578512335,0.9371160914729958,0.9810794952257098,3600.000946998596,17416.0,-984697723,0.25300912,False,False,SolutionPolishing,False,3,0.0006,404,23612090[].aqua,3600,1,0,0,0.05,-1,-1,0,-1,inf,True,False,False,1,True,True,True,False,False,Lazy,False,0,Chain,False,False,False,False,False,0.3745,3605,3575
52.1412037037037,50.78125,2.857142857142857,3,7,0,0,4,0.8770830631256104,0,0,0,0.9984,0.01,0.01,0.9983999999999782,0.2607550621032715,0.0627648810637843,0.997916831683146,0.4927489757537842,0.2704620724822577,BendWorstOCT,2026-07-10 21:40:18,car_evaluation,,,6,6,0,19,4,9,0.5022125007511081,0.9214616303434904,0.8348042491283154,3600.000874042511,20704.0,230003323,0.22442724,False,False,SolutionPolishing,False,3,0.0008,403,23612090[].aqua,3600,1,0,0,0.05,-1,-1,0,-1,inf,True,False,False,1,True,False,False,False,False,Lazy,False,0,Chain,False,False,False,False,False,0.350936,3605,3578
50.05787037037037,47.603305785123965,2.6,3,5,0,0,4,0.0789930820465087,0,0,0,0.9988,0.01,0.01,0.998799999999978,0.2766671180725097,0.0587859566536305,0.9983370946093004,0.6050400733947754,0.5023912958795769,BendWorstOCT,2026-07-10 21:40:19,car_evaluation,,,6,6,0,19,4,9,0.4730330578512335,0.944986525109692,0.9977177269646246,3600.0010759830475,15492.0,-984697723,0.25300656,False,False,SolutionPolishing,False,3,0.0006,405,23612090[].aqua,3600,1,0,0,0.05,-1,-1,0,-1,inf,True,False,False,1,True,True,False,False,False,Lazy,False,0,Chain,False,False,False,False,False,0.364256,3605,3571
52.1412037037037,50.78125,2.857142857142857,3,7,0,0,4,0.5123844146728516,0,0,0,0.9988,0.01,0.01,0.998799999999978,0.3137331008911133,0.0587859566536305,0.99835882352939,0.5896131992340088,0.2944427466302948,BendWorstOCT,2026-07-10 21:40:19,car_evaluation,,,6,6,0,19,4,9,0.5036125000000012,0.8744813120441264,0.7364170111824552,3600.0008001327515,21447.0,-984697723,0.237005288,False,False,SolutionPolishing,False,3,0.0006,406,23612090[].aqua,3600,1,0,0,0.05,-1,-1,0,-1,inf,True,False,False,1,True,False,True,False,False,Lazy,False,0,Chain,False,False,False,False,False,0.367948,3605,3570
52.1412037037037,50.78125,2.857142857142857,3,7,0,0,4,0.4904680252075195,0,0,0,0.9984,0.01,0.01,0.9983999999999782,0.2722489833831787,0.0627648810637843,0.997916831683146,0.4832649230957031,0.2704620724822577,BendWorstOCT,2026-07-10 21:40:19,car_evaluation,,,6,6,0,19,4,9,0.5022125007511081,0.9210673654751808,0.8340191932650703,3600.000998020172,20855.0,230003323,0.224428088,False,False,SolutionPolishing,False,3,0.0008,402,23612090[].aqua,3600,1,0,0,0.05,-1,-1,0,-1,inf,True,False,False,1,True,False,True,False,False,Lazy,False,0,Chain,False,False,False,False,False,0.35806,3606,3579
52.1412037037037,50.78125,2.857142857142857,3,7,0,0,4,0.848874568939209,0,0,0,0.9988,0.01,0.01,0.998799999999978,0.4107189178466797,0.0587859566536305,0.99835882352939,0.7657978534698486,0.2944427466302948,BendWorstOCT,2026-07-10 21:40:21,car_evaluation,,,6,6,0,19,4,9,0.5036125000000012,0.8936969718396234,0.7745726562379234,3600.0017218589783,16789.0,-984697723,0.23700732,False,False,SolutionPolishing,False,3,0.0006,407,23612090[].aqua,3600,1,0,0,0.05,-1,-1,0,-1,inf,True,False,False,1,True,False,False,False,False,Lazy,False,0,Chain,False,False,False,False,False,0.362588,3608,3576
50.05787037037037,47.603305785123965,2.6,3,5,0,0,2,0.0305774211883544,0,0,0,0.9996,0.01,0.01,0.999599999999978,0.2214179039001464,0.0930088696269354,0.9994432873076362,0.4332790374755859,0.445488403566473,BendWorstOCT,2026-07-10 21:40:51,car_evaluation,,,6,6,0,19,4,9,0.4750340495867707,0.8899367728067861,0.8734168078707972,3600.001971960068,21958.0,1321137073,0.22714312,False,False,SolutionPolishing,False,3,0.0002,412,23612090[].aqua,3600,1,0,0,0.05,-1,-1,0,-1,inf,True,False,False,1,True,True,True,False,False,Lazy,False,0,Chain,False,False,False,False,False,0.368436,3604,3572
52.1412037037037,50.78125,2.857142857142857,3,7,0,0,4,0.4539978504180908,0,0,0,0.9996,0.01,0.01,0.999599999999978,0.2805929183959961,0.0930088696269354,0.9994439425051116,0.5155549049377441,0.3714690673969644,BendWorstOCT,2026-07-10 21:40:51,car_evaluation,,,6,6,0,19,4,9,0.5064125000000013,0.994418988660385,0.9636541133174684,3600.0023851394653,20462.0,1321137073,0.190509352,False,False,SolutionPolishing,False,3,0.0002,414,23612090[].aqua,3600,1,0,0,0.05,-1,-1,0,-1,inf,True,False,False,1,True,False,True,False,False,Lazy,False,0,Chain,False,False,False,False,False,0.329688,3605,3578
50.05787037037037,47.603305785123965,2.6,3,5,0,0,2,0.0580527782440185,0,0,0,0.9996,0.01,0.01,0.999599999999978,0.2496170997619629,0.0930088696269354,0.9994432873076362,0.4822649955749511,0.445488403566473,BendWorstOCT,2026-07-10 21:40:52,car_evaluation,,,6,6,0,19,4,9,0.4750340495867707,0.9053598298392286,0.9058840742611938,3600.001991033554,19654.0,1321137073,0.22714424,False,False,SolutionPolishing,False,3,0.0002,413,23612090[].aqua,3600,1,0,0,0.05,-1,-1,0,-1,inf,True,False,False,1,True,True,False,False,False,Lazy,False,0,Chain,False,False,False,False,False,0.353904,3605,3578
52.1412037037037,50.78125,2.857142857142857,3,7,0,0,8,0.4858763217926025,0,0,0,0.9998,0.01,0.01,0.9997999999999782,0.2272210121154785,0.0624477879999448,0.9997341880341662,0.4159879684448242,0.2601306829102642,BendWorstOCT,2026-07-10 21:41:23,car_evaluation,,,6,6,0,19,4,9,0.507113281250011,0.9003978277879542,0.775535883360252,3600.000741004944,15651.0,930393423,0.22172684,False,False,SolutionPolishing,False,3,0.0001,418,23612090[].aqua,3600,1,0,0,0.05,-1,-1,0,-1,inf,True,False,False,1,True,False,True,False,False,Lazy,False,0,Chain,False,False,False,False,False,0.360332,3605,3577
47.80092592592592,43.47826086956522,2.25,3,4,0,0,4,3.8496811389923096,0,0,0,0.8488889,0.07,0.17,0.8488888888888707,0.4646079540252685,0.443628460845916,0.7960400881365349,1.0683228969573977,1.750813235652578,BendWorstOCT,2026-07-10 21:41:23,car_evaluation,,,6,6,0,19,4,9,0.1147826088071308,0.5199999999999999,3.5303030259031294,3600.0011670589447,13614.0,-827494556,0.40516732,False,False,SolutionPolishing,False,4,0.08,423,23612090[].aqua,3600,1,0,0,0.05,-1,-1,0,-1,inf,True,False,False,1,True,False,False,False,False,Lazy,False,0,Chain,False,False,False,False,False,0.489156,3605,3579
47.80092592592592,43.47826086956522,2.25,3,4,0,0,4,3.5521469116210938,0,0,0,0.8488889,0.07,0.17,0.8488888888888707,0.4665441513061523,0.443628460845916,0.7960400881365349,1.0592539310455322,1.750813235652578,BendWorstOCT,2026-07-10 21:41:23,car_evaluation,,,6,6,0,19,4,9,0.1147826088071308,0.5199999999999999,3.5303030259031294,3600.0010759830475,13647.0,-827494556,0.405166184,False,False,SolutionPolishing,False,4,0.08,422,23612090[].aqua,3600,1,0,0,0.05,-1,-1,0,-1,inf,True,False,False,1,True,False,True,False,False,Lazy,False,0,Chain,False,False,False,False,False,0.487004,3605,3578
48.726851851851855,46.875,2.857142857142857,3,7,0,0,2,0.0490055084228515,0,0,0,0.9998,0.01,0.01,0.9997999999999782,0.2147700786590576,0.0624477879999448,0.999734188034166,0.392967939376831,0.3066974612469154,BendWorstOCT,2026-07-10 21:41:23,car_evaluation,,,6,6,0,19,4,9,0.4680500000000012,0.826854048151662,0.7665934155574402,3600.000874042511,26498.0,930393423,0.239940504,False,False,SolutionPolishing,False,3,0.0001,416,23612090[].aqua,3600,1,0,0,0.05,-1,-1,0,-1,inf,True,False,False,1,True,True,True,False,False,Lazy,False,0,Chain,False,False,False,False,False,0.389412,3605,3578
47.80092592592592,43.47826086956522,2.25,3,4,0,0,4,0.0756585597991943,0,0,0,0.8488889,0.07,0.17,0.8488888888888707,0.445430040359497,0.443628460845916,0.7881243573670315,1.9838149547576904,3.998084893625977,BendWorstOCT,2026-07-10 21:41:23,car_evaluation,,,6,6,0,19,4,9,0.1147826086956523,0.5199999999999564,3.5303030303026444,3600.001130104065,14194.0,-827494556,0.36925888,False,False,SolutionPolishing,False,4,0.08,421,23612090[].aqua,3600,1,0,0,0.05,-1,-1,0,-1,inf,True,False,False,1,True,True,False,False,False,Lazy,False,0,Chain,False,False,False,False,False,0.45784,3605,3578
48.726851851851855,46.875,2.857142857142857,3,7,0,0,2,0.0602064132690429,0,0,0,0.9998,0.01,0.01,0.9997999999999782,0.2124860286712646,0.0624477879999448,0.999734188034166,0.3884310722351074,0.3066974612469154,BendWorstOCT,2026-07-10 21:41:24,car_evaluation,,,6,6,0,19,4,9,0.4680500000000012,0.8229065794641696,0.7581595544582149,3600.000715970993,27493.0,930393423,0.239941704,False,False,SolutionPolishing,False,3,0.0001,417,23612090[].aqua,3600,1,0,0,0.05,-1,-1,0,-1,inf,True,False,False,1,True,True,False,False,False,Lazy,False,0,Chain,False,False,False,False,False,0.369892,3605,3575
47.80092592592592,43.47826086956522,2.25,3,4,0,0,4,0.0576033592224121,0,0,0,0.8488889,0.07,0.17,0.8488888888888707,0.603844165802002,0.443628460845916,0.7881243573670315,2.3773181438446045,3.998084893625977,BendWorstOCT,2026-07-10 21:41:24,car_evaluation,,,6,6,0,19,4,9,0.1147826086956523,0.5199999999999981,3.530303030303008,3600.001374006272,12276.0,-827494556,0.369258128,False,False,SolutionPolishing,False,4,0.08,420,23612090[].aqua,3600,1,0,0,0.05,-1,-1,0,-1,inf,True,False,False,1,True,True,True,False,False,Lazy,False,0,Chain,False,False,False,False,False,0.479996,3606,3575
50.05787037037037,47.603305785123965,2.6,3,5,0,0,2,0.0348327159881591,0,0,0,0.9992,0.01,0.01,0.9991999999999782,0.3548018932342529,0.0679628310772583,0.998940231046204,0.5158548355102539,0.3149416487655344,BendWorstOCT,2026-07-10 21:41:26,car_evaluation,,,6,6,0,19,4,9,0.4740334710744512,0.994082233603324,1.097071819317152,3600.000996828079,14225.0,1467498596,0.251017424,False,False,SolutionPolishing,False,3,0.0004,408,23612090[].aqua,3600,1,0,0,0.05,-1,-1,0,-1,inf,True,False,False,1,True,True,True,False,False,Lazy,False,0,Chain,False,False,False,False,False,0.378104,3673,3579
50.05787037037037,47.603305785123965,2.6,3,5,0,0,7,0.969186544418335,0,0,0,0.9992,0.01,0.01,0.9991999999999782,0.362293004989624,0.0679628310772583,0.998940231046204,0.5586028099060059,0.2691838996424983,BendWorstOCT,2026-07-10 21:41:26,car_evaluation,,,6,6,0,19,4,9,0.474033966942143,0.8986918855413972,0.8958385858688575,3600.0201539993286,23317.0,1467498596,0.239079384,False,False,SolutionPolishing,False,3,0.0004,411,23612090[].aqua,3600,1,0,0,0.05,-1,-1,0,-1,inf,True,False,False,1,True,False,False,False,False,Lazy,False,0,Chain,False,False,False,False,False,0.3756,3673,3577
50.05787037037037,47.603305785123965,2.6,3,5,0,0,7,0.6364598274230957,0,0,0,0.9992,0.01,0.01,0.9991999999999782,0.3687520027160644,0.0679628310772583,0.998940231046204,0.5616321563720703,0.2691838996424983,BendWorstOCT,2026-07-10 21:41:26,car_evaluation,,,6,6,0,19,4,9,0.474033966942143,0.8972226519123655,0.892739158968061,3600.000883102417,23854.0,1467498596,0.239079944,False,False,SolutionPolishing,False,3,0.0004,410,23612090[].aqua,3600,1,0,0,0.05,-1,-1,0,-1,inf,True,False,False,1,True,False,True,False,False,Lazy,False,0,Chain,False,False,False,False,False,0.374208,3673,3577
50.05787037037037,47.603305785123965,2.6,3,5,0,0,2,0.0884239673614502,0,0,0,0.9992,0.01,0.01,0.9991999999999782,0.3603909015655517,0.0679628310772583,0.998940231046204,0.5216319561004639,0.3149416487655344,BendWorstOCT,2026-07-10 21:41:26,car_evaluation,,,6,6,0,19,4,9,0.4740334710744512,0.9935735734385612,1.0959987723789053,3600.004679918289,14301.0,1467498596,0.251015888,False,False,SolutionPolishing,False,3,0.0004,409,23612090[].aqua,3600,1,0,0,0.05,-1,-1,0,-1,inf,True,False,False,1,True,True,False,False,False,Lazy,False,0,Chain,False,False,False,False,False,0.380652,3673,3577
52.1412037037037,50.78125,2.857142857142857,3,7,0,0,8,0.9925293922424316,0,0,0,0.9998,0.01,0.01,0.9997999999999782,0.6099088191986084,0.0624477879999448,0.9997341880341662,0.984372854232788,0.2601306829102642,BendWorstOCT,2026-07-10 21:41:29,car_evaluation,,,6,6,0,19,4,9,0.507113281250011,0.9686399566588998,0.91010567554304,3600.002217054367,7581.0,930393423,0.221725224,False,False,SolutionPolishing,False,3,0.0001,419,23612090[].aqua,3600,1,0,0,0.05,-1,-1,0,-1,inf,True,False,False,1,True,False,False,False,False,Lazy,False,0,Chain,False,False,False,False,False,0.320008,3612,3577
52.1412037037037,50.78125,2.857142857142857,3,7,0,0,4,0.7454938888549805,0,0,0,0.9996,0.01,0.01,0.999599999999978,0.2468478679656982,0.0930088696269354,0.9994439425051116,0.4926099777221679,0.3714690673969644,BendWorstOCT,2026-07-10 21:41:33,car_evaluation,,,6,6,0,19,4,9,0.5064125000000013,0.993451469701686,0.9617435780153204,3600.002186059952,20977.0,1321137073,0.190509624,False,False,SolutionPolishing,False,3,0.0002,415,23612090[].aqua,3600,1,0,0,0.05,-1,-1,0,-1,inf,True,False,False,1,True,False,False,False,False,Lazy,False,0,Chain,False,False,False,False,False,0.313412,3615,3578
47.80092592592592,43.47826086956522,2.25,3,4,0,0,4,0.0751492977142334,0,0,0,0.8866667,0.06,0.14,0.8866666666666341,0.4725410938262939,0.4042473159456769,0.8399966904280978,1.039236068725586,1.3225327249820065,BendWorstOCT,2026-07-10 21:41:57,car_evaluation,,,6,6,0,19,4,9,0.1947826086956523,0.64,2.285714285714283,3600.0030360221863,10476.0,-410919786,0.470665216,False,False,SolutionPolishing,False,4,0.06,425,23612090[].aqua,3600,1,0,0,0.05,-1,-1,0,-1,inf,True,False,False,1,True,True,False,False,False,Lazy,False,0,Chain,False,False,False,False,False,0.468168,3604,3576
47.80092592592592,43.47826086956522,2.25,3,4,0,0,4,7.465531826019287,0,0,0,0.8866667,0.06,0.14,0.8866666666666341,0.4738380908966064,0.4042473159456769,0.8399920428243268,1.019287109375,1.2412410555678193,BendWorstOCT,2026-07-10 21:41:57,car_evaluation,,,6,6,0,19,4,9,0.1947826086956523,0.6423307762576934,2.2976803245372626,3600.001239061356,11212.0,-410919786,0.376645208,False,False,SolutionPolishing,False,4,0.06,426,23612090[].aqua,3600,1,0,0,0.05,-1,-1,0,-1,inf,True,False,False,1,True,False,True,False,False,Lazy,False,0,Chain,False,False,False,False,False,0.475184,3604,3576
47.80092592592592,43.47826086956522,2.25,3,4,0,0,4,0.0932917594909668,0,0,0,0.8866667,0.06,0.14,0.8866666666666341,0.5128271579742432,0.4042473159456769,0.8399966904280978,1.0779941082000732,1.3225327249820065,BendWorstOCT,2026-07-10 21:41:58,car_evaluation,,,6,6,0,19,4,9,0.1947826086956523,0.6437961735451551,2.305203569539856,3600.001988172531,9430.0,-410919786,0.47066444,False,False,SolutionPolishing,False,4,0.06,424,23612090[].aqua,3600,1,0,0,0.05,-1,-1,0,-1,inf,True,False,False,1,True,True,True,False,False,Lazy,False,0,Chain,False,False,False,False,False,0.411088,3605,3578
47.80092592592592,43.47826086956522,2.25,3,4,0,0,4,8.311764478683472,0,0,0,0.8866667,0.06,0.14,0.8866666666666341,0.4953279495239258,0.4042473159456769,0.8399920428243268,1.0447139739990234,1.2412410555678193,BendWorstOCT,2026-07-10 21:42:30,car_evaluation,,,6,6,0,19,4,9,0.1947826086956523,0.6545300870171333,2.360310714596887,3600.0016849040985,10117.0,-410919786,0.376644776,False,False,SolutionPolishing,False,4,0.06,427,23612090[].aqua,3600,1,0,0,0.05,-1,-1,0,-1,inf,True,False,False,1,True,False,False,False,False,Lazy,False,0,Chain,False,False,False,False,False,0.477964,3605,3574
51.9675925925926,36.92307692307692,2.0,2,4,0,0,2,0.0516397953033447,0,0,0,0.9244444,0.06,0.11,0.9244444444444206,0.5959920883178711,0.2964196337785991,0.8933224162526439,1.2361860275268557,1.117943093152315,BendWorstOCT,2026-07-10 21:42:32,car_evaluation,,,6,6,0,19,4,9,0.209230769835385,0.7822074266279667,2.738491366462869,3600.001848936081,7038.0,1044594584,0.361054552,False,False,SolutionPolishing,False,4,0.04,428,23612090[].aqua,3600,1,0,0,0.05,-1,-1,0,-1,inf,True,False,False,1,True,True,True,False,False,Lazy,False,0,Chain,False,False,False,False,False,0.446168,3608,3576
51.9675925925926,36.92307692307692,2.0,2,4,0,0,2,0.1782393455505371,0,0,0,0.9244444,0.05,0.11,0.9244444444444206,0.3965790271759033,0.2964196337785991,0.8933224162526439,0.8721671104431152,1.117943093152315,BendWorstOCT,2026-07-10 21:43:51,car_evaluation,,,6,6,0,19,4,9,0.2092307701981545,0.7634967848309918,2.6490654988647844,3600.0016310215,9519.0,1044594584,0.361055648,False,False,SolutionPolishing,False,4,0.04,429,23612090[].aqua,3600,1,0,0,0.05,-1,-1,0,-1,inf,True,False,False,1,True,True,False,False,False,Lazy,False,0,Chain,False,False,False,False,False,0.410756,3606,3578
72.2800925925926,53.6231884057971,3.1666666666666665,4,6,0,0,10,5.499338865280151,0,0,0,0.9244444,0.05,0.11,0.9244444444444206,0.439932107925415,0.2964196337785991,0.8933305107106098,0.884951114654541,0.9080640809617192,BendWorstOCT,2026-07-10 21:44:13,car_evaluation,,,6,6,0,19,4,9,0.2962318840579711,0.7599999999999982,1.565557729941285,3600.0014929771423,9837.0,1044594584,0.421934736,False,False,SolutionPolishing,False,4,0.04,430,23612090[].aqua,3600,1,0,0,0.05,-1,-1,0,-1,inf,True,False,False,1,True,False,True,False,False,Lazy,False,0,Chain,False,False,False,False,False,0.480804,3605,3576
72.2800925925926,53.6231884057971,3.1666666666666665,4,6,0,0,10,5.547632694244385,0,0,0,0.9244444,0.04,0.11,0.9244444444444206,0.3930118083953857,0.2964196337785991,0.8933305107106098,0.8073098659515381,0.9080640809617192,BendWorstOCT,2026-07-10 21:44:35,car_evaluation,,,6,6,0,19,4,9,0.2962318840579711,0.7599999999999969,1.5655577299412806,3600.0025708675385,10497.0,1044594584,0.421936336,False,False,SolutionPolishing,False,4,0.04,431,23612090[].aqua,3600,1,0,0,0.05,-1,-1,0,-1,inf,True,False,False,1,True,False,False,False,False,Lazy,False,0,Chain,False,False,False,False,False,0.438896,3605,3577
63.94675925925926,60.0,3.5,4,8,0,0,2,0.895850658416748,0,0,0,0.9622222,0.04,0.1,0.962222222222215,0.4627110958099365,0.3214027964318156,0.9449450284014465,0.9406499862670898,1.1093760268506878,BendWorstOCT,2026-07-10 21:44:35,car_evaluation,,,6,6,0,19,4,9,0.440000000144,0.8799834800156415,0.9999624539264704,3600.001368999481,12083.0,-1436835851,0.437064776,False,False,SolutionPolishing,False,4,0.02,432,23612090[].aqua,3600,1,0,0,0.05,-1,-1,0,-1,inf,True,False,False,1,True,True,True,False,False,Lazy,False,0,Chain,False,False,False,False,False,0.467548,3605,3577
63.94675925925926,60.0,3.5,4,8,0,0,2,0.9171342849731444,0,0,0,0.9622222,0.05,0.1,0.962222222222215,0.4918849468231201,0.3214027964318156,0.9449450284014465,1.01186203956604,1.1093760268506878,BendWorstOCT,2026-07-10 21:44:35,car_evaluation,,,6,6,0,19,4,9,0.440000000144,0.8799999999999576,0.9999999993453582,3600.0014679431915,11572.0,-1436835851,0.437067392,False,False,SolutionPolishing,False,4,0.02,433,23612090[].aqua,3600,1,0,0,0.05,-1,-1,0,-1,inf,True,False,False,1,True,True,False,False,False,Lazy,False,0,Chain,False,False,False,False,False,0.442612,3606,3577
63.54166666666666,61.53846153846154,3.5,4,8,0,0,12,10.130204200744627,0,0,0,0.9622222,0.05,0.1,0.962222222222215,0.5179917812347412,0.3214027964318156,0.9449556109187004,1.117149829864502,1.0773647946074654,BendWorstOCT,2026-07-10 21:44:35,car_evaluation,,,6,6,0,19,4,9,0.4553846153846149,0.8799999999999982,0.9324324324324303,3600.0040678977966,9523.0,-1436835851,0.391337376,False,False,SolutionPolishing,False,4,0.02,434,23612090[].aqua,3600,1,0,0,0.05,-1,-1,0,-1,inf,True,False,False,1,True,False,True,False,False,Lazy,False,0,Chain,False,False,False,False,False,0.464804,3606,3577
63.94675925925926,60.0,3.5,4,8,0,0,8,2.5119595527648926,0,0,0,0.9811111,0.04,0.09,0.9811111111110898,0.4063930511474609,0.2879981824546521,0.9733332808848104,0.8014640808105469,0.9180292931024068,BendWorstOCT,2026-07-10 21:44:56,car_evaluation,,,6,6,0,19,4,9,0.52,0.9486953445592023,0.8244141241523124,3600.0014791488647,7887.0,1926179631,0.45252348,False,False,SolutionPolishing,False,4,0.01,436,23612090[].aqua,3600,1,0,0,0.05,-1,-1,0,-1,inf,True,False,False,1,True,True,True,False,False,Lazy,False,0,Chain,False,False,False,False,False,0.491932,3605,3576
63.54166666666666,61.53846153846154,3.5,4,8,0,0,12,11.30984902381897,0,0,0,0.9622222,0.04,0.1,0.962222222222215,0.4518120288848877,0.3214027964318156,0.9449556109187004,1.001755952835083,1.0773647946074654,BendWorstOCT,2026-07-10 21:44:56,car_evaluation,,,6,6,0,19,4,9,0.4553846153846149,0.8799999999999982,0.9324324324324303,3600.001412153244,10371.0,-1436835851,0.391339584,False,False,SolutionPolishing,False,4,0.02,435,23612090[].aqua,3600,1,0,0,0.05,-1,-1,0,-1,inf,True,False,False,1,True,False,False,False,False,Lazy,False,0,Chain,False,False,False,False,False,0.454116,3605,3576
63.94675925925926,60.0,3.5,4,8,0,0,8,2.4905710220336914,0,0,0,0.9811111,0.04,0.09,0.9811111111110898,0.3711910247802734,0.2879981824546521,0.9733332808848104,0.7315480709075928,0.9180292931024068,BendWorstOCT,2026-07-10 21:45:29,car_evaluation,,,6,6,0,19,4,9,0.52,0.9484443765359816,0.8239314933384259,3600.002907037735,8168.0,1926179631,0.452524912,False,False,SolutionPolishing,False,4,0.01,437,23612090[].aqua,3600,1,0,0,0.05,-1,-1,0,-1,inf,True,False,False,1,True,True,False,False,False,Lazy,False,0,Chain,False,False,False,False,False,0.464208,3605,3578
63.94675925925926,60.0,3.5,4,8,0,0,8,9.183631658554075,0,0,0,0.9811111,0.04,0.09,0.9811111111110898,0.3915529251098633,0.2879981824546521,0.9733316037634708,0.7471270561218262,0.7527518553926325,BendWorstOCT,2026-07-10 21:45:29,car_evaluation,,,6,6,0,19,4,9,0.52,0.9468788919185682,0.8209209459972465,3600.001506090164,11272.0,1926179631,0.369936008,False,False,SolutionPolishing,False,4,0.01,438,23612090[].aqua,3600,1,0,0,0.05,-1,-1,0,-1,inf,True,False,False,1,True,False,True,False,False,Lazy,False,0,Chain,False,False,False,False,False,0.47564,3604,3577
55.61342592592592,53.6231884057971,3.0,4,7,0,0,6,0.2081124782562255,0,0,0,0.9886667,0.03,0.08,0.988666666666646,0.4365870952606201,0.3270015911874298,0.9846191047123324,0.9249451160430908,1.1118575470924863,BendWorstOCT,2026-07-10 21:45:29,car_evaluation,,,6,6,0,19,4,9,0.4942318840579711,0.9669999999999692,0.9565714620842728,3600.00141620636,8376.0,465865564,0.391973248,False,False,SolutionPolishing,False,4,0.006,445,23612090[].aqua,3600,1,0,0,0.05,-1,-1,0,-1,inf,True,False,False,1,True,True,False,False,False,Lazy,False,0,Chain,False,False,False,False,False,0.429792,3604,3574
63.94675925925926,60.0,3.5,4,8,0,0,10,7.906238317489624,0,0,0,0.9886667,0.03,0.08,0.988666666666646,0.4534871578216553,0.3270015911874298,0.984603079751084,0.8891751766204834,0.738010433714402,BendWorstOCT,2026-07-10 21:45:29,car_evaluation,,,6,6,0,19,4,9,0.5519999999999999,0.9677722623491064,0.7532106201976565,3600.0009109973907,10194.0,465865564,0.410271016,False,False,SolutionPolishing,False,4,0.006,446,23612090[].aqua,3600,1,0,0,0.05,-1,-1,0,-1,inf,True,False,False,1,True,False,True,False,False,Lazy,False,0,Chain,False,False,False,False,False,0.451968,3604,3574
63.94675925925926,60.0,3.5,4,8,0,0,10,8.241923809051514,0,0,0,0.9886667,0.03,0.08,0.988666666666646,0.4579451084136963,0.3270015911874298,0.984603079751084,0.9413421154022216,0.738010433714402,BendWorstOCT,2026-07-10 21:45:29,car_evaluation,,,6,6,0,19,4,9,0.5519999999999999,0.9677499999999984,0.7531702898550696,3600.0029470920563,10222.0,465865564,0.410272824,False,False,SolutionPolishing,False,4,0.006,447,23612090[].aqua,3600,1,0,0,0.05,-1,-1,0,-1,inf,True,False,False,1,True,False,False,False,False,Lazy,False,0,Chain,False,False,False,False,False,0.445072,3604,3574
55.61342592592592,53.6231884057971,3.0,4,7,0,0,6,0.1093165874481201,0,0,0,0.9886667,0.03,0.08,0.988666666666646,0.4168999195098877,0.3270015911874298,0.9846191047123324,0.8857498168945312,1.1118575470924863,BendWorstOCT,2026-07-10 21:45:29,car_evaluation,,,6,6,0,19,4,9,0.4942318840579711,0.965821933342218,0.954187830643746,3600.001739025116,8977.0,465865564,0.391972808,False,False,SolutionPolishing,False,4,0.006,444,23612090[].aqua,3600,1,0,0,0.05,-1,-1,0,-1,inf,True,False,False,1,True,True,True,False,False,Lazy,False,0,Chain,False,False,False,False,False,0.412928,3605,3575
61.16898148148148,60.0,3.5,4,10,0,0,12,7.093202829360962,0,0,0,0.9848889,0.04,0.08,0.9848888888888676,0.4281830787658691,0.2805966448057385,0.978666666666648,0.7979481220245361,0.7716188942826107,BendWorstOCT,2026-07-10 21:45:29,car_evaluation,,,6,6,0,19,4,9,0.52,0.957737903089609,0.8418036597877097,3600.0073239803314,11791.0,1426654668,0.39498608,False,False,SolutionPolishing,False,4,0.008,443,23612090[].aqua,3600,1,0,0,0.05,-1,-1,0,-1,inf,True,False,False,1,True,False,False,False,False,Lazy,False,0,Chain,False,False,False,False,False,0.422148,3605,3574
63.94675925925926,60.0,3.5,4,8,0,0,8,9.833732843399048,0,0,0,0.9811111,0.04,0.09,0.9811111111110898,0.4032509326934814,0.2879981824546521,0.9733316037634708,0.7931268215179443,0.7527518553926325,BendWorstOCT,2026-07-10 21:45:32,car_evaluation,,,6,6,0,19,4,9,0.52,0.9475000000000006,0.8221153846153857,3600.002681016922,10590.0,1926179631,0.369937184,False,False,SolutionPolishing,False,4,0.01,439,23612090[].aqua,3600,1,0,0,0.05,-1,-1,0,-1,inf,True,False,False,1,True,False,False,False,False,Lazy,False,0,Chain,False,False,False,False,False,0.450432,3607,3579
61.16898148148148,60.0,3.5,4,10,0,0,12,6.493281602859497,0,0,0,0.9848889,0.03,0.08,0.9848888888888676,0.4136509895324707,0.2805966448057385,0.978666666666648,0.7598800659179688,0.7716188942826107,BendWorstOCT,2026-07-10 21:45:32,car_evaluation,,,6,6,0,19,4,9,0.52,0.9577777777777696,0.8418803418803261,3600.0043020248413,11678.0,1426654668,0.394988232,False,False,SolutionPolishing,False,4,0.008,442,23612090[].aqua,3600,1,0,0,0.05,-1,-1,0,-1,inf,True,False,False,1,True,False,True,False,False,Lazy,False,0,Chain,False,False,False,False,False,0.419492,3607,3574
53.125,51.82291666666666,3.333333333333333,4,9,0,0,4,0.2214112281799316,0,0,0,0.9848889,0.03,0.08,0.9848888888888676,0.3821291923522949,0.2805966448057385,0.9786666666666464,0.7068760395050049,0.8159787407535408,BendWorstOCT,2026-07-10 21:45:32,car_evaluation,,,6,6,0,19,4,9,0.4462291675344057,0.9560915971461316,1.1426022024264335,3600.001181125641,10334.0,1426654668,0.455763584,False,False,SolutionPolishing,False,4,0.008,440,23612090[].aqua,3600,1,0,0,0.05,-1,-1,0,-1,inf,True,False,False,1,True,True,True,False,False,Lazy,False,0,Chain,False,False,False,False,False,0.47368,3607,3579
53.125,51.82291666666666,3.333333333333333,4,9,0,0,4,0.4040834903717041,0,0,0,0.9848889,0.03,0.08,0.9848888888888676,0.3843119144439697,0.2805966448057385,0.9786666666666464,0.7068028450012207,0.8159787407535408,BendWorstOCT,2026-07-10 21:45:32,car_evaluation,,,6,6,0,19,4,9,0.4462291675344057,0.9559999999999884,1.1423969331325203,3600.001757860184,10618.0,1426654668,0.45576468,False,False,SolutionPolishing,False,4,0.008,441,23612090[].aqua,3600,1,0,0,0.05,-1,-1,0,-1,inf,True,False,False,1,True,True,False,False,False,Lazy,False,0,Chain,False,False,False,False,False,0.489144,3607,3578
54.91898148148148,52.17391304347826,3.636363636363636,4,11,0,0,4,5.81130838394165,0,0,0,0.9924444,0.03,0.08,0.9924444444444228,0.3581750392913818,0.2669756914209709,0.9893329928551868,0.688755989074707,0.7447742080589016,BendWorstOCT,2026-07-10 21:47:36,car_evaluation,,,6,6,0,19,4,9,0.4777391317647488,0.9773701592639684,1.0458239534484082,3600.01433300972,10103.0,892056156,0.410583832,False,False,SolutionPolishing,False,4,0.004,448,23612090[].aqua,3600,1,0,0,0.05,-1,-1,0,-1,inf,True,False,False,1,True,True,True,False,False,Lazy,False,0,Chain,False,False,False,False,False,0.487208,3606,3581
63.94675925925926,60.0,3.5,4,8,0,0,20,21.07431507110596,0,0,0,0.9924444,0.03,0.08,0.9924444444444228,0.3683600425720215,0.2669756914209709,0.9893329928551868,0.7787430286407471,0.7447742080589016,BendWorstOCT,2026-07-10 21:47:58,car_evaluation,,,6,6,0,19,4,9,0.568,0.9785555555555429,0.7228090766822938,3600.001598119736,9236.0,892056156,0.434205256,False,False,SolutionPolishing,False,4,0.004,450,23612090[].aqua,3600,1,0,0,0.05,-1,-1,0,-1,inf,True,False,False,1,True,False,True,False,False,Lazy,False,0,Chain,False,False,False,False,False,0.436688,3604,3579
54.91898148148148,52.17391304347826,3.636363636363636,4,11,0,0,4,6.008188009262085,0,0,0,0.9924444,0.03,0.08,0.9924444444444228,0.3719651699066162,0.2669756914209709,0.9893329928551868,0.7214081287384033,0.7447742080589016,BendWorstOCT,2026-07-10 21:47:58,car_evaluation,,,6,6,0,19,4,9,0.4777391317647488,0.9775008345651234,1.0460974820175923,3600.001932144165,9891.0,892056156,0.410584256,False,False,SolutionPolishing,False,4,0.004,449,23612090[].aqua,3600,1,0,0,0.05,-1,-1,0,-1,inf,True,False,False,1,True,True,False,False,False,Lazy,False,0,Chain,False,False,False,False,False,0.4568,3604,3579
61.5162037037037,60.0,3.75,4,12,0,0,7,0.6091396808624268,0,0,0,0.9962222,0.03,0.08,0.9962222222222004,0.4287600517272949,0.2910307562266342,0.994703154017801,0.9827208518981934,1.0835207706777987,BendWorstOCT,2026-07-10 21:47:59,car_evaluation,,,6,6,0,19,4,9,0.576,0.989498599016928,0.7178795121821667,3600.001240968704,8028.0,-1179121234,0.435710464,False,False,SolutionPolishing,False,4,0.002,452,23612090[].aqua,3600,1,0,0,0.05,-1,-1,0,-1,inf,True,False,False,1,True,True,True,False,False,Lazy,False,0,Chain,False,False,False,False,False,0.511972,3605,3577
63.94675925925926,60.0,3.5,4,8,0,0,20,17.347310543060303,0,0,0,0.9924444,0.03,0.08,0.9924444444444228,0.4138679504394531,0.2669756914209709,0.9893329928551868,0.826214075088501,0.7447742080589016,BendWorstOCT,2026-07-10 21:47:59,car_evaluation,,,6,6,0,19,4,9,0.568,0.9786470127067768,0.7229700927936212,3600.003583908081,8904.0,892056156,0.434199736,False,False,SolutionPolishing,False,4,0.004,451,23612090[].aqua,3600,1,0,0,0.05,-1,-1,0,-1,inf,True,False,False,1,True,False,False,False,False,Lazy,False,0,Chain,False,False,False,False,False,0.488076,3605,3577
61.5162037037037,60.0,3.75,4,12,0,0,7,0.6768550872802734,0,0,0,0.9962222,0.03,0.08,0.9962222222222004,0.4236388206481933,0.2910307562266342,0.994703154017801,0.9813787937164308,1.0835207706777987,BendWorstOCT,2026-07-10 21:47:59,car_evaluation,,,6,6,0,19,4,9,0.576,0.989499999999979,0.717881944444408,3600.005245923996,7957.0,-1179121234,0.435714944,False,False,SolutionPolishing,False,4,0.002,453,23612090[].aqua,3600,1,0,0,0.05,-1,-1,0,-1,inf,True,False,False,1,True,True,False,False,False,Lazy,False,0,Chain,False,False,False,False,False,0.469896,3605,3577
63.94675925925926,60.0,3.5,4,8,0,0,5,1.7941997051239014,0,0,0,0.9981111,0.03,0.08,0.9981111111110892,0.3721559047698974,0.3010754707450127,0.9973516483516268,0.6340029239654541,0.8040977494972488,BendWorstOCT,2026-07-10 21:48:44,car_evaluation,,,6,6,0,19,4,9,0.592,0.9947023809523624,0.6802405083654773,3600.001161813736,11201.0,-596570832,0.392833,False,False,SolutionPolishing,False,4,0.001,456,23612090[].aqua,3600,1,0,0,0.05,-1,-1,0,-1,inf,True,False,False,1,True,True,True,False,False,Lazy,False,0,Chain,False,False,False,False,False,0.475084,3605,3577
63.94675925925926,60.0,3.5,4,8,0,0,5,1.87351655960083,0,0,0,0.9981111,0.03,0.08,0.9981111111110892,0.431272029876709,0.3010754707450127,0.9973516483516268,0.7053828239440918,0.8040977494972488,BendWorstOCT,2026-07-10 21:49:32,car_evaluation,,,6,6,0,19,4,9,0.592,0.9947031563241208,0.6802418181150688,3600.002902984619,11012.0,-596570832,0.392831144,False,False,SolutionPolishing,False,4,0.001,457,23612090[].aqua,3600,1,0,0,0.05,-1,-1,0,-1,inf,True,False,False,1,True,True,False,False,False,Lazy,False,0,Chain,False,False,False,False,False,0.459844,3606,3578
63.94675925925926,60.0,3.5,4,8,0,0,6,18.87397646903992,0,0,0,0.9988667,0.05,0.09,0.9988666666666448,0.5738420486450195,0.3120026318589657,0.9983994602274012,7.603482007980347,0.9295936881503154,BendWorstOCT,2026-07-10 21:50:47,car_evaluation,,,6,6,0,19,4,9,0.5952000009571203,0.9965098024725116,0.6742436170531904,3600.0014729499817,7971.0,-528287798,0.379360192,False,False,SolutionPolishing,False,4,0.0006,464,23612090[].aqua,3600,1,0,0,0.05,-1,-1,0,-1,inf,True,False,False,1,True,True,True,False,False,Lazy,False,0,Chain,False,False,False,False,False,0.71626,3607,3577
63.94675925925926,60.0,3.5,4,8,0,0,6,5.780281066894531,0,0,0,0.9988667,0.04,0.09,0.9988666666666448,0.4368250370025635,0.3120026318589657,0.9983994602274012,2.9515740871429443,0.9295936881503154,BendWorstOCT,2026-07-10 21:51:11,car_evaluation,,,6,6,0,19,4,9,0.5952000009571203,0.9964276217228252,0.6741055445572998,3600.001272916794,9959.0,-528287798,0.379359632,False,False,SolutionPolishing,False,4,0.0006,465,23612090[].aqua,3600,1,0,0,0.05,-1,-1,0,-1,inf,True,False,False,1,True,True,False,False,False,Lazy,False,0,Chain,False,False,False,False,False,0.73232,3605,3577
64.23611111111111,63.47107438016529,3.6,4,10,0,0,16,4.571339845657349,0,0,0,0.9988667,0.04,0.09,0.9988666666666448,0.4628441333770752,0.3120026318589657,0.9984044950507326,0.854773998260498,0.7010029029488758,BendWorstOCT,2026-07-10 21:51:11,car_evaluation,,,6,6,0,19,4,9,0.628710743801642,0.9967299999999808,0.5853554433840702,3600.0014560222626,9082.0,-528287798,0.39695384,False,False,SolutionPolishing,False,4,0.0006,466,23612090[].aqua,3600,1,0,0,0.05,-1,-1,0,-1,inf,True,False,False,1,True,False,True,False,False,Lazy,False,0,Chain,False,False,False,False,False,0.488068,3606,3576
72.2800925925926,53.6231884057971,3.1666666666666665,4,6,0,0,4,0.0718533992767334,0,0,0,0.9984889,0.04,0.09,0.998488888888867,0.3988029956817627,0.2342800274800847,0.9977469317199438,0.765801191329956,0.8523314013378415,BendWorstOCT,2026-07-10 21:52:03,car_evaluation,,,6,6,0,19,4,9,0.5314318842111143,0.9958799999999828,0.8739560601982318,3600.0158891677856,7416.0,-1617463087,0.443274672,False,False,SolutionPolishing,False,4,0.0008,460,23612090[].aqua,3600,1,0,0,0.05,-1,-1,0,-1,inf,True,False,False,1,True,True,True,False,False,Lazy,False,0,Chain,False,False,False,False,False,0.473812,3683,3580
72.2800925925926,53.6231884057971,3.1666666666666665,4,6,0,0,4,0.1114566326141357,0,0,0,0.9984889,0.04,0.09,0.998488888888867,0.3932781219482422,0.2342800274800847,0.9977469317199438,0.759814977645874,0.8523314013378415,BendWorstOCT,2026-07-10 21:52:03,car_evaluation,,,6,6,0,19,4,9,0.5314318842111143,0.9958799999999828,0.8739560601982318,3600.0077691078186,7416.0,-1617463087,0.443270984,False,False,SolutionPolishing,False,4,0.0008,461,23612090[].aqua,3600,1,0,0,0.05,-1,-1,0,-1,inf,True,False,False,1,True,True,False,False,False,Lazy,False,0,Chain,False,False,False,False,False,0.511056,3683,3580
56.25,54.427083333333336,3.5454545454545454,4,11,0,0,4,0.976304531097412,0,0,0,0.9996222,0.03,0.07,0.9996222222222004,0.4302899837493896,0.2185488187333567,0.9994666666666449,1.131295919418335,1.6512303483739004,BendWorstOCT,2026-07-10 21:52:03,car_evaluation,,,6,6,0,19,4,9,0.5420708333333341,0.9989292517006588,0.842802066213347,3600.00141787529,7576.0,-1470991139,0.401075392,False,False,SolutionPolishing,False,4,0.0002,473,23612090[].aqua,3600,1,0,0,0.05,-1,-1,0,-1,inf,True,False,False,1,True,True,False,False,False,Lazy,False,0,Chain,False,False,False,False,False,0.52982,3657,3577
53.24074074074074,52.72727272727273,3.769230769230769,4,13,0,0,2,1.383716344833374,0,0,0,0.9992444,0.03,0.08,0.9992444444444226,0.4524600505828857,0.3716345869690357,0.9989157098485056,0.712054967880249,0.7996073730526976,BendWorstOCT,2026-07-10 21:52:03,car_evaluation,,,6,6,0,19,4,9,0.5220727272727197,0.9978998932195396,0.9114193120803608,3600.006623029709,8188.0,-2131592671,0.409425432,False,False,SolutionPolishing,False,4,0.0004,468,23612090[].aqua,3600,1,0,0,0.05,-1,-1,0,-1,inf,True,False,False,1,True,True,True,False,False,Lazy,False,0,Chain,False,False,False,False,False,0.466132,3658,3581
56.25,54.427083333333336,3.5454545454545454,4,11,0,0,4,0.9354524612426758,0,0,0,0.9996222,0.03,0.07,0.9996222222222004,0.4158201217651367,0.2185488187333567,0.9994666666666449,1.1079089641571045,1.6512303483739004,BendWorstOCT,2026-07-10 21:52:03,car_evaluation,,,6,6,0,19,4,9,0.5420708333333341,0.9989292517006588,0.842802066213347,3600.001466035843,7631.0,-1470991139,0.40107876,False,False,SolutionPolishing,False,4,0.0002,472,23612090[].aqua,3600,1,0,0,0.05,-1,-1,0,-1,inf,True,False,False,1,True,True,True,False,False,Lazy,False,0,Chain,False,False,False,False,False,0.50172,3657,3577
64.23611111111111,63.47107438016529,3.6,4,10,0,0,16,4.434866428375244,0,0,0,0.9988667,0.04,0.09,0.9988666666666448,0.4142360687255859,0.3120026318589657,0.9984044950507326,0.7946319580078125,0.7010029029488758,BendWorstOCT,2026-07-10 21:52:03,car_evaluation,,,6,6,0,19,4,9,0.628710743801642,0.9966947926448966,0.585299444094363,3600.001384973526,10097.0,-528287798,0.396954464,False,False,SolutionPolishing,False,4,0.0006,467,23612090[].aqua,3600,1,0,0,0.05,-1,-1,0,-1,inf,True,False,False,1,True,False,False,False,False,Lazy,False,0,Chain,False,False,False,False,False,0.4775,3658,3581
53.24074074074074,52.72727272727273,3.769230769230769,4,13,0,0,2,1.4048669338226318,0,0,0,0.9992444,0.03,0.08,0.9992444444444226,0.4364049434661865,0.3716345869690357,0.9989157098485056,0.6962840557098389,0.7996073730526976,BendWorstOCT,2026-07-10 21:52:03,car_evaluation,,,6,6,0,19,4,9,0.5220727272727197,0.9978998932195396,0.9114193120803608,3600.0010340213776,8180.0,-2131592671,0.409425128,False,False,SolutionPolishing,False,4,0.0004,469,23612090[].aqua,3600,1,0,0,0.05,-1,-1,0,-1,inf,True,False,False,1,True,True,False,False,False,Lazy,False,0,Chain,False,False,False,False,False,0.46576,3657,3581
72.68041237113403,69.56521739130434,2.0,2,4,0,0,2,0.0277221202850341,0,0,0,0.8904411,0.0,0.01,0.8895963302752302,0.0814261436462402,0.0311963271022851,0.8887411347517734,0.1062581539154052,0.0554755937921145,BendWorstOCT,2026-07-10 22:02:27,wpbc,Quantile Thresholds,5.0,32,0,32,127,2,9,0.4556521739130431,0.6350654942167139,0.3937506075366823,3600.000712156296,396646.0,-1853848032,0.521809672,False,False,SolutionPolishing,False,3,0.06,605,23612090[].aqua,3600,1,0,0,0.05,-1,-1,0,-1,inf,True,False,False,1,True,True,False,False,False,Lazy,False,0,Chain,False,False,False,False,False,0.621404,3604,3573
72.68041237113403,69.56521739130434,2.0,2,4,0,0,2,0.0147075653076171,0,0,0,0.8904411,0.0,0.01,0.8895963302752302,0.0805180072784423,0.0311963271022851,0.8887411347517734,0.1051878929138183,0.0554755937921145,BendWorstOCT,2026-07-10 22:02:27,wpbc,Quantile Thresholds,5.0,32,0,32,127,2,9,0.4556521739130431,0.6351193604035289,0.3938688253130893,3600.0090370178223,395853.0,-1853848032,0.521807624,False,False,SolutionPolishing,False,3,0.06,604,23612090[].aqua,3600,1,0,0,0.05,-1,-1,0,-1,inf,True,False,False,1,True,True,True,False,False,Lazy,False,0,Chain,False,False,False,False,False,0.611192,3604,3573
65.97938144329896,56.52173913043478,1.0,1,2,0,0,2,0.0160677433013916,0,0,0,0.8551068,0.01,0.01,0.8546987951807232,0.0880148410797119,0.0312171343160229,0.8546987951807232,0.1199069023132324,0.0594335847228906,BendWorstOCT,2026-07-10 22:02:27,wpbc,Quantile Thresholds,5.0,32,0,32,127,2,9,0.4052173913043475,0.4976889876534128,0.2282024373421141,3600.0007638931274,201336.0,-971400948,0.262495456,False,False,SolutionPolishing,False,3,0.08,600,23612090[].aqua,3600,1,0,0,0.05,-1,-1,0,-1,inf,True,False,False,1,True,True,True,False,False,Lazy,False,0,Chain,False,False,False,False,False,0.364244,3605,3578
72.68041237113403,69.56521739130434,2.0,2,4,0,0,2,0.2944977283477783,0,0,0,0.8904411,0.0,0.01,0.8895963302752302,0.0828440189361572,0.0311963271022851,0.8887411347517734,0.1083371639251709,0.0554755937921145,BendWorstOCT,2026-07-10 22:02:28,wpbc,Quantile Thresholds,5.0,32,0,32,127,2,9,0.4556521739130431,0.6399999999999995,0.4045801526717556,3600.000741004944,327346.0,-1853848032,0.45139804,False,False,SolutionPolishing,False,3,0.06,606,23612090[].aqua,3600,1,0,0,0.05,-1,-1,0,-1,inf,True,False,False,1,True,False,True,False,False,Lazy,False,0,Chain,False,False,False,False,False,0.567712,3605,3579
65.97938144329896,56.52173913043478,1.0,1,2,0,0,2,0.0303957462310791,0,0,0,0.8551068,0.0,0.01,0.8546987951807232,0.0876200199127197,0.0312171343160229,0.8546987951807232,0.1340188980102539,0.0594335847228906,BendWorstOCT,2026-07-10 22:02:28,wpbc,Quantile Thresholds,5.0,32,0,32,127,2,9,0.4052173913043475,0.4978297419945956,0.2285497924759343,3600.000838041305,200926.0,-971400948,0.26249696,False,False,SolutionPolishing,False,3,0.08,601,23612090[].aqua,3600,1,0,0,0.05,-1,-1,0,-1,inf,True,False,False,1,True,True,False,False,False,Lazy,False,0,Chain,False,False,False,False,False,0.369452,3605,3576
65.97938144329896,56.52173913043478,1.0,1,2,0,0,3,0.300302505493164,0,0,0,0.8551068,0.01,0.01,0.8546987951807232,0.0887849330902099,0.0312171343160229,0.8546987951807232,0.1213071346282959,0.0594335847228906,BendWorstOCT,2026-07-10 22:02:28,wpbc,Quantile Thresholds,5.0,32,0,32,127,2,9,0.4052173913043475,0.4933891128583266,0.2175911583413648,3600.000636100769,204665.0,-971400948,0.273362664,False,False,SolutionPolishing,False,3,0.08,602,23612090[].aqua,3600,1,0,0,0.05,-1,-1,0,-1,inf,True,False,False,1,True,False,True,False,False,Lazy,False,0,Chain,False,False,False,False,False,0.380928,3605,3576
65.97938144329896,56.52173913043478,1.0,1,2,0,0,3,0.4906966686248779,0,0,0,0.8551068,0.01,0.01,0.8546987951807232,0.0892708301544189,0.0312171343160229,0.8546987951807232,0.1214079856872558,0.0594335847228906,BendWorstOCT,2026-07-10 22:02:28,wpbc,Quantile Thresholds,5.0,32,0,32,127,2,9,0.4052173913043475,0.4952282385733654,0.2221297733033705,3600.000772953033,200639.0,-971400948,0.272774328,False,False,SolutionPolishing,False,3,0.08,603,23612090[].aqua,3600,1,0,0,0.05,-1,-1,0,-1,inf,True,False,False,1,True,False,False,False,False,Lazy,False,0,Chain,False,False,False,False,False,0.37336,3606,3578
72.68041237113403,69.56521739130434,2.0,2,4,0,0,2,0.0300574302673339,0,0,0,0.9263012,0.0,0.01,0.9261652613828,0.0834360122680664,0.0296569460441774,0.9249284380833858,0.1107809543609619,0.0521855063034608,BendWorstOCT,2026-07-10 22:02:28,wpbc,Quantile Thresholds,5.0,32,0,32,127,2,9,0.5356521739130431,0.7599999999999993,0.4188311688311686,3600.000704050064,342119.0,172278672,0.503729624,False,False,SolutionPolishing,False,3,0.04,609,23612090[].aqua,3600,1,0,0,0.05,-1,-1,0,-1,inf,True,False,False,1,True,True,False,False,False,Lazy,False,0,Chain,False,False,False,False,False,0.613136,3606,3572
72.68041237113403,69.56521739130434,2.0,2,4,0,0,2,0.3984119892120361,0,0,0,0.9263012,0.0,0.01,0.9261652613828,0.0834980010986328,0.0296569460441774,0.9249284380833858,0.1107649803161621,0.0521855063034608,BendWorstOCT,2026-07-10 22:02:28,wpbc,Quantile Thresholds,5.0,32,0,32,127,2,9,0.5356521739130431,0.7599999999999993,0.4188311688311686,3600.0006971359253,405550.0,172278672,0.544475208,False,False,SolutionPolishing,False,3,0.04,610,23612090[].aqua,3600,1,0,0,0.05,-1,-1,0,-1,inf,True,False,False,1,True,False,True,False,False,Lazy,False,0,Chain,False,False,False,False,False,0.665956,3606,3572
72.68041237113403,69.56521739130434,2.0,2,4,0,0,2,0.6629936695098877,0,0,0,0.8904411,0.01,0.01,0.8895963302752302,0.0970358848571777,0.0311963271022851,0.8887411347517734,0.1284208297729492,0.0554755937921145,BendWorstOCT,2026-07-10 22:02:31,wpbc,Quantile Thresholds,5.0,32,0,32,127,2,9,0.4556521739130431,0.6452390691369548,0.4160781097471348,3600.001030921936,220580.0,-1853848032,0.339858912,False,False,SolutionPolishing,False,3,0.06,607,23612090[].aqua,3600,1,0,0,0.05,-1,-1,0,-1,inf,True,False,False,1,True,False,False,False,False,Lazy,False,0,Chain,False,False,False,False,False,0.452972,3609,3579
72.68041237113403,69.56521739130434,2.0,2,4,0,0,2,0.0174546241760253,0,0,0,0.9263012,0.0,0.01,0.9261652613828,0.098417043685913,0.0296569460441774,0.9249284380833858,0.1290869712829589,0.0521855063034608,BendWorstOCT,2026-07-10 22:02:31,wpbc,Quantile Thresholds,5.0,32,0,32,127,2,9,0.5356521739130431,0.7600000000000022,0.418831168831174,3600.000960111618,223320.0,172278672,0.375324424,False,False,SolutionPolishing,False,3,0.04,608,23612090[].aqua,3600,1,0,0,0.05,-1,-1,0,-1,inf,True,False,False,1,True,True,True,False,False,Lazy,False,0,Chain,False,False,False,False,False,0.467712,3609,3579
72.68041237113403,69.56521739130434,2.0,2,4,0,0,2,0.0148804187774658,0,0,0,0.9851566,0.0,0.0,0.984842105263158,0.0800628662109375,0.0267721839417444,0.984,0.1176438331604003,0.0634684607249429,BendWorstOCT,2026-07-10 22:03:12,wpbc,Quantile Thresholds,5.0,32,0,32,127,2,9,0.6636521739130431,0.9519999999999994,0.4344863731656184,3600.0005600452423,420706.0,982638087,0.619805432,False,False,SolutionPolishing,False,3,0.008,620,23612090[].aqua,3600,1,0,0,0.05,-1,-1,0,-1,inf,True,False,False,1,True,True,True,False,False,Lazy,False,0,Chain,False,False,False,False,False,0.725472,3605,3573
72.68041237113403,69.56521739130434,2.0,2,4,0,0,2,0.0274856090545654,0,0,0,0.9851566,0.0,0.0,0.984842105263158,0.0775032043457031,0.0267721839417444,0.984,0.1150572299957275,0.0634684607249429,BendWorstOCT,2026-07-10 22:03:12,wpbc,Quantile Thresholds,5.0,32,0,32,127,2,9,0.6636521739130431,0.9519999999999994,0.4344863731656184,3600.0149631500244,419804.0,982638087,0.619807248,False,False,SolutionPolishing,False,3,0.008,621,23612090[].aqua,3600,1,0,0,0.05,-1,-1,0,-1,inf,True,False,False,1,True,True,False,False,False,Lazy,False,0,Chain,False,False,False,False,False,0.710992,3605,3573
78.35051546391753,78.26086956521739,2.857142857142857,3,7,0,0,8,0.3486285209655761,0,0,0,0.9851566,0.0,0.0,0.984842105263158,0.0800220966339111,0.0267721839417444,0.984,0.1182861328125,0.0634684607249429,BendWorstOCT,2026-07-10 22:03:13,wpbc,Quantile Thresholds,5.0,32,0,32,127,2,9,0.7266086956521735,0.9445520427029832,0.2999459659028619,3600.0008749961853,330669.0,982638087,0.407190296,False,False,SolutionPolishing,False,3,0.008,622,23612090[].aqua,3600,1,0,0,0.05,-1,-1,0,-1,inf,True,False,False,1,True,False,True,False,False,Lazy,False,0,Chain,False,False,False,False,False,0.529448,3606,3579
72.68041237113403,69.56521739130434,2.0,2,4,0,0,2,0.0161554813385009,0,0,0,0.9628916,0.0,0.0,0.962105263157896,0.0826020240783691,0.0267307054685913,0.96,0.1381490230560302,0.080386563506932,BendWorstOCT,2026-07-10 22:03:13,wpbc,Quantile Thresholds,5.0,32,0,32,127,2,9,0.6156521739130432,0.8799999999999994,0.4293785310734461,3600.000685930252,384364.0,1464509186,0.588781648,False,False,SolutionPolishing,False,3,0.02,612,23612090[].aqua,3600,1,0,0,0.05,-1,-1,0,-1,inf,True,False,False,1,True,True,True,False,False,Lazy,False,0,Chain,False,False,False,False,False,0.654032,3606,3578
72.68041237113403,69.56521739130434,2.0,2,4,0,0,2,0.02982759475708,0,0,0,0.9628916,0.0,0.0,0.962105263157896,0.0826070308685302,0.0267307054685913,0.96,0.1388618946075439,0.080386563506932,BendWorstOCT,2026-07-10 22:03:13,wpbc,Quantile Thresholds,5.0,32,0,32,127,2,9,0.6156521739130432,0.8799999999999994,0.4293785310734461,3600.0016050338745,379772.0,1464509186,0.583172776,False,False,SolutionPolishing,False,3,0.02,613,23612090[].aqua,3600,1,0,0,0.05,-1,-1,0,-1,inf,True,False,False,1,True,True,False,False,False,Lazy,False,0,Chain,False,False,False,False,False,0.630588,3606,3578
77.31958762886597,77.02702702702703,2.857142857142857,3,7,0,0,5,0.6450273990631104,0,0,0,0.9628916,0.0,0.0,0.962105263157896,0.0818178653717041,0.0267307054685913,0.96,0.137484073638916,0.080386563506932,BendWorstOCT,2026-07-10 22:03:13,wpbc,Quantile Thresholds,5.0,32,0,32,127,2,9,0.6302702702702712,0.8799999999999994,0.3962264150943367,3600.0006308555603,431255.0,1464509186,0.592792016,False,False,SolutionPolishing,False,3,0.02,615,23612090[].aqua,3600,1,0,0,0.05,-1,-1,0,-1,inf,True,False,False,1,True,False,False,False,False,Lazy,False,0,Chain,False,False,False,False,False,0.708244,3606,3578
72.68041237113403,69.56521739130434,2.0,2,4,0,0,2,0.6457424163818359,0,0,0,0.9263012,0.0,0.01,0.9261652613828,0.09039306640625,0.0296569460441774,0.9249284380833858,0.1169919967651367,0.0521855063034608,BendWorstOCT,2026-07-10 22:03:13,wpbc,Quantile Thresholds,5.0,32,0,32,127,2,9,0.5356521739130431,0.7599999999999993,0.4188311688311686,3600.001626968384,392856.0,172278672,0.535877704,False,False,SolutionPolishing,False,3,0.04,611,23612090[].aqua,3600,1,0,0,0.05,-1,-1,0,-1,inf,True,False,False,1,True,False,False,False,False,Lazy,False,0,Chain,False,False,False,False,False,0.660932,3606,3576
72.68041237113403,69.56521739130434,2.0,2,4,0,0,2,0.0159182548522949,0,0,0,0.9814458,0.0,0.0,0.9810526315789476,0.0818440914154052,0.0267316129685913,0.98,0.121453046798706,0.0632570819193613,BendWorstOCT,2026-07-10 22:03:13,wpbc,Quantile Thresholds,5.0,32,0,32,127,2,9,0.6556521739130431,0.9399999999999994,0.4336870026525198,3600.000594139099,364962.0,1642735290,0.577788352,False,False,SolutionPolishing,False,3,0.01,616,23612090[].aqua,3600,1,0,0,0.05,-1,-1,0,-1,inf,True,False,False,1,True,True,True,False,False,Lazy,False,0,Chain,False,False,False,False,False,0.619432,3606,3578
72.68041237113403,69.56521739130434,2.0,2,4,0,0,2,0.0298731327056884,0,0,0,0.9814458,0.0,0.0,0.9810526315789476,0.0835459232330322,0.0267316129685913,0.98,0.1237509250640869,0.0632570819193613,BendWorstOCT,2026-07-10 22:03:13,wpbc,Quantile Thresholds,5.0,32,0,32,127,2,9,0.6556521739130431,0.9399999999999994,0.4336870026525198,3600.0008738040924,362738.0,1642735290,0.575473728,False,False,SolutionPolishing,False,3,0.01,617,23612090[].aqua,3600,1,0,0,0.05,-1,-1,0,-1,inf,True,False,False,1,True,True,False,False,False,Lazy,False,0,Chain,False,False,False,False,False,0.628,3606,3578
78.35051546391753,78.26086956521739,3.0,3,8,0,0,8,0.7233803272247314,0,0,0,0.9814458,0.0,0.0,0.9810526315789476,0.0831120014190673,0.0267316129685913,0.98,0.1230158805847168,0.0632570819193613,BendWorstOCT,2026-07-10 22:03:13,wpbc,Quantile Thresholds,5.0,32,0,32,127,2,9,0.7026086956521735,0.9391318719983908,0.3366357089086015,3600.00076007843,372027.0,1642735290,0.539774056,False,False,SolutionPolishing,False,3,0.01,619,23612090[].aqua,3600,1,0,0,0.05,-1,-1,0,-1,inf,True,False,False,1,True,False,False,False,False,Lazy,False,0,Chain,False,False,False,False,False,0.641812,3606,3578
78.35051546391753,78.26086956521739,3.0,3,8,0,0,8,0.3319873809814453,0,0,0,0.9814458,0.0,0.0,0.9810526315789476,0.0830440521240234,0.0267316129685913,0.98,0.1229350566864013,0.0632570819193613,BendWorstOCT,2026-07-10 22:03:13,wpbc,Quantile Thresholds,5.0,32,0,32,127,2,9,0.7026086956521735,0.9391283184126344,0.3366306512061017,3600.00076007843,372514.0,1642735290,0.539772056,False,False,SolutionPolishing,False,3,0.01,618,23612090[].aqua,3600,1,0,0,0.05,-1,-1,0,-1,inf,True,False,False,1,True,False,True,False,False,Lazy,False,0,Chain,False,False,False,False,False,0.658804,3606,3578
77.31958762886597,77.02702702702703,2.857142857142857,3,7,0,0,5,0.3992428779602051,0,0,0,0.9628916,0.0,0.0,0.962105263157896,0.0824489593505859,0.0267307054685913,0.96,0.13838791847229,0.080386563506932,BendWorstOCT,2026-07-10 22:03:13,wpbc,Quantile Thresholds,5.0,32,0,32,127,2,9,0.6302702702702712,0.8799999999999994,0.3962264150943367,3600.002440929413,431470.0,1464509186,0.59279256,False,False,SolutionPolishing,False,3,0.02,614,23612090[].aqua,3600,1,0,0,0.05,-1,-1,0,-1,inf,True,False,False,1,True,False,True,False,False,Lazy,False,0,Chain,False,False,False,False,False,0.714416,3606,3578
76.80412371134021,76.35135135135135,3.0,3,8,0,0,2,0.0256168842315673,0,0,0,0.9925783,0.0,0.0,0.9924210526315788,0.0770120620727539,0.0267723438417444,0.992,0.1115190982818603,0.0599063675144077,BendWorstOCT,2026-07-10 22:03:47,wpbc,Quantile Thresholds,5.0,32,0,32,127,2,9,0.7315135135135143,0.9744358371967012,0.3320817991678824,3600.000762939453,468662.0,1477378814,0.672514976,False,False,SolutionPolishing,False,3,0.004,628,23612090[].aqua,3600,1,0,0,0.05,-1,-1,0,-1,inf,True,False,False,1,True,True,True,False,False,Lazy,False,0,Chain,False,False,False,False,False,0.781512,3605,3578
77.83505154639175,77.70270270270271,3.0,3,8,0,0,9,0.3700103759765625,0,0,0,0.9925783,0.0,0.0,0.9924210526315788,0.0825819969177246,0.0267723438417444,0.992,0.119143009185791,0.0599063675144077,BendWorstOCT,2026-07-10 22:03:48,wpbc,Quantile Thresholds,5.0,32,0,32,127,2,9,0.7450270270270279,0.9759999999999994,0.3100195893491959,3600.0011360645294,270754.0,1477378814,0.443155936,False,False,SolutionPolishing,False,3,0.004,630,23612090[].aqua,3600,1,0,0,0.05,-1,-1,0,-1,inf,True,False,False,1,True,False,True,False,False,Lazy,False,0,Chain,False,False,False,False,False,0.49534,3605,3575
76.80412371134021,76.35135135135135,3.0,3,8,0,0,2,0.0439133644104003,0,0,0,0.9925783,0.0,0.0,0.9924210526315788,0.0819051265716552,0.0267723438417444,0.992,0.1185030937194824,0.0599063675144077,BendWorstOCT,2026-07-10 22:03:48,wpbc,Quantile Thresholds,5.0,32,0,32,127,2,9,0.7315135135135143,0.9748612419716748,0.33266333972334,3600.001074075699,411033.0,1477378814,0.60769948,False,False,SolutionPolishing,False,3,0.004,629,23612090[].aqua,3600,1,0,0,0.05,-1,-1,0,-1,inf,True,False,False,1,True,True,False,False,False,Lazy,False,0,Chain,False,False,False,False,False,0.713664,3606,3575
78.35051546391753,78.26086956521739,3.0,3,8,0,0,17,0.9752035140991212,0,0,0,0.9888675,0.0,0.0,0.9886315789473684,0.0854279994964599,0.0267723528417444,0.988,0.1244330406188964,0.0599038703144078,BendWorstOCT,2026-07-10 22:03:48,wpbc,Quantile Thresholds,5.0,32,0,32,127,2,9,0.7346087533196886,0.9627156773843872,0.3105148462142415,3600.000908136368,279236.0,-1652181409,0.433427528,False,False,SolutionPolishing,False,3,0.006,627,23612090[].aqua,3600,1,0,0,0.05,-1,-1,0,-1,inf,True,False,False,1,True,False,False,False,False,Lazy,False,0,Chain,False,False,False,False,False,0.484176,3605,3578
78.35051546391753,78.26086956521739,2.857142857142857,3,7,0,0,8,0.6748471260070801,0,0,0,0.9851566,0.0,0.0,0.984842105263158,0.083094835281372,0.0267721839417444,0.984,0.123093843460083,0.0634684607249429,BendWorstOCT,2026-07-10 22:03:48,wpbc,Quantile Thresholds,5.0,32,0,32,127,2,9,0.7266086956521735,0.9440000000000012,0.2991862134992845,3600.000918865204,360978.0,982638087,0.432989816,False,False,SolutionPolishing,False,3,0.008,623,23612090[].aqua,3600,1,0,0,0.05,-1,-1,0,-1,inf,True,False,False,1,True,False,False,False,False,Lazy,False,0,Chain,False,False,False,False,False,0.545692,3605,3577
74.22680412371135,73.91304347826087,3.0,3,8,0,0,5,0.030827522277832,0,0,0,0.9888675,0.0,0.0,0.9886315789473684,0.0851478576660156,0.0267723528417444,0.988,0.122431993484497,0.0599038703144078,BendWorstOCT,2026-07-10 22:03:48,wpbc,Quantile Thresholds,5.0,32,0,32,127,2,9,0.6911304347826083,0.9639999999999994,0.394816305988928,3600.0007519721985,342216.0,-1652181409,0.546093168,False,False,SolutionPolishing,False,3,0.006,624,23612090[].aqua,3600,1,0,0,0.05,-1,-1,0,-1,inf,True,False,False,1,True,True,True,False,False,Lazy,False,0,Chain,False,False,False,False,False,0.627632,3605,3575
74.22680412371135,73.91304347826087,3.0,3,8,0,0,5,0.1004998683929443,0,0,0,0.9888675,0.0,0.0,0.9886315789473684,0.0843148231506347,0.0267723528417444,0.988,0.1215908527374267,0.0599038703144078,BendWorstOCT,2026-07-10 22:03:48,wpbc,Quantile Thresholds,5.0,32,0,32,127,2,9,0.6911304347826083,0.9639999999999994,0.394816305988928,3600.000661849976,345187.0,-1652181409,0.546095072,False,False,SolutionPolishing,False,3,0.006,625,23612090[].aqua,3600,1,0,0,0.05,-1,-1,0,-1,inf,True,False,False,1,True,True,False,False,False,Lazy,False,0,Chain,False,False,False,False,False,0.617036,3605,3576
78.35051546391753,78.26086956521739,3.0,3,8,0,0,17,0.3174848556518554,0,0,0,0.9888675,0.0,0.0,0.9886315789473684,0.08604097366333,0.0267723528417444,0.988,0.125385046005249,0.0599038703144078,BendWorstOCT,2026-07-10 22:03:48,wpbc,Quantile Thresholds,5.0,32,0,32,127,2,9,0.7346087533196886,0.9626964696179487,0.3104886992804462,3600.000663995743,280440.0,-1652181409,0.434908984,False,False,SolutionPolishing,False,3,0.006,626,23612090[].aqua,3600,1,0,0,0.05,-1,-1,0,-1,inf,True,False,False,1,True,False,True,False,False,Lazy,False,0,Chain,False,False,False,False,False,0.475104,3605,3575
77.31958762886597,77.02702702702703,3.0,3,8,0,0,4,0.0431149005889892,0,0,0,0.9981446,0.0,0.0,0.9981052631578944,0.0774540901184082,0.0267723447417444,0.998,0.1120440959930419,0.0594758449458188,BendWorstOCT,2026-07-10 22:04:22,wpbc,Quantile Thresholds,5.0,32,0,32,127,2,9,0.7622702702702712,0.9945076860416686,0.3046654511254324,3600.00070810318,340481.0,-2040670688,0.516630136,False,False,SolutionPolishing,False,3,0.001,636,23612090[].aqua,3600,1,0,0,0.05,-1,-1,0,-1,inf,True,False,False,1,True,True,True,False,False,Lazy,False,0,Chain,False,False,False,False,False,0.61658,3605,3573
77.83505154639175,77.70270270270271,3.0,3,8,0,0,9,0.734238862991333,0,0,0,0.9925783,0.0,0.0,0.9924210526315788,0.0788869857788086,0.0267723438417444,0.992,0.1140198707580566,0.0599063675144077,BendWorstOCT,2026-07-10 22:04:22,wpbc,Quantile Thresholds,5.0,32,0,32,127,2,9,0.7450270270270279,0.9759999999999994,0.3100195893491959,3600.0007078647614,297665.0,1477378814,0.467903904,False,False,SolutionPolishing,False,3,0.004,631,23612090[].aqua,3600,1,0,0,0.05,-1,-1,0,-1,inf,True,False,False,1,True,False,False,False,False,Lazy,False,0,Chain,False,False,False,False,False,0.519072,3605,3578
75.25773195876289,75.0,3.0,3,8,0,0,2,0.0268995761871337,0,0,0,0.9962892,0.0,0.0,0.9962105263157892,0.0782499313354492,0.0267723460417444,0.996,0.1133289337158203,0.0595785101458188,BendWorstOCT,2026-07-10 22:04:22,wpbc,Quantile Thresholds,5.0,32,0,32,127,2,9,0.7340000000000008,0.9879999999999994,0.3460490463215237,3600.0005810260773,387336.0,-941515775,0.574768128,False,False,SolutionPolishing,False,3,0.002,632,23612090[].aqua,3600,1,0,0,0.05,-1,-1,0,-1,inf,True,False,False,1,True,True,True,False,False,Lazy,False,0,Chain,False,False,False,False,False,0.701992,3605,3578
78.8659793814433,78.37837837837837,3.0,3,8,0,0,10,0.8245224952697754,0,0,0,0.9981446,0.0,0.0,0.9981052631578944,0.0810790061950683,0.0267723447417444,0.998,0.1176550388336181,0.0594758449458188,BendWorstOCT,2026-07-10 22:04:23,wpbc,Quantile Thresholds,5.0,32,0,32,127,2,9,0.7757839770961447,0.9939068555070624,0.2811644540885963,3600.0006589889526,345495.0,-2040670688,0.51020356,False,False,SolutionPolishing,False,3,0.001,639,23612090[].aqua,3600,1,0,0,0.05,-1,-1,0,-1,inf,True,False,False,1,True,False,False,False,False,Lazy,False,0,Chain,False,False,False,False,False,0.558096,3605,3578
77.31958762886597,77.02702702702703,3.0,3,8,0,0,4,0.0798964500427246,0,0,0,0.9981446,0.0,0.0,0.9981052631578944,0.0814070701599121,0.0267723447417444,0.998,0.1178410053253173,0.0594758449458188,BendWorstOCT,2026-07-10 22:04:23,wpbc,Quantile Thresholds,5.0,32,0,32,127,2,9,0.7622702702702712,0.9946315633248988,0.304827962098327,3600.001165151596,287595.0,-2040670688,0.474428264,False,False,SolutionPolishing,False,3,0.001,637,23612090[].aqua,3600,1,0,0,0.05,-1,-1,0,-1,inf,True,False,False,1,True,True,False,False,False,Lazy,False,0,Chain,False,False,False,False,False,0.558832,3606,3576
78.8659793814433,78.37837837837837,3.0,3,8,0,0,10,0.3374724388122558,0,0,0,0.9981446,0.0,0.0,0.9981052631578944,0.0813851356506347,0.0267723447417444,0.998,0.1177921295166015,0.0594758449458188,BendWorstOCT,2026-07-10 22:04:23,wpbc,Quantile Thresholds,5.0,32,0,32,127,2,9,0.7757839770961447,0.993934863768532,0.2812005572594486,3600.002221107483,331161.0,-2040670688,0.497827136,False,False,SolutionPolishing,False,3,0.001,638,23612090[].aqua,3600,1,0,0,0.05,-1,-1,0,-1,inf,True,False,False,1,True,False,True,False,False,Lazy,False,0,Chain,False,False,False,False,False,0.554448,3606,3576
78.35051546391753,78.26086956521739,2.857142857142857,3,7,0,0,6,0.7310800552368164,0,0,0,0.9962892,0.0,0.0,0.9962105263157892,0.0935950279235839,0.0267723460417444,0.996,0.1346170902252197,0.0595785101458188,BendWorstOCT,2026-07-10 22:04:23,wpbc,Quantile Thresholds,5.0,32,0,32,127,2,9,0.7686086960058957,0.9874046511627904,0.2846649488795486,3600.001302957535,337025.0,-941515775,0.395410576,False,False,SolutionPolishing,False,3,0.002,635,23612090[].aqua,3600,1,0,0,0.05,-1,-1,0,-1,inf,True,False,False,1,True,False,False,False,False,Lazy,False,0,Chain,False,False,False,False,False,0.530988,3605,3578
75.25773195876289,75.0,3.0,3,8,0,0,2,0.0423526763916015,0,0,0,0.9962892,0.0,0.0,0.9962105263157892,0.0779781341552734,0.0267723460417444,0.996,0.1147260665893554,0.0595785101458188,BendWorstOCT,2026-07-10 22:04:23,wpbc,Quantile Thresholds,5.0,32,0,32,127,2,9,0.7340000000000008,0.9879999999999994,0.3460490463215237,3600.0007421970367,372974.0,-941515775,0.557806064,False,False,SolutionPolishing,False,3,0.002,633,23612090[].aqua,3600,1,0,0,0.05,-1,-1,0,-1,inf,True,False,False,1,True,True,False,False,False,Lazy,False,0,Chain,False,False,False,False,False,0.670604,3606,3573
78.35051546391753,78.26086956521739,2.857142857142857,3,7,0,0,6,0.3184406757354736,0,0,0,0.9962892,0.0,0.0,0.9962105263157892,0.0931808948516845,0.0267723460417444,0.996,0.1348540782928466,0.0595785101458188,BendWorstOCT,2026-07-10 22:04:23,wpbc,Quantile Thresholds,5.0,32,0,32,127,2,9,0.7686086960058957,0.987432770445848,0.2847015335333569,3600.0013048648834,332357.0,-941515775,0.390746736,False,False,SolutionPolishing,False,3,0.002,634,23612090[].aqua,3600,1,0,0,0.05,-1,-1,0,-1,inf,True,False,False,1,True,False,True,False,False,Lazy,False,0,Chain,False,False,False,False,False,0.541544,3606,3575
76.28865979381443,76.08695652173913,3.0,3,8,0,0,2,0.0456700325012207,0,0,0,0.9985157,0.0,0.0,0.9984842105263152,0.1008470058441162,0.0267721277417444,0.9984,0.1383740901947021,0.059551394751289,BendWorstOCT,2026-07-10 22:04:57,wpbc,Quantile Thresholds,5.0,32,0,32,127,2,9,0.754469565217391,0.9950504262818076,0.318874176183762,3600.0006251335144,361395.0,1870617803,0.55496264,False,False,SolutionPolishing,False,3,0.0008,641,23612090[].aqua,3600,1,0,0,0.05,-1,-1,0,-1,inf,True,False,False,1,True,True,False,False,False,Lazy,False,0,Chain,False,False,False,False,False,0.69582,3606,3577
76.28865979381443,76.08695652173913,3.0,3,8,0,0,2,0.0302062034606933,0,0,0,0.9985157,0.0,0.0,0.9984842105263152,0.0908370018005371,0.0267721277417444,0.9984,0.1318399906158447,0.059551394751289,BendWorstOCT,2026-07-10 22:04:57,wpbc,Quantile Thresholds,5.0,32,0,32,127,2,9,0.754469565217391,0.9950610207727774,0.3188882184877305,3600.000552892685,356210.0,1870617803,0.538884536,False,False,SolutionPolishing,False,3,0.0008,640,23612090[].aqua,3600,1,0,0,0.05,-1,-1,0,-1,inf,True,False,False,1,True,True,True,False,False,Lazy,False,0,Chain,False,False,False,False,False,0.694528,3606,3574
78.8659793814433,78.37837837837837,3.0,3,8,0,0,8,0.3726594448089599,0,0,0,0.9985157,0.0,0.0,0.9984842105263152,0.0860888957977294,0.0267721277417444,0.9984,0.1247549057006836,0.059551394751289,BendWorstOCT,2026-07-10 22:05:38,wpbc,Quantile Thresholds,5.0,32,0,32,127,2,9,0.7773838868837222,0.9956922226289084,0.2808243641636475,3600.000616788864,212363.0,1870617803,0.37388832,False,False,SolutionPolishing,False,3,0.0008,642,23612090[].aqua,3600,1,0,0,0.05,-1,-1,0,-1,inf,True,False,False,1,True,False,True,False,False,Lazy,False,0,Chain,False,False,False,False,False,0.44234,3605,3577
78.8659793814433,78.37837837837837,3.0,3,8,0,0,8,0.7280242443084717,0,0,0,0.9985157,0.0,0.0,0.9984842105263152,0.0779600143432617,0.0267721277417444,0.9984,0.1124629974365234,0.059551394751289,BendWorstOCT,2026-07-10 22:06:11,wpbc,Quantile Thresholds,5.0,32,0,32,127,2,9,0.7773838868837222,0.9956304374157212,0.2807448857820786,3600.002242088318,238956.0,1870617803,0.400016032,False,False,SolutionPolishing,False,3,0.0008,643,23612090[].aqua,3600,1,0,0,0.05,-1,-1,0,-1,inf,True,False,False,1,True,False,False,False,False,Lazy,False,0,Chain,False,False,False,False,False,0.467868,3604,3574
79.38144329896907,78.26086956521739,3.0,3,8,0,0,8,0.5892062187194824,0,0,0,0.9988867,0.0,0.0,0.9988631578947362,0.0793831348419189,0.0267929240034561,0.9988,0.1148269176483154,0.0594771109458188,BendWorstOCT,2026-07-10 22:06:11,wpbc,Quantile Thresholds,5.0,32,0,32,127,2,9,0.7778086956521735,0.9963999999999994,0.281034791163581,3600.000534057617,325707.0,-987962981,0.494778056,False,False,SolutionPolishing,False,3,0.0006,647,23612090[].aqua,3600,1,0,0,0.05,-1,-1,0,-1,inf,True,False,False,1,True,False,False,False,False,Lazy,False,0,Chain,False,False,False,False,False,0.6517,3605,3579
79.38144329896907,78.26086956521739,3.0,3,8,0,0,8,0.3486523628234863,0,0,0,0.9988867,0.0,0.0,0.9988631578947362,0.0789539813995361,0.0267929240034561,0.9988,0.1142890453338623,0.0594771109458188,BendWorstOCT,2026-07-10 22:06:11,wpbc,Quantile Thresholds,5.0,32,0,32,127,2,9,0.7778086956521735,0.9963999999999994,0.281034791163581,3600.0030188560486,328314.0,-987962981,0.49790856,False,False,SolutionPolishing,False,3,0.0006,646,23612090[].aqua,3600,1,0,0,0.05,-1,-1,0,-1,inf,True,False,False,1,True,False,True,False,False,Lazy,False,0,Chain,False,False,False,False,False,0.63982,3605,3579
74.22680412371135,73.91304347826087,3.0,3,8,0,0,2,0.0570905208587646,0,0,0,0.9992578,0.0,0.0,0.9992421052631576,0.0901119709014892,0.0267813870620147,0.9992,0.1312348842620849,0.0595416368715593,BendWorstOCT,2026-07-10 22:06:12,wpbc,Quantile Thresholds,5.0,32,0,32,127,2,9,0.7359304347826083,0.997586006340234,0.3555438927252927,3600.0005860328674,359707.0,2084107621,0.56906796,False,False,SolutionPolishing,False,3,0.0004,649,23612090[].aqua,3600,1,0,0,0.05,-1,-1,0,-1,inf,True,False,False,1,True,True,False,False,False,Lazy,False,0,Chain,False,False,False,False,False,0.656756,3606,3576
74.22680412371135,73.91304347826087,3.0,3,8,0,0,2,0.0323264598846435,0,0,0,0.9992578,0.0,0.0,0.9992421052631576,0.0942761898040771,0.0267813870620147,0.9992,0.136085033416748,0.0595416368715593,BendWorstOCT,2026-07-10 22:06:13,wpbc,Quantile Thresholds,5.0,32,0,32,127,2,9,0.7359304347826083,0.9976,0.3555629076472263,3600.0007741451263,321273.0,2084107621,0.525441544,False,False,SolutionPolishing,False,3,0.0004,648,23612090[].aqua,3600,1,0,0,0.05,-1,-1,0,-1,inf,True,False,False,1,True,True,True,False,False,Lazy,False,0,Chain,False,False,False,False,False,0.627276,3607,3576
74.22680412371135,73.91304347826087,3.0,3,8,0,0,2,0.054110050201416,0,0,0,0.9988867,0.0,0.0,0.9988631578947362,0.0973968505859375,0.0267929240034561,0.9988,0.1438350677490234,0.0594771109458188,BendWorstOCT,2026-07-10 22:06:15,wpbc,Quantile Thresholds,5.0,32,0,32,127,2,9,0.7343304347826083,0.9963999999999994,0.3568823417961348,3600.0010838508606,331525.0,-987962981,0.5388598,False,False,SolutionPolishing,False,3,0.0006,645,23612090[].aqua,3600,1,0,0,0.05,-1,-1,0,-1,inf,True,False,False,1,True,True,False,False,False,Lazy,False,0,Chain,False,False,False,False,False,0.669808,3609,3581
74.22680412371135,73.91304347826087,3.0,3,8,0,0,2,0.0299875736236572,0,0,0,0.9988867,0.0,0.0,0.9988631578947362,0.0827188491821289,0.0267929240034561,0.9988,0.1197719573974609,0.0594771109458188,BendWorstOCT,2026-07-10 22:06:21,wpbc,Quantile Thresholds,5.0,32,0,32,127,2,9,0.7343304347826083,0.9963667169950584,0.3568370175070078,3600.0012278556824,373812.0,-987962981,0.587036096,False,False,SolutionPolishing,False,3,0.0006,644,23612090[].aqua,3600,1,0,0,0.05,-1,-1,0,-1,inf,True,False,False,1,True,True,True,False,False,Lazy,False,0,Chain,False,False,False,False,False,0.710432,3614,3574
72.68041237113403,69.56521739130434,2.0,2,4,0,0,2,0.0307743549346923,0,0,0,0.9996516,0.0,0.0,0.9995999999999994,0.0716669559478759,0.0233594695510769,0.9995999999999994,0.0910940170288086,0.038678962853297,BendWorstOCT,2026-07-10 22:06:58,wpbc,Quantile Thresholds,5.0,32,0,32,127,2,9,0.6948521739130431,0.9987999999999996,0.4374280422485859,3600.000819921493,362094.0,-579354718,0.519456656,False,False,SolutionPolishing,False,3,0.0002,653,23612090[].aqua,3600,1,0,0,0.05,-1,-1,0,-1,inf,True,False,False,1,True,True,False,False,False,Lazy,False,0,Chain,False,False,False,False,False,0.627464,3605,3577
78.35051546391753,78.26086956521739,2.857142857142857,3,7,0,0,6,0.3187131881713867,0,0,0,0.9996516,0.0,0.0,0.9995999999999994,0.0719048976898193,0.0233594695510769,0.9995999999999994,0.0910289287567138,0.038678962853297,BendWorstOCT,2026-07-10 22:06:58,wpbc,Quantile Thresholds,5.0,32,0,32,127,2,9,0.7812088615085638,0.9987999999999996,0.2785313239678993,3600.000876903534,274950.0,-579354718,0.423993104,False,False,SolutionPolishing,False,3,0.0002,654,23612090[].aqua,3600,1,0,0,0.05,-1,-1,0,-1,inf,True,False,False,1,True,False,True,False,False,Lazy,False,0,Chain,False,False,False,False,False,0.538964,3605,3577
78.35051546391753,78.26086956521739,3.0,3,8,0,0,8,0.8085546493530273,0,0,0,0.9992578,0.0,0.0,0.9992421052631576,0.087656021118164,0.0267813870620147,0.9992,0.125777006149292,0.0595416368715593,BendWorstOCT,2026-07-10 22:06:58,wpbc,Quantile Thresholds,5.0,32,0,32,127,2,9,0.779408985900887,0.9976326414665382,0.2799860657411017,3600.001182079315,186101.0,2084107621,0.328904416,False,False,SolutionPolishing,False,3,0.0004,651,23612090[].aqua,3600,1,0,0,0.05,-1,-1,0,-1,inf,True,False,False,1,True,False,False,False,False,Lazy,False,0,Chain,False,False,False,False,False,0.407776,3605,3579
72.68041237113403,69.56521739130434,2.0,2,4,0,0,2,0.0165882110595703,0,0,0,0.9996516,0.0,0.0,0.9995999999999994,0.0720999240875244,0.0233594695510769,0.9995999999999994,0.0915930271148681,0.038678962853297,BendWorstOCT,2026-07-10 22:06:58,wpbc,Quantile Thresholds,5.0,32,0,32,127,2,9,0.6948521739130431,0.9987999999999996,0.4374280422485859,3600.000726938248,362770.0,-579354718,0.519895256,False,False,SolutionPolishing,False,3,0.0002,652,23612090[].aqua,3600,1,0,0,0.05,-1,-1,0,-1,inf,True,False,False,1,True,True,True,False,False,Lazy,False,0,Chain,False,False,False,False,False,0.629224,3606,3578
78.35051546391753,78.26086956521739,2.857142857142857,3,7,0,0,6,0.606928825378418,0,0,0,0.9998258,0.0,0.0,0.9997999999999996,0.0658268928527832,0.0242425650262337,0.9997999999999996,0.083353042602539,0.0384222799397097,BendWorstOCT,2026-07-10 22:06:58,wpbc,Quantile Thresholds,5.0,32,0,32,127,2,9,0.781908695830365,0.9993999999999994,0.2781543488765842,3600.001363992691,213589.0,-425873198,0.300418072,False,False,SolutionPolishing,False,3,0.0001,659,23612090[].aqua,3600,1,0,0,0.05,-1,-1,0,-1,inf,True,False,False,1,True,False,False,False,False,Lazy,False,0,Chain,False,False,False,False,False,0.452672,3605,3573
65.97938144329896,56.52173913043478,1.0,1,2,0,0,1,0.018864631652832,0,0,0,0.854404,0.01,0.01,0.8535667738349613,0.1089479923248291,0.0431345001886501,0.850647184687986,0.1502690315246582,0.0823916202437136,BendWorstOCT,2026-07-10 22:06:58,wpbc,Quantile Thresholds,5.0,32,0,32,127,2,9,0.4052176819746215,0.5209041705223035,0.2854922025710798,3600.0010578632355,97667.0,428448693,0.623770008,False,False,SolutionPolishing,False,4,0.08,660,23612090[].aqua,3600,1,0,0,0.05,-1,-1,0,-1,inf,True,False,False,1,True,True,True,False,False,Lazy,False,0,Chain,False,False,False,False,False,0.368408,3605,3575
77.31958762886597,76.08695652173913,2.857142857142857,3,7,0,0,2,0.0271170139312744,0,0,0,0.9998258,0.0,0.0,0.9997999999999996,0.0725700855255127,0.0242425650262337,0.9997999999999996,0.091710090637207,0.0384222799397097,BendWorstOCT,2026-07-10 22:06:58,wpbc,Quantile Thresholds,5.0,32,0,32,127,2,9,0.7601695652173909,0.9993698932667217,0.3146670677099851,3600.0007441043854,405140.0,-425873198,0.525418928,False,False,SolutionPolishing,False,3,0.0001,656,23612090[].aqua,3600,1,0,0,0.05,-1,-1,0,-1,inf,True,False,False,1,True,True,True,False,False,Lazy,False,0,Chain,False,False,False,False,False,0.662224,3606,3578
78.35051546391753,78.26086956521739,2.857142857142857,3,7,0,0,6,0.3639717102050781,0,0,0,0.9998258,0.0,0.0,0.9997999999999996,0.0688698291778564,0.0242425650262337,0.9997999999999996,0.0879099369049072,0.0384222799397097,BendWorstOCT,2026-07-10 22:06:58,wpbc,Quantile Thresholds,5.0,32,0,32,127,2,9,0.781908695830365,0.9993999999999994,0.2781543488765842,3600.001708984375,180146.0,-425873198,0.284302448,False,False,SolutionPolishing,False,3,0.0001,658,23612090[].aqua,3600,1,0,0,0.05,-1,-1,0,-1,inf,True,False,False,1,True,False,True,False,False,Lazy,False,0,Chain,False,False,False,False,False,0.414952,3606,3573
78.35051546391753,78.26086956521739,2.857142857142857,3,7,0,0,6,0.640221357345581,0,0,0,0.9996516,0.0,0.0,0.9995999999999994,0.0717809200286865,0.0233594695510769,0.9995999999999994,0.0901598930358886,0.038678962853297,BendWorstOCT,2026-07-10 22:06:58,wpbc,Quantile Thresholds,5.0,32,0,32,127,2,9,0.7812088615085638,0.9987999999999996,0.2785313239678993,3600.0008211135864,273943.0,-579354718,0.423202056,False,False,SolutionPolishing,False,3,0.0002,655,23612090[].aqua,3600,1,0,0,0.05,-1,-1,0,-1,inf,True,False,False,1,True,False,False,False,False,Lazy,False,0,Chain,False,False,False,False,False,0.571592,3606,3578
77.31958762886597,76.08695652173913,2.857142857142857,3,7,0,0,2,0.0496165752410888,0,0,0,0.9998258,0.0,0.0,0.9997999999999996,0.0790410041809082,0.0242425650262337,0.9997999999999996,0.0994081497192382,0.0384222799397097,BendWorstOCT,2026-07-10 22:06:59,wpbc,Quantile Thresholds,5.0,32,0,32,127,2,9,0.7601695652173909,0.9993761739140448,0.3146753298762316,3600.001044988632,364210.0,-425873198,0.48297524,False,False,SolutionPolishing,False,3,0.0001,657,23612090[].aqua,3600,1,0,0,0.05,-1,-1,0,-1,inf,True,False,False,1,True,True,False,False,False,Lazy,False,0,Chain,False,False,False,False,False,0.610488,3607,3576
78.35051546391753,78.26086956521739,3.0,3,8,0,0,8,0.4003450870513916,0,0,0,0.9992578,0.0,0.0,0.9992421052631576,0.080806016921997,0.0267813870620147,0.9992,0.1167409420013427,0.0595416368715593,BendWorstOCT,2026-07-10 22:07:03,wpbc,Quantile Thresholds,5.0,32,0,32,127,2,9,0.779408985900887,0.9976185541241364,0.2799679913505613,3600.00074505806,192169.0,2084107621,0.333640424,False,False,SolutionPolishing,False,3,0.0004,650,23612090[].aqua,3600,1,0,0,0.05,-1,-1,0,-1,inf,True,False,False,1,True,False,True,False,False,Lazy,False,0,Chain,False,False,False,False,False,0.403796,3610,3575
65.97938144329896,56.52173913043478,1.0,1,2,0,0,3,0.8631753921508789,0,0,0,0.854404,0.01,0.01,0.8535667738349613,0.1344499588012695,0.0431345001886501,0.8019315982643452,0.4971499443054199,0.2854750797403089,BendWorstOCT,2026-07-10 22:07:32,wpbc,Quantile Thresholds,5.0,32,0,32,127,2,9,0.4052173914448693,0.5199999999999995,0.2832618021300957,3600.001121044159,102386.0,428448693,0.450742024,False,False,SolutionPolishing,False,4,0.08,663,23612090[].aqua,3600,1,0,0,0.05,-1,-1,0,-1,inf,True,False,False,1,True,False,False,False,False,Lazy,False,0,Chain,False,False,False,False,False,0.380404,3605,3577
72.68041237113403,69.56521739130434,2.0,2,4,0,0,3,0.0416088104248046,0,0,0,0.889709,0.01,0.01,0.8895087363195001,0.1094870567321777,0.0430873424669249,0.8895087363195001,0.1467881202697754,0.0778114788477522,BendWorstOCT,2026-07-10 22:07:32,wpbc,Quantile Thresholds,5.0,32,0,32,127,2,9,0.4556521739130431,0.6636347333104111,0.4564502734865904,3600.003710985184,158428.0,110010680,0.445115264,False,False,SolutionPolishing,False,4,0.06,664,23612090[].aqua,3600,1,0,0,0.05,-1,-1,0,-1,inf,True,False,False,1,True,True,True,False,False,Lazy,False,0,Chain,False,False,False,False,False,0.557816,3605,3574
65.97938144329896,56.52173913043478,1.0,1,2,0,0,3,0.5171668529510498,0,0,0,0.854404,0.01,0.01,0.8535667738349613,0.1367518901824951,0.0431345001886501,0.8019315982643452,0.4634099006652832,0.2854750797403089,BendWorstOCT,2026-07-10 22:07:32,wpbc,Quantile Thresholds,5.0,32,0,32,127,2,9,0.4052173914448693,0.5199999999999995,0.2832618021300957,3600.0008850097656,102235.0,428448693,0.450740408,False,False,SolutionPolishing,False,4,0.08,662,23612090[].aqua,3600,1,0,0,0.05,-1,-1,0,-1,inf,True,False,False,1,True,False,True,False,False,Lazy,False,0,Chain,False,False,False,False,False,0.369444,3605,3577
72.68041237113403,69.56521739130434,2.0,2,4,0,0,3,0.0547156333923339,0,0,0,0.889709,0.01,0.01,0.8895087363195001,0.1091911792755127,0.0430873424669249,0.8895087363195001,0.1461069583892822,0.0778114788477522,BendWorstOCT,2026-07-10 22:07:32,wpbc,Quantile Thresholds,5.0,32,0,32,127,2,9,0.4556521739130431,0.6637730761288222,0.4567538884506605,3600.001448154449,157657.0,110010680,0.44511636,False,False,SolutionPolishing,False,4,0.06,665,23612090[].aqua,3600,1,0,0,0.05,-1,-1,0,-1,inf,True,False,False,1,True,True,False,False,False,Lazy,False,0,Chain,False,False,False,False,False,0.53142,3605,3574
72.68041237113403,69.56521739130434,2.0,2,4,0,0,8,0.7237317562103271,0,0,0,0.889709,0.01,0.01,0.8895087363195001,0.1356191635131836,0.0430873424669249,0.8481255666045786,0.6222929954528809,0.3915898406023333,BendWorstOCT,2026-07-10 22:07:32,wpbc,Quantile Thresholds,5.0,32,0,32,127,2,9,0.4556521742041737,0.6446678260830626,0.4148244265683953,3600.0007050037384,139991.0,110010680,0.5152908,False,False,SolutionPolishing,False,4,0.06,666,23612090[].aqua,3600,1,0,0,0.05,-1,-1,0,-1,inf,True,False,False,1,True,False,True,False,False,Lazy,False,0,Chain,False,False,False,False,False,0.407532,3605,3573
72.68041237113403,69.56521739130434,2.0,2,4,0,0,8,1.0980093479156494,0,0,0,0.889709,0.01,0.01,0.8895087363195001,0.1479139328002929,0.0430873424669249,0.8481255666045786,0.6700339317321777,0.3915898406023333,BendWorstOCT,2026-07-10 22:07:32,wpbc,Quantile Thresholds,5.0,32,0,32,127,2,9,0.4556521742041737,0.6445309227839451,0.4145239708548751,3600.00133395195,140230.0,110010680,0.515292592,False,False,SolutionPolishing,False,4,0.06,667,23612090[].aqua,3600,1,0,0,0.05,-1,-1,0,-1,inf,True,False,False,1,True,False,False,False,False,Lazy,False,0,Chain,False,False,False,False,False,0.425688,3605,3573
65.97938144329896,56.52173913043478,1.0,1,2,0,0,1,0.0986120700836181,0,0,0,0.854404,0.01,0.01,0.8535667738349613,0.1247320175170898,0.0431345001886501,0.850647184687986,0.176915168762207,0.0823916202437136,BendWorstOCT,2026-07-10 22:07:33,wpbc,Quantile Thresholds,5.0,32,0,32,127,2,9,0.4052176819746215,0.5478207736524188,0.3519172484845526,3600.0015161037445,75383.0,428448693,0.582109504,False,False,SolutionPolishing,False,4,0.08,661,23612090[].aqua,3600,1,0,0,0.05,-1,-1,0,-1,inf,True,False,False,1,True,True,False,False,False,Lazy,False,0,Chain,False,False,False,False,False,0.322252,3607,3575
72.68041237113403,69.56521739130434,2.0,2,4,0,0,4,0.0637028217315673,0,0,0,0.9256598,0.01,0.01,0.925538832028899,0.1154019832611084,0.0405921620929765,0.8988026794501697,0.3876409530639648,0.2254642490156241,BendWorstOCT,2026-07-10 22:08:07,wpbc,Quantile Thresholds,5.0,32,0,32,127,2,9,0.5356521739130431,0.7765466942676064,0.4497219129995908,3600.0013020038605,156315.0,-1382281276,0.56385772,False,False,SolutionPolishing,False,4,0.04,669,23612090[].aqua,3600,1,0,0,0.05,-1,-1,0,-1,inf,True,False,False,1,True,True,False,False,False,Lazy,False,0,Chain,False,False,False,False,False,0.495376,3606,3576
72.68041237113403,69.56521739130434,2.0,2,4,0,0,5,0.6291544437408447,0,0,0,0.9256598,0.01,0.01,0.925538832028899,0.1481931209564209,0.0405921620929765,0.8985901680236886,0.3931231498718261,0.1783940675442897,BendWorstOCT,2026-07-10 22:08:07,wpbc,Quantile Thresholds,5.0,32,0,32,127,2,9,0.5356521739130431,0.779106093509068,0.454500012232839,3600.0012481212616,150181.0,-1382281276,0.559521016,False,False,SolutionPolishing,False,4,0.04,670,23612090[].aqua,3600,1,0,0,0.05,-1,-1,0,-1,inf,True,False,False,1,True,False,True,False,False,Lazy,False,0,Chain,False,False,False,False,False,0.497388,3606,3576
72.68041237113403,69.56521739130434,2.0,2,4,0,0,4,0.0206913948059082,0,0,0,0.9256598,0.01,0.01,0.925538832028899,0.1057620048522949,0.0405921620929765,0.8988026794501697,0.3344018459320068,0.2254642490156241,BendWorstOCT,2026-07-10 22:08:08,wpbc,Quantile Thresholds,5.0,32,0,32,127,2,9,0.5356521739130431,0.7742452027519151,0.4454252973452971,3600.001212835312,167005.0,-1382281276,0.58597128,False,False,SolutionPolishing,False,4,0.04,668,23612090[].aqua,3600,1,0,0,0.05,-1,-1,0,-1,inf,True,False,False,1,True,True,True,False,False,Lazy,False,0,Chain,False,False,False,False,False,0.513912,3606,3579
77.31958762886597,77.02702702702703,2.857142857142857,3,7,0,0,6,0.6498515605926514,0,0,0,0.9624691,0.0,0.0,0.9623188405797108,0.1326627731323242,0.0382498690847974,0.949241831010743,0.3773868083953857,0.1733977338844355,BendWorstOCT,2026-07-10 22:09:19,wpbc,Quantile Thresholds,5.0,32,0,32,127,2,9,0.6302702702702712,0.8800000000000022,0.3962264150943412,3600.002085924149,183762.0,-1276892349,0.49801056,False,False,SolutionPolishing,False,4,0.02,674,23612090[].aqua,3600,1,0,0,0.05,-1,-1,0,-1,inf,True,False,False,1,True,False,True,False,False,Lazy,False,0,Chain,False,False,False,False,False,0.573728,3605,3576
77.31958762886597,77.02702702702703,2.857142857142857,3,7,0,0,6,1.0238451957702637,0,0,0,0.9624691,0.0,0.0,0.9623188405797108,0.1325349807739257,0.0382498690847974,0.949241831010743,0.4039578437805176,0.1733977338844355,BendWorstOCT,2026-07-10 22:09:19,wpbc,Quantile Thresholds,5.0,32,0,32,127,2,9,0.6302702702702712,0.8800000000000022,0.3962264150943412,3600.001034975052,184609.0,-1276892349,0.513316216,False,False,SolutionPolishing,False,4,0.02,675,23612090[].aqua,3600,1,0,0,0.05,-1,-1,0,-1,inf,True,False,False,1,True,False,False,False,False,Lazy,False,0,Chain,False,False,False,False,False,0.605188,3605,3576
72.68041237113403,69.56521739130434,2.0,2,4,0,0,5,0.8479108810424805,0,0,0,0.9256598,0.01,0.01,0.925538832028899,0.1409749984741211,0.0405921620929765,0.8985901680236886,0.4069638252258301,0.1783940675442897,BendWorstOCT,2026-07-10 22:09:19,wpbc,Quantile Thresholds,5.0,32,0,32,127,2,9,0.5356521739130431,0.7764590923887983,0.4495583705310368,3600.0013699531555,164266.0,-1382281276,0.581839136,False,False,SolutionPolishing,False,4,0.04,671,23612090[].aqua,3600,1,0,0,0.05,-1,-1,0,-1,inf,True,False,False,1,True,False,False,False,False,Lazy,False,0,Chain,False,False,False,False,False,0.518192,3606,3574
72.68041237113403,69.56521739130434,2.0,2,4,0,0,2,0.0170085430145263,0,0,0,0.9624691,0.0,0.0,0.9623188405797108,0.107598066329956,0.0382498690847974,0.9607417407407416,0.175487995147705,0.1008485174901833,BendWorstOCT,2026-07-10 22:09:19,wpbc,Quantile Thresholds,5.0,32,0,32,127,2,9,0.6156521739130432,0.8800000000000022,0.4293785310734506,3600.001188993454,182905.0,-1276892349,0.61985008,False,False,SolutionPolishing,False,4,0.02,672,23612090[].aqua,3600,1,0,0,0.05,-1,-1,0,-1,inf,True,False,False,1,True,True,True,False,False,Lazy,False,0,Chain,False,False,False,False,False,0.54632,3606,3574
72.68041237113403,69.56521739130434,2.0,2,4,0,0,2,0.0303833484649658,0,0,0,0.9624691,0.0,0.0,0.9623188405797108,0.1067051887512207,0.0382498690847974,0.9607417407407416,0.1740710735321045,0.1008485174901833,BendWorstOCT,2026-07-10 22:09:19,wpbc,Quantile Thresholds,5.0,32,0,32,127,2,9,0.6156521739130432,0.8800000000000022,0.4293785310734506,3600.0013241767883,181946.0,-1276892349,0.617882064,False,False,SolutionPolishing,False,4,0.02,673,23612090[].aqua,3600,1,0,0,0.05,-1,-1,0,-1,inf,True,False,False,1,True,True,False,False,False,Lazy,False,0,Chain,False,False,False,False,False,0.540552,3606,3573
69.38502673796792,66.29213483146067,1.6666666666666667,2,3,0,0,2,0.0168807506561279,0,0,0,0.9440841,0.01,0.02,0.9438888888888912,0.0796320438385009,0.0313882722110454,0.9438888888888912,0.0965428352355957,0.0479086558534055,BendWorstOCT,2026-07-10 22:12:41,transfusion,Quantile Thresholds,5.0,4,0,4,16,2,2,0.6029213492892009,0.6029213492892009,0.0,3406.9432759284973,443462.0,1586582235,0.145752504,False,False,SolutionPolishing,False,3,0.02,732,23612090[].aqua,3600,1,0,0,0.05,-1,-1,0,-1,inf,True,False,False,1,True,True,True,False,False,Lazy,False,0,Chain,False,False,False,False,False,0.29614,3411,3388
72.68041237113403,69.56521739130434,2.0,2,4,0,0,2,0.0305004119873046,0,0,0,0.9812346,0.0,0.0,0.9811594202898553,0.1077189445495605,0.0382498010847974,0.9803713703703704,0.1550579071044922,0.0816112337506079,BendWorstOCT,2026-07-10 22:09:59,wpbc,Quantile Thresholds,5.0,32,0,32,127,2,9,0.6556521739130431,0.9399999999999992,0.4336870026525196,3600.0011899471283,235004.0,1265125555,0.726023976,False,False,SolutionPolishing,False,4,0.01,677,23612090[].aqua,3600,1,0,0,0.05,-1,-1,0,-1,inf,True,False,False,1,True,True,False,False,False,Lazy,False,0,Chain,False,False,False,False,False,0.650936,3606,3573
72.68041237113403,69.56521739130434,2.0,2,4,0,0,2,0.0172939300537109,0,0,0,0.9849877,0.0,0.0,0.984927536231884,0.1090168952941894,0.0382496720847974,0.9842972962962964,0.1550447940826416,0.0802293810926767,BendWorstOCT,2026-07-10 22:09:59,wpbc,Quantile Thresholds,5.0,32,0,32,127,2,9,0.6636521739130431,0.952,0.4344863731656192,3600.0014679431915,195898.0,333776484,0.6809824,False,False,SolutionPolishing,False,4,0.008,680,23612090[].aqua,3600,1,0,0,0.05,-1,-1,0,-1,inf,True,False,False,1,True,True,True,False,False,Lazy,False,0,Chain,False,False,False,False,False,0.596588,3606,3572
72.68041237113403,69.56521739130434,2.0,2,4,0,0,2,0.0173242092132568,0,0,0,0.9812346,0.0,0.0,0.9811594202898553,0.1124868392944336,0.0382498010847974,0.9803713703703704,0.1614940166473388,0.0816112337506079,BendWorstOCT,2026-07-10 22:09:59,wpbc,Quantile Thresholds,5.0,32,0,32,127,2,9,0.6556521739130431,0.9399999999999992,0.4336870026525196,3600.001065969467,229672.0,1265125555,0.71797288,False,False,SolutionPolishing,False,4,0.01,676,23612090[].aqua,3600,1,0,0,0.05,-1,-1,0,-1,inf,True,False,False,1,True,True,True,False,False,Lazy,False,0,Chain,False,False,False,False,False,0.646932,3606,3577
86.08247422680412,85.8108108108108,3.769230769230769,4,13,0,0,12,1.0747227668762207,0,0,0,0.9812346,0.0,0.0,0.9811594202898553,0.1379511356353759,0.0382498010847974,0.9741566793425204,0.4877970218658447,0.1955590316117524,BendWorstOCT,2026-07-10 22:09:59,wpbc,Quantile Thresholds,5.0,32,0,32,127,2,9,0.7281081081081096,0.9400000000000022,0.2910170749814406,3600.001195192337,175938.0,1265125555,0.527964256,False,False,SolutionPolishing,False,4,0.01,679,23612090[].aqua,3600,1,0,0,0.05,-1,-1,0,-1,inf,True,False,False,1,True,False,False,False,False,Lazy,False,0,Chain,False,False,False,False,False,0.615132,3606,3572
86.08247422680412,85.8108108108108,3.769230769230769,4,13,0,0,12,0.6492674350738525,0,0,0,0.9812346,0.0,0.0,0.9811594202898553,0.1423749923706054,0.0382498010847974,0.9741566793425204,0.4528930187225342,0.1955590316117524,BendWorstOCT,2026-07-10 22:09:59,wpbc,Quantile Thresholds,5.0,32,0,32,127,2,9,0.7281081081081096,0.9400000000000022,0.2910170749814406,3600.001417160034,175292.0,1265125555,0.527964576,False,False,SolutionPolishing,False,4,0.01,678,23612090[].aqua,3600,1,0,0,0.05,-1,-1,0,-1,inf,True,False,False,1,True,False,True,False,False,Lazy,False,0,Chain,False,False,False,False,False,0.580416,3606,3573
69.38502673796792,66.29213483146067,1.6666666666666667,2,3,0,0,2,0.0179555416107177,0,0,0,0.9440841,0.01,0.02,0.9438888888888912,0.0802810192108154,0.0313882722110454,0.9438888888888912,0.0972180366516113,0.0479086558534055,BendWorstOCT,2026-07-10 22:12:41,transfusion,Quantile Thresholds,5.0,4,0,4,16,2,2,0.6029213492892009,0.6029213492892009,0.0,3438.3226051330566,443462.0,1586582235,0.145753432,False,False,SolutionPolishing,False,3,0.02,733,23612090[].aqua,3600,1,0,0,0.05,-1,-1,0,-1,inf,True,False,False,1,True,True,False,False,False,Lazy,False,0,Chain,False,False,False,False,False,0.284264,3443,3419
72.68041237113403,69.56521739130434,2.0,2,4,0,0,2,0.0289990901947021,0,0,0,0.9849877,0.0,0.0,0.984927536231884,0.099881887435913,0.0382496720847974,0.9842972962962964,0.1417078971862793,0.0802293810926767,BendWorstOCT,2026-07-10 22:11:18,wpbc,Quantile Thresholds,5.0,32,0,32,127,2,9,0.6636521739130431,0.9519999999999988,0.4344863731656174,3600.001194000244,233110.0,333776484,0.74280832,False,False,SolutionPolishing,False,4,0.008,681,23612090[].aqua,3600,1,0,0,0.05,-1,-1,0,-1,inf,True,False,False,1,True,True,False,False,False,Lazy,False,0,Chain,False,False,False,False,False,0.64914,3605,3580
80.9278350515464,80.43478260869566,3.5454545454545454,4,11,0,0,2,0.0340769290924072,0,0,0,0.9887407,0.0,0.0,0.9886956521739128,0.1003980636596679,0.0386543223514353,0.988223222222222,0.1386308670043945,0.0763152837878092,BendWorstOCT,2026-07-10 22:11:59,wpbc,Quantile Thresholds,5.0,32,0,32,127,2,9,0.738347826086956,0.9639999999999994,0.3056177128724532,3600.0008268356323,215686.0,-1611312691,0.484192384,False,False,SolutionPolishing,False,4,0.006,684,23612090[].aqua,3600,1,0,0,0.05,-1,-1,0,-1,inf,True,False,False,1,True,True,True,False,False,Lazy,False,0,Chain,False,False,False,False,False,0.59086,3605,3580
82.47422680412372,82.43243243243244,3.5454545454545454,4,11,0,0,2,0.0339205265045166,0,0,0,0.9924938,0.0,0.0,0.9924637681159416,0.1003379821777343,0.0382497396847974,0.9921491481481478,0.1379528045654297,0.0757021232803579,BendWorstOCT,2026-07-10 22:11:59,wpbc,Quantile Thresholds,5.0,32,0,32,127,2,9,0.7803243243243255,0.9759999999999992,0.2507619839290631,3600.00088095665,166384.0,-1436239388,0.60696376,False,False,SolutionPolishing,False,4,0.004,688,23612090[].aqua,3600,1,0,0,0.05,-1,-1,0,-1,inf,True,False,False,1,True,True,True,False,False,Lazy,False,0,Chain,False,False,False,False,False,0.501624,3605,3583
89.17525773195877,89.1304347826087,3.933333333333333,4,15,0,0,16,0.6746602058410645,0,0,0,0.9887407,0.0,0.0,0.9886956521739128,0.1296119689941406,0.0386543223514353,0.984494007605512,0.4036970138549804,0.1857225789508974,BendWorstOCT,2026-07-10 22:11:59,wpbc,Quantile Thresholds,5.0,32,0,32,127,2,9,0.8013043478260865,0.9639999999999992,0.2030385241454147,3600.0010781288147,184929.0,-1611312691,0.76471012,False,False,SolutionPolishing,False,4,0.006,686,23612090[].aqua,3600,1,0,0,0.05,-1,-1,0,-1,inf,True,False,False,1,True,False,True,False,False,Lazy,False,0,Chain,False,False,False,False,False,0.552228,3605,3580
85.05154639175258,84.78260869565217,3.6666666666666665,4,12,0,0,10,0.5832486152648926,0,0,0,0.9849877,0.0,0.0,0.984927536231884,0.1263830661773681,0.0382496720847974,0.979325343474016,0.4040019512176513,0.1930707623668385,BendWorstOCT,2026-07-10 22:11:59,wpbc,Quantile Thresholds,5.0,32,0,32,127,2,9,0.7518260869565213,0.9519999999999992,0.266250289151052,3600.001032114029,205495.0,333776484,0.719327608,False,False,SolutionPolishing,False,4,0.008,682,23612090[].aqua,3600,1,0,0,0.05,-1,-1,0,-1,inf,True,False,False,1,True,False,True,False,False,Lazy,False,0,Chain,False,False,False,False,False,0.602456,3606,3580
85.05154639175258,84.78260869565217,3.6666666666666665,4,12,0,0,10,0.9714138507843018,0,0,0,0.9849877,0.0,0.0,0.984927536231884,0.1252269744873047,0.0382496720847974,0.979325343474016,0.4278059005737304,0.1930707623668385,BendWorstOCT,2026-07-10 22:11:59,wpbc,Quantile Thresholds,5.0,32,0,32,127,2,9,0.7518260869565213,0.9519999999999992,0.266250289151052,3600.000900030136,204578.0,333776484,0.719325992,False,False,SolutionPolishing,False,4,0.008,683,23612090[].aqua,3600,1,0,0,0.05,-1,-1,0,-1,inf,True,False,False,1,True,False,False,False,False,Lazy,False,0,Chain,False,False,False,False,False,0.608636,3606,3580
80.9278350515464,80.43478260869566,3.5454545454545454,4,11,0,0,2,0.0502486228942871,0,0,0,0.9887407,0.0,0.0,0.9886956521739128,0.1003189086914062,0.0386543223514353,0.988223222222222,0.1382088661193847,0.0763152837878092,BendWorstOCT,2026-07-10 22:11:59,wpbc,Quantile Thresholds,5.0,32,0,32,127,2,9,0.738347826086956,0.9639999999999994,0.3056177128724532,3600.002301931381,213037.0,-1611312691,0.48003276,False,False,SolutionPolishing,False,4,0.006,685,23612090[].aqua,3600,1,0,0,0.05,-1,-1,0,-1,inf,True,False,False,1,True,True,False,False,False,Lazy,False,0,Chain,False,False,False,False,False,0.587168,3605,3580
84.5360824742268,84.45945945945945,3.75,4,12,0,0,25,1.5966527462005615,0,0,0,0.9924938,0.0,0.0,0.9924637681159416,0.1285891532897949,0.0382497396847974,0.9896649731225544,0.555305004119873,0.2465616738176697,BendWorstOCT,2026-07-10 22:11:59,wpbc,Quantile Thresholds,5.0,32,0,32,127,2,9,0.7965954193940058,0.9759999999999984,0.225214175525226,3600.0012819767,184212.0,-1436239388,0.808370152,False,False,SolutionPolishing,False,4,0.004,691,23612090[].aqua,3600,1,0,0,0.05,-1,-1,0,-1,inf,True,False,False,1,True,False,False,False,False,Lazy,False,0,Chain,False,False,False,False,False,0.511904,3605,3576
74.22680412371135,73.91304347826087,3.0,3,8,0,0,2,0.0287141799926757,0,0,0,0.9962469,0.0,0.0,0.9962318840579706,0.1019527912139892,0.0382497396847974,0.9960750740740736,0.1371748447418213,0.0719750734956166,BendWorstOCT,2026-07-10 22:11:59,wpbc,Quantile Thresholds,5.0,32,0,32,127,2,9,0.7231304347826083,0.9887001162340178,0.3672500404871585,3600.001310825348,291874.0,847171699,0.879562704,False,False,SolutionPolishing,False,4,0.002,692,23612090[].aqua,3600,1,0,0,0.05,-1,-1,0,-1,inf,True,False,False,1,True,True,True,False,False,Lazy,False,0,Chain,False,False,False,False,False,0.775668,3605,3576
86.5979381443299,86.48648648648648,3.933333333333333,4,15,0,0,14,0.6602773666381836,0,0,0,0.9962469,0.0,0.0,0.9962318840579706,0.1276791095733642,0.0382497396847974,0.9948314465706464,0.4696910381317138,0.2003188663184688,BendWorstOCT,2026-07-10 22:11:59,wpbc,Quantile Thresholds,5.0,32,0,32,127,2,9,0.8348648906398561,0.9892446534454746,0.1849158642751151,3600.001096010208,153163.0,847171699,0.72973812,False,False,SolutionPolishing,False,4,0.002,694,23612090[].aqua,3600,1,0,0,0.05,-1,-1,0,-1,inf,True,False,False,1,True,False,True,False,False,Lazy,False,0,Chain,False,False,False,False,False,0.481224,3605,3576
74.22680412371135,73.91304347826087,3.0,3,8,0,0,2,0.0470805168151855,0,0,0,0.9962469,0.0,0.0,0.9962318840579706,0.1025028228759765,0.0382497396847974,0.9960750740740736,0.1376798152923584,0.0719750734956166,BendWorstOCT,2026-07-10 22:11:59,wpbc,Quantile Thresholds,5.0,32,0,32,127,2,9,0.7231304347826083,0.9887008474576268,0.3672510516790179,3600.012933015824,291153.0,847171699,0.869781752,False,False,SolutionPolishing,False,4,0.002,693,23612090[].aqua,3600,1,0,0,0.05,-1,-1,0,-1,inf,True,False,False,1,True,True,False,False,False,Lazy,False,0,Chain,False,False,False,False,False,0.769112,3605,3576
89.17525773195877,89.1304347826087,3.933333333333333,4,15,0,0,16,1.2913939952850342,0,0,0,0.9887407,0.0,0.0,0.9886956521739128,0.1288909912109375,0.0386543223514353,0.984494007605512,0.4347500801086426,0.1857225789508974,BendWorstOCT,2026-07-10 22:11:59,wpbc,Quantile Thresholds,5.0,32,0,32,127,2,9,0.8013043478260865,0.9639999999999992,0.2030385241454147,3600.001289129257,180602.0,-1611312691,0.76470924,False,False,SolutionPolishing,False,4,0.006,687,23612090[].aqua,3600,1,0,0,0.05,-1,-1,0,-1,inf,True,False,False,1,True,False,False,False,False,Lazy,False,0,Chain,False,False,False,False,False,0.548476,3605,3580
82.47422680412372,82.43243243243244,3.5454545454545454,4,11,0,0,2,0.0554988384246826,0,0,0,0.9924938,0.0,0.0,0.9924637681159416,0.1042079925537109,0.0382497396847974,0.9921491481481478,0.1425261497497558,0.0757021232803579,BendWorstOCT,2026-07-10 22:11:59,wpbc,Quantile Thresholds,5.0,32,0,32,127,2,9,0.7803243243243255,0.9760000000000012,0.2507619839290657,3600.0012969970703,149159.0,-1436239388,0.585002752,False,False,SolutionPolishing,False,4,0.004,689,23612090[].aqua,3600,1,0,0,0.05,-1,-1,0,-1,inf,True,False,False,1,True,True,False,False,False,Lazy,False,0,Chain,False,False,False,False,False,0.464448,3605,3575
84.5360824742268,84.45945945945945,3.75,4,12,0,0,25,0.6645762920379639,0,0,0,0.9924938,0.0,0.0,0.9924637681159416,0.1300029754638672,0.0382497396847974,0.9896649731225544,0.5110490322113037,0.2465616738176697,BendWorstOCT,2026-07-10 22:11:59,wpbc,Quantile Thresholds,5.0,32,0,32,127,2,9,0.7965954193940058,0.9759999999999984,0.225214175525226,3600.001122951508,176634.0,-1436239388,0.793660104,False,False,SolutionPolishing,False,4,0.004,690,23612090[].aqua,3600,1,0,0,0.05,-1,-1,0,-1,inf,True,False,False,1,True,False,True,False,False,Lazy,False,0,Chain,False,False,False,False,False,0.496088,3605,3576
80.9278350515464,80.43478260869566,3.933333333333333,4,15,0,0,2,0.0591568946838378,0,0,0,0.9984988,0.0,0.0,0.998492753623188,0.1020200252532959,0.0382613795661981,0.9984306296296293,0.1367430686950683,0.0718537403914362,BendWorstOCT,2026-07-10 22:11:59,wpbc,Quantile Thresholds,5.0,32,0,32,127,2,9,0.7923478260869561,0.9954955880244132,0.2563871007770805,3600.006495952606,272264.0,-1781966983,0.781569664,False,False,SolutionPolishing,False,4,0.0008,701,23612090[].aqua,3600,1,0,0,0.05,-1,-1,0,-1,inf,True,False,False,1,True,True,False,False,False,Lazy,False,0,Chain,False,False,False,False,False,0.717808,3606,3576
86.5979381443299,86.48648648648648,3.933333333333333,4,15,0,0,14,1.247389793395996,0,0,0,0.9962469,0.0,0.0,0.9962318840579706,0.1316010951995849,0.0382497396847974,0.9948314465706464,0.4827089309692383,0.2003188663184688,BendWorstOCT,2026-07-10 22:11:59,wpbc,Quantile Thresholds,5.0,32,0,32,127,2,9,0.8348648906398561,0.9892252855222408,0.1848926654037157,3600.0013449192047,154988.0,847171699,0.732403048,False,False,SolutionPolishing,False,4,0.002,695,23612090[].aqua,3600,1,0,0,0.05,-1,-1,0,-1,inf,True,False,False,1,True,False,False,False,False,Lazy,False,0,Chain,False,False,False,False,False,0.479792,3605,3577
89.17525773195877,89.1304347826087,4.0,4,16,0,0,14,0.8147754669189453,0,0,0,0.9984988,0.0,0.0,0.998492753623188,0.1296019554138183,0.0382613795661981,0.997932534347401,0.4342029094696045,0.1935976355210155,BendWorstOCT,2026-07-10 22:11:59,wpbc,Quantile Thresholds,5.0,32,0,32,127,2,9,0.8785043478260864,0.9951999999999994,0.1328344617333808,3600.000898838043,198983.0,-1781966983,0.761187448,False,False,SolutionPolishing,False,4,0.0008,702,23612090[].aqua,3600,1,0,0,0.05,-1,-1,0,-1,inf,True,False,False,1,True,False,True,False,False,Lazy,False,0,Chain,False,False,False,False,False,0.521324,3606,3575
78.35051546391753,78.26086956521739,3.4,4,10,0,0,2,0.0373022556304931,0,0,0,0.9988741,0.0,0.01,0.9988695652173908,0.1026039123535156,0.0386687752444052,0.9988232222222216,0.1373059749603271,0.0724653346872798,BendWorstOCT,2026-07-10 22:11:59,wpbc,Quantile Thresholds,5.0,32,0,32,127,2,9,0.7766086956521735,0.996809543434864,0.283541568637436,3600.0011208057404,245243.0,471699852,0.781406136,False,False,SolutionPolishing,False,4,0.0006,704,23612090[].aqua,3600,1,0,0,0.05,-1,-1,0,-1,inf,True,False,False,1,True,True,True,False,False,Lazy,False,0,Chain,False,False,False,False,False,0.665632,3606,3575
85.05154639175258,84.78260869565217,3.933333333333333,4,15,0,0,14,0.7822399139404297,0,0,0,0.9988741,0.0,0.01,0.9988695652173908,0.1300649642944336,0.0386687752444052,0.9984494007605508,0.4349780082702636,0.1969165062317308,BendWorstOCT,2026-07-10 22:11:59,wpbc,Quantile Thresholds,5.0,32,0,32,127,2,9,0.8388260869565212,0.9968145616148186,0.1883447321381249,3600.001303911209,176751.0,471699852,0.49468172,False,False,SolutionPolishing,False,4,0.0006,706,23612090[].aqua,3600,1,0,0,0.05,-1,-1,0,-1,inf,True,False,False,1,True,False,True,False,False,Lazy,False,0,Chain,False,False,False,False,False,0.575364,3606,3576
80.41237113402062,80.4054054054054,3.6666666666666665,4,12,0,0,2,0.0561256408691406,0,0,0,0.9992494,0.0,0.01,0.9992463768115936,0.1046888828277587,0.0398062398968297,0.9992158148148144,0.1401889324188232,0.0737346476577779,BendWorstOCT,2026-07-10 22:11:59,wpbc,Quantile Thresholds,5.0,32,0,32,127,2,9,0.7992540540540551,0.9977788118296927,0.2483875518286843,3600.00089097023,277731.0,-608045123,0.762136568,False,False,SolutionPolishing,False,4,0.0004,709,23612090[].aqua,3600,1,0,0,0.05,-1,-1,0,-1,inf,True,False,False,1,True,True,False,False,False,Lazy,False,0,Chain,False,False,False,False,False,0.712392,3606,3574
78.35051546391753,78.26086956521739,3.4,4,10,0,0,2,0.0555739402770996,0,0,0,0.9988741,0.0,0.01,0.9988695652173908,0.1022541522979736,0.0386687752444052,0.9988232222222216,0.1376330852508545,0.0724653346872798,BendWorstOCT,2026-07-10 22:11:59,wpbc,Quantile Thresholds,5.0,32,0,32,127,2,9,0.7766086956521735,0.9968082417095424,0.2835398924711391,3600.001013994217,245936.0,471699852,0.781407048,False,False,SolutionPolishing,False,4,0.0006,705,23612090[].aqua,3600,1,0,0,0.05,-1,-1,0,-1,inf,True,False,False,1,True,True,False,False,False,Lazy,False,0,Chain,False,False,False,False,False,0.692344,3606,3576
85.05154639175258,84.78260869565217,3.933333333333333,4,15,0,0,14,1.5428647994995115,0,0,0,0.9988741,0.0,0.01,0.9988695652173908,0.1316049098968505,0.0386687752444052,0.9984494007605508,0.4653120040893554,0.1969165062317308,BendWorstOCT,2026-07-10 22:11:59,wpbc,Quantile Thresholds,5.0,32,0,32,127,2,9,0.8388260869565212,0.9968166686966352,0.1883472440793359,3600.000941991806,175328.0,471699852,0.49217488,False,False,SolutionPolishing,False,4,0.0006,707,23612090[].aqua,3600,1,0,0,0.05,-1,-1,0,-1,inf,True,False,False,1,True,False,False,False,False,Lazy,False,0,Chain,False,False,False,False,False,0.559808,3606,3574
80.41237113402062,80.4054054054054,3.5454545454545454,4,11,0,0,2,0.0569286346435546,0,0,0,0.9981235,0.0,0.0,0.998115942028985,0.1048738956451416,0.0382497396847974,0.9980380370370364,0.141481876373291,0.0719622272429034,BendWorstOCT,2026-07-10 22:11:59,wpbc,Quantile Thresholds,5.0,32,0,32,127,2,9,0.7930540540540552,0.9941169000907,0.2535298130169323,3600.001149892807,241305.0,872139843,0.723988016,False,False,SolutionPolishing,False,4,0.001,697,23612090[].aqua,3600,1,0,0,0.05,-1,-1,0,-1,inf,True,False,False,1,True,True,False,False,False,Lazy,False,0,Chain,False,False,False,False,False,0.652624,3606,3576
85.56701030927834,84.78260869565217,3.8461538461538463,4,13,0,0,14,1.0905382633209229,0,0,0,0.9981235,0.0,0.0,0.998115942028985,0.1326310634613037,0.0382497396847974,0.9974157232853228,0.4792230129241943,0.1995871335402413,BendWorstOCT,2026-07-10 22:11:59,wpbc,Quantile Thresholds,5.0,32,0,32,127,2,9,0.8348260869565213,0.9942465612675148,0.1909624972216475,3600.001473903656,305652.0,872139843,0.713716328,False,False,SolutionPolishing,False,4,0.001,699,23612090[].aqua,3600,1,0,0,0.05,-1,-1,0,-1,inf,True,False,False,1,True,False,False,False,False,Lazy,False,0,Chain,False,False,False,False,False,0.765844,3606,3576
88.65979381443299,88.51351351351352,4.0,4,16,0,0,18,0.6187102794647217,0,0,0,0.9992494,0.0,0.01,0.9992463768115936,0.133059024810791,0.0398062398968297,0.9989662671737004,0.4376170635223388,0.1934558305755958,BendWorstOCT,2026-07-10 22:11:59,wpbc,Quantile Thresholds,5.0,32,0,32,127,2,9,0.8787351351351368,0.9975976746820172,0.1352654910385496,3600.000958919525,150047.0,-608045123,0.400715608,False,False,SolutionPolishing,False,4,0.0004,710,23612090[].aqua,3600,1,0,0,0.05,-1,-1,0,-1,inf,True,False,False,1,True,False,True,False,False,Lazy,False,0,Chain,False,False,False,False,False,0.489272,3606,3574
88.65979381443299,88.51351351351352,4.0,4,16,0,0,18,1.5224173069000244,0,0,0,0.9992494,0.0,0.01,0.9992463768115936,0.1303801536560058,0.0398062398968297,0.9989662671737004,0.4597599506378174,0.1934558305755958,BendWorstOCT,2026-07-10 22:11:59,wpbc,Quantile Thresholds,5.0,32,0,32,127,2,9,0.8787351351351368,0.9975990328640792,0.1352670366488336,3600.0012040138245,148952.0,-608045123,0.400049736,False,False,SolutionPolishing,False,4,0.0004,711,23612090[].aqua,3600,1,0,0,0.05,-1,-1,0,-1,inf,True,False,False,1,True,False,False,False,False,Lazy,False,0,Chain,False,False,False,False,False,0.4767,3606,3573
81.44329896907216,81.08108108108108,4.0,4,16,0,0,2,0.0414347648620605,0,0,0,0.9996516,0.0,0.01,0.9995999999999994,0.08079195022583,0.0321009695515833,0.9995999999999994,0.1049869060516357,0.0516147677118755,BendWorstOCT,2026-07-10 22:11:59,wpbc,Quantile Thresholds,5.0,32,0,32,127,2,9,0.807610810810812,0.9989361467217986,0.2369028910334954,3600.000650882721,255754.0,839142056,0.65991136,False,False,SolutionPolishing,False,4,0.0002,712,23612090[].aqua,3600,1,0,0,0.05,-1,-1,0,-1,inf,True,False,False,1,True,True,True,False,False,Lazy,False,0,Chain,False,False,False,False,False,0.697064,3606,3574
89.17525773195877,89.1304347826087,4.0,4,16,0,0,14,1.3758909702301023,0,0,0,0.9984988,0.0,0.0,0.998492753623188,0.1298921108245849,0.0382613795661981,0.997932534347401,0.4623479843139648,0.1935976355210155,BendWorstOCT,2026-07-10 22:11:59,wpbc,Quantile Thresholds,5.0,32,0,32,127,2,9,0.8785043478260864,0.9951999999999994,0.1328344617333808,3600.001220941544,199477.0,-1781966983,0.761183992,False,False,SolutionPolishing,False,4,0.0008,703,23612090[].aqua,3600,1,0,0,0.05,-1,-1,0,-1,inf,True,False,False,1,True,False,False,False,False,Lazy,False,0,Chain,False,False,False,False,False,0.520348,3606,3576
80.41237113402062,80.4054054054054,3.5454545454545454,4,11,0,0,2,0.0355536937713623,0,0,0,0.9981235,0.0,0.0,0.998115942028985,0.1042330265045166,0.0382497396847974,0.9980380370370364,0.1414639949798584,0.0719622272429034,BendWorstOCT,2026-07-10 22:11:59,wpbc,Quantile Thresholds,5.0,32,0,32,127,2,9,0.7930540540540552,0.9941099053757978,0.2535209930444899,3600.001659154892,242896.0,872139843,0.723989296,False,False,SolutionPolishing,False,4,0.001,696,23612090[].aqua,3600,1,0,0,0.05,-1,-1,0,-1,inf,True,False,False,1,True,True,True,False,False,Lazy,False,0,Chain,False,False,False,False,False,0.658088,3606,3576
80.9278350515464,80.43478260869566,3.933333333333333,4,15,0,0,2,0.039161205291748,0,0,0,0.9984988,0.0,0.0,0.998492753623188,0.1067509651184082,0.0382613795661981,0.9984306296296293,0.1444559097290039,0.0718537403914362,BendWorstOCT,2026-07-10 22:11:59,wpbc,Quantile Thresholds,5.0,32,0,32,127,2,9,0.7923478260869561,0.9955239897325404,0.2564229457774606,3600.0009479522705,260250.0,-1781966983,0.763004416,False,False,SolutionPolishing,False,4,0.0008,700,23612090[].aqua,3600,1,0,0,0.05,-1,-1,0,-1,inf,True,False,False,1,True,True,True,False,False,Lazy,False,0,Chain,False,False,False,False,False,0.687496,3606,3576
76.80412371134021,76.08695652173913,3.0,3,8,0,0,2,0.027057409286499,0,0,0,0.9998258,0.0,0.0,0.9997999999999996,0.0801999568939209,0.0329766164139998,0.9997999999999996,0.1042799949645996,0.0517900989355496,BendWorstOCT,2026-07-10 22:11:59,wpbc,Quantile Thresholds,5.0,32,0,32,127,2,9,0.7600695652173909,0.9994911012439428,0.3149995039705002,3600.0010340213776,254596.0,1300847687,0.632618464,False,False,SolutionPolishing,False,4,0.0001,716,23612090[].aqua,3600,1,0,0,0.05,-1,-1,0,-1,inf,True,False,False,1,True,True,True,False,False,Lazy,False,0,Chain,False,False,False,False,False,0.704836,3606,3576
81.44329896907216,81.08108108108108,4.0,4,16,0,0,2,0.0622029304504394,0,0,0,0.9996516,0.0,0.01,0.9995999999999994,0.0793581008911132,0.0321009695515833,0.9995999999999994,0.1042001247406005,0.0516147677118755,BendWorstOCT,2026-07-10 22:11:59,wpbc,Quantile Thresholds,5.0,32,0,32,127,2,9,0.807610810810812,0.9989360578972484,0.2369027810491451,3600.0009329319,256192.0,839142056,0.659910904,False,False,SolutionPolishing,False,4,0.0002,713,23612090[].aqua,3600,1,0,0,0.05,-1,-1,0,-1,inf,True,False,False,1,True,True,False,False,False,Lazy,False,0,Chain,False,False,False,False,False,0.685004,3606,3574
89.17525773195877,89.1304347826087,4.0,4,16,0,0,16,0.5109453201293945,0,0,0,0.9996516,0.0,0.01,0.9995999999999994,0.0808668136596679,0.0321009695515833,0.9995999999999994,0.1051180362701416,0.0516147677118755,BendWorstOCT,2026-07-10 22:12:00,wpbc,Quantile Thresholds,5.0,32,0,32,127,2,9,0.8881043892901892,0.9989963337421482,0.1248636374160796,3600.000744819641,150658.0,839142056,0.405172752,False,False,SolutionPolishing,False,4,0.0002,714,23612090[].aqua,3600,1,0,0,0.05,-1,-1,0,-1,inf,True,False,False,1,True,False,True,False,False,Lazy,False,0,Chain,False,False,False,False,False,0.49918,3606,3576
89.17525773195877,89.1304347826087,4.0,4,16,0,0,16,1.4171507358551023,0,0,0,0.9996516,0.0,0.01,0.9995999999999994,0.0795741081237793,0.0321009695515833,0.9995999999999994,0.1043469905853271,0.0516147677118755,BendWorstOCT,2026-07-10 22:11:59,wpbc,Quantile Thresholds,5.0,32,0,32,127,2,9,0.8881043892901892,0.9989959480621756,0.1248632031428375,3600.002069950104,150937.0,839142056,0.405173344,False,False,SolutionPolishing,False,4,0.0002,715,23612090[].aqua,3600,1,0,0,0.05,-1,-1,0,-1,inf,True,False,False,1,True,False,False,False,False,Lazy,False,0,Chain,False,False,False,False,False,0.51654,3606,3576
80.41237113402062,80.4054054054054,3.6666666666666665,4,12,0,0,2,0.0373065471649169,0,0,0,0.9992494,0.0,0.01,0.9992463768115936,0.1047589778900146,0.0398062398968297,0.9992158148148144,0.1403720378875732,0.0737346476577779,BendWorstOCT,2026-07-10 22:12:00,wpbc,Quantile Thresholds,5.0,32,0,32,127,2,9,0.7992540540540551,0.9977779775336209,0.2483865079852807,3600.0010030269623,279402.0,-608045123,0.762134272,False,False,SolutionPolishing,False,4,0.0004,708,23612090[].aqua,3600,1,0,0,0.05,-1,-1,0,-1,inf,True,False,False,1,True,True,True,False,False,Lazy,False,0,Chain,False,False,False,False,False,0.742476,3606,3574
76.80412371134021,76.08695652173913,3.0,3,8,0,0,2,0.0431363582611084,0,0,0,0.9998258,0.0,0.0,0.9997999999999996,0.080881118774414,0.0329766164139998,0.9997999999999996,0.1037700176239013,0.0517900989355496,BendWorstOCT,2026-07-10 22:12:00,wpbc,Quantile Thresholds,5.0,32,0,32,127,2,9,0.7600695652173909,0.9994909381821788,0.3149992894351847,3600.001093149185,255314.0,1300847687,0.63261976,False,False,SolutionPolishing,False,4,0.0001,717,23612090[].aqua,3600,1,0,0,0.05,-1,-1,0,-1,inf,True,False,False,1,True,True,False,False,False,Lazy,False,0,Chain,False,False,False,False,False,0.660808,3606,3576
84.5360824742268,84.45945945945945,3.933333333333333,4,15,0,0,10,0.8758087158203125,0,0,0,0.9998258,0.0,0.0,0.9997999999999996,0.0786850452423095,0.0329766164139998,0.9997999999999996,0.1024451255798339,0.0517900989355496,BendWorstOCT,2026-07-10 22:12:00,wpbc,Quantile Thresholds,5.0,32,0,32,127,2,9,0.843094594594596,0.9994785399283812,0.1854880179951609,3600.0009310245514,239834.0,1300847687,0.650912568,False,False,SolutionPolishing,False,4,0.0001,719,23612090[].aqua,3600,1,0,0,0.05,-1,-1,0,-1,inf,True,False,False,1,True,False,False,False,False,Lazy,False,0,Chain,False,False,False,False,False,0.65648,3606,3576
85.56701030927834,84.78260869565217,3.8461538461538463,4,13,0,0,14,0.6370804309844971,0,0,0,0.9981235,0.0,0.0,0.998115942028985,0.1341288089752197,0.0382497396847974,0.9974157232853228,0.4484529495239258,0.1995871335402413,BendWorstOCT,2026-07-10 22:12:00,wpbc,Quantile Thresholds,5.0,32,0,32,127,2,9,0.8348260869565213,0.9942462126320516,0.1909620796071664,3600.0008358955383,306355.0,872139843,0.718531448,False,False,SolutionPolishing,False,4,0.001,698,23612090[].aqua,3600,1,0,0,0.05,-1,-1,0,-1,inf,True,False,False,1,True,False,True,False,False,Lazy,False,0,Chain,False,False,False,False,False,0.796804,3606,3576
84.5360824742268,84.45945945945945,3.933333333333333,4,15,0,0,10,0.537466287612915,0,0,0,0.9998258,0.0,0.0,0.9997999999999996,0.079240083694458,0.0329766164139998,0.9997999999999996,0.102463960647583,0.0517900989355496,BendWorstOCT,2026-07-10 22:12:00,wpbc,Quantile Thresholds,5.0,32,0,32,127,2,9,0.843094594594596,0.9994784881944874,0.1854879566332517,3600.000759124756,240437.0,1300847687,0.650910992,False,False,SolutionPolishing,False,4,0.0001,718,23612090[].aqua,3600,1,0,0,0.05,-1,-1,0,-1,inf,True,False,False,1,True,False,True,False,False,Lazy,False,0,Chain,False,False,False,False,False,0.677408,3606,3576
69.38502673796792,66.29213483146067,1.6666666666666667,2,3,0,0,7,0.1260359287261963,0,0,0,0.9440841,0.01,0.02,0.9438888888888912,0.0830669403076171,0.0313882722110454,0.9438888888888912,0.1003470420837402,0.0479086558534055,BendWorstOCT,2026-07-10 22:12:41,transfusion,Quantile Thresholds,5.0,4,0,4,16,2,9,0.6029213483146081,0.6405568236840298,0.0624218655959471,3600.0009338855743,442667.0,1586582235,0.163413256,False,False,SolutionPolishing,False,3,0.02,735,23612090[].aqua,3600,1,0,0,0.05,-1,-1,0,-1,inf,True,False,False,1,True,False,False,False,False,Lazy,False,0,Chain,False,False,False,False,False,0.319288,3605,3579
67.9144385026738,67.41573033707866,2.25,3,4,0,0,3,0.0197598934173584,0,0,0,0.964237,0.01,0.02,0.9632832618025776,0.0817270278930664,0.0277792526741797,0.9463287138341868,0.1626758575439453,0.0948357989837892,BendWorstOCT,2026-07-10 22:12:41,transfusion,Quantile Thresholds,5.0,4,0,4,16,2,9,0.6341573033707877,0.7047481273408248,0.1113143751476487,3600.000438928604,478895.0,-6895973,0.246876992,False,False,SolutionPolishing,False,3,0.01,736,23612090[].aqua,3600,1,0,0,0.05,-1,-1,0,-1,inf,True,False,False,1,True,True,True,False,False,Lazy,False,0,Chain,False,False,False,False,False,0.410512,3605,3579
67.9144385026738,67.41573033707866,2.25,3,4,0,0,3,0.0331928730010986,0,0,0,0.964237,0.01,0.02,0.9632832618025776,0.0849430561065673,0.0277792526741797,0.9463287138341868,0.169806957244873,0.0948357989837892,BendWorstOCT,2026-07-10 22:12:41,transfusion,Quantile Thresholds,5.0,4,0,4,16,2,9,0.6341573033707877,0.7071776303494683,0.115145448283178,3600.001440048218,463634.0,-6895973,0.245511864,False,False,SolutionPolishing,False,3,0.01,737,23612090[].aqua,3600,1,0,0,0.05,-1,-1,0,-1,inf,True,False,False,1,True,True,False,False,False,Lazy,False,0,Chain,False,False,False,False,False,0.40934,3605,3579
69.38502673796792,66.29213483146067,1.6666666666666667,2,3,0,0,7,0.0854153633117675,0,0,0,0.9440841,0.01,0.02,0.9438888888888912,0.0854949951171875,0.0313882722110454,0.9438888888888912,0.1036069393157959,0.0479086558534055,BendWorstOCT,2026-07-10 22:12:41,transfusion,Quantile Thresholds,5.0,4,0,4,16,2,9,0.6029213483146081,0.6421239016993013,0.065021007291049,3600.0023488998413,435955.0,1586582235,0.163411576,False,False,SolutionPolishing,False,3,0.02,734,23612090[].aqua,3600,1,0,0,0.05,-1,-1,0,-1,inf,True,False,False,1,True,False,True,False,False,Lazy,False,0,Chain,False,False,False,False,False,0.316964,3605,3579
67.9144385026738,67.41573033707866,2.25,3,4,0,0,6,0.0926692485809326,0,0,0,0.964237,0.01,0.02,0.9632832618025776,0.084219217300415,0.0277792526741797,0.9463287138341868,0.1705710887908935,0.0948357989837892,BendWorstOCT,2026-07-10 22:12:42,transfusion,Quantile Thresholds,5.0,4,0,4,16,2,9,0.6341573033707878,0.7094903098653237,0.1187923029414188,3600.0005991458893,508969.0,-6895973,0.274181128,False,False,SolutionPolishing,False,3,0.01,738,23612090[].aqua,3600,1,0,0,0.05,-1,-1,0,-1,inf,True,False,False,1,True,False,True,False,False,Lazy,False,0,Chain,False,False,False,False,False,0.438516,3605,3579
67.9144385026738,67.41573033707866,2.25,3,4,0,0,6,0.133739948272705,0,0,0,0.964237,0.01,0.02,0.9632832618025776,0.0819151401519775,0.0277792526741797,0.9463287138341868,0.1695261001586914,0.0948357989837892,BendWorstOCT,2026-07-10 22:12:42,transfusion,Quantile Thresholds,5.0,4,0,4,16,2,9,0.6341573033707878,0.7080782730782744,0.1165656680362561,3600.001615047455,520759.0,-6895973,0.274181136,False,False,SolutionPolishing,False,3,0.01,739,23612090[].aqua,3600,1,0,0,0.05,-1,-1,0,-1,inf,True,False,False,1,True,False,False,False,False,Lazy,False,0,Chain,False,False,False,False,False,0.422512,3605,3574
67.9144385026738,67.41573033707866,2.25,3,4,0,0,5,0.0232729911804199,0,0,0,0.9692008,0.01,0.02,0.9680000000000024,0.0767810344696044,0.0267289447746878,0.9680000000000024,0.0933411121368408,0.0405507790396605,BendWorstOCT,2026-07-10 22:12:42,transfusion,Quantile Thresholds,5.0,4,0,4,16,2,9,0.6421573033707878,0.7410166715413881,0.1539488341122516,3600.0008981227875,509194.0,642657955,0.314706,False,False,SolutionPolishing,False,3,0.008,740,23612090[].aqua,3600,1,0,0,0.05,-1,-1,0,-1,inf,True,False,False,1,True,True,True,False,False,Lazy,False,0,Chain,False,False,False,False,False,0.479436,3605,3576
67.9144385026738,67.41573033707866,2.25,3,4,0,0,5,0.026052713394165,0,0,0,0.9692008,0.01,0.02,0.9680000000000024,0.0773601531982421,0.0267289447746878,0.9680000000000024,0.0938670635223388,0.0405507790396605,BendWorstOCT,2026-07-10 22:12:42,transfusion,Quantile Thresholds,5.0,4,0,4,16,2,9,0.6421573033707878,0.7410366438705748,0.1539799360386517,3600.0005531311035,509125.0,642657955,0.314705664,False,False,SolutionPolishing,False,3,0.008,741,23612090[].aqua,3600,1,0,0,0.05,-1,-1,0,-1,inf,True,False,False,1,True,True,False,False,False,Lazy,False,0,Chain,False,False,False,False,False,0.47186,3605,3577
68.85026737967914,68.7719298245614,2.6666666666666665,3,6,0,0,5,0.023477554321289,0,0,0,0.976,0.01,0.02,0.962478482859229,0.1135628223419189,0.0484861664410447,0.9566083150984704,0.1990599632263183,0.1278441700587299,BendWorstOCT,2026-07-10 22:13:24,transfusion,Quantile Thresholds,5.0,4,0,4,16,2,9,0.6517192982456158,0.7628708711766399,0.170551299048895,3600.0005979537964,412455.0,-2094860083,0.29004296,False,False,SolutionPolishing,False,3,0.006,744,23612090[].aqua,3600,1,0,0,0.05,-1,-1,0,-1,inf,True,False,False,1,True,True,True,False,False,Lazy,False,0,Chain,False,False,False,False,False,0.417872,3605,3580
67.9144385026738,67.41573033707866,2.25,3,4,0,0,6,0.1639242172241211,0,0,0,0.9692008,0.01,0.02,0.9680000000000024,0.0778169631958007,0.0267289447746878,0.9680000000000024,0.0946629047393798,0.0405507790396605,BendWorstOCT,2026-07-10 22:13:24,transfusion,Quantile Thresholds,5.0,4,0,4,16,2,9,0.6421573033707878,0.7439531442663392,0.1585216587294242,3600.0005328655243,441841.0,642657955,0.27846876,False,False,SolutionPolishing,False,3,0.008,743,23612090[].aqua,3600,1,0,0,0.05,-1,-1,0,-1,inf,True,False,False,1,True,False,False,False,False,Lazy,False,0,Chain,False,False,False,False,False,0.426844,3605,3580
69.25133689839572,69.10112359550561,2.857142857142857,3,7,0,0,6,0.026329755783081,0,0,0,0.992,0.01,0.01,0.9739693654266982,0.122281789779663,0.0484474254160687,0.9696109895453462,0.1950528621673584,0.1156204937857075,BendWorstOCT,2026-07-10 22:13:25,transfusion,Quantile Thresholds,5.0,4,0,4,16,2,9,0.6770112359550575,0.8297125603864755,0.2255521272346428,3600.001331806183,422729.0,-1836963793,0.30244864,False,False,SolutionPolishing,False,3,0.002,752,23612090[].aqua,3600,1,0,0,0.05,-1,-1,0,-1,inf,True,False,False,1,True,True,True,False,False,Lazy,False,0,Chain,False,False,False,False,False,0.4629,3605,3578
68.85026737967914,68.7719298245614,2.6666666666666665,3,6,0,0,11,0.1289761066436767,0,0,0,0.984,0.01,0.02,0.9680564065159276,0.1195230484008789,0.0422230258461213,0.9631096523219084,0.1949329376220703,0.0862672878918037,BendWorstOCT,2026-07-10 22:13:25,transfusion,Quantile Thresholds,5.0,4,0,4,16,2,9,0.6637192982456158,0.75360149813544,0.1354220076580662,3600.0010409355164,498665.0,1931481811,0.299552008,False,False,SolutionPolishing,False,3,0.004,750,23612090[].aqua,3600,1,0,0,0.05,-1,-1,0,-1,inf,True,False,False,1,True,False,True,False,False,Lazy,False,0,Chain,False,False,False,False,False,0.464792,3605,3576
68.18181818181819,68.0701754385965,2.6,3,5,0,0,2,0.0130939483642578,0,0,0,0.984,0.01,0.02,0.9680564065159276,0.1130709648132324,0.0422230258461213,0.9631096523219084,0.2098431587219238,0.1190067339491462,BendWorstOCT,2026-07-10 22:13:25,transfusion,Quantile Thresholds,5.0,4,0,4,16,2,9,0.6607017543859667,0.7761439025244227,0.1747265651591071,3600.0006029605865,427328.0,1931481811,0.282787424,False,False,SolutionPolishing,False,3,0.004,748,23612090[].aqua,3600,1,0,0,0.05,-1,-1,0,-1,inf,True,False,False,1,True,True,True,False,False,Lazy,False,0,Chain,False,False,False,False,False,0.45104,3605,3575
68.85026737967914,68.7719298245614,2.6666666666666665,3,6,0,0,11,0.1813230514526367,0,0,0,0.984,0.01,0.02,0.9680564065159276,0.1171960830688476,0.0422230258461213,0.9631096523219084,0.1951429843902588,0.0862672878918037,BendWorstOCT,2026-07-10 22:13:25,transfusion,Quantile Thresholds,5.0,4,0,4,16,2,9,0.6637192982456158,0.7508554360812437,0.1312846229813591,3600.000543117523,521247.0,1931481811,0.307503528,False,False,SolutionPolishing,False,3,0.004,751,23612090[].aqua,3600,1,0,0,0.05,-1,-1,0,-1,inf,True,False,False,1,True,False,False,False,False,Lazy,False,0,Chain,False,False,False,False,False,0.489892,3605,3579
68.18181818181819,68.0701754385965,2.6,3,5,0,0,2,0.0145938396453857,0,0,0,0.984,0.01,0.02,0.9680564065159276,0.1142001152038574,0.0422230258461213,0.9631096523219084,0.2108561992645263,0.1190067339491462,BendWorstOCT,2026-07-10 22:13:25,transfusion,Quantile Thresholds,5.0,4,0,4,16,2,9,0.6607017543859667,0.7769887640449432,0.1760052987403517,3600.000517129898,421614.0,1931481811,0.280636984,False,False,SolutionPolishing,False,3,0.004,749,23612090[].aqua,3600,1,0,0,0.05,-1,-1,0,-1,inf,True,False,False,1,True,True,False,False,False,Lazy,False,0,Chain,False,False,False,False,False,0.443192,3605,3576
68.85026737967914,68.7719298245614,2.6666666666666665,3,6,0,0,9,0.1825177669525146,0,0,0,0.976,0.01,0.02,0.962478482859229,0.136275053024292,0.0484861664410447,0.9566083150984706,0.257112979888916,0.1359659277509888,BendWorstOCT,2026-07-10 22:13:25,transfusion,Quantile Thresholds,5.0,4,0,4,16,2,9,0.6517192982456158,0.7596538461538483,0.1656150864318196,3600.0010578632355,369744.0,-2094860083,0.252135552,False,False,SolutionPolishing,False,3,0.006,747,23612090[].aqua,3600,1,0,0,0.05,-1,-1,0,-1,inf,True,False,False,1,True,False,False,False,False,Lazy,False,0,Chain,False,False,False,False,False,0.41712,3606,3575
68.85026737967914,68.7719298245614,2.6666666666666665,3,6,0,0,5,0.0354683399200439,0,0,0,0.976,0.01,0.02,0.962478482859229,0.1340670585632324,0.0484861664410447,0.9566083150984704,0.2401762008666992,0.1278441700587299,BendWorstOCT,2026-07-10 22:13:25,transfusion,Quantile Thresholds,5.0,4,0,4,16,2,9,0.6517192982456158,0.7848283094098903,0.2042428565834938,3600.000674009323,293757.0,-2094860083,0.238630928,False,False,SolutionPolishing,False,3,0.006,745,23612090[].aqua,3600,1,0,0,0.05,-1,-1,0,-1,inf,True,False,False,1,True,True,False,False,False,Lazy,False,0,Chain,False,False,False,False,False,0.392748,3606,3575
68.85026737967914,68.7719298245614,2.6666666666666665,3,6,0,0,9,0.1221086978912353,0,0,0,0.976,0.01,0.02,0.962478482859229,0.1362760066986084,0.0484861664410447,0.9566083150984706,0.255652904510498,0.1359659277509888,BendWorstOCT,2026-07-10 22:13:25,transfusion,Quantile Thresholds,5.0,4,0,4,16,2,9,0.6517192982456158,0.7556889600975336,0.159531353654552,3600.000711917877,394921.0,-2094860083,0.262423776,False,False,SolutionPolishing,False,3,0.006,746,23612090[].aqua,3600,1,0,0,0.05,-1,-1,0,-1,inf,True,False,False,1,True,False,True,False,False,Lazy,False,0,Chain,False,False,False,False,False,0.407768,3606,3575
69.6524064171123,69.10112359550561,2.857142857142857,3,7,0,0,5,0.1216542720794677,0,0,0,0.992,0.01,0.01,0.9739693654266982,0.1466169357299804,0.0484474254160687,0.9696109895453464,0.2317099571228027,0.1124712384261961,BendWorstOCT,2026-07-10 22:14:03,transfusion,Quantile Thresholds,5.0,4,0,4,16,2,9,0.6770112359550575,0.7812594335772792,0.1539829652533892,3600.0014929771423,516918.0,-1836963793,0.298829472,False,False,SolutionPolishing,False,3,0.002,754,23612090[].aqua,3600,1,0,0,0.05,-1,-1,0,-1,inf,True,False,False,1,True,False,True,False,False,Lazy,False,0,Chain,False,False,False,False,False,0.454796,3604,3574
69.6524064171123,69.10112359550561,2.857142857142857,3,7,0,0,5,0.1719257831573486,0,0,0,0.992,0.01,0.01,0.9739693654266982,0.1460058689117431,0.0484474254160687,0.9696109895453464,0.2726199626922607,0.1124712384261961,BendWorstOCT,2026-07-10 22:14:03,transfusion,Quantile Thresholds,5.0,4,0,4,16,2,9,0.6770112359550575,0.7813486694609629,0.1541147738245687,3600.0008120536804,516290.0,-1836963793,0.298828448,False,False,SolutionPolishing,False,3,0.002,755,23612090[].aqua,3600,1,0,0,0.05,-1,-1,0,-1,inf,True,False,False,1,True,False,False,False,False,Lazy,False,0,Chain,False,False,False,False,False,0.45122,3604,3575
69.25133689839572,69.10112359550561,2.857142857142857,3,7,0,0,6,0.0337624549865722,0,0,0,0.992,0.01,0.01,0.9739693654266982,0.1357438564300537,0.0484474254160687,0.9696109895453462,0.2137389183044433,0.1156204937857075,BendWorstOCT,2026-07-10 22:14:03,transfusion,Quantile Thresholds,5.0,4,0,4,16,2,9,0.6770112359550575,0.8293990122173144,0.2250889913921205,3600.000543832779,424991.0,-1836963793,0.3024512,False,False,SolutionPolishing,False,3,0.002,753,23612090[].aqua,3600,1,0,0,0.05,-1,-1,0,-1,inf,True,False,False,1,True,True,False,False,False,Lazy,False,0,Chain,False,False,False,False,False,0.454156,3604,3575
67.9144385026738,67.41573033707866,2.25,3,4,0,0,6,0.1175813674926757,0,0,0,0.9692008,0.01,0.02,0.9680000000000024,0.0840389728546142,0.0267289447746878,0.9680000000000024,0.1016228199005127,0.0405507790396605,BendWorstOCT,2026-07-10 22:14:03,transfusion,Quantile Thresholds,5.0,4,0,4,16,2,9,0.6421573033707878,0.7474532860719993,0.1639722574959373,3600.000513792038,416843.0,642657955,0.269959456,False,False,SolutionPolishing,False,3,0.008,742,23612090[].aqua,3600,1,0,0,0.05,-1,-1,0,-1,inf,True,False,False,1,True,False,True,False,False,Lazy,False,0,Chain,False,False,False,False,False,0.428524,3605,3575
69.6524064171123,69.10112359550561,2.857142857142857,3,7,0,0,8,0.0591750144958496,0,0,0,0.9968,0.01,0.01,0.9777715536105056,0.1206710338592529,0.0379482485286683,0.9738758084123532,0.1892571449279785,0.0890661332045667,BendWorstOCT,2026-07-10 22:14:03,transfusion,Quantile Thresholds,5.0,4,0,4,16,2,9,0.6854112412922027,0.7902894551314347,0.1530150186062102,3600.000580072403,454873.0,235927365,0.271320128,False,False,SolutionPolishing,False,3,0.0008,760,23612090[].aqua,3600,1,0,0,0.05,-1,-1,0,-1,inf,True,False,False,1,True,True,True,False,False,Lazy,False,0,Chain,False,False,False,False,False,0.41188,3605,3574
69.6524064171123,69.10112359550561,2.857142857142857,3,7,0,0,6,0.2024683952331543,0,0,0,0.996,0.01,0.02,0.977137855579871,0.179189920425415,0.0443772420969836,0.9731343301726256,0.3872129917144775,0.1105630209794483,BendWorstOCT,2026-07-10 22:14:03,transfusion,Quantile Thresholds,5.0,4,0,4,16,2,9,0.6840112359550575,0.7669593417231381,0.1212671684438975,3600.0006330013275,509341.0,-1382844054,0.267067864,False,False,SolutionPolishing,False,3,0.001,759,23612090[].aqua,3600,1,0,0,0.05,-1,-1,0,-1,inf,True,False,False,1,True,False,False,False,False,Lazy,False,0,Chain,False,False,False,False,False,0.409928,3605,3575
69.6524064171123,69.10112359550561,2.857142857142857,3,7,0,0,8,0.0835096836090087,0,0,0,0.9968,0.01,0.01,0.9777715536105056,0.1208910942077636,0.0379482485286683,0.9738758084123532,0.1900160312652588,0.0890661332045667,BendWorstOCT,2026-07-10 22:14:03,transfusion,Quantile Thresholds,5.0,4,0,4,16,2,9,0.6854112412922027,0.7959703761147747,0.1613033579871486,3600.0006630420685,420283.0,235927365,0.259977736,False,False,SolutionPolishing,False,3,0.0008,761,23612090[].aqua,3600,1,0,0,0.05,-1,-1,0,-1,inf,True,False,False,1,True,True,False,False,False,Lazy,False,0,Chain,False,False,False,False,False,0.423228,3605,3583
69.6524064171123,69.10112359550561,2.857142857142857,3,7,0,0,5,0.113370656967163,0,0,0,0.9998,0.0,0.0,0.9794726477024092,0.17319917678833,0.0325674959054158,0.9762180889861438,0.2428090572357177,0.0875417326329356,BendWorstOCT,2026-07-10 22:14:03,transfusion,Quantile Thresholds,5.0,4,0,4,16,2,9,0.6896117977528103,0.8050765187304558,0.1674343759110593,3600.0006051063538,389752.0,-619569502,0.239983224,False,False,SolutionPolishing,False,3,0.0002,774,23612090[].aqua,3600,1,0,0,0.05,-1,-1,0,-1,inf,True,False,False,1,True,False,True,False,False,Lazy,False,0,Chain,False,False,False,False,False,0.395664,3605,3573
69.6524064171123,69.10112359550561,2.857142857142857,3,7,0,0,6,0.1285741329193115,0,0,0,0.9976,0.01,0.01,0.97840525164114,0.1522948741912841,0.0386127538358989,0.9746172866520808,0.2681138515472412,0.0962738184159113,BendWorstOCT,2026-07-10 22:14:03,transfusion,Quantile Thresholds,5.0,4,0,4,16,2,9,0.6868112359550576,0.7983673304341208,0.1624261349247394,3600.000675916672,404571.0,1143701007,0.261276072,False,False,SolutionPolishing,False,3,0.0006,766,23612090[].aqua,3600,1,0,0,0.05,-1,-1,0,-1,inf,True,False,False,1,True,False,True,False,False,Lazy,False,0,Chain,False,False,False,False,False,0.423312,3605,3574
69.6524064171123,69.10112359550561,2.857142857142857,3,7,0,0,5,0.1553914546966552,0,0,0,0.9998,0.0,0.0,0.9794726477024092,0.1785469055175781,0.0325674959054158,0.9762180889861438,0.2497329711914062,0.0875417326329356,BendWorstOCT,2026-07-10 22:14:03,transfusion,Quantile Thresholds,5.0,4,0,4,16,2,9,0.6896117977528103,0.8052625482625496,0.1677041356986673,3600.0004320144653,388886.0,-619569502,0.239980904,False,False,SolutionPolishing,False,3,0.0002,775,23612090[].aqua,3600,1,0,0,0.05,-1,-1,0,-1,inf,True,False,False,1,True,False,False,False,False,Lazy,False,0,Chain,False,False,False,False,False,0.39484,3605,3574
69.6524064171123,69.10112359550561,2.857142857142857,3,7,0,0,7,0.0362887382507324,0,0,0,0.9976,0.01,0.01,0.97840525164114,0.1379051208496093,0.0386127538358989,0.9746172866520808,0.2438030242919922,0.0986766686528664,BendWorstOCT,2026-07-10 22:14:03,transfusion,Quantile Thresholds,5.0,4,0,4,16,2,9,0.6868112359550576,0.8041887640449439,0.1709021663378365,3600.000650167465,409532.0,1143701007,0.272873944,False,False,SolutionPolishing,False,3,0.0006,765,23612090[].aqua,3600,1,0,0,0.05,-1,-1,0,-1,inf,True,False,False,1,True,True,False,False,False,Lazy,False,0,Chain,False,False,False,False,False,0.433404,3605,3577
69.6524064171123,69.10112359550561,2.857142857142857,3,7,0,0,9,0.0373644828796386,0,0,0,0.996,0.01,0.02,0.977137855579871,0.1347770690917968,0.0443772420969836,0.9731343301726256,0.2143712043762207,0.1151997073966921,BendWorstOCT,2026-07-10 22:14:03,transfusion,Quantile Thresholds,5.0,4,0,4,16,2,9,0.6840112361234588,0.7767408329775642,0.1355673590680145,3600.000457048416,493858.0,-1382844054,0.296743376,False,False,SolutionPolishing,False,3,0.001,756,23612090[].aqua,3600,1,0,0,0.05,-1,-1,0,-1,inf,True,False,False,1,True,True,True,False,False,Lazy,False,0,Chain,False,False,False,False,False,0.456796,3605,3577
69.6524064171123,69.10112359550561,2.857142857142857,3,7,0,0,7,0.0316712856292724,0,0,0,0.9976,0.01,0.01,0.97840525164114,0.1407160758972168,0.0386127538358989,0.9746172866520808,0.2855770587921142,0.0986766686528664,BendWorstOCT,2026-07-10 22:14:03,transfusion,Quantile Thresholds,5.0,4,0,4,16,2,9,0.6868112359550576,0.8060548093372345,0.1736191360008266,3600.0009350776672,397185.0,1143701007,0.269411536,False,False,SolutionPolishing,False,3,0.0006,764,23612090[].aqua,3600,1,0,0,0.05,-1,-1,0,-1,inf,True,False,False,1,True,True,True,False,False,Lazy,False,0,Chain,False,False,False,False,False,0.419632,3605,3576
69.6524064171123,69.10112359550561,2.857142857142857,3,7,0,0,5,0.1367309093475341,0,0,0,0.9968,0.01,0.01,0.9777715536105056,0.1389439105987548,0.0379482485286683,0.9738758084123532,0.2220220565795898,0.0926561159747938,BendWorstOCT,2026-07-10 22:14:04,transfusion,Quantile Thresholds,5.0,4,0,4,16,2,9,0.6854112366292222,0.7748220939690915,0.1304484848827138,3600.000564098358,469155.0,235927365,0.2541986,False,False,SolutionPolishing,False,3,0.0008,762,23612090[].aqua,3600,1,0,0,0.05,-1,-1,0,-1,inf,True,False,False,1,True,False,True,False,False,Lazy,False,0,Chain,False,False,False,False,False,0.4245,3605,3576
69.6524064171123,69.10112359550561,2.857142857142857,3,7,0,0,6,0.1322169303894043,0,0,0,0.996,0.01,0.02,0.977137855579871,0.1539750099182129,0.0443772420969836,0.9731343301726256,0.2973730564117431,0.1105630209794483,BendWorstOCT,2026-07-10 22:14:03,transfusion,Quantile Thresholds,5.0,4,0,4,16,2,9,0.6840112359550575,0.7604242363141462,0.1117130777134037,3600.001144886017,567587.0,-1382844054,0.280419992,False,False,SolutionPolishing,False,3,0.001,758,23612090[].aqua,3600,1,0,0,0.05,-1,-1,0,-1,inf,True,False,False,1,True,False,True,False,False,Lazy,False,0,Chain,False,False,False,False,False,0.45048,3605,3576
69.6524064171123,69.10112359550561,2.857142857142857,3,7,0,0,5,0.1965744495391845,0,0,0,0.9968,0.01,0.01,0.9777715536105056,0.1405999660491943,0.0379482485286683,0.9738758084123532,0.2252120971679687,0.0926561159747938,BendWorstOCT,2026-07-10 22:14:03,transfusion,Quantile Thresholds,5.0,4,0,4,16,2,9,0.6854112366292222,0.7740659498207904,0.1293452871119568,3600.000492095948,475451.0,235927365,0.257270072,False,False,SolutionPolishing,False,3,0.0008,763,23612090[].aqua,3600,1,0,0,0.05,-1,-1,0,-1,inf,True,False,False,1,True,False,False,False,False,Lazy,False,0,Chain,False,False,False,False,False,0.437572,3605,3576
69.6524064171123,69.10112359550561,2.857142857142857,3,7,0,0,9,0.0445220470428466,0,0,0,0.996,0.01,0.02,0.977137855579871,0.1358840465545654,0.0443772420969836,0.9731343301726256,0.2153050899505615,0.1151997073966921,BendWorstOCT,2026-07-10 22:14:03,transfusion,Quantile Thresholds,5.0,4,0,4,16,2,9,0.6840112361234588,0.7767499412124362,0.1355806749821267,3600.000441074372,493742.0,-1382844054,0.296745808,False,False,SolutionPolishing,False,3,0.001,757,23612090[].aqua,3600,1,0,0,0.05,-1,-1,0,-1,inf,True,False,False,1,True,True,False,False,False,Lazy,False,0,Chain,False,False,False,False,False,0.462972,3605,3576
69.6524064171123,69.10112359550561,2.857142857142857,3,7,0,0,6,0.1852467060089111,0,0,0,0.9976,0.01,0.01,0.97840525164114,0.1572518348693847,0.0386127538358989,0.9746172866520808,0.2853548526763916,0.0962738184159113,BendWorstOCT,2026-07-10 22:14:04,transfusion,Quantile Thresholds,5.0,4,0,4,16,2,9,0.6868112359550576,0.7981197080291986,0.1620655956790792,3600.000571966172,405911.0,1143701007,0.261275864,False,False,SolutionPolishing,False,3,0.0006,767,23612090[].aqua,3600,1,0,0,0.05,-1,-1,0,-1,inf,True,False,False,1,True,False,False,False,False,Lazy,False,0,Chain,False,False,False,False,False,0.417756,3605,3574
69.6524064171123,69.10112359550561,2.857142857142857,3,7,0,0,7,0.0384097099304199,0,0,0,0.9984,0.01,0.01,0.9790389496717748,0.1436860561370849,0.0406882432248001,0.9754121079504036,0.2188310623168945,0.0986982082656033,BendWorstOCT,2026-07-10 22:14:04,transfusion,Quantile Thresholds,5.0,4,0,4,16,2,9,0.6882112359550575,0.8031039308686908,0.1669439394638656,3600.0006210803986,400223.0,-166680076,0.256031424,False,False,SolutionPolishing,False,3,0.0004,768,23612090[].aqua,3600,1,0,0,0.05,-1,-1,0,-1,inf,True,False,False,1,True,True,True,False,False,Lazy,False,0,Chain,False,False,False,False,False,0.41898,3605,3576
69.6524064171123,69.10112359550561,2.857142857142857,3,7,0,0,4,0.0221166610717773,0,0,0,0.9999,0.0,0.0,0.976621079504014,0.2130119800567627,0.0471437390290668,0.9766210795040138,0.3098371028900146,0.1222462372590015,BendWorstOCT,2026-07-10 22:14:04,transfusion,Quantile Thresholds,5.0,4,0,4,16,2,9,0.6903112359550575,0.800644294803327,0.1598308894619422,3600.000883102417,375950.0,1844944593,0.24286768,False,False,SolutionPolishing,False,3,0.0001,776,23612090[].aqua,3600,1,0,0,0.05,-1,-1,0,-1,inf,True,False,False,1,True,True,True,False,False,Lazy,False,0,Chain,False,False,False,False,False,0.391084,3606,3577
69.6524064171123,69.10112359550561,2.857142857142857,3,7,0,0,4,0.0244026184082031,0,0,0,0.9999,0.0,0.0,0.976621079504014,0.218231201171875,0.0471437390290668,0.9766210795040138,0.3172430992126465,0.1222462372590015,BendWorstOCT,2026-07-10 22:14:04,transfusion,Quantile Thresholds,5.0,4,0,4,16,2,9,0.6903112359550575,0.7999228653530387,0.158785810934008,3600.000588178634,380588.0,1844944593,0.24652444,False,False,SolutionPolishing,False,3,0.0001,777,23612090[].aqua,3600,1,0,0,0.05,-1,-1,0,-1,inf,True,False,False,1,True,True,False,False,False,Lazy,False,0,Chain,False,False,False,False,False,0.409232,3606,3577
69.38502673796792,66.29213483146067,1.6666666666666667,2,3,0,0,2,0.0064756870269775,0,0,0,0.9037011,0.02,0.05,0.9027197021651834,0.1145789623260498,0.0873142414215666,0.8628161580267582,0.2517638206481933,0.2627077916187358,BendWorstOCT,2026-07-10 22:14:04,transfusion,Quantile Thresholds,5.0,4,0,4,16,2,9,0.542921348314608,0.6288623188405815,0.1582935922353398,3600.000818014145,165682.0,645439270,0.26435556,False,False,SolutionPolishing,False,4,0.04,789,23612090[].aqua,3600,1,0,0,0.05,-1,-1,0,-1,inf,True,False,False,1,True,True,False,False,False,Lazy,False,0,Chain,False,False,False,False,False,0.430608,3605,3577
69.6524064171123,69.10112359550561,2.857142857142857,3,7,0,0,7,0.180906057357788,0,0,0,0.9999,0.0,0.0,0.976621079504014,0.2164998054504394,0.0471437390290668,0.9766210795040138,0.3128988742828369,0.1228076122590015,BendWorstOCT,2026-07-10 22:14:04,transfusion,Quantile Thresholds,5.0,4,0,4,16,2,9,0.6903112359550575,0.7970969505783403,0.1546921287983135,3600.0006070137024,397030.0,1844944593,0.24988044,False,False,SolutionPolishing,False,3,0.0001,779,23612090[].aqua,3600,1,0,0,0.05,-1,-1,0,-1,inf,True,False,False,1,True,False,False,False,False,Lazy,False,0,Chain,False,False,False,False,False,0.413828,3606,3572
69.38502673796792,66.29213483146067,1.6666666666666667,2,3,0,0,2,0.0054218769073486,0,0,0,0.9037011,0.02,0.05,0.9027197021651834,0.1168949604034423,0.0873142414215666,0.8628161580267582,0.2548770904541015,0.2627077916187358,BendWorstOCT,2026-07-10 22:14:04,transfusion,Quantile Thresholds,5.0,4,0,4,16,2,9,0.542921348314608,0.6294476589788436,0.1593717228707977,3600.0023539066315,162424.0,645439270,0.263523584,False,False,SolutionPolishing,False,4,0.04,788,23612090[].aqua,3600,1,0,0,0.05,-1,-1,0,-1,inf,True,False,False,1,True,True,True,False,False,Lazy,False,0,Chain,False,False,False,False,False,0.445872,3605,3577
69.6524064171123,69.10112359550561,2.857142857142857,3,7,0,0,7,0.1222519874572753,0,0,0,0.9999,0.0,0.0,0.976621079504014,0.2060410976409912,0.0471437390290668,0.9766210795040138,0.2946600914001465,0.1228076122590015,BendWorstOCT,2026-07-10 22:14:04,transfusion,Quantile Thresholds,5.0,4,0,4,16,2,9,0.6903112359550575,0.7939624715939846,0.1501514537794301,3600.000608205796,419911.0,1844944593,0.255669128,False,False,SolutionPolishing,False,3,0.0001,778,23612090[].aqua,3600,1,0,0,0.05,-1,-1,0,-1,inf,True,False,False,1,True,False,True,False,False,Lazy,False,0,Chain,False,False,False,False,False,0.426432,3606,3574
69.6524064171123,69.10112359550561,2.857142857142857,3,7,0,0,6,0.1420750617980957,0,0,0,0.9984,0.01,0.01,0.9790389496717748,0.1684410572052002,0.0406882432248001,0.9754121079504036,0.3074860572814941,0.1029167225405953,BendWorstOCT,2026-07-10 22:14:04,transfusion,Quantile Thresholds,5.0,4,0,4,16,2,9,0.6882112361238787,0.8188448951647433,0.1898162252866073,3600.0004370212555,364660.0,-166680076,0.22827172,False,False,SolutionPolishing,False,3,0.0004,770,23612090[].aqua,3600,1,0,0,0.05,-1,-1,0,-1,inf,True,False,False,1,True,False,True,False,False,Lazy,False,0,Chain,False,False,False,False,False,0.385696,3606,3578
69.6524064171123,69.10112359550561,2.857142857142857,3,7,0,0,6,0.2082693576812744,0,0,0,0.9984,0.01,0.01,0.9790389496717748,0.1835060119628906,0.0406882432248001,0.9754121079504036,0.3634049892425537,0.1029167225405953,BendWorstOCT,2026-07-10 22:14:04,transfusion,Quantile Thresholds,5.0,4,0,4,16,2,9,0.6882112361238787,0.8229712022046174,0.1958119237339533,3600.000612974167,342852.0,-166680076,0.222928896,False,False,SolutionPolishing,False,3,0.0004,771,23612090[].aqua,3600,1,0,0,0.05,-1,-1,0,-1,inf,True,False,False,1,True,False,False,False,False,Lazy,False,0,Chain,False,False,False,False,False,0.377548,3606,3579
69.6524064171123,69.10112359550561,2.857142857142857,3,7,0,0,3,0.021712303161621,0,0,0,0.9998,0.0,0.0,0.9794726477024092,0.1900689601898193,0.0325674959054158,0.9762180889861438,0.2636988162994385,0.0871674906329356,BendWorstOCT,2026-07-10 22:14:04,transfusion,Quantile Thresholds,5.0,4,0,4,16,2,9,0.6896117977528103,0.8143396129381529,0.1808667073153104,3600.0005509853363,338773.0,-619569502,0.224936288,False,False,SolutionPolishing,False,3,0.0002,772,23612090[].aqua,3600,1,0,0,0.05,-1,-1,0,-1,inf,True,False,False,1,True,True,True,False,False,Lazy,False,0,Chain,False,False,False,False,False,0.374184,3606,3578
69.6524064171123,69.10112359550561,2.857142857142857,3,7,0,0,7,0.0426890850067138,0,0,0,0.9984,0.01,0.01,0.9790389496717748,0.1504180431365966,0.0406882432248001,0.9754121079504036,0.2284119129180908,0.0986982082656033,BendWorstOCT,2026-07-10 22:14:04,transfusion,Quantile Thresholds,5.0,4,0,4,16,2,9,0.6882112359550575,0.8048644683136432,0.1695020747470091,3600.000906944275,390375.0,-166680076,0.25389668,False,False,SolutionPolishing,False,3,0.0004,769,23612090[].aqua,3600,1,0,0,0.05,-1,-1,0,-1,inf,True,False,False,1,True,True,False,False,False,Lazy,False,0,Chain,False,False,False,False,False,0.416968,3606,3578
69.38502673796792,66.29213483146067,1.6666666666666667,2,3,0,0,7,0.1935384273529052,0,0,0,0.9037011,0.02,0.05,0.9027197021651834,0.1129109859466552,0.0873142414215666,0.8628161580267582,0.2693400382995605,0.2627077916187358,BendWorstOCT,2026-07-10 22:14:04,transfusion,Quantile Thresholds,5.0,4,0,4,16,2,9,0.542921348314608,0.6298843363240338,0.160176033378288,3600.0007309913635,149728.0,645439270,0.248284472,False,False,SolutionPolishing,False,4,0.04,791,23612090[].aqua,3600,1,0,0,0.05,-1,-1,0,-1,inf,True,False,False,1,True,False,False,False,False,Lazy,False,0,Chain,False,False,False,False,False,0.42726,3605,3571
69.38502673796792,66.29213483146067,1.6666666666666667,2,3,0,0,2,0.0066573619842529,0,0,0,0.9424248,0.02,0.05,0.9424004203888622,0.1152830123901367,0.0841576680067108,0.9229499938567416,0.243906021118164,0.259239347098942,BendWorstOCT,2026-07-10 22:14:05,transfusion,Quantile Thresholds,5.0,4,0,4,16,2,9,0.6029213483146081,0.7876932762528356,0.3064610806280695,3600.002635002136,165331.0,546883824,0.422120392,False,False,SolutionPolishing,False,4,0.02,793,23612090[].aqua,3600,1,0,0,0.05,-1,-1,0,-1,inf,True,False,False,1,True,True,False,False,False,Lazy,False,0,Chain,False,False,False,False,False,0.57626,3605,3577
69.38502673796792,66.29213483146067,1.6666666666666667,2,3,0,0,2,0.2065119743347168,0,0,0,0.9424248,0.02,0.05,0.9424004203888622,0.1219260692596435,0.0841576680067108,0.9233977307574388,0.2648169994354248,0.2308703855316533,BendWorstOCT,2026-07-10 22:14:05,transfusion,Quantile Thresholds,5.0,4,0,4,16,2,9,0.6029213483146081,0.7844943820224735,0.3011554230339169,3600.0007951259613,180246.0,546883824,0.423528296,False,False,SolutionPolishing,False,4,0.02,795,23612090[].aqua,3600,1,0,0,0.05,-1,-1,0,-1,inf,True,False,False,1,True,False,False,False,False,Lazy,False,0,Chain,False,False,False,False,False,0.569128,3605,3575
69.38502673796792,66.29213483146067,1.6666666666666667,2,3,0,0,2,0.0051870346069335,0,0,0,0.9424248,0.02,0.05,0.9424004203888622,0.1111359596252441,0.0841576680067108,0.9229499938567416,0.2330658435821533,0.259239347098942,BendWorstOCT,2026-07-10 22:14:05,transfusion,Quantile Thresholds,5.0,4,0,4,16,2,9,0.6029213483146081,0.7887923845488183,0.3082840518979625,3600.000795841217,153148.0,546883824,0.404391664,False,False,SolutionPolishing,False,4,0.02,792,23612090[].aqua,3600,1,0,0,0.05,-1,-1,0,-1,inf,True,False,False,1,True,True,True,False,False,Lazy,False,0,Chain,False,False,False,False,False,0.512252,3605,3572
69.38502673796792,66.29213483146067,1.6666666666666667,2,3,0,0,2,0.1563658714294433,0,0,0,0.9424248,0.02,0.05,0.9424004203888622,0.1219251155853271,0.0841576680067108,0.9233977307574388,0.2636151313781738,0.2308703855316533,BendWorstOCT,2026-07-10 22:14:05,transfusion,Quantile Thresholds,5.0,4,0,4,16,2,9,0.6029213483146081,0.7844943820224737,0.3011554230339173,3600.001098155976,180018.0,546883824,0.423479152,False,False,SolutionPolishing,False,4,0.02,794,23612090[].aqua,3600,1,0,0,0.05,-1,-1,0,-1,inf,True,False,False,1,True,False,True,False,False,Lazy,False,0,Chain,False,False,False,False,False,0.558652,3605,3576
67.9144385026738,67.41573033707866,2.25,3,4,0,0,5,0.1982364654541015,0,0,0,0.9626205,0.02,0.05,0.9609090909090932,0.1337690353393554,0.0790072088698684,0.9504385964912304,0.266719102859497,0.1844777962235777,BendWorstOCT,2026-07-10 22:14:05,transfusion,Quantile Thresholds,5.0,4,0,4,16,2,9,0.6341573033707878,0.8691195903534876,0.3705110478642849,3600.0006909370422,201460.0,92063159,0.525599792,False,False,SolutionPolishing,False,4,0.01,798,23612090[].aqua,3600,1,0,0,0.05,-1,-1,0,-1,inf,True,False,False,1,True,False,True,False,False,Lazy,False,0,Chain,False,False,False,False,False,0.678064,3606,3575
68.18181818181819,67.41573033707866,2.4,3,5,0,0,3,0.0302681922912597,0,0,0,0.9626205,0.02,0.05,0.9609090909090932,0.1266331672668457,0.0790072088698684,0.950432960893857,0.2645962238311767,0.1786243142429529,BendWorstOCT,2026-07-10 22:14:05,transfusion,Quantile Thresholds,5.0,4,0,4,16,2,9,0.6241573033707878,0.8722377890240527,0.397464684484978,3600.0007071495056,189359.0,92063159,0.50387092,False,False,SolutionPolishing,False,4,0.01,797,23612090[].aqua,3600,1,0,0,0.05,-1,-1,0,-1,inf,True,False,False,1,True,True,False,False,False,Lazy,False,0,Chain,False,False,False,False,False,0.65076,3606,3576
68.18181818181819,67.41573033707866,2.4,3,5,0,0,3,0.0278151035308837,0,0,0,0.9626205,0.02,0.05,0.9609090909090932,0.1265499591827392,0.0790072088698684,0.950432960893857,0.2635869979858398,0.1786243142429529,BendWorstOCT,2026-07-10 22:14:05,transfusion,Quantile Thresholds,5.0,4,0,4,16,2,9,0.6241573033707878,0.872259259259262,0.397499083241659,3600.000664949417,188945.0,92063159,0.503484008,False,False,SolutionPolishing,False,4,0.01,796,23612090[].aqua,3600,1,0,0,0.05,-1,-1,0,-1,inf,True,False,False,1,True,True,True,False,False,Lazy,False,0,Chain,False,False,False,False,False,0.651748,3606,3576
69.38502673796792,66.29213483146067,1.6666666666666667,2,3,0,0,7,0.1495087146759033,0,0,0,0.9037011,0.02,0.05,0.9027197021651834,0.1416130065917968,0.0873142414215666,0.8628161580267582,0.3472099304199219,0.2627077916187358,BendWorstOCT,2026-07-10 22:14:06,transfusion,Quantile Thresholds,5.0,4,0,4,16,2,9,0.542921348314608,0.6391609802409083,0.1772625670827959,3600.0009758472443,102686.0,645439270,0.216197952,False,False,SolutionPolishing,False,4,0.04,790,23612090[].aqua,3600,1,0,0,0.05,-1,-1,0,-1,inf,True,False,False,1,True,False,True,False,False,Lazy,False,0,Chain,False,False,False,False,False,0.374688,3607,3576
69.6524064171123,69.10112359550561,2.857142857142857,3,7,0,0,3,0.028397798538208,0,0,0,0.9998,0.0,0.0,0.9794726477024092,0.2155039310455322,0.0325674959054158,0.9762180889861438,0.3035628795623779,0.0871674906329356,BendWorstOCT,2026-07-10 22:14:07,transfusion,Quantile Thresholds,5.0,4,0,4,16,2,9,0.6896117977528103,0.8281793277810843,0.2009355560328495,3600.001132965088,271559.0,-619569502,0.203243432,False,False,SolutionPolishing,False,3,0.0002,773,23612090[].aqua,3600,1,0,0,0.05,-1,-1,0,-1,inf,True,False,False,1,True,True,False,False,False,Lazy,False,0,Chain,False,False,False,False,False,0.34242,3609,3579
67.9144385026738,67.41573033707866,2.25,3,4,0,0,5,0.296194314956665,0,0,0,0.9626205,0.02,0.05,0.9609090909090932,0.1565699577331543,0.0790072088698684,0.9504385964912304,0.328542947769165,0.1844777962235777,BendWorstOCT,2026-07-10 22:14:07,transfusion,Quantile Thresholds,5.0,4,0,4,16,2,9,0.6341573033707878,0.8713768477979156,0.3740705076898357,3600.002056121826,160437.0,92063159,0.45292592,False,False,SolutionPolishing,False,4,0.01,799,23612090[].aqua,3600,1,0,0,0.05,-1,-1,0,-1,inf,True,False,False,1,True,False,False,False,False,Lazy,False,0,Chain,False,False,False,False,False,0.582852,3608,3579
67.37967914438502,67.19298245614036,2.0,2,4,0,0,2,0.0079107284545898,0,0,0,0.9667175,0.02,0.05,0.9658260097647604,0.148838996887207,0.0816673296297499,0.9576982660159924,0.2432940006256103,0.1407515948936503,BendWorstOCT,2026-07-10 22:14:08,transfusion,Quantile Thresholds,5.0,4,0,4,16,2,9,0.6399298245614052,0.88222832663184,0.3786329262532829,3600.0031089782715,140792.0,694486019,0.420826208,False,False,SolutionPolishing,False,4,0.008,800,23612090[].aqua,3600,1,0,0,0.05,-1,-1,0,-1,inf,True,False,False,1,True,True,True,False,False,Lazy,False,0,Chain,False,False,False,False,False,0.527052,3609,3579
67.37967914438502,67.19298245614036,2.0,2,4,0,0,2,0.0100274085998535,0,0,0,0.9667175,0.02,0.05,0.9658260097647604,0.1472430229187011,0.0816673296297499,0.9576982660159924,0.239527940750122,0.1407515948936503,BendWorstOCT,2026-07-10 22:14:08,transfusion,Quantile Thresholds,5.0,4,0,4,16,2,9,0.6399298245614052,0.882300657058946,0.3787459549391322,3600.0016689300537,139744.0,694486019,0.42082852,False,False,SolutionPolishing,False,4,0.008,801,23612090[].aqua,3600,1,0,0,0.05,-1,-1,0,-1,inf,True,False,False,1,True,True,False,False,False,Lazy,False,0,Chain,False,False,False,False,False,0.552984,3610,3580
69.25133689839572,69.10112359550561,3.0,4,6,0,0,8,0.2232098579406738,0,0,0,0.9667175,0.02,0.05,0.9658260097647604,0.1228599548339843,0.0816673296297499,0.9566720576343476,0.2324049472808838,0.1517530717881341,BendWorstOCT,2026-07-10 22:15:56,transfusion,Quantile Thresholds,5.0,4,0,4,16,2,9,0.6430112359550575,0.8845146980908029,0.3755820250590846,3600.0013749599457,229666.0,694486019,0.568499992,False,False,SolutionPolishing,False,4,0.008,802,23612090[].aqua,3600,1,0,0,0.05,-1,-1,0,-1,inf,True,False,False,1,True,False,True,False,False,Lazy,False,0,Chain,False,False,False,False,False,0.681236,3605,3575
69.25133689839572,69.10112359550561,3.0,4,6,0,0,8,0.3029069900512695,0,0,0,0.9667175,0.02,0.05,0.9658260097647604,0.1228549480438232,0.0816673296297499,0.9566720576343476,0.2349851131439209,0.1517530717881341,BendWorstOCT,2026-07-10 22:15:56,transfusion,Quantile Thresholds,5.0,4,0,4,16,2,9,0.6430112359550575,0.8846058931860059,0.3757238501005516,3600.00074505806,227016.0,694486019,0.563761464,False,False,SolutionPolishing,False,4,0.008,803,23612090[].aqua,3600,1,0,0,0.05,-1,-1,0,-1,inf,True,False,False,1,True,False,False,False,False,Lazy,False,0,Chain,False,False,False,False,False,0.681164,3605,3575
68.85026737967914,68.7719298245614,3.1666666666666665,4,6,0,0,10,0.2082359790802002,0,0,0,0.9712825,0.02,0.05,0.9705368421052656,0.107692003250122,0.070395829014148,0.9705368421052656,0.1626489162445068,0.2036744681546029,BendWorstOCT,2026-07-10 22:15:57,transfusion,Quantile Thresholds,5.0,4,0,4,16,2,9,0.6517192982456158,0.90785926064928,0.3930219085013682,3600.000890016556,197431.0,-774974763,0.51983124,False,False,SolutionPolishing,False,4,0.006,807,23612090[].aqua,3600,1,0,0,0.05,-1,-1,0,-1,inf,True,False,False,1,True,False,False,False,False,Lazy,False,0,Chain,False,False,False,False,False,0.66642,3605,3572
68.85026737967914,68.7719298245614,3.1666666666666665,4,6,0,0,10,0.168985366821289,0,0,0,0.9712825,0.02,0.05,0.9705368421052656,0.1068019866943359,0.070395829014148,0.9705368421052656,0.1617360115051269,0.2036744681546029,BendWorstOCT,2026-07-10 22:15:57,transfusion,Quantile Thresholds,5.0,4,0,4,16,2,9,0.6517192982456158,0.9078327154732152,0.3929811775054682,3600.0009729862213,198176.0,-774974763,0.519828872,False,False,SolutionPolishing,False,4,0.006,806,23612090[].aqua,3600,1,0,0,0.05,-1,-1,0,-1,inf,True,False,False,1,True,False,True,False,False,Lazy,False,0,Chain,False,False,False,False,False,0.668388,3605,3572
68.71657754010695,68.59649122807018,2.6666666666666665,3,6,0,0,3,0.0188167095184326,0,0,0,0.98,0.02,0.05,0.9680564065159274,0.1640300750732422,0.0918287061905591,0.963063214198884,0.3026940822601318,0.1872188390283236,BendWorstOCT,2026-07-10 22:15:57,transfusion,Quantile Thresholds,5.0,4,0,4,16,2,9,0.6619654385964935,0.92752782752524,0.4011725891487548,3600.001037120819,254578.0,-1688671113,0.623264864,False,False,SolutionPolishing,False,4,0.004,808,23612090[].aqua,3600,1,0,0,0.05,-1,-1,0,-1,inf,True,False,False,1,True,True,True,False,False,Lazy,False,0,Chain,False,False,False,False,False,0.759256,3606,3581
70.45454545454545,70.2247191011236,3.769230769230769,4,13,0,0,6,0.0469472408294677,0,0,0,0.995,0.02,0.05,0.977137855579871,0.1600120067596435,0.0887010531453588,0.975137855579871,0.2142491340637207,0.1217156935127866,BendWorstOCT,2026-07-10 22:15:57,transfusion,Quantile Thresholds,5.0,4,0,4,16,2,9,0.6892471910112373,0.9516692711548772,0.3807372500983632,3600.0017709732056,259145.0,924601049,0.639701528,False,False,SolutionPolishing,False,4,0.001,817,23612090[].aqua,3600,1,0,0,0.05,-1,-1,0,-1,inf,True,False,False,1,True,True,False,False,False,Lazy,False,0,Chain,False,False,False,False,False,0.797476,3606,3577
70.45454545454545,70.2247191011236,3.769230769230769,4,13,0,0,8,0.0433382987976074,0,0,0,0.998,0.02,0.06,0.9790389496717748,0.171231985092163,0.0880968854767491,0.9782389496717748,0.2503671646118164,0.1528078097785384,BendWorstOCT,2026-07-10 22:15:57,transfusion,Quantile Thresholds,5.0,4,0,4,16,2,9,0.6970471910112374,0.957344197138317,0.3734280970983545,3600.0016419887543,305501.0,-1061861891,0.684426744,False,False,SolutionPolishing,False,4,0.0004,828,23612090[].aqua,3600,1,0,0,0.05,-1,-1,0,-1,inf,True,False,False,1,True,True,True,False,False,Lazy,False,0,Chain,False,False,False,False,False,0.833172,3605,3575
68.71657754010695,68.59649122807018,2.6666666666666665,3,6,0,0,3,0.0259685516357421,0,0,0,0.98,0.02,0.05,0.9680564065159274,0.1701970100402832,0.0918287061905591,0.963063214198884,0.3178291320800781,0.1872188390283236,BendWorstOCT,2026-07-10 22:15:57,transfusion,Quantile Thresholds,5.0,4,0,4,16,2,9,0.6619654385964935,0.928012253829324,0.4019043891428923,3600.001137971878,240211.0,-1688671113,0.595854704,False,False,SolutionPolishing,False,4,0.004,809,23612090[].aqua,3600,1,0,0,0.05,-1,-1,0,-1,inf,True,False,False,1,True,True,False,False,False,Lazy,False,0,Chain,False,False,False,False,False,0.706684,3606,3577
70.45454545454545,70.2247191011236,3.6666666666666665,4,9,0,0,10,0.3015367984771728,0,0,0,0.99,0.02,0.05,0.9739693654266982,0.1845409870147705,0.0854044861065657,0.9704269389739872,0.2907509803771972,0.1544190470124196,BendWorstOCT,2026-07-10 22:15:57,transfusion,Quantile Thresholds,5.0,4,0,4,16,2,9,0.6842471910112373,0.9482250703344818,0.3857931501817582,3600.000576019287,256748.0,968119488,0.614090384,False,False,SolutionPolishing,False,4,0.002,814,23612090[].aqua,3600,1,0,0,0.05,-1,-1,0,-1,inf,True,False,False,1,True,False,True,False,False,Lazy,False,0,Chain,False,False,False,False,False,0.766604,3606,3575
69.25133689839572,69.10112359550561,2.833333333333333,4,6,0,0,9,0.2323405742645263,0,0,0,0.98,0.02,0.05,0.9680564065159274,0.1791219711303711,0.0918287061905591,0.963063214198884,0.302480936050415,0.168235144874972,BendWorstOCT,2026-07-10 22:15:57,transfusion,Quantile Thresholds,5.0,4,0,4,16,2,9,0.6670112359550575,0.9232167049876212,0.3841096749528019,3600.001114845276,197489.0,-1688671113,0.538840432,False,False,SolutionPolishing,False,4,0.004,810,23612090[].aqua,3600,1,0,0,0.05,-1,-1,0,-1,inf,True,False,False,1,True,False,True,False,False,Lazy,False,0,Chain,False,False,False,False,False,0.69934,3606,3571
70.45454545454545,70.2247191011236,3.769230769230769,4,13,0,0,9,0.0792570114135742,0,0,0,0.997,0.02,0.05,0.97840525164114,0.167741060256958,0.0867624953048784,0.97720525164114,0.3433618545532226,0.1590355857557313,BendWorstOCT,2026-07-10 22:15:57,transfusion,Quantile Thresholds,5.0,4,0,4,16,2,9,0.6944481640734886,0.9605964044943835,0.3832514134096413,3600.000694990158,201440.0,-95195475,0.521134,False,False,SolutionPolishing,False,4,0.0006,825,23612090[].aqua,3600,1,0,0,0.05,-1,-1,0,-1,inf,True,False,False,1,True,True,False,False,False,Lazy,False,0,Chain,False,False,False,False,False,0.668408,3605,3574
69.78609625668449,69.64912280701755,3.125,4,8,0,0,8,0.047128677368164,0,0,0,0.99,0.02,0.05,0.9739693654266982,0.1773791313171386,0.0854044861065657,0.9704269389739872,0.2638590335845947,0.1539507970124196,BendWorstOCT,2026-07-10 22:15:57,transfusion,Quantile Thresholds,5.0,4,0,4,16,2,9,0.6804912280701773,0.939864840637452,0.3811564379791333,3600.0015001297,242996.0,968119488,0.593413344,False,False,SolutionPolishing,False,4,0.002,812,23612090[].aqua,3600,1,0,0,0.05,-1,-1,0,-1,inf,True,False,False,1,True,True,True,False,False,Lazy,False,0,Chain,False,False,False,False,False,0.735784,3606,3574
70.45454545454545,70.2247191011236,3.769230769230769,4,13,0,0,6,0.0412905216217041,0,0,0,0.995,0.02,0.05,0.977137855579871,0.1754601001739502,0.0887010531453588,0.975137855579871,0.2332839965820312,0.1217156935127866,BendWorstOCT,2026-07-10 22:15:57,transfusion,Quantile Thresholds,5.0,4,0,4,16,2,9,0.6892471910112373,0.9519001605136458,0.3810722378382913,3600.0062041282654,249117.0,924601049,0.623820744,False,False,SolutionPolishing,False,4,0.001,816,23612090[].aqua,3600,1,0,0,0.05,-1,-1,0,-1,inf,True,False,False,1,True,True,True,False,False,Lazy,False,0,Chain,False,False,False,False,False,0.793932,3606,3573
70.45454545454545,70.2247191011236,3.6666666666666665,4,9,0,0,10,0.3787388801574707,0,0,0,0.99,0.02,0.05,0.9739693654266982,0.2002182006835937,0.0854044861065657,0.9704269389739872,0.3054301738739013,0.1544190470124196,BendWorstOCT,2026-07-10 22:15:57,transfusion,Quantile Thresholds,5.0,4,0,4,16,2,9,0.6842471910112373,0.9482771699489444,0.3858692916919422,3600.002459049225,253548.0,968119488,0.60749492,False,False,SolutionPolishing,False,4,0.002,815,23612090[].aqua,3600,1,0,0,0.05,-1,-1,0,-1,inf,True,False,False,1,True,False,False,False,False,Lazy,False,0,Chain,False,False,False,False,False,0.761352,3606,3573
70.72192513368984,70.70175438596492,3.6666666666666665,4,12,0,0,19,0.455085277557373,0,0,0,0.997,0.02,0.05,0.97840525164114,0.1710550785064697,0.0867624953048784,0.97720525164114,0.388416051864624,0.1592697107557313,BendWorstOCT,2026-07-10 22:15:57,transfusion,Quantile Thresholds,5.0,4,0,4,16,2,9,0.699817543859651,0.952349834088234,0.360854471918224,3600.0006461143494,292868.0,-95195475,0.646966752,False,False,SolutionPolishing,False,4,0.0006,827,23612090[].aqua,3600,1,0,0,0.05,-1,-1,0,-1,inf,True,False,False,1,True,False,False,False,False,Lazy,False,0,Chain,False,False,False,False,False,0.811428,3605,3574
69.78609625668449,69.64912280701755,3.125,4,8,0,0,8,0.0549273490905761,0,0,0,0.99,0.02,0.05,0.9739693654266982,0.1779460906982422,0.0854044861065657,0.9704269389739872,0.2648470401763916,0.1539507970124196,BendWorstOCT,2026-07-10 22:15:57,transfusion,Quantile Thresholds,5.0,4,0,4,16,2,9,0.6804912280701773,0.9399077890621702,0.3812195518341641,3600.0008289813995,240702.0,968119488,0.59041464,False,False,SolutionPolishing,False,4,0.002,813,23612090[].aqua,3600,1,0,0,0.05,-1,-1,0,-1,inf,True,False,False,1,True,True,False,False,False,Lazy,False,0,Chain,False,False,False,False,False,0.746812,3606,3574
70.58823529411765,70.52631578947368,3.636363636363636,4,11,0,0,19,0.2513656616210937,0,0,0,0.995,0.02,0.05,0.977137855579871,0.1610410213470459,0.0887010531453588,0.975137855579871,0.2265539169311523,0.1219498185127866,BendWorstOCT,2026-07-10 22:15:57,transfusion,Quantile Thresholds,5.0,4,0,4,16,2,9,0.6942631578947387,0.951682131512438,0.3707801151342788,3600.0009009838104,253940.0,924601049,0.607281504,False,False,SolutionPolishing,False,4,0.001,818,23612090[].aqua,3600,1,0,0,0.05,-1,-1,0,-1,inf,True,False,False,1,True,False,True,False,False,Lazy,False,0,Chain,False,False,False,False,False,0.755712,3606,3577
70.72192513368984,70.70175438596492,3.6666666666666665,4,12,0,0,19,0.3517236709594726,0,0,0,0.997,0.02,0.05,0.97840525164114,0.1698179244995117,0.0867624953048784,0.97720525164114,0.3783650398254394,0.1592697107557313,BendWorstOCT,2026-07-10 22:15:57,transfusion,Quantile Thresholds,5.0,4,0,4,16,2,9,0.699817543859651,0.9522179843917936,0.3606660661007401,3600.000597000122,297745.0,-95195475,0.658907704,False,False,SolutionPolishing,False,4,0.0006,826,23612090[].aqua,3600,1,0,0,0.05,-1,-1,0,-1,inf,True,False,False,1,True,False,True,False,False,Lazy,False,0,Chain,False,False,False,False,False,0.798856,3605,3575
68.71657754010695,68.59649122807018,3.1666666666666665,4,6,0,0,4,0.0410718917846679,0,0,0,0.9712825,0.02,0.05,0.9705368421052656,0.1010420322418212,0.070395829014148,0.9705368421052656,0.1528420448303222,0.2036744681546029,BendWorstOCT,2026-07-10 22:15:57,transfusion,Quantile Thresholds,5.0,4,0,4,16,2,9,0.6499649122807405,0.9008358862144442,0.3859761799346863,3600.000720024109,228804.0,-774974763,0.557684992,False,False,SolutionPolishing,False,4,0.006,804,23612090[].aqua,3600,1,0,0,0.05,-1,-1,0,-1,inf,True,False,False,1,True,True,True,False,False,Lazy,False,0,Chain,False,False,False,False,False,0.684564,3606,3580
70.58823529411765,70.52631578947368,3.636363636363636,4,11,0,0,19,0.3454515933990478,0,0,0,0.995,0.02,0.05,0.977137855579871,0.1651468276977539,0.0887010531453588,0.975137855579871,0.23539400100708,0.1219498185127866,BendWorstOCT,2026-07-10 22:15:57,transfusion,Quantile Thresholds,5.0,4,0,4,16,2,9,0.6942631578947387,0.9520460139111844,0.3713042426133316,3600.000867843628,240129.0,924601049,0.58121536,False,False,SolutionPolishing,False,4,0.001,819,23612090[].aqua,3600,1,0,0,0.05,-1,-1,0,-1,inf,True,False,False,1,True,False,False,False,False,Lazy,False,0,Chain,False,False,False,False,False,0.729348,3606,3575
68.71657754010695,68.59649122807018,3.1666666666666665,4,6,0,0,4,0.0540614128112793,0,0,0,0.9712825,0.02,0.05,0.9705368421052656,0.1030161380767822,0.070395829014148,0.9705368421052656,0.1556179523468017,0.2036744681546029,BendWorstOCT,2026-07-10 22:15:57,transfusion,Quantile Thresholds,5.0,4,0,4,16,2,9,0.6499649122807405,0.9007619215824818,0.38586238205027,3600.001480102539,230229.0,-774974763,0.557944768,False,False,SolutionPolishing,False,4,0.006,805,23612090[].aqua,3600,1,0,0,0.05,-1,-1,0,-1,inf,True,False,False,1,True,True,False,False,False,Lazy,False,0,Chain,False,False,False,False,False,0.69288,3606,3580
70.85561497326204,70.78651685393258,3.636363636363636,4,11,0,0,6,0.375112771987915,0,0,0,0.9998,0.0,0.0,0.9984000000000006,0.1939899921417236,0.0357692968627922,0.9762180889861436,0.2987089157104492,0.1111269564525972,BendWorstOCT,2026-07-10 22:15:58,transfusion,Quantile Thresholds,5.0,4,0,4,16,2,9,0.7056651685393273,0.9646572259676778,0.3670183381226597,3600.0023078918457,285529.0,-1154031946,0.6744246,False,False,SolutionPolishing,False,4,0.0002,835,23612090[].aqua,3600,1,0,0,0.05,-1,-1,0,-1,inf,True,False,False,1,True,False,False,False,False,Lazy,False,0,Chain,False,False,False,False,False,0.8513,3605,3576
70.45454545454545,70.2247191011236,3.769230769230769,4,13,0,0,8,0.051246166229248,0,0,0,0.998,0.02,0.06,0.9790389496717748,0.1672570705413818,0.0880968854767491,0.9782389496717748,0.2472829818725586,0.1528078097785384,BendWorstOCT,2026-07-10 22:15:57,transfusion,Quantile Thresholds,5.0,4,0,4,16,2,9,0.6970471910112374,0.957278923445143,0.3733344539504935,3600.000689983368,317744.0,-1061861891,0.708277024,False,False,SolutionPolishing,False,4,0.0004,829,23612090[].aqua,3600,1,0,0,0.05,-1,-1,0,-1,inf,True,False,False,1,True,True,False,False,False,Lazy,False,0,Chain,False,False,False,False,False,0.849924,3605,3582
70.72192513368984,70.70175438596492,3.75,4,12,0,0,17,0.415332555770874,0,0,0,0.998,0.02,0.06,0.9790389496717748,0.181171178817749,0.0880968854767491,0.9782389496717748,0.2862710952758789,0.1530419347785384,BendWorstOCT,2026-07-10 22:15:58,transfusion,Quantile Thresholds,5.0,4,0,4,16,2,9,0.702217543859651,0.9619039675815084,0.3698090798109708,3600.000741004944,230297.0,-1061861891,0.540979952,False,False,SolutionPolishing,False,4,0.0004,831,23612090[].aqua,3600,1,0,0,0.05,-1,-1,0,-1,inf,True,False,False,1,True,False,False,False,False,Lazy,False,0,Chain,False,False,False,False,False,0.693248,3605,3576
69.6524064171123,69.64912280701755,3.636363636363636,4,11,0,0,2,0.037907600402832,0,0,0,0.9998,0.0,0.0,0.9984000000000006,0.2056748867034912,0.0357692968627922,0.9762180889861436,0.3735229969024658,0.1111269564525972,BendWorstOCT,2026-07-10 22:15:58,transfusion,Quantile Thresholds,5.0,4,0,4,16,2,9,0.6942915789473703,0.9634054176674688,0.387609250753275,3600.001811981201,248935.0,-1154031946,0.614220712,False,False,SolutionPolishing,False,4,0.0002,833,23612090[].aqua,3600,1,0,0,0.05,-1,-1,0,-1,inf,True,False,False,1,True,True,False,False,False,Lazy,False,0,Chain,False,False,False,False,False,0.780228,3606,3576
69.6524064171123,69.64912280701755,3.636363636363636,4,11,0,0,2,0.0334439277648925,0,0,0,0.9998,0.0,0.0,0.9984000000000006,0.2056789398193359,0.0357692968627922,0.9762180889861436,0.3054389953613281,0.1111269564525972,BendWorstOCT,2026-07-10 22:15:58,transfusion,Quantile Thresholds,5.0,4,0,4,16,2,9,0.6942915789473703,0.963645126024903,0.3879545067879193,3600.000961780548,240639.0,-1154031946,0.597764048,False,False,SolutionPolishing,False,4,0.0002,832,23612090[].aqua,3600,1,0,0,0.05,-1,-1,0,-1,inf,True,False,False,1,True,True,True,False,False,Lazy,False,0,Chain,False,False,False,False,False,0.785968,3606,3576
70.98930481283422,70.78651685393258,3.769230769230769,4,13,0,0,8,0.3161523342132568,0,0,0,0.9999,0.0,0.0,0.9992000000000004,0.1930170059204101,0.0463331159781566,0.976621079504014,0.3155901432037353,0.144246489753748,BendWorstOCT,2026-07-10 22:15:58,transfusion,Quantile Thresholds,5.0,4,0,4,16,2,9,0.7065651685393273,0.965315247488936,0.366208370396349,3600.0008301734924,215383.0,1755772347,0.54825044,False,False,SolutionPolishing,False,4,0.0001,838,23612090[].aqua,3600,1,0,0,0.05,-1,-1,0,-1,inf,True,False,False,1,True,False,True,False,False,Lazy,False,0,Chain,False,False,False,False,False,0.722376,3606,3577
70.98930481283422,70.78651685393258,3.769230769230769,4,13,0,0,8,0.3960673809051513,0,0,0,0.9999,0.0,0.0,0.9992000000000004,0.1932179927825927,0.0463331159781566,0.976621079504014,0.3137698173522949,0.144246489753748,BendWorstOCT,2026-07-10 22:15:58,transfusion,Quantile Thresholds,5.0,4,0,4,16,2,9,0.7065651685393273,0.965334636992223,0.3662358123141654,3600.000945806504,204562.0,1755772347,0.548248632,False,False,SolutionPolishing,False,4,0.0001,839,23612090[].aqua,3600,1,0,0,0.05,-1,-1,0,-1,inf,True,False,False,1,True,False,False,False,False,Lazy,False,0,Chain,False,False,False,False,False,0.709696,3606,3575
70.85561497326204,70.78651685393258,3.636363636363636,4,11,0,0,6,0.3127872943878174,0,0,0,0.9998,0.0,0.0,0.9984000000000006,0.2031488418579101,0.0357692968627922,0.9762180889861436,0.3119218349456787,0.1111269564525972,BendWorstOCT,2026-07-10 22:15:58,transfusion,Quantile Thresholds,5.0,4,0,4,16,2,9,0.7056651685393273,0.9651879783098036,0.3677704686879594,3600.0008618831635,258221.0,-1154031946,0.622388056,False,False,SolutionPolishing,False,4,0.0002,834,23612090[].aqua,3600,1,0,0,0.05,-1,-1,0,-1,inf,True,False,False,1,True,False,True,False,False,Lazy,False,0,Chain,False,False,False,False,False,0.79802,3606,3578
70.72192513368984,70.70175438596492,3.75,4,12,0,0,17,0.3267621994018554,0,0,0,0.998,0.02,0.06,0.9790389496717748,0.1860938072204589,0.0880968854767491,0.9782389496717748,0.2951648235321045,0.1530419347785384,BendWorstOCT,2026-07-10 22:15:58,transfusion,Quantile Thresholds,5.0,4,0,4,16,2,9,0.702217543859651,0.9619522767593156,0.3698778749845315,3600.0006489753723,221643.0,-1061861891,0.531702112,False,False,SolutionPolishing,False,4,0.0004,830,23612090[].aqua,3600,1,0,0,0.05,-1,-1,0,-1,inf,True,False,False,1,True,False,True,False,False,Lazy,False,0,Chain,False,False,False,False,False,0.6781,3606,3576
70.45454545454545,70.2247191011236,3.5454545454545454,4,11,0,0,2,0.0317058563232421,0,0,0,0.9999,0.0,0.0,0.9992000000000004,0.2023358345031738,0.0463331159781566,0.976621079504014,0.3298089504241943,0.1362175592178303,BendWorstOCT,2026-07-10 22:15:59,transfusion,Quantile Thresholds,5.0,4,0,4,16,2,9,0.7011471910112373,0.9657898426966312,0.3774423617153912,3600.0020430088043,176541.0,1755772347,0.4862858,False,False,SolutionPolishing,False,4,0.0001,837,23612090[].aqua,3600,1,0,0,0.05,-1,-1,0,-1,inf,True,False,False,1,True,True,False,False,False,Lazy,False,0,Chain,False,False,False,False,False,0.618376,3607,3578
70.45454545454545,70.2247191011236,3.5454545454545454,4,11,0,0,2,0.0337486267089843,0,0,0,0.9999,0.0,0.0,0.9992000000000004,0.2147519588470459,0.0463331159781566,0.976621079504014,0.3484799861907959,0.1362175592178303,BendWorstOCT,2026-07-10 22:15:59,transfusion,Quantile Thresholds,5.0,4,0,4,16,2,9,0.7011471910112373,0.9657898426966312,0.3774423617153912,3600.0009648799896,169910.0,1755772347,0.474705784,False,False,SolutionPolishing,False,4,0.0001,836,23612090[].aqua,3600,1,0,0,0.05,-1,-1,0,-1,inf,True,False,False,1,True,True,True,False,False,Lazy,False,0,Chain,False,False,False,False,False,0.628108,3607,3578
69.25133689839572,69.10112359550561,2.833333333333333,4,6,0,0,9,0.3473341464996338,0,0,0,0.98,0.03,0.05,0.9680564065159274,0.2242341041564941,0.0918287061905591,0.963063214198884,0.3902239799499511,0.168235144874972,BendWorstOCT,2026-07-10 22:16:02,transfusion,Quantile Thresholds,5.0,4,0,4,16,2,9,0.6670112359550575,0.9254870697342628,0.3875134628116236,3600.001816987992,136165.0,-1688671113,0.419161784,False,False,SolutionPolishing,False,4,0.004,811,23612090[].aqua,3600,1,0,0,0.05,-1,-1,0,-1,inf,True,False,False,1,True,False,False,False,False,Lazy,False,0,Chain,False,False,False,False,False,0.563728,3611,3579
79.87012987012987,71.9298245614035,1.0,1,2,0,0,2,0.4337162971496582,0,0,0,0.8596356,0.56,1.43,0.8595918630101821,3.035629987716675,2.233714316112304,0.8170686616393583,6.920871019363403,8.761768866610414,BendWorstOCT,2026-07-10 22:16:41,ozone-one,Quantile Thresholds,5.0,72,0,72,286,2,9,0.5592982456140358,0.6788853343128247,0.2138163129181604,3600.002023935318,5565.0,-1488377211,1.130342632,False,False,SolutionPolishing,False,3,0.08,841,23612090[].aqua,3600,1,0,0,0.05,-1,-1,0,-1,inf,True,False,False,1,True,True,False,False,False,Lazy,False,0,Chain,False,False,False,False,False,0.732776,3605,3575
79.87012987012987,71.9298245614035,1.0,1,2,0,0,2,0.2183053493499755,0,0,0,0.8596356,0.56,1.43,0.8595918630101821,3.0750601291656494,2.233714316112304,0.8170686616393583,6.950690031051636,8.761768866610414,BendWorstOCT,2026-07-10 22:16:41,ozone-one,Quantile Thresholds,5.0,72,0,72,286,2,9,0.5592982456140358,0.6788853343128247,0.2138163129181604,3600.002081155777,5671.0,-1488377211,1.130342216,False,False,SolutionPolishing,False,3,0.08,840,23612090[].aqua,3600,1,0,0,0.05,-1,-1,0,-1,inf,True,False,False,1,True,True,True,False,False,Lazy,False,0,Chain,False,False,False,False,False,0.750036,3605,3575
79.87012987012987,71.9298245614035,1.0,1,2,0,0,3,4.09613823890686,0,0,0,0.8596356,0.54,1.43,0.8595918630101821,3.110006093978882,2.233714316112304,0.8170686616393583,7.27557110786438,8.652285548210145,BendWorstOCT,2026-07-10 22:16:59,ozone-one,Quantile Thresholds,5.0,72,0,72,286,2,9,0.5592982456140358,0.6746111999109903,0.2061743536677036,3600.0018939971924,6624.0,-1488377211,1.100107592,False,False,SolutionPolishing,False,3,0.08,843,23612090[].aqua,3600,1,0,0,0.05,-1,-1,0,-1,inf,True,False,False,1,True,False,False,False,False,Lazy,False,0,Chain,False,False,False,False,False,0.71762,3623,3577
79.87012987012987,71.9298245614035,1.0,1,2,0,0,3,2.287670612335205,0,0,0,0.8596356,0.53,1.43,0.8595918630101821,3.0994131565093994,2.233714316112304,0.8170686616393583,6.920488119125366,8.652285548210145,BendWorstOCT,2026-07-10 22:16:59,ozone-one,Quantile Thresholds,5.0,72,0,72,286,2,9,0.5592982456140358,0.6746111999109903,0.2061743536677036,3600.007488012314,6642.0,-1488377211,1.100107376,False,False,SolutionPolishing,False,3,0.08,842,23612090[].aqua,3600,1,0,0,0.05,-1,-1,0,-1,inf,True,False,False,1,True,False,True,False,False,Lazy,False,0,Chain,False,False,False,False,False,0.727232,3623,3577
70.85561497326204,70.78651685393258,3.636363636363636,4,11,0,0,18,0.5410599708557129,0,0,0,0.996,0.02,0.05,0.9777715536105056,0.2088029384613037,0.1177303804431136,0.9761715536105056,0.375770092010498,0.1847279167978701,BendWorstOCT,2026-07-10 22:17:04,transfusion,Quantile Thresholds,5.0,4,0,4,16,2,9,0.6990651685393272,0.9564238699321718,0.3681469381897352,3600.0006840229034,225408.0,949398557,0.559844352,False,False,SolutionPolishing,False,4,0.0008,823,23612090[].aqua,3600,1,0,0,0.05,-1,-1,0,-1,inf,True,False,False,1,True,False,False,False,False,Lazy,False,0,Chain,False,False,False,False,False,0.69214,3672,3577
70.85561497326204,70.78651685393258,3.636363636363636,4,11,0,0,18,0.4364352226257324,0,0,0,0.996,0.02,0.05,0.9777715536105056,0.2025601863861084,0.1177303804431136,0.9761715536105056,0.3734149932861328,0.1847279167978701,BendWorstOCT,2026-07-10 22:17:04,transfusion,Quantile Thresholds,5.0,4,0,4,16,2,9,0.6990651685393272,0.956644602335318,0.3684626918749137,3600.000776052475,214504.0,949398557,0.5410966,False,False,SolutionPolishing,False,4,0.0008,822,23612090[].aqua,3600,1,0,0,0.05,-1,-1,0,-1,inf,True,False,False,1,True,False,True,False,False,Lazy,False,0,Chain,False,False,False,False,False,0.679288,3672,3581
69.25133689839572,69.10112359550561,2.833333333333333,4,6,0,0,8,0.0509624481201171,0,0,0,0.996,0.02,0.05,0.9777715536105056,0.2029070854187011,0.1177303804431136,0.9761715536105056,0.2934141159057617,0.1842596667978618,BendWorstOCT,2026-07-10 22:17:04,transfusion,Quantile Thresholds,5.0,4,0,4,16,2,9,0.6862112359550575,0.950282080663402,0.384824425587866,3600.0006849765778,268015.0,949398557,0.64611264,False,False,SolutionPolishing,False,4,0.0008,820,23612090[].aqua,3600,1,0,0,0.05,-1,-1,0,-1,inf,True,False,False,1,True,True,True,False,False,Lazy,False,0,Chain,False,False,False,False,False,0.792412,3673,3581
69.25133689839572,69.10112359550561,2.833333333333333,4,6,0,0,8,0.0573170185089111,0,0,0,0.996,0.02,0.05,0.9777715536105056,0.2026088237762451,0.1177303804431136,0.9761715536105056,0.293691873550415,0.1842596667978618,BendWorstOCT,2026-07-10 22:17:04,transfusion,Quantile Thresholds,5.0,4,0,4,16,2,9,0.6862112359550575,0.9501912829957048,0.3846921082154014,3600.000821828842,272674.0,949398557,0.653487856,False,False,SolutionPolishing,False,4,0.0008,821,23612090[].aqua,3600,1,0,0,0.05,-1,-1,0,-1,inf,True,False,False,1,True,True,False,False,False,Lazy,False,0,Chain,False,False,False,False,False,0.813756,3673,3581
70.45454545454545,70.2247191011236,3.769230769230769,4,13,0,0,9,0.0671172142028808,0,0,0,0.997,0.02,0.05,0.97840525164114,0.2016680240631103,0.0867624953048784,0.97720525164114,0.4166069030761719,0.1590355857557313,BendWorstOCT,2026-07-10 22:17:04,transfusion,Quantile Thresholds,5.0,4,0,4,16,2,9,0.6944481640734886,0.9606624886122092,0.3833465740296046,3600.000837087631,187530.0,-95195475,0.494366312,False,False,SolutionPolishing,False,4,0.0006,824,23612090[].aqua,3600,1,0,0,0.05,-1,-1,0,-1,inf,True,False,False,1,True,True,True,False,False,Lazy,False,0,Chain,False,False,False,False,False,0.6541,3672,3577
78.35497835497836,78.33612506979341,1.6666666666666667,2,3,0,0,3,0.231748342514038,0,0,0,0.8941733,0.54,1.45,0.8941314534946734,2.546809196472168,1.948926169059512,0.8644158612140301,5.698446989059448,6.6467678042783405,BendWorstOCT,2026-07-10 22:17:23,ozone-one,Quantile Thresholds,5.0,72,0,72,286,2,9,0.6033612506979453,0.76,0.2596102237604104,3600.0052111148834,4440.0,416622518,1.045444904,False,False,SolutionPolishing,False,3,0.06,844,23612090[].aqua,3600,1,0,0,0.05,-1,-1,0,-1,inf,True,False,False,1,True,True,True,False,False,Lazy,False,0,Chain,False,False,False,False,False,0.698724,3605,3574
78.35497835497836,78.33612506979341,1.6666666666666667,2,3,0,0,3,0.6998698711395264,0,0,0,0.8941733,0.58,1.45,0.8941314534946734,2.730784177780152,1.948926169059512,0.8644158612140301,6.342604160308838,6.6467678042783405,BendWorstOCT,2026-07-10 22:18:15,ozone-one,Quantile Thresholds,5.0,72,0,72,286,2,9,0.6033612506979453,0.7791882522613129,0.2914124852399414,3600.0046441555023,3833.0,416622518,1.045444696,False,False,SolutionPolishing,False,3,0.06,845,23612090[].aqua,3600,1,0,0,0.05,-1,-1,0,-1,inf,True,False,False,1,True,True,False,False,False,Lazy,False,0,Chain,False,False,False,False,False,0.704728,3605,3574
78.35497835497836,78.33612506979341,1.6666666666666667,2,3,0,0,2,0.4501211643218994,0,0,0,0.9290323,0.6,1.5,0.9290272428916768,3.105798959732056,2.289400186545127,0.9089802889094912,6.536911964416504,6.340064157224819,BendWorstOCT,2026-07-10 22:19:34,ozone-one,Quantile Thresholds,5.0,72,0,72,286,2,9,0.6633612506979454,0.84,0.2662783650932381,3600.004163980484,5062.0,204565921,1.179793856,False,False,SolutionPolishing,False,3,0.04,849,23612090[].aqua,3600,1,0,0,0.05,-1,-1,0,-1,inf,True,False,False,1,True,True,False,False,False,Lazy,False,0,Chain,False,False,False,False,False,0.753716,3606,3577
82.84632034632034,82.45614035087719,2.25,3,4,0,0,6,2.610893487930298,0,0,0,0.9290323,0.61,1.5,0.9290272428916768,3.054486989974976,2.289400186545127,0.9089802889094912,6.40400505065918,6.340064157224819,BendWorstOCT,2026-07-10 22:19:34,ozone-one,Quantile Thresholds,5.0,72,0,72,286,2,9,0.6645614035087729,0.84,0.2639915522703254,3600.0107338428497,4541.0,204565921,1.209392904,False,False,SolutionPolishing,False,3,0.04,850,23612090[].aqua,3600,1,0,0,0.05,-1,-1,0,-1,inf,True,False,False,1,True,False,True,False,False,Lazy,False,0,Chain,False,False,False,False,False,0.79888,3606,3577
78.35497835497836,78.33612506979341,1.6666666666666667,2,3,0,0,3,4.767588138580322,0,0,0,0.8941733,0.58,1.45,0.8941314534946734,3.010658025741577,1.948926169059512,0.8672446638057737,5.571646213531494,5.140290325002853,BendWorstOCT,2026-07-10 22:19:34,ozone-one,Quantile Thresholds,5.0,72,0,72,286,2,9,0.6033612506979453,0.7600000000000171,0.2596102237604387,3600.0245320796967,2489.0,416622518,1.612235536,False,False,SolutionPolishing,False,3,0.06,847,23612090[].aqua,3600,1,0,0,0.05,-1,-1,0,-1,inf,True,False,False,1,True,False,False,False,False,Lazy,False,0,Chain,False,False,False,False,False,1.034676,3606,3577
78.35497835497836,78.33612506979341,1.6666666666666667,2,3,0,0,2,0.2361652851104736,0,0,0,0.9290323,0.61,1.5,0.9290272428916768,3.100067138671875,2.289400186545127,0.9089802889094912,6.531978130340576,6.340064157224819,BendWorstOCT,2026-07-10 22:19:34,ozone-one,Quantile Thresholds,5.0,72,0,72,286,2,9,0.6633612506979454,0.84,0.2662783650932381,3600.003291130066,5106.0,204565921,1.17979296,False,False,SolutionPolishing,False,3,0.04,848,23612090[].aqua,3600,1,0,0,0.05,-1,-1,0,-1,inf,True,False,False,1,True,True,True,False,False,Lazy,False,0,Chain,False,False,False,False,False,0.772916,3606,3577
82.79220779220779,80.70175438596492,2.0,2,4,0,0,2,0.2175381183624267,0,0,0,0.9642914,0.6,1.61,0.9642675026783576,2.558382987976074,2.149977001172455,0.9535902095179444,4.462138891220093,4.634720442411901,BendWorstOCT,2026-07-10 22:19:34,ozone-one,Quantile Thresholds,5.0,72,0,72,286,2,9,0.72701754385965,0.920000000000017,0.2654440154440373,3600.00252699852,4552.0,143069601,1.244940432,False,False,SolutionPolishing,False,3,0.02,852,23612090[].aqua,3600,1,0,0,0.05,-1,-1,0,-1,inf,True,False,False,1,True,True,True,False,False,Lazy,False,0,Chain,False,False,False,False,False,0.864664,3606,3573
82.84632034632034,82.45614035087719,2.25,3,4,0,0,6,5.58599591255188,0,0,0,0.9290323,0.6,1.5,0.9290272428916768,3.078627824783325,2.289400186545127,0.9089802889094912,6.851922988891602,6.340064157224819,BendWorstOCT,2026-07-10 22:19:34,ozone-one,Quantile Thresholds,5.0,72,0,72,286,2,9,0.6645614035087729,0.84,0.2639915522703254,3600.002385854721,4535.0,204565921,1.209393576,False,False,SolutionPolishing,False,3,0.04,851,23612090[].aqua,3600,1,0,0,0.05,-1,-1,0,-1,inf,True,False,False,1,True,False,False,False,False,Lazy,False,0,Chain,False,False,False,False,False,0.806944,3606,3576
82.79220779220779,80.70175438596492,2.0,2,4,0,0,2,0.4241650104522705,0,0,0,0.9642914,0.64,1.61,0.9642675026783576,2.699112892150879,2.149977001172455,0.9535902095179444,4.636026859283447,4.634720442411901,BendWorstOCT,2026-07-10 22:20:43,ozone-one,Quantile Thresholds,5.0,72,0,72,286,2,9,0.72701754385965,0.9210631914515786,0.2669064168132218,3600.006136894226,4110.0,143069601,1.244939768,False,False,SolutionPolishing,False,3,0.02,853,23612090[].aqua,3600,1,0,0,0.05,-1,-1,0,-1,inf,True,False,False,1,True,True,False,False,False,Lazy,False,0,Chain,False,False,False,False,False,0.858132,3612,3580
58.51063829787234,50.0,1.0,1,2,0,0,2,0.0096008777618408,0,0,0,0.8474246,0.01,0.02,0.8473130262506131,0.079068899154663,0.0447059864862577,0.8473106360517227,0.1222949028015136,0.1129233903036801,BendWorstOCT,2026-07-10 22:34:44,thoracic,Quantile Thresholds,5.0,16,13,3,36,2,2,0.3400000004020004,0.3400000004020004,0.0,2849.946501016617,188242.0,1595449437,0.112887864,False,False,SolutionPolishing,False,3,0.08,960,23612090[].aqua,3600,1,0,0,0.05,-1,-1,0,-1,inf,True,False,False,1,True,True,True,False,False,Lazy,False,0,Chain,False,False,False,False,False,0.246984,2855,2831
58.51063829787234,50.0,1.0,1,2,0,0,2,0.0257227420806884,0,0,0,0.8474246,0.01,0.02,0.8473130262506131,0.0814201831817627,0.0447059864862577,0.8473106360517227,0.1262030601501464,0.1129233903036801,BendWorstOCT,2026-07-10 22:34:44,thoracic,Quantile Thresholds,5.0,16,13,3,36,2,2,0.3400000004020004,0.3400000004020004,0.0,2875.2922081947327,188242.0,1595449437,0.112888744,False,False,SolutionPolishing,False,3,0.08,961,23612090[].aqua,3600,1,0,0,0.05,-1,-1,0,-1,inf,True,False,False,1,True,True,False,False,False,Lazy,False,0,Chain,False,False,False,False,False,0.248748,2880,2855
84.90259740259741,84.21052631578948,2.6,3,5,0,0,6,5.454500436782837,0,0,0,0.9820679,0.6,1.62,0.98202044421761,2.646192073822021,2.050834614185558,0.9768546916709586,5.734979152679443,5.245478271182605,BendWorstOCT,2026-07-10 22:23:58,ozone-one,Quantile Thresholds,5.0,72,0,72,286,2,9,0.7921052631578958,0.9600000000000172,0.2119601328903854,3600.0015671253204,5310.0,1922731600,1.289477376,False,False,SolutionPolishing,False,3,0.01,859,23612090[].aqua,3600,1,0,0,0.05,-1,-1,0,-1,inf,True,False,False,1,True,False,False,False,False,Lazy,False,0,Chain,False,False,False,False,False,0.948388,3605,3572
82.79220779220779,80.70175438596492,2.0,2,4,0,0,2,0.4113538265228271,0,0,0,0.9820679,0.6,1.62,0.98202044421761,2.4476139545440674,2.050834614185558,0.9765530477452996,5.0345540046691895,6.474687737260328,BendWorstOCT,2026-07-10 22:23:58,ozone-one,Quantile Thresholds,5.0,72,0,72,286,2,9,0.76701754385965,0.9600000000000172,0.2516010978957206,3600.0305058956146,4431.0,1922731600,1.334403296,False,False,SolutionPolishing,False,3,0.01,857,23612090[].aqua,3600,1,0,0,0.05,-1,-1,0,-1,inf,True,False,False,1,True,True,False,False,False,Lazy,False,0,Chain,False,False,False,False,False,0.966356,3605,3572
82.79220779220779,80.70175438596492,2.0,2,4,0,0,2,0.2157831192016601,0,0,0,0.9820679,0.61,1.62,0.98202044421761,2.474540948867798,2.050834614185558,0.9765530477452996,5.096096992492676,6.474687737260328,BendWorstOCT,2026-07-10 22:23:58,ozone-one,Quantile Thresholds,5.0,72,0,72,286,2,9,0.76701754385965,0.9600000000000172,0.2516010978957206,3600.004935979843,4548.0,1922731600,1.33440288,False,False,SolutionPolishing,False,3,0.01,856,23612090[].aqua,3600,1,0,0,0.05,-1,-1,0,-1,inf,True,False,False,1,True,True,True,False,False,Lazy,False,0,Chain,False,False,False,False,False,0.940468,3605,3576
86.52597402597402,86.48799553322166,2.857142857142857,3,7,0,0,3,0.2501823902130127,0,0,0,0.9856316,0.59,1.57,0.9855937208917628,2.5281407833099365,1.99489019766591,0.9814194604637542,5.363694906234741,4.733514341125953,BendWorstOCT,2026-07-10 22:23:58,ozone-one,Quantile Thresholds,5.0,72,0,72,286,2,9,0.8088799553322301,0.9686573220623136,0.1975291459218548,3600.0013859272003,3477.0,-1902991876,1.380852248,False,False,SolutionPolishing,False,3,0.008,860,23612090[].aqua,3600,1,0,0,0.05,-1,-1,0,-1,inf,True,False,False,1,True,True,True,False,False,Lazy,False,0,Chain,False,False,False,False,False,1.008048,3605,3573
84.90259740259741,84.21052631578948,2.6,3,5,0,0,6,2.632035732269287,0,0,0,0.9820679,0.6,1.62,0.98202044421761,2.6577579975128174,2.050834614185558,0.9768546916709586,5.336329936981201,5.245478271182605,BendWorstOCT,2026-07-10 22:23:58,ozone-one,Quantile Thresholds,5.0,72,0,72,286,2,9,0.7921052631578958,0.9600000000000172,0.2119601328903854,3600.002972841263,5274.0,1922731600,1.289476752,False,False,SolutionPolishing,False,3,0.01,858,23612090[].aqua,3600,1,0,0,0.05,-1,-1,0,-1,inf,True,False,False,1,True,False,True,False,False,Lazy,False,0,Chain,False,False,False,False,False,0.967804,3605,3572
58.51063829787234,50.0,1.0,1,2,0,0,2,0.0841636657714843,0,0,0,0.8474246,0.01,0.02,0.8473130262506131,0.0782611370086669,0.0447059864862577,0.8473106360517227,0.1210739612579345,0.1129233903036801,BendWorstOCT,2026-07-10 22:35:18,thoracic,Quantile Thresholds,5.0,16,13,3,36,2,2,0.3400000143371274,0.3400000143371274,0.0,2965.6327691078186,228742.0,1595449437,0.104112064,False,False,SolutionPolishing,False,3,0.08,962,23612090[].aqua,3600,1,0,0,0.05,-1,-1,0,-1,inf,True,False,False,1,True,False,True,False,False,Lazy,False,0,Chain,False,False,False,False,False,0.252124,2970,2950
86.52597402597402,86.48799553322166,2.857142857142857,3,7,0,0,2,1.8926444053649905,0,0,0,0.9856316,0.61,1.57,0.9855937208917628,2.853732109069824,1.99489019766591,0.9819107190239468,4.189248085021973,3.66366220164831,BendWorstOCT,2026-07-10 22:24:53,ozone-one,Quantile Thresholds,5.0,72,0,72,286,2,9,0.8088799553322301,0.9687331119411569,0.1976228432354594,3600.0016119480133,2865.0,-1902991876,1.345816048,False,False,SolutionPolishing,False,3,0.008,862,23612090[].aqua,3600,1,0,0,0.05,-1,-1,0,-1,inf,True,False,False,1,True,False,True,False,False,Lazy,False,0,Chain,False,False,False,False,False,0.949408,3605,3576
86.52597402597402,86.48799553322166,2.857142857142857,3,7,0,0,3,0.7038099765777588,0,0,0,0.9856316,0.61,1.57,0.9855937208917628,2.642461061477661,1.99489019766591,0.9814194604637542,5.764233112335205,4.733514341125953,BendWorstOCT,2026-07-10 22:24:53,ozone-one,Quantile Thresholds,5.0,72,0,72,286,2,9,0.8088799553322301,0.9686573220623136,0.1975291459218548,3600.0122950077057,3355.0,-1902991876,1.380853544,False,False,SolutionPolishing,False,3,0.008,861,23612090[].aqua,3600,1,0,0,0.05,-1,-1,0,-1,inf,True,False,False,1,True,True,False,False,False,Lazy,False,0,Chain,False,False,False,False,False,1.033232,3606,3576
86.52597402597402,86.48799553322166,2.857142857142857,3,7,0,0,2,4.640344142913818,0,0,0,0.9856316,0.6,1.57,0.9855937208917628,2.8308401107788086,1.99489019766591,0.9819107190239468,4.4114670753479,3.66366220164831,BendWorstOCT,2026-07-10 22:24:53,ozone-one,Quantile Thresholds,5.0,72,0,72,286,2,9,0.8088799553322301,0.9687331119411569,0.1976228432354594,3600.0072979927063,2893.0,-1902991876,1.34581696,False,False,SolutionPolishing,False,3,0.008,863,23612090[].aqua,3600,1,0,0,0.05,-1,-1,0,-1,inf,True,False,False,1,True,False,False,False,False,Lazy,False,0,Chain,False,False,False,False,False,0.91364,3606,3580
82.79220779220779,80.70175438596492,2.0,2,4,0,0,2,0.2257807254791259,0,0,0,0.9892101,0.61,1.59,0.98918628600774,2.7317111492156982,2.043226654148624,0.985315393756462,5.712445020675659,6.204251671954652,BendWorstOCT,2026-07-10 22:24:53,ozone-one,Quantile Thresholds,5.0,72,0,72,286,2,9,0.7830175438596501,0.9769011058106296,0.247610750833613,3600.0042719841003,4860.0,2071923744,1.083618792,False,False,SolutionPolishing,False,3,0.006,864,23612090[].aqua,3600,1,0,0,0.05,-1,-1,0,-1,inf,True,False,False,1,True,True,True,False,False,Lazy,False,0,Chain,False,False,False,False,False,0.67262,3605,3581
82.79220779220779,80.70175438596492,2.0,2,4,0,0,2,0.4560182094573974,0,0,0,0.9892101,0.65,1.59,0.98918628600774,2.9449992179870605,2.043226654148624,0.985315393756462,6.117721080780029,6.204251671954652,BendWorstOCT,2026-07-10 22:24:53,ozone-one,Quantile Thresholds,5.0,72,0,72,286,2,9,0.7830175438596501,0.976996591806614,0.2477326970105964,3600.0165162086487,3941.0,2071923744,1.083617712,False,False,SolutionPolishing,False,3,0.006,865,23612090[].aqua,3600,1,0,0,0.05,-1,-1,0,-1,inf,True,False,False,1,True,True,False,False,False,Lazy,False,0,Chain,False,False,False,False,False,0.67834,3606,3577
87.06709956709956,87.0463428252373,2.857142857142857,3,7,0,0,4,2.2802908420562744,0,0,0,0.9892101,0.63,1.59,0.98918628600774,3.0509841442108154,2.043226654148624,0.9853059235420968,6.061697959899902,6.109732138501278,BendWorstOCT,2026-07-10 22:25:04,ozone-one,Quantile Thresholds,5.0,72,0,72,286,2,9,0.8284634282523866,0.9767672050632418,0.1790106500219286,3600.014235973358,1603.0,2071923744,1.405088152,False,False,SolutionPolishing,False,3,0.006,866,23612090[].aqua,3600,1,0,0,0.05,-1,-1,0,-1,inf,True,False,False,1,True,False,True,False,False,Lazy,False,0,Chain,False,False,False,False,False,0.973516,3616,3579
87.06709956709956,87.0463428252373,2.857142857142857,3,7,0,0,4,4.776917934417725,0,0,0,0.9892101,0.63,1.59,0.98918628600774,3.050966024398804,2.043226654148624,0.9853059235420968,6.284754037857056,6.109732138501278,BendWorstOCT,2026-07-10 22:25:04,ozone-one,Quantile Thresholds,5.0,72,0,72,286,2,9,0.8284634282523866,0.9767672050632418,0.1790106500219286,3600.0052909851074,1601.0,2071923744,1.405087864,False,False,SolutionPolishing,False,3,0.006,867,23612090[].aqua,3600,1,0,0,0.05,-1,-1,0,-1,inf,True,False,False,1,True,False,False,False,False,Lazy,False,0,Chain,False,False,False,False,False,0.965652,3617,3579
82.79220779220779,80.70175438596492,2.0,2,4,0,0,2,0.4347989559173584,0,0,0,0.9928064,0.61,1.6,0.9928011204481912,2.7257180213928223,2.082991734994305,0.9908704426806656,3.857013940811157,3.1324534948731166,BendWorstOCT,2026-07-10 22:25:19,ozone-one,Quantile Thresholds,5.0,72,0,72,286,2,9,0.7910175438596501,0.9845380646534267,0.2446475710886547,3600.0030369758606,3953.0,405349652,1.113572224,False,False,SolutionPolishing,False,3,0.004,869,23612090[].aqua,3600,1,0,0,0.05,-1,-1,0,-1,inf,True,False,False,1,True,True,False,False,False,Lazy,False,0,Chain,False,False,False,False,False,0.764324,3605,3581
85.55194805194805,85.53880513679509,2.857142857142857,3,7,0,0,10,2.672139406204224,0,0,0,0.9928064,0.59,1.6,0.9928011204481912,2.62424111366272,2.082991734994305,0.9908704426806656,3.5151309967041016,3.1339425808731023,BendWorstOCT,2026-07-10 22:25:19,ozone-one,Quantile Thresholds,5.0,72,0,72,286,2,9,0.8273880513679641,0.984000000000012,0.1892847598815489,3600.0014929771423,6862.0,405349652,1.272605816,False,False,SolutionPolishing,False,3,0.004,870,23612090[].aqua,3600,1,0,0,0.05,-1,-1,0,-1,inf,True,False,False,1,True,False,True,False,False,Lazy,False,0,Chain,False,False,False,False,False,0.770652,3605,3579
85.55194805194805,85.53880513679509,2.857142857142857,3,7,0,0,10,6.234385013580322,0,0,0,0.9928064,0.61,1.6,0.9928011204481912,3.1673130989074707,2.082991734994305,0.9908704426806656,4.356117010116577,3.1339425808731023,BendWorstOCT,2026-07-10 22:25:20,ozone-one,Quantile Thresholds,5.0,72,0,72,286,2,9,0.8273880513679641,0.9840000000000172,0.1892847598815552,3600.0014889240265,6426.0,405349652,1.126679632,False,False,SolutionPolishing,False,3,0.004,871,23612090[].aqua,3600,1,0,0,0.05,-1,-1,0,-1,inf,True,False,False,1,True,False,False,False,False,Lazy,False,0,Chain,False,False,False,False,False,0.727568,3605,3578
82.79220779220779,80.70175438596492,2.0,2,4,0,0,2,0.2369351387023925,0,0,0,0.9928064,0.66,1.6,0.9928011204481912,3.0137720108032227,2.082991734994305,0.9908704426806656,4.036088943481445,3.1324534948731166,BendWorstOCT,2026-07-10 22:25:20,ozone-one,Quantile Thresholds,5.0,72,0,72,286,2,9,0.7910175438596501,0.984540922275889,0.2446511836791519,3600.050817012787,3456.0,405349652,1.113572816,False,False,SolutionPolishing,False,3,0.004,868,23612090[].aqua,3600,1,0,0,0.05,-1,-1,0,-1,inf,True,False,False,1,True,True,True,False,False,Lazy,False,0,Chain,False,False,False,False,False,0.754012,3606,3578
82.79220779220779,80.70175438596492,2.0,2,4,0,0,2,0.368088960647583,0,0,0,0.9964032,1.0,1.63,0.9964026222343682,4.082992076873779,2.0909888065453406,0.9954545816312016,6.003722906112671,3.327938244260532,BendWorstOCT,2026-07-10 22:25:24,ozone-one,Quantile Thresholds,5.0,72,0,72,286,2,9,0.7990175438596501,0.9928547784969648,0.2425944663254638,3600.949839115143,678.0,1999122632,1.32689792,False,False,SolutionPolishing,False,3,0.002,872,23612090[].aqua,3600,1,0,0,0.05,-1,-1,0,-1,inf,True,False,False,1,True,True,True,False,False,Lazy,False,0,Chain,False,False,False,False,False,1.023484,3612,3581
86.41774891774892,86.37632607481854,2.857142857142857,3,7,0,0,6,2.803091764450073,0,0,0,0.9982016,0.54,1.4,0.9981992528019956,2.679347038269043,1.9720869678251007,0.997758099924106,3.711740016937256,2.967139318846143,BendWorstOCT,2026-07-10 22:25:46,ozone-one,Quantile Thresholds,5.0,72,0,72,286,2,9,0.8567632607481989,0.9962227253730463,0.1627747955754541,3600.022117137909,5061.0,2019899590,1.20472112,False,False,SolutionPolishing,False,3,0.001,878,23612090[].aqua,3600,1,0,0,0.05,-1,-1,0,-1,inf,True,False,False,1,True,False,True,False,False,Lazy,False,0,Chain,False,False,False,False,False,0.852984,3605,3575
85.71428571428571,85.70630932439978,3.0,3,8,0,0,2,0.4633998870849609,0,0,0,0.9982016,0.54,1.4,0.9981992528019956,2.712088108062744,1.9720869678251007,0.997758099924106,3.960533142089844,2.967139318846143,BendWorstOCT,2026-07-10 22:25:46,ozone-one,Quantile Thresholds,5.0,72,0,72,286,2,9,0.8490630932440111,0.996,0.173057700805941,3600.0154941082,10489.0,2019899590,1.178873552,False,False,SolutionPolishing,False,3,0.001,877,23612090[].aqua,3600,1,0,0,0.05,-1,-1,0,-1,inf,True,False,False,1,True,True,False,False,False,Lazy,False,0,Chain,False,False,False,False,False,0.749284,3605,3575
86.41774891774892,86.37632607481854,2.857142857142857,3,7,0,0,6,7.204434156417847,0,0,0,0.9982016,0.54,1.4,0.9981992528019956,2.677316904067993,1.9720869678251007,0.997758099924106,3.923081874847412,2.967139318846143,BendWorstOCT,2026-07-10 22:25:46,ozone-one,Quantile Thresholds,5.0,72,0,72,286,2,9,0.8567632607481989,0.9962227253730463,0.1627747955754541,3600.0026998519897,5262.0,2019899590,1.204720192,False,False,SolutionPolishing,False,3,0.001,879,23612090[].aqua,3600,1,0,0,0.05,-1,-1,0,-1,inf,True,False,False,1,True,False,False,False,False,Lazy,False,0,Chain,False,False,False,False,False,0.829664,3605,3576
85.71428571428571,85.70630932439978,3.0,3,8,0,0,2,0.2477109432220459,0,0,0,0.9982016,0.54,1.4,0.9981992528019956,2.6910529136657715,1.9720869678251007,0.997758099924106,3.78161883354187,2.967139318846143,BendWorstOCT,2026-07-10 22:25:46,ozone-one,Quantile Thresholds,5.0,72,0,72,286,2,9,0.8490630932440111,0.996,0.173057700805941,3600.0172119140625,10395.0,2019899590,1.178871696,False,False,SolutionPolishing,False,3,0.001,876,23612090[].aqua,3600,1,0,0,0.05,-1,-1,0,-1,inf,True,False,False,1,True,True,True,False,False,Lazy,False,0,Chain,False,False,False,False,False,0.753508,3605,3575
82.79220779220779,80.70175438596492,2.0,2,4,0,0,2,0.2254629135131836,0,0,0,0.9985613,0.58,1.52,0.9985612759980086,3.0582640171051025,2.042651435785302,0.9980664170232376,4.82895302772522,4.101849807480881,BendWorstOCT,2026-07-10 22:25:46,ozone-one,Quantile Thresholds,5.0,72,0,72,286,2,9,0.80381754385965,0.9973074363972813,0.2407136968030836,3600.002185106277,2919.0,1548650843,1.55766092,False,False,SolutionPolishing,False,3,0.0008,880,23612090[].aqua,3600,1,0,0,0.05,-1,-1,0,-1,inf,True,False,False,1,True,True,True,False,False,Lazy,False,0,Chain,False,False,False,False,False,1.010612,3605,3576
82.79220779220779,80.70175438596492,2.0,2,4,0,0,2,0.4410371780395508,0,0,0,0.9964032,0.61,1.63,0.9964026222343682,2.506643056869507,2.0909888065453406,0.9954545816312016,3.5395700931549072,3.327938244260532,BendWorstOCT,2026-07-10 22:25:46,ozone-one,Quantile Thresholds,5.0,72,0,72,286,2,9,0.7990175438596501,0.992,0.2415246794308785,3600.003314971924,3497.0,1999122632,1.342903832,False,False,SolutionPolishing,False,3,0.002,873,23612090[].aqua,3600,1,0,0,0.05,-1,-1,0,-1,inf,True,False,False,1,True,True,False,False,False,Lazy,False,0,Chain,False,False,False,False,False,1.005548,3605,3576
87.06709956709956,87.0463428252373,2.857142857142857,3,7,0,0,12,7.223876714706421,0,0,0,0.9964032,0.61,1.63,0.9964026222343682,2.69312596321106,2.0909888065453406,0.9954545816312016,4.232043981552124,3.2755252778571595,BendWorstOCT,2026-07-10 22:25:46,ozone-one,Quantile Thresholds,5.0,72,0,72,286,2,9,0.8564634282523866,0.9920000000000154,0.1582514410734281,3600.001662015915,4602.0,1999122632,1.26129756,False,False,SolutionPolishing,False,3,0.002,875,23612090[].aqua,3600,1,0,0,0.05,-1,-1,0,-1,inf,True,False,False,1,True,False,False,False,False,Lazy,False,0,Chain,False,False,False,False,False,0.880208,3605,3576
87.06709956709956,87.0463428252373,2.857142857142857,3,7,0,0,12,2.632171154022217,0,0,0,0.9964032,0.61,1.63,0.9964026222343682,2.711379051208496,2.0909888065453406,0.9954545816312016,4.07106614112854,3.2755252778571595,BendWorstOCT,2026-07-10 22:25:46,ozone-one,Quantile Thresholds,5.0,72,0,72,286,2,9,0.8564634282523866,0.9920000000000154,0.1582514410734281,3600.0034251213074,3530.0,1999122632,1.26129844,False,False,SolutionPolishing,False,3,0.002,874,23612090[].aqua,3600,1,0,0,0.05,-1,-1,0,-1,inf,True,False,False,1,True,False,True,False,False,Lazy,False,0,Chain,False,False,False,False,False,0.864888,3606,3576
86.14718614718615,85.96491228070175,3.0,3,8,0,0,11,2.009911298751831,0,0,0,0.9985613,0.58,1.52,0.9985612759980086,3.011370897293091,2.042651435785302,0.9980664170232376,4.747237920761108,4.104083436480892,BendWorstOCT,2026-07-10 22:26:15,ozone-one,Quantile Thresholds,5.0,72,0,72,286,2,9,0.8532491228070186,0.9971099351890608,0.1686035280162598,3600.0012669563293,3280.0,1548650843,1.402681808,False,False,SolutionPolishing,False,3,0.0008,882,23612090[].aqua,3600,1,0,0,0.05,-1,-1,0,-1,inf,True,False,False,1,True,False,True,False,False,Lazy,False,0,Chain,False,False,False,False,False,1.016592,3605,3578
82.79220779220779,80.70175438596492,2.0,2,4,0,0,2,0.2199399471282959,0,0,0,0.998921,0.59,1.44,0.998920954274356,2.752007007598877,1.955968574462568,0.9986385319638572,4.404833078384399,3.8856705158922575,BendWorstOCT,2026-07-10 22:26:15,ozone-one,Quantile Thresholds,5.0,72,0,72,286,2,9,0.80461754385965,0.9976250024724668,0.2398747828527128,3600.0090341568,3087.0,1709492490,1.34174804,False,False,SolutionPolishing,False,3,0.0006,884,23612090[].aqua,3600,1,0,0,0.05,-1,-1,0,-1,inf,True,False,False,1,True,True,True,False,False,Lazy,False,0,Chain,False,False,False,False,False,0.946716,3605,3579
86.14718614718615,85.96491228070175,3.0,3,8,0,0,11,6.541343450546265,0,0,0,0.9985613,0.6,1.52,0.9985612759980086,3.813601970672608,2.042651435785302,0.9980664170232376,6.11993408203125,4.104083436480892,BendWorstOCT,2026-07-10 22:26:15,ozone-one,Quantile Thresholds,5.0,72,0,72,286,2,9,0.8532491228070186,0.9971099351890608,0.1686035280162598,3600.0019969940186,3090.0,1548650843,1.402686312,False,False,SolutionPolishing,False,3,0.0008,883,23612090[].aqua,3600,1,0,0,0.05,-1,-1,0,-1,inf,True,False,False,1,True,False,False,False,False,Lazy,False,0,Chain,False,False,False,False,False,1.043328,3605,3579
86.47186147186147,86.4321608040201,3.0,3,8,0,0,2,2.6314637660980225,0,0,0,0.998921,0.6,1.44,0.998920954274356,3.048175096511841,1.955968574462568,0.998652299137908,4.264755010604858,3.1171045432810267,BendWorstOCT,2026-07-10 22:26:15,ozone-one,Quantile Thresholds,5.0,72,0,72,286,2,9,0.8595216080402145,0.9979116264704296,0.1610081900625589,3600.0016481876373,5611.0,1709492490,1.105888696,False,False,SolutionPolishing,False,3,0.0006,886,23612090[].aqua,3600,1,0,0,0.05,-1,-1,0,-1,inf,True,False,False,1,True,False,True,False,False,Lazy,False,0,Chain,False,False,False,False,False,0.734624,3606,3577
82.79220779220779,80.70175438596492,2.0,2,4,0,0,2,0.4324309825897217,0,0,0,0.998921,0.6,1.44,0.998920954274356,2.81375789642334,1.955968574462568,0.9986385319638572,4.529222965240479,3.8856705158922575,BendWorstOCT,2026-07-10 22:26:15,ozone-one,Quantile Thresholds,5.0,72,0,72,286,2,9,0.80461754385965,0.9976250024724668,0.2398747828527128,3600.0135409832,2857.0,1709492490,1.341748056,False,False,SolutionPolishing,False,3,0.0006,885,23612090[].aqua,3600,1,0,0,0.05,-1,-1,0,-1,inf,True,False,False,1,True,True,False,False,False,Lazy,False,0,Chain,False,False,False,False,False,0.943804,3606,3577
86.47186147186147,86.4321608040201,3.0,3,8,0,0,2,4.439924240112305,0,0,0,0.998921,0.65,1.44,0.998920954274356,3.293977975845337,1.955968574462568,0.998652299137908,4.8376569747924805,3.1171045432810267,BendWorstOCT,2026-07-10 22:26:16,ozone-one,Quantile Thresholds,5.0,72,0,72,286,2,9,0.8595216080402145,0.9979116264704296,0.1610081900625589,3600.00994682312,5087.0,1709492490,1.105889224,False,False,SolutionPolishing,False,3,0.0006,887,23612090[].aqua,3600,1,0,0,0.05,-1,-1,0,-1,inf,True,False,False,1,True,False,False,False,False,Lazy,False,0,Chain,False,False,False,False,False,0.733296,3607,3575
58.51063829787234,50.0,1.0,1,2,0,0,2,0.1767709255218505,0,0,0,0.8474246,0.01,0.02,0.8473130262506131,0.0779409408569336,0.0447059864862577,0.8473106360517227,0.1203908920288086,0.1129233903036801,BendWorstOCT,2026-07-10 22:35:19,thoracic,Quantile Thresholds,5.0,16,13,3,36,2,2,0.3400000143371274,0.3400000143371274,0.0,3080.357750892639,228742.0,1595449437,0.104112368,False,False,SolutionPolishing,False,3,0.08,963,23612090[].aqua,3600,1,0,0,0.05,-1,-1,0,-1,inf,True,False,False,1,True,False,False,False,False,Lazy,False,0,Chain,False,False,False,False,False,0.244732,3085,3062
82.79220779220779,80.70175438596492,2.0,2,4,0,0,2,0.2172069549560547,0,0,0,0.9992806,0.46,1.19,0.9992806361829036,2.0258729457855225,1.583318645581066,0.9990989172787464,4.042936086654663,4.611236617410286,BendWorstOCT,2026-07-10 22:26:42,ozone-one,Quantile Thresholds,5.0,72,0,72,286,2,9,0.8054175438596501,0.998488904953606,0.2397158623696429,3600.0193700790405,3262.0,986509252,1.268346728,False,False,SolutionPolishing,False,3,0.0004,888,23612090[].aqua,3600,1,0,0,0.05,-1,-1,0,-1,inf,True,False,False,1,True,True,True,False,False,Lazy,False,0,Chain,False,False,False,False,False,0.807016,3605,3572
86.0930735930736,86.04131769960915,3.0,3,8,0,0,4,1.913650751113892,0,0,0,0.9998,0.02,0.02,0.999653728599016,1.894252061843872,1.0302845253435815,0.9995491805476822,3.334480047225952,2.160927189266149,BendWorstOCT,2026-07-10 22:26:43,ozone-one,Quantile Thresholds,5.0,72,0,72,286,2,9,0.858813176996105,0.9992,0.1634660794271111,3600.0023021698,5707.0,-161033031,1.328254248,False,False,SolutionPolishing,False,3,0.0002,894,23612090[].aqua,3600,1,0,0,0.05,-1,-1,0,-1,inf,True,False,False,1,True,False,True,False,False,Lazy,False,0,Chain,False,False,False,False,False,0.955912,3605,3575
82.79220779220779,80.70175438596492,2.0,2,4,0,0,2,0.4349615573883056,0,0,0,0.9998,0.02,0.02,0.999653728599016,1.668647050857544,1.0302845253435815,0.9995617976578436,2.30468487739563,1.6436164603187926,BendWorstOCT,2026-07-10 22:26:43,ozone-one,Quantile Thresholds,5.0,72,0,72,286,2,9,0.8062175438596502,0.9992343219611745,0.2394102926332813,3600.0059039592743,4058.0,-161033031,1.180550208,False,False,SolutionPolishing,False,3,0.0002,893,23612090[].aqua,3600,1,0,0,0.05,-1,-1,0,-1,inf,True,False,False,1,True,True,False,False,False,Lazy,False,0,Chain,False,False,False,False,False,0.676472,3605,3575
85.93073593073593,85.92964824120602,2.857142857142857,3,7,0,0,2,4.619455099105835,0,0,0,0.9992806,0.49,1.19,0.9992806361829036,2.4141979217529297,1.583318645581066,0.9990989172787464,4.6450159549713135,4.046128228820412,BendWorstOCT,2026-07-10 22:26:43,ozone-one,Quantile Thresholds,5.0,72,0,72,286,2,9,0.8564964824120738,0.998502862738486,0.1657991401511566,3600.0072598457336,5476.0,986509252,1.311072104,False,False,SolutionPolishing,False,3,0.0004,891,23612090[].aqua,3600,1,0,0,0.05,-1,-1,0,-1,inf,True,False,False,1,True,False,False,False,False,Lazy,False,0,Chain,False,False,False,False,False,0.953372,3605,3575
82.79220779220779,80.70175438596492,2.0,2,4,0,0,2,0.4407904148101806,0,0,0,0.9992806,0.5,1.19,0.9992806361829036,2.1989150047302246,1.583318645581066,0.9990989172787464,4.377681016921997,4.611236617410286,BendWorstOCT,2026-07-10 22:26:43,ozone-one,Quantile Thresholds,5.0,72,0,72,286,2,9,0.8054175438596501,0.998488904953606,0.2397158623696429,3600.0039100646973,3156.0,986509252,1.268348104,False,False,SolutionPolishing,False,3,0.0004,889,23612090[].aqua,3600,1,0,0,0.05,-1,-1,0,-1,inf,True,False,False,1,True,True,False,False,False,Lazy,False,0,Chain,False,False,False,False,False,0.792536,3605,3578
82.79220779220779,80.70175438596492,2.0,2,4,0,0,2,0.2250618934631347,0,0,0,0.9998,0.02,0.02,0.999653728599016,1.6500840187072754,1.0302845253435815,0.9995617976578436,2.2813899517059326,1.6436164603187926,BendWorstOCT,2026-07-10 22:26:43,ozone-one,Quantile Thresholds,5.0,72,0,72,286,2,9,0.8062175438596502,0.9992343219611745,0.2394102926332813,3600.056799888611,4114.0,-161033031,1.180548752,False,False,SolutionPolishing,False,3,0.0002,892,23612090[].aqua,3600,1,0,0,0.05,-1,-1,0,-1,inf,True,False,False,1,True,True,True,False,False,Lazy,False,0,Chain,False,False,False,False,False,0.68448,3605,3575
85.93073593073593,85.92964824120602,2.857142857142857,3,7,0,0,2,2.569950580596924,0,0,0,0.9992806,0.49,1.19,0.9992806361829036,2.420475959777832,1.583318645581066,0.9990989172787464,4.236785888671875,4.046128228820412,BendWorstOCT,2026-07-10 22:26:43,ozone-one,Quantile Thresholds,5.0,72,0,72,286,2,9,0.8564964824120738,0.998502862738486,0.1657991401511566,3600.051848888397,5611.0,986509252,1.311072056,False,False,SolutionPolishing,False,3,0.0004,890,23612090[].aqua,3600,1,0,0,0.05,-1,-1,0,-1,inf,True,False,False,1,True,False,True,False,False,Lazy,False,0,Chain,False,False,False,False,False,0.91568,3605,3578
82.79220779220779,80.70175438596492,2.0,2,4,0,0,2,0.2233474254608154,0,0,0,0.9999,0.03,0.03,0.9998268616657596,1.6509950160980225,1.022194151564999,0.999780898864745,2.2821531295776367,1.5810442967638885,BendWorstOCT,2026-07-10 22:26:43,ozone-one,Quantile Thresholds,5.0,72,0,72,286,2,9,0.8066175438596501,0.999600000000003,0.239249019079024,3600.0088081359863,4359.0,-415010199,1.250675928,False,False,SolutionPolishing,False,3,0.0001,896,23612090[].aqua,3600,1,0,0,0.05,-1,-1,0,-1,inf,True,False,False,1,True,True,True,False,False,Lazy,False,0,Chain,False,False,False,False,False,0.725084,3605,3575
86.0930735930736,86.04131769960915,3.0,3,8,0,0,4,5.281614303588867,0,0,0,0.9998,0.02,0.02,0.999653728599016,1.8856101036071773,1.0302845253435815,0.9995491805476822,3.5334689617156982,2.160927189266149,BendWorstOCT,2026-07-10 22:26:43,ozone-one,Quantile Thresholds,5.0,72,0,72,286,2,9,0.858813176996105,0.9992,0.1634660794271111,3600.013771057129,5796.0,-161033031,1.32825588,False,False,SolutionPolishing,False,3,0.0002,895,23612090[].aqua,3600,1,0,0,0.05,-1,-1,0,-1,inf,True,False,False,1,True,False,False,False,False,Lazy,False,0,Chain,False,False,False,False,False,0.932212,3605,3575
86.47186147186147,86.4321608040201,3.0,3,8,0,0,6,2.118588924407959,0,0,0,0.9999,0.03,0.03,0.9998268616657596,1.969851016998291,1.022194151564999,0.9997737289072914,3.685760974884033,2.136800147787974,BendWorstOCT,2026-07-10 22:26:43,ozone-one,Quantile Thresholds,5.0,72,0,72,286,2,9,0.8635216080402146,0.9996440732911988,0.1576364320053528,3600.002415895462,4221.0,-415010199,1.3803112,False,False,SolutionPolishing,False,3,0.0001,898,23612090[].aqua,3600,1,0,0,0.05,-1,-1,0,-1,inf,True,False,False,1,True,False,True,False,False,Lazy,False,0,Chain,False,False,False,False,False,1.008768,3606,3575
82.79220779220779,80.70175438596492,2.0,2,4,0,0,2,0.4368131160736084,0,0,0,0.9999,0.03,0.03,0.9998268616657596,1.7488069534301758,1.022194151564999,0.999780898864745,2.404416084289551,1.5810442967638885,BendWorstOCT,2026-07-10 22:26:43,ozone-one,Quantile Thresholds,5.0,72,0,72,286,2,9,0.8066175438596501,0.999600000000003,0.239249019079024,3600.020273923874,4156.0,-415010199,1.25067564,False,False,SolutionPolishing,False,3,0.0001,897,23612090[].aqua,3600,1,0,0,0.05,-1,-1,0,-1,inf,True,False,False,1,True,True,False,False,False,Lazy,False,0,Chain,False,False,False,False,False,0.715676,3606,3575
86.47186147186147,86.4321608040201,3.0,3,8,0,0,6,5.00136399269104,0,0,0,0.9999,0.03,0.03,0.9998268616657596,1.968695878982544,1.022194151564999,0.9997737289072914,3.862536907196045,2.136800147787974,BendWorstOCT,2026-07-10 22:26:43,ozone-one,Quantile Thresholds,5.0,72,0,72,286,2,9,0.8635216080402146,0.9996440732911988,0.1576364320053528,3600.0018830299377,4243.0,-415010199,1.38031216,False,False,SolutionPolishing,False,3,0.0001,899,23612090[].aqua,3600,1,0,0,0.05,-1,-1,0,-1,inf,True,False,False,1,True,False,False,False,False,Lazy,False,0,Chain,False,False,False,False,False,1.02002,3606,3575
79.87012987012987,71.9298245614035,1.0,1,2,0,0,2,0.225778579711914,0,0,0,0.8587768,0.52,1.37,0.8587247342786839,2.1808831691741943,1.839153070916376,0.8515806170014943,3.3444900512695312,2.8736160882482067,BendWorstOCT,2026-07-10 22:26:43,ozone-one,Quantile Thresholds,5.0,72,0,72,286,2,9,0.5592982456140358,0.7170539747377955,0.2820601179439865,3600.0020911693573,1855.0,444198802,1.565661184,False,False,SolutionPolishing,False,4,0.08,900,23612090[].aqua,3600,1,0,0,0.05,-1,-1,0,-1,inf,True,False,False,1,True,True,True,False,False,Lazy,False,0,Chain,False,False,False,False,False,0.953456,3606,3575
79.87012987012987,71.9298245614035,1.0,1,2,0,0,2,0.4368374347686767,0,0,0,0.8587768,0.51,1.37,0.8587247342786839,2.2277579307556152,1.839153070916376,0.8515806170014943,3.3745439052581787,2.8736160882482067,BendWorstOCT,2026-07-10 22:26:44,ozone-one,Quantile Thresholds,5.0,72,0,72,286,2,9,0.5592982456140358,0.7170539747377955,0.2820601179439865,3600.0045478343964,1848.0,444198802,1.565661712,False,False,SolutionPolishing,False,4,0.08,901,23612090[].aqua,3600,1,0,0,0.05,-1,-1,0,-1,inf,True,False,False,1,True,True,False,False,False,Lazy,False,0,Chain,False,False,False,False,False,0.929364,3606,3575
79.87012987012987,71.9298245614035,1.0,1,2,0,0,2,2.3048336505889893,0,0,0,0.8587768,0.51,1.37,0.8587247342786839,2.2152390480041504,1.839153070916376,0.8515806170014943,3.606450080871582,2.8736160882482067,BendWorstOCT,2026-07-10 22:26:44,ozone-one,Quantile Thresholds,5.0,72,0,72,286,2,9,0.5592982456140358,0.6800000000000171,0.2158092848180967,3600.002006053925,3837.0,444198802,1.66767692,False,False,SolutionPolishing,False,4,0.08,902,23612090[].aqua,3600,1,0,0,0.05,-1,-1,0,-1,inf,True,False,False,1,True,False,True,False,False,Lazy,False,0,Chain,False,False,False,False,False,1.028468,3606,3575
79.87012987012987,71.9298245614035,1.0,1,2,0,0,2,4.613128662109375,0,0,0,0.8587768,0.5,1.37,0.8587247342786839,2.101680994033813,1.839153070916376,0.8515806170014943,3.4123220443725586,2.8736160882482067,BendWorstOCT,2026-07-10 22:26:44,ozone-one,Quantile Thresholds,5.0,72,0,72,286,2,9,0.5592982456140358,0.6800000000000171,0.2158092848180967,3600.002511024475,4065.0,444198802,1.667677624,False,False,SolutionPolishing,False,4,0.08,903,23612090[].aqua,3600,1,0,0,0.05,-1,-1,0,-1,inf,True,False,False,1,True,False,False,False,False,Lazy,False,0,Chain,False,False,False,False,False,1.026888,3606,3577
82.79220779220779,80.70175438596492,2.0,2,4,0,0,3,0.2447772026062011,0,0,0,0.9985449,0.64,1.69,0.9985448852901512,2.7303359508514404,2.1932613101977707,0.9981828174029372,5.254056930541992,4.933719239536877,BendWorstOCT,2026-07-10 22:32:41,ozone-one,Quantile Thresholds,5.0,72,0,72,286,2,9,0.80381754385965,0.9973980132407724,0.2408263801404691,3600.0482518672943,3271.0,528642515,2.335365016,False,False,SolutionPolishing,False,4,0.0008,940,23612090[].aqua,3600,1,0,0,0.05,-1,-1,0,-1,inf,True,False,False,1,True,True,True,False,False,Lazy,False,0,Chain,False,False,False,False,False,1.007776,3606,3575
63.82978723404256,63.75,2.0,2,4,0,0,2,0.0086729526519775,0,0,0,0.8844458,0.01,0.01,0.8841782473871541,0.080068826675415,0.0407845956926691,0.8840714285714231,0.1306109428405761,0.1314615682508554,BendWorstOCT,2026-07-10 22:35:19,thoracic,Quantile Thresholds,5.0,16,13,3,36,2,9,0.3975000001397474,0.5206533632331929,0.3098197812582364,3600.001715898514,205730.0,-1580784728,0.17223024,False,False,SolutionPolishing,False,3,0.06,964,23612090[].aqua,3600,1,0,0,0.05,-1,-1,0,-1,inf,True,False,False,1,True,True,True,False,False,Lazy,False,0,Chain,False,False,False,False,False,0.331564,3605,3578
63.82978723404256,63.75,2.0,2,4,0,0,2,0.1196334362030029,0,0,0,0.8844458,0.01,0.01,0.8841782473871541,0.0873701572418212,0.0407845956926691,0.8840714285714231,0.1422920227050781,0.1314615682508554,BendWorstOCT,2026-07-10 22:35:19,thoracic,Quantile Thresholds,5.0,16,13,3,36,2,9,0.3975000001397474,0.5230149423113286,0.3157608606979986,3600.0006790161133,195959.0,-1580784728,0.168520512,False,False,SolutionPolishing,False,3,0.06,966,23612090[].aqua,3600,1,0,0,0.05,-1,-1,0,-1,inf,True,False,False,1,True,False,True,False,False,Lazy,False,0,Chain,False,False,False,False,False,0.329872,3605,3572
63.82978723404256,63.75,2.0,2,4,0,0,2,0.0183346271514892,0,0,0,0.8844458,0.01,0.01,0.8841782473871541,0.0863270759582519,0.0407845956926691,0.8840714285714231,0.141218900680542,0.1314615682508554,BendWorstOCT,2026-07-10 22:35:19,thoracic,Quantile Thresholds,5.0,16,13,3,36,2,9,0.3975000001397474,0.5229080181036032,0.315491868980545,3600.000585079193,196235.0,-1580784728,0.168521536,False,False,SolutionPolishing,False,3,0.06,965,23612090[].aqua,3600,1,0,0,0.05,-1,-1,0,-1,inf,True,False,False,1,True,True,False,False,False,Lazy,False,0,Chain,False,False,False,False,False,0.31826,3605,3572
63.82978723404256,63.75,2.0,2,4,0,0,2,0.0212912559509277,0,0,0,0.9218819,0.01,0.02,0.9216266666666608,0.0804569721221923,0.0415850554514633,0.9108083327035892,0.2392430305480957,0.2042947790533973,BendWorstOCT,2026-07-10 22:35:19,thoracic,Quantile Thresholds,5.0,16,13,3,36,2,9,0.4775000011819976,0.6762499999999905,0.4162303629864075,3600.000566005707,190172.0,-1688219994,0.185643424,False,False,SolutionPolishing,False,3,0.04,968,23612090[].aqua,3600,1,0,0,0.05,-1,-1,0,-1,inf,True,False,False,1,True,True,True,False,False,Lazy,False,0,Chain,False,False,False,False,False,0.339612,3605,3573
63.82978723404256,63.75,2.0,2,4,0,0,2,0.2198748588562011,0,0,0,0.8844458,0.01,0.01,0.8841782473871541,0.0850598812103271,0.0407845956926691,0.8840714285714231,0.1391379833221435,0.1314615682508554,BendWorstOCT,2026-07-10 22:35:19,thoracic,Quantile Thresholds,5.0,16,13,3,36,2,9,0.3975000001397474,0.5231168586085159,0.3160172538983796,3600.0005559921265,195731.0,-1580784728,0.168523296,False,False,SolutionPolishing,False,3,0.06,967,23612090[].aqua,3600,1,0,0,0.05,-1,-1,0,-1,inf,True,False,False,1,True,False,False,False,False,Lazy,False,0,Chain,False,False,False,False,False,0.322516,3605,3572
63.82978723404256,63.75,2.0,2,4,0,0,2,0.0606796741485595,0,0,0,0.9218819,0.01,0.02,0.9216266666666608,0.0813980102539062,0.0415850554514633,0.9108083327035892,0.237746000289917,0.2042947790533973,BendWorstOCT,2026-07-10 22:35:19,thoracic,Quantile Thresholds,5.0,16,13,3,36,2,9,0.4775000011819976,0.67614173228345,0.4160036243135855,3600.0004789829254,190735.0,-1688219994,0.185886,False,False,SolutionPolishing,False,3,0.04,969,23612090[].aqua,3600,1,0,0,0.05,-1,-1,0,-1,inf,True,False,False,1,True,True,False,False,False,Lazy,False,0,Chain,False,False,False,False,False,0.330968,3605,3572
63.82978723404256,63.75,2.0,2,4,0,0,5,0.2655606269836426,0,0,0,0.9218819,0.01,0.02,0.9216266666666608,0.0789189338684082,0.0415850554514633,0.9108083327035892,0.263671875,0.2042947790533973,BendWorstOCT,2026-07-10 22:35:19,thoracic,Quantile Thresholds,5.0,16,13,3,36,2,9,0.4775000011819976,0.6763962472406161,0.4165366399293679,3600.0006659030914,189273.0,-1688219994,0.185100352,False,False,SolutionPolishing,False,3,0.04,971,23612090[].aqua,3600,1,0,0,0.05,-1,-1,0,-1,inf,True,False,False,1,True,False,False,False,False,Lazy,False,0,Chain,False,False,False,False,False,0.326716,3605,3572
63.82978723404256,63.75,2.25,3,4,0,0,7,0.0423779487609863,0,0,0,0.9604164,0.01,0.01,0.9604046242774484,0.115372896194458,0.0380695926817401,0.9542507467035694,0.2872278690338135,0.1863462292992421,BendWorstOCT,2026-07-10 22:35:19,thoracic,Quantile Thresholds,5.0,16,13,3,36,2,9,0.5574999999999976,0.8226369012543092,0.4755818856579602,3600.0006539821625,187531.0,1209456020,0.212795344,False,False,SolutionPolishing,False,3,0.02,972,23612090[].aqua,3600,1,0,0,0.05,-1,-1,0,-1,inf,True,False,False,1,True,True,True,False,False,Lazy,False,0,Chain,False,False,False,False,False,0.360028,3604,3573
63.82978723404256,63.75,2.0,2,4,0,0,5,0.1385002136230468,0,0,0,0.9218819,0.01,0.02,0.9216266666666608,0.0803358554840087,0.0415850554514633,0.9108083327035892,0.2575068473815918,0.2042947790533973,BendWorstOCT,2026-07-10 22:35:19,thoracic,Quantile Thresholds,5.0,16,13,3,36,2,9,0.4775000011819976,0.6763859185389854,0.4165150091406662,3600.00130701065,189290.0,-1688219994,0.185100032,False,False,SolutionPolishing,False,3,0.04,970,23612090[].aqua,3600,1,0,0,0.05,-1,-1,0,-1,inf,True,False,False,1,True,False,True,False,False,Lazy,False,0,Chain,False,False,False,False,False,0.33814,3605,3572
68.51063829787235,68.5,2.857142857142857,3,7,0,0,4,0.0280573368072509,0,0,0,0.9800675,0.01,0.01,0.979945872801074,0.1281380653381347,0.0454968086595416,0.9772222222222136,0.2043981552124023,0.1226607244397032,BendWorstOCT,2026-07-10 22:35:19,thoracic,Quantile Thresholds,5.0,16,13,3,36,2,9,0.6150000001614965,0.9085714285714268,0.4773519159883574,3600.0006091594696,153110.0,-2101379117,0.1929246,False,False,SolutionPolishing,False,3,0.01,976,23612090[].aqua,3600,1,0,0,0.05,-1,-1,0,-1,inf,True,False,False,1,True,True,True,False,False,Lazy,False,0,Chain,False,False,False,False,False,0.336572,3605,3576
63.82978723404256,63.75,2.0,2,4,0,0,2,0.2253766059875488,0,0,0,0.9604164,0.01,0.01,0.9604046242774484,0.1242671012878418,0.0380695926817401,0.9542410526315716,0.2424001693725586,0.1534162943292944,BendWorstOCT,2026-07-10 22:35:19,thoracic,Quantile Thresholds,5.0,16,13,3,36,2,9,0.5574999999999973,0.8254347826086937,0.4806005069214308,3600.0006351470947,200560.0,1209456020,0.219096624,False,False,SolutionPolishing,False,3,0.02,975,23612090[].aqua,3600,1,0,0,0.05,-1,-1,0,-1,inf,True,False,False,1,True,False,False,False,False,Lazy,False,0,Chain,False,False,False,False,False,0.37622,3605,3576
63.82978723404256,63.75,2.25,3,4,0,0,7,0.065305471420288,0,0,0,0.9604164,0.01,0.01,0.9604046242774484,0.1500301361083984,0.0380695926817401,0.9542507467035694,0.3748660087585449,0.1863462292992421,BendWorstOCT,2026-07-10 22:35:20,thoracic,Quantile Thresholds,5.0,16,13,3,36,2,9,0.5574999999999976,0.8241099920423043,0.4782242009727496,3600.000908136368,177545.0,1209456020,0.205378296,False,False,SolutionPolishing,False,3,0.02,973,23612090[].aqua,3600,1,0,0,0.05,-1,-1,0,-1,inf,True,False,False,1,True,True,False,False,False,Lazy,False,0,Chain,False,False,False,False,False,0.362412,3605,3575
63.82978723404256,63.75,2.0,2,4,0,0,2,0.160750150680542,0,0,0,0.9604164,0.01,0.01,0.9604046242774484,0.1595931053161621,0.0380695926817401,0.9542410526315716,0.3009259700775146,0.1534162943292944,BendWorstOCT,2026-07-10 22:35:20,thoracic,Quantile Thresholds,5.0,16,13,3,36,2,9,0.5574999999999973,0.8276932678055979,0.4846516014450258,3600.00802397728,185178.0,1209456020,0.21042364,False,False,SolutionPolishing,False,3,0.02,974,23612090[].aqua,3600,1,0,0,0.05,-1,-1,0,-1,inf,True,False,False,1,True,False,True,False,False,Lazy,False,0,Chain,False,False,False,False,False,0.378452,3605,3575
68.08510638297872,67.14285714285714,3.0,3,8,0,0,3,0.0227739810943603,0,0,0,0.984053,0.01,0.01,0.9840325014509486,0.1063661575317382,0.0387434744219421,0.9817351703464484,0.2031900882720947,0.1213641863349315,BendWorstOCT,2026-07-10 22:35:54,thoracic,Quantile Thresholds,5.0,16,13,3,36,2,9,0.6074285719108002,0.9011850180505364,0.4836065666382148,3600.001006126404,233731.0,-958770821,0.258537768,False,False,SolutionPolishing,False,3,0.008,980,23612090[].aqua,3600,1,0,0,0.05,-1,-1,0,-1,inf,True,False,False,1,True,True,True,False,False,Lazy,False,0,Chain,False,False,False,False,False,0.42734,3604,3579
68.51063829787235,68.5,2.857142857142857,3,7,0,0,4,0.0407280921936035,0,0,0,0.9800675,0.01,0.01,0.979945872801074,0.1351070404052734,0.0454968086595416,0.9772222222222136,0.2122941017150879,0.1226607244397032,BendWorstOCT,2026-07-10 22:35:54,thoracic,Quantile Thresholds,5.0,16,13,3,36,2,9,0.6150000001614965,0.9085697534132384,0.4773491921539054,3600.000668048858,153200.0,-2101379117,0.192926504,False,False,SolutionPolishing,False,3,0.01,977,23612090[].aqua,3600,1,0,0,0.05,-1,-1,0,-1,inf,True,False,False,1,True,True,False,False,False,Lazy,False,0,Chain,False,False,False,False,False,0.340688,3606,3576
68.51063829787235,68.5,2.857142857142857,3,7,0,0,4,0.1625361442565918,0,0,0,0.9800675,0.01,0.01,0.979945872801074,0.1386699676513672,0.0454968086595416,0.9772222222222136,0.1928508281707763,0.1052523913247207,BendWorstOCT,2026-07-10 22:35:54,thoracic,Quantile Thresholds,5.0,16,13,3,36,2,9,0.6150002504844988,0.899086161879891,0.4619281230724517,3600.000556945801,205808.0,-2101379117,0.227388024,False,False,SolutionPolishing,False,3,0.01,978,23612090[].aqua,3600,1,0,0,0.05,-1,-1,0,-1,inf,True,False,False,1,True,False,True,False,False,Lazy,False,0,Chain,False,False,False,False,False,0.383016,3606,3574
68.51063829787235,68.5,2.857142857142857,3,7,0,0,4,0.2928862571716308,0,0,0,0.9800675,0.01,0.01,0.979945872801074,0.1372089385986328,0.0454968086595416,0.9772222222222136,0.1970019340515136,0.1052523913247207,BendWorstOCT,2026-07-10 22:35:54,thoracic,Quantile Thresholds,5.0,16,13,3,36,2,9,0.6150002504844988,0.8992086971428701,0.4621273673213485,3600.000855922699,205188.0,-2101379117,0.22556764,False,False,SolutionPolishing,False,3,0.01,979,23612090[].aqua,3600,1,0,0,0.05,-1,-1,0,-1,inf,True,False,False,1,True,False,False,False,False,Lazy,False,0,Chain,False,False,False,False,False,0.37344,3606,3574
68.08510638297872,67.14285714285714,3.0,3,8,0,0,3,0.0452873706817626,0,0,0,0.984053,0.01,0.01,0.9840325014509486,0.1106710433959961,0.0387434744219421,0.9817351703464484,0.2182660102844238,0.1213641863349315,BendWorstOCT,2026-07-10 22:35:55,thoracic,Quantile Thresholds,5.0,16,13,3,36,2,9,0.6074285719108002,0.9041469298245588,0.4884827148982565,3600.0008351802826,209743.0,-958770821,0.241132536,False,False,SolutionPolishing,False,3,0.008,981,23612090[].aqua,3600,1,0,0,0.05,-1,-1,0,-1,inf,True,False,False,1,True,True,False,False,False,Lazy,False,0,Chain,False,False,False,False,False,0.402784,3605,3575
68.51063829787235,68.5,2.857142857142857,3,7,0,0,6,0.1533360481262207,0,0,0,0.984053,0.01,0.01,0.9840325014509486,0.1137840747833252,0.0387434744219421,0.9817663934426138,0.1623530387878418,0.09575776788566,BendWorstOCT,2026-07-10 22:36:29,thoracic,Quantile Thresholds,5.0,16,13,3,36,2,9,0.6289999999999963,0.9212421410250914,0.4646138967012667,3600.000559091568,192145.0,-958770821,0.220493584,False,False,SolutionPolishing,False,3,0.008,982,23612090[].aqua,3600,1,0,0,0.05,-1,-1,0,-1,inf,True,False,False,1,True,False,True,False,False,Lazy,False,0,Chain,False,False,False,False,False,0.355476,3604,3580
68.51063829787235,68.5,2.857142857142857,3,7,0,0,4,0.1539685726165771,0,0,0,0.9880397,0.0,0.01,0.9879076923076828,0.1193499565124511,0.0448640335708955,0.9862545454545368,0.1894788742065429,0.114094300348728,BendWorstOCT,2026-07-10 22:36:29,thoracic,Quantile Thresholds,5.0,16,13,3,36,2,9,0.6430002499999964,0.91066914088959,0.416281161460816,3600.000689983368,218170.0,-2089952367,0.217259464,False,False,SolutionPolishing,False,3,0.006,986,23612090[].aqua,3600,1,0,0,0.05,-1,-1,0,-1,inf,True,False,False,1,True,False,True,False,False,Lazy,False,0,Chain,False,False,False,False,False,0.382832,3604,3576
67.23404255319149,67.14285714285714,3.0,3,8,0,0,5,0.0278053283691406,0,0,0,0.9920265,0.01,0.01,0.9919384615384518,0.1148188114166259,0.0487797220825512,0.9908363636363512,0.1981728076934814,0.127999620864133,BendWorstOCT,2026-07-10 22:36:29,thoracic,Quantile Thresholds,5.0,16,13,3,36,2,9,0.6394285714285713,0.930000170473913,0.4544238590968257,3600.000957965851,188121.0,-1810495522,0.206625992,False,False,SolutionPolishing,False,3,0.004,988,23612090[].aqua,3600,1,0,0,0.05,-1,-1,0,-1,inf,True,False,False,1,True,True,True,False,False,Lazy,False,0,Chain,False,False,False,False,False,0.366216,3604,3576
68.51063829787235,68.5,2.857142857142857,3,7,0,0,4,0.2658793926239013,0,0,0,0.9880397,0.0,0.01,0.9879076923076828,0.125248908996582,0.0448640335708955,0.9862545454545368,0.2045369148254394,0.114094300348728,BendWorstOCT,2026-07-10 22:36:29,thoracic,Quantile Thresholds,5.0,16,13,3,36,2,9,0.6430002499999964,0.910614013748454,0.4161954272155558,3600.0024540424347,218741.0,-2089952367,0.217261176,False,False,SolutionPolishing,False,3,0.006,987,23612090[].aqua,3600,1,0,0,0.05,-1,-1,0,-1,inf,True,False,False,1,True,False,False,False,False,Lazy,False,0,Chain,False,False,False,False,False,0.388836,3604,3576
67.23404255319149,67.14285714285714,3.0,3,8,0,0,5,0.043797492980957,0,0,0,0.9920265,0.01,0.01,0.9919384615384518,0.1147570610046386,0.0487797220825512,0.9908363636363512,0.2009670734405517,0.127999620864133,BendWorstOCT,2026-07-10 22:36:29,thoracic,Quantile Thresholds,5.0,16,13,3,36,2,9,0.6394285714285713,0.9298643106457204,0.4542113884093036,3600.000652074814,188997.0,-1810495522,0.210021016,False,False,SolutionPolishing,False,3,0.004,989,23612090[].aqua,3600,1,0,0,0.05,-1,-1,0,-1,inf,True,False,False,1,True,True,False,False,False,Lazy,False,0,Chain,False,False,False,False,False,0.353344,3604,3576
68.51063829787235,68.5,2.857142857142857,3,7,0,0,5,0.0443077087402343,0,0,0,0.9880397,0.01,0.01,0.9879076923076828,0.1297869682312011,0.0448640335708955,0.9862545454545368,0.2339780330657959,0.1272512395596265,BendWorstOCT,2026-07-10 22:36:29,thoracic,Quantile Thresholds,5.0,16,13,3,36,2,9,0.6429999999999964,0.925227520161282,0.4389230484623442,3600.001348972321,167331.0,-2089952367,0.192852592,False,False,SolutionPolishing,False,3,0.006,985,23612090[].aqua,3600,1,0,0,0.05,-1,-1,0,-1,inf,True,False,False,1,True,True,False,False,False,Lazy,False,0,Chain,False,False,False,False,False,0.348376,3605,3580
68.51063829787235,68.5,2.857142857142857,3,7,0,0,8,0.1617653369903564,0,0,0,0.9960132,0.0,0.01,0.9959692307692208,0.1166708469390869,0.0487609704538893,0.995418181818172,0.1675958633422851,0.1081201979583722,BendWorstOCT,2026-07-10 22:36:29,thoracic,Quantile Thresholds,5.0,16,13,3,36,2,9,0.6709999999999964,0.9564726439092835,0.4254435825771814,3600.000655889511,222549.0,-354886149,0.240296144,False,False,SolutionPolishing,False,3,0.002,994,23612090[].aqua,3600,1,0,0,0.05,-1,-1,0,-1,inf,True,False,False,1,True,False,True,False,False,Lazy,False,0,Chain,False,False,False,False,False,0.38128,3605,3578
68.51063829787235,68.5,2.857142857142857,3,7,0,0,8,0.1788289546966552,0,0,0,0.9920265,0.01,0.01,0.9919384615384518,0.1249721050262451,0.0487797220825512,0.9908363636363542,0.1784021854400634,0.1082340110346711,BendWorstOCT,2026-07-10 22:36:29,thoracic,Quantile Thresholds,5.0,16,13,3,36,2,9,0.6569999999999964,0.9461823495179978,0.4401557831324247,3600.0006330013275,191883.0,-1810495522,0.213819768,False,False,SolutionPolishing,False,3,0.004,990,23612090[].aqua,3600,1,0,0,0.05,-1,-1,0,-1,inf,True,False,False,1,True,False,True,False,False,Lazy,False,0,Chain,False,False,False,False,False,0.36642,3605,3577
68.51063829787235,68.5,2.857142857142857,3,7,0,0,6,0.290257453918457,0,0,0,0.984053,0.01,0.01,0.9840325014509486,0.1244940757751464,0.0387434744219421,0.9817663934426138,0.1872620582580566,0.09575776788566,BendWorstOCT,2026-07-10 22:36:30,thoracic,Quantile Thresholds,5.0,16,13,3,36,2,9,0.6289999999999963,0.9269635852200004,0.473709992400645,3600.002056121826,154094.0,-958770821,0.193704784,False,False,SolutionPolishing,False,3,0.008,983,23612090[].aqua,3600,1,0,0,0.05,-1,-1,0,-1,inf,True,False,False,1,True,False,False,False,False,Lazy,False,0,Chain,False,False,False,False,False,0.339584,3605,3575
68.51063829787235,68.5,2.857142857142857,3,7,0,0,5,0.0302643775939941,0,0,0,0.9880397,0.01,0.01,0.9879076923076828,0.1358940601348877,0.0448640335708955,0.9862545454545368,0.238955020904541,0.1272512395596265,BendWorstOCT,2026-07-10 22:36:30,thoracic,Quantile Thresholds,5.0,16,13,3,36,2,9,0.6429999999999964,0.9279032258064468,0.4430843325139223,3600.001263141632,150605.0,-2089952367,0.182464,False,False,SolutionPolishing,False,3,0.006,984,23612090[].aqua,3600,1,0,0,0.05,-1,-1,0,-1,inf,True,False,False,1,True,True,True,False,False,Lazy,False,0,Chain,False,False,False,False,False,0.323244,3605,3575
68.51063829787235,68.5,2.857142857142857,3,7,0,0,5,0.0264365673065185,0,0,0,0.9960132,0.01,0.01,0.9959692307692208,0.1209449768066406,0.0487609704538893,0.9954181818181704,0.209770917892456,0.1276885486049291,BendWorstOCT,2026-07-10 22:36:30,thoracic,Quantile Thresholds,5.0,16,13,3,36,2,9,0.6709999999999964,0.9552609714154672,0.4236378113494373,3600.000776052475,146711.0,-354886149,0.183348352,False,False,SolutionPolishing,False,3,0.002,992,23612090[].aqua,3600,1,0,0,0.05,-1,-1,0,-1,inf,True,False,False,1,True,True,True,False,False,Lazy,False,0,Chain,False,False,False,False,False,0.32634,3606,3577
68.51063829787235,68.5,2.857142857142857,3,7,0,0,8,0.3497252464294433,0,0,0,0.9920265,0.01,0.01,0.9919384615384518,0.1405589580535888,0.0487797220825512,0.9908363636363542,0.2031359672546386,0.1082340110346711,BendWorstOCT,2026-07-10 22:36:30,thoracic,Quantile Thresholds,5.0,16,13,3,36,2,9,0.6569999999999964,0.9479462532299686,0.442840568082152,3600.000689983368,173634.0,-1810495522,0.204078896,False,False,SolutionPolishing,False,3,0.004,991,23612090[].aqua,3600,1,0,0,0.05,-1,-1,0,-1,inf,True,False,False,1,True,False,False,False,False,Lazy,False,0,Chain,False,False,False,False,False,0.351172,3606,3573
68.51063829787235,68.5,2.857142857142857,3,7,0,0,5,0.0396952629089355,0,0,0,0.9960132,0.01,0.01,0.9959692307692208,0.1216678619384765,0.0487609704538893,0.9954181818181704,0.2123308181762695,0.1276885486049291,BendWorstOCT,2026-07-10 22:36:31,thoracic,Quantile Thresholds,5.0,16,13,3,36,2,9,0.6709999999999964,0.9547482811114528,0.422873742341964,3600.000618934632,148812.0,-354886149,0.186768752,False,False,SolutionPolishing,False,3,0.002,993,23612090[].aqua,3600,1,0,0,0.05,-1,-1,0,-1,inf,True,False,False,1,True,True,False,False,False,Lazy,False,0,Chain,False,False,False,False,False,0.32182,3606,3575
68.51063829787235,68.5,2.857142857142857,3,7,0,0,8,0.2683680057525635,0,0,0,0.9960132,0.0,0.01,0.9959692307692208,0.1164009571075439,0.0487609704538893,0.995418181818172,0.170483112335205,0.1081201979583722,BendWorstOCT,2026-07-10 22:37:04,thoracic,Quantile Thresholds,5.0,16,13,3,36,2,9,0.6709999999999964,0.9564593880123688,0.4254238271421369,3600.00061917305,222723.0,-354886149,0.24029824,False,False,SolutionPolishing,False,3,0.002,995,23612090[].aqua,3600,1,0,0,0.05,-1,-1,0,-1,inf,True,False,False,1,True,False,False,False,False,Lazy,False,0,Chain,False,False,False,False,False,0.394812,3604,3572
68.93617021276596,68.57142857142857,3.0,3,8,0,0,6,0.2824337482452392,0,0,0,0.9980066,0.01,0.01,0.9979846153846051,0.1252717971801757,0.0412736444402784,0.9977061855670002,0.1914968490600586,0.0937630930137615,BendWorstOCT,2026-07-10 22:37:04,thoracic,Quantile Thresholds,5.0,16,13,3,36,2,9,0.6777142857142857,0.9633071672354896,0.4214060224806971,3600.000669956208,169957.0,-1294291676,0.1985842,False,False,SolutionPolishing,False,3,0.001,999,23612090[].aqua,3600,1,0,0,0.05,-1,-1,0,-1,inf,True,False,False,1,True,False,False,False,False,Lazy,False,0,Chain,False,False,False,False,False,0.346344,3605,3575
68.93617021276596,68.57142857142857,3.0,3,8,0,0,6,0.1589052677154541,0,0,0,0.9980066,0.01,0.01,0.9979846153846051,0.1249890327453613,0.0412736444402784,0.9977061855670002,0.1825060844421386,0.0937630930137615,BendWorstOCT,2026-07-10 22:37:04,thoracic,Quantile Thresholds,5.0,16,13,3,36,2,9,0.6777142857142857,0.9632134172354896,0.4212676898500057,3600.0005350112915,170478.0,-1294291676,0.198582904,False,False,SolutionPolishing,False,3,0.001,998,23612090[].aqua,3600,1,0,0,0.05,-1,-1,0,-1,inf,True,False,False,1,True,False,True,False,False,Lazy,False,0,Chain,False,False,False,False,False,0.351512,3605,3574
68.51063829787235,68.5,2.857142857142857,3,7,0,0,4,0.0370476245880126,0,0,0,0.9980066,0.01,0.01,0.9979846153846051,0.1261050701141357,0.0412736444402784,0.9977061855670002,0.2246720790863037,0.1167346346994654,BendWorstOCT,2026-07-10 22:37:05,thoracic,Quantile Thresholds,5.0,16,13,3,36,2,9,0.6779999999999964,0.9765951514269018,0.4404058280632846,3600.0007519721985,150687.0,-1294291676,0.187059232,False,False,SolutionPolishing,False,3,0.001,997,23612090[].aqua,3600,1,0,0,0.05,-1,-1,0,-1,inf,True,False,False,1,True,True,False,False,False,Lazy,False,0,Chain,False,False,False,False,False,0.331924,3605,3578
68.51063829787235,68.5,2.857142857142857,3,7,0,0,4,0.0238513946533203,0,0,0,0.9980066,0.01,0.01,0.9979846153846051,0.1091451644897461,0.0412736444402784,0.9977061855670002,0.19270920753479,0.1167346346994654,BendWorstOCT,2026-07-10 22:37:05,thoracic,Quantile Thresholds,5.0,16,13,3,36,2,9,0.6779999999999964,0.9720395238095222,0.4336866132883885,3600.000508069992,178056.0,-1294291676,0.205498528,False,False,SolutionPolishing,False,3,0.001,996,23612090[].aqua,3600,1,0,0,0.05,-1,-1,0,-1,inf,True,False,False,1,True,True,True,False,False,Lazy,False,0,Chain,False,False,False,False,False,0.344652,3606,3580
68.51063829787235,68.5,2.857142857142857,3,7,0,0,4,0.0325057506561279,0,0,0,0.9984053,0.01,0.01,0.998387692307682,0.1118149757385253,0.0402345741928998,0.9981672727272626,0.2269930839538574,0.1484414998434157,BendWorstOCT,2026-07-10 22:37:42,thoracic,Quantile Thresholds,5.0,16,13,3,36,2,9,0.6794000008396969,0.9788476923076836,0.4407531514540589,3600.0006580352783,153044.0,1532711579,0.192074056,False,False,SolutionPolishing,False,3,0.0008,1000,23612090[].aqua,3600,1,0,0,0.05,-1,-1,0,-1,inf,True,False,False,1,True,True,True,False,False,Lazy,False,0,Chain,False,False,False,False,False,0.318852,3605,3580
68.51063829787235,68.5,2.857142857142857,3,7,0,0,4,0.0613243579864501,0,0,0,0.9984053,0.01,0.01,0.998387692307682,0.1076090335845947,0.0402345741928998,0.9981672727272626,0.2201969623565673,0.1484414998434157,BendWorstOCT,2026-07-10 22:37:42,thoracic,Quantile Thresholds,5.0,16,13,3,36,2,9,0.6794000008396969,0.9791504621072002,0.4411987943730205,3600.0009031295776,151019.0,1532711579,0.190970024,False,False,SolutionPolishing,False,3,0.0008,1001,23612090[].aqua,3600,1,0,0,0.05,-1,-1,0,-1,inf,True,False,False,1,True,True,False,False,False,Lazy,False,0,Chain,False,False,False,False,False,0.331756,3605,3576
68.72340425531915,68.57142857142857,3.0,3,8,0,0,5,0.02608323097229,0,0,0,0.998804,0.01,0.01,0.998790163934416,0.1132571697235107,0.0461748755348688,0.99863199999999,0.2002041339874267,0.1312920199225185,BendWorstOCT,2026-07-10 22:37:42,thoracic,Quantile Thresholds,5.0,16,13,3,36,2,9,0.6809142857142857,0.9756228391828152,0.4328129981285051,3600.0005860328674,155896.0,595668328,0.191160736,False,False,SolutionPolishing,False,3,0.0006,1004,23612090[].aqua,3600,1,0,0,0.05,-1,-1,0,-1,inf,True,False,False,1,True,True,True,False,False,Lazy,False,0,Chain,False,False,False,False,False,0.3208,3606,3576
68.72340425531915,68.57142857142857,3.0,3,8,0,0,5,0.0395693778991699,0,0,0,0.998804,0.01,0.01,0.998790163934416,0.1109011173248291,0.0461748755348688,0.99863199999999,0.1986870765686035,0.1312920199225185,BendWorstOCT,2026-07-10 22:37:42,thoracic,Quantile Thresholds,5.0,16,13,3,36,2,9,0.6809142857142857,0.9783041666666606,0.4367508322143808,3600.000945091248,137463.0,595668328,0.179015488,False,False,SolutionPolishing,False,3,0.0006,1005,23612090[].aqua,3600,1,0,0,0.05,-1,-1,0,-1,inf,True,False,False,1,True,True,False,False,False,Lazy,False,0,Chain,False,False,False,False,False,0.325064,3606,3576
68.51063829787235,68.5,2.857142857142857,3,7,0,0,9,0.3303878307342529,0,0,0,0.9984053,0.01,0.01,0.998387692307682,0.1274611949920654,0.0402345741928998,0.9981672727272626,0.2141520977020263,0.1107494999703344,BendWorstOCT,2026-07-10 22:37:42,thoracic,Quantile Thresholds,5.0,16,13,3,36,2,9,0.6794000011755771,0.951093599493024,0.3999022635374313,3600.002188205719,192941.0,1532711579,0.187885216,False,False,SolutionPolishing,False,3,0.0008,1003,23612090[].aqua,3600,1,0,0,0.05,-1,-1,0,-1,inf,True,False,False,1,True,False,False,False,False,Lazy,False,0,Chain,False,False,False,False,False,0.336188,3606,3577
68.51063829787235,68.5,2.857142857142857,3,7,0,0,9,0.1994128227233886,0,0,0,0.9984053,0.01,0.01,0.998387692307682,0.1325180530548095,0.0402345741928998,0.9981672727272626,0.2120580673217773,0.1107494999703344,BendWorstOCT,2026-07-10 22:37:43,thoracic,Quantile Thresholds,5.0,16,13,3,36,2,9,0.6794000011755771,0.9535777034559612,0.4035585837591551,3600.000669002533,173522.0,1532711579,0.178026336,False,False,SolutionPolishing,False,3,0.0008,1002,23612090[].aqua,3600,1,0,0,0.05,-1,-1,0,-1,inf,True,False,False,1,True,False,True,False,False,Lazy,False,0,Chain,False,False,False,False,False,0.32362,3606,3573
68.93617021276596,68.57142857142857,3.0,3,8,0,0,8,0.1394288539886474,0,0,0,0.998804,0.01,0.01,0.998790163934416,0.1187911033630371,0.0461748755348688,0.99863199999999,0.1737570762634277,0.1154429150883939,BendWorstOCT,2026-07-10 22:38:18,thoracic,Quantile Thresholds,5.0,16,13,3,36,2,9,0.6809142857142857,0.9627925925925864,0.4139703231260712,3600.0005910396576,188803.0,595668328,0.210497576,False,False,SolutionPolishing,False,3,0.0006,1006,23612090[].aqua,3600,1,0,0,0.05,-1,-1,0,-1,inf,True,False,False,1,True,False,True,False,False,Lazy,False,0,Chain,False,False,False,False,False,0.367916,3605,3576
68.72340425531915,68.57142857142857,3.0,3,8,0,0,4,0.0255675315856933,0,0,0,0.9992026,0.01,0.01,0.9991884057970912,0.1136550903320312,0.0446469789637995,0.9990820826952423,0.180495023727417,0.1081855569024082,BendWorstOCT,2026-07-10 22:38:19,thoracic,Quantile Thresholds,5.0,16,13,3,36,2,9,0.6825142857142857,0.956086893491121,0.4008305957882297,3600.0007491111755,181833.0,2101855848,0.187237304,False,False,SolutionPolishing,False,3,0.0004,1008,23612090[].aqua,3600,1,0,0,0.05,-1,-1,0,-1,inf,True,False,False,1,True,True,True,False,False,Lazy,False,0,Chain,False,False,False,False,False,0.313588,3605,3575
68.93617021276596,68.57142857142857,3.0,3,8,0,0,4,0.0288875102996826,0,0,0,0.9998,0.0,0.0,0.9995999999999896,0.0536119937896728,0.0171844755892519,0.9995999999999896,0.0714008808135986,0.0355044180428753,BendWorstOCT,2026-07-10 22:38:19,thoracic,Quantile Thresholds,5.0,16,13,3,36,2,9,0.6841142857142858,0.9548585811537064,0.3957588682083075,3600.0005378723145,187962.0,-539858470,0.191010664,False,False,SolutionPolishing,False,3,0.0002,1012,23612090[].aqua,3600,1,0,0,0.05,-1,-1,0,-1,inf,True,False,False,1,True,True,True,False,False,Lazy,False,0,Chain,False,False,False,False,False,0.342772,3605,3574
68.93617021276596,68.57142857142857,3.0,3,8,0,0,6,0.2322621345520019,0,0,0,0.9992026,0.01,0.01,0.9991884057970912,0.1244499683380127,0.0446469789637995,0.9990836363636262,0.1825509071350097,0.1023458572335546,BendWorstOCT,2026-07-10 22:38:19,thoracic,Quantile Thresholds,5.0,16,13,3,36,2,9,0.6825142857142857,0.9635227718806264,0.4117254276549701,3600.000697851181,187849.0,2101855848,0.198510328,False,False,SolutionPolishing,False,3,0.0004,1011,23612090[].aqua,3600,1,0,0,0.05,-1,-1,0,-1,inf,True,False,False,1,True,False,False,False,False,Lazy,False,0,Chain,False,False,False,False,False,0.344728,3605,3574
68.93617021276596,68.57142857142857,3.0,3,8,0,0,8,0.3024125099182129,0,0,0,0.998804,0.01,0.01,0.998790163934416,0.1325528621673584,0.0461748755348688,0.99863199999999,0.1999638080596923,0.1154429150883939,BendWorstOCT,2026-07-10 22:38:19,thoracic,Quantile Thresholds,5.0,16,13,3,36,2,9,0.6809142857142857,0.9669931827969676,0.4201393671489537,3600.000872850418,163820.0,595668328,0.19573484,False,False,SolutionPolishing,False,3,0.0006,1007,23612090[].aqua,3600,1,0,0,0.05,-1,-1,0,-1,inf,True,False,False,1,True,False,False,False,False,Lazy,False,0,Chain,False,False,False,False,False,0.339812,3606,3576
68.93617021276596,68.57142857142857,3.0,3,8,0,0,6,0.1444242000579834,0,0,0,0.9992026,0.01,0.01,0.9991884057970912,0.1326479911804199,0.0446469789637995,0.9990836363636262,0.1899690628051757,0.1023458572335546,BendWorstOCT,2026-07-10 22:38:19,thoracic,Quantile Thresholds,5.0,16,13,3,36,2,9,0.6825142857142857,0.9650049079754526,0.4138970101783673,3600.000704050064,178608.0,2101855848,0.1914764,False,False,SolutionPolishing,False,3,0.0004,1010,23612090[].aqua,3600,1,0,0,0.05,-1,-1,0,-1,inf,True,False,False,1,True,False,True,False,False,Lazy,False,0,Chain,False,False,False,False,False,0.345884,3606,3571
68.72340425531915,68.57142857142857,3.0,3,8,0,0,4,0.0372514724731445,0,0,0,0.9992026,0.01,0.01,0.9991884057970912,0.130429983139038,0.0446469789637995,0.9990820826952423,0.2002861499786377,0.1081855569024082,BendWorstOCT,2026-07-10 22:38:20,thoracic,Quantile Thresholds,5.0,16,13,3,36,2,9,0.6825142857142857,0.9596581329520386,0.4060630715556493,3600.000827074051,158985.0,2101855848,0.175525288,False,False,SolutionPolishing,False,3,0.0004,1009,23612090[].aqua,3600,1,0,0,0.05,-1,-1,0,-1,inf,True,False,False,1,True,True,False,False,False,Lazy,False,0,Chain,False,False,False,False,False,0.324012,3607,3573
68.72340425531915,68.57142857142857,3.0,3,8,0,0,6,0.1510651111602783,0,0,0,0.9998,0.0,0.0,0.9995999999999896,0.0618808269500732,0.0171844755892519,0.9995999999999896,0.0848808288574218,0.0355044180428753,BendWorstOCT,2026-07-10 22:38:55,thoracic,Quantile Thresholds,5.0,16,13,3,36,2,9,0.6841142857142858,0.9713986877036936,0.4199362708665751,3600.0008640289307,162268.0,-539858470,0.188006104,False,False,SolutionPolishing,False,3,0.0002,1014,23612090[].aqua,3600,1,0,0,0.05,-1,-1,0,-1,inf,True,False,False,1,True,False,True,False,False,Lazy,False,0,Chain,False,False,False,False,False,0.340556,3605,3577
68.72340425531915,68.57142857142857,3.0,3,8,0,0,6,0.2934136390686035,0,0,0,0.9998,0.0,0.0,0.9995999999999896,0.0618269443511962,0.0171844755892519,0.9995999999999896,0.0847480297088623,0.0355044180428753,BendWorstOCT,2026-07-10 22:38:55,thoracic,Quantile Thresholds,5.0,16,13,3,36,2,9,0.6841142857142858,0.9717476190476176,0.4204463191892171,3600.0019550323486,160521.0,-539858470,0.187717672,False,False,SolutionPolishing,False,3,0.0002,1015,23612090[].aqua,3600,1,0,0,0.05,-1,-1,0,-1,inf,True,False,False,1,True,False,False,False,False,Lazy,False,0,Chain,False,False,False,False,False,0.33144,3605,3576
68.72340425531915,68.57142857142857,3.0,3,8,0,0,4,0.0254676342010498,0,0,0,0.9999,0.0,0.0,0.9997999999999896,0.0535600185394287,0.0158198742154162,0.9997761402111032,0.1598501205444336,0.085049437006843,BendWorstOCT,2026-07-10 22:38:55,thoracic,Quantile Thresholds,5.0,16,13,3,36,2,9,0.6849142857142858,0.9935322041002196,0.4505934900512133,3600.00068807602,139322.0,-1041794562,0.183355024,False,False,SolutionPolishing,False,3,0.0001,1016,23612090[].aqua,3600,1,0,0,0.05,-1,-1,0,-1,inf,True,False,False,1,True,True,True,False,False,Lazy,False,0,Chain,False,False,False,False,False,0.3152,3606,3577
68.93617021276596,68.57142857142857,3.0,3,8,0,0,4,0.0479788780212402,0,0,0,0.9998,0.0,0.0,0.9995999999999896,0.0590970516204834,0.0171844755892519,0.9995999999999896,0.0790691375732421,0.0355044180428753,BendWorstOCT,2026-07-10 22:38:55,thoracic,Quantile Thresholds,5.0,16,13,3,36,2,9,0.6841142857142858,0.9610328190972484,0.4047840239059342,3600.0007750988007,157984.0,-539858470,0.175025096,False,False,SolutionPolishing,False,3,0.0002,1013,23612090[].aqua,3600,1,0,0,0.05,-1,-1,0,-1,inf,True,False,False,1,True,True,False,False,False,Lazy,False,0,Chain,False,False,False,False,False,0.307956,3606,3575
68.72340425531915,68.57142857142857,3.0,3,8,0,0,4,0.0322730541229248,0,0,0,0.9999,0.0,0.0,0.9997999999999896,0.0488839149475097,0.0158198742154162,0.9997761402111032,0.1435348987579345,0.085049437006843,BendWorstOCT,2026-07-10 22:39:29,thoracic,Quantile Thresholds,5.0,16,13,3,36,2,9,0.6849142857142858,0.99306681062319,0.4499139984903909,3600.0006079673767,143217.0,-1041794562,0.186640208,False,False,SolutionPolishing,False,3,0.0001,1017,23612090[].aqua,3600,1,0,0,0.05,-1,-1,0,-1,inf,True,False,False,1,True,True,False,False,False,Lazy,False,0,Chain,False,False,False,False,False,0.32166,3605,3580
68.72340425531915,68.57142857142857,3.0,3,8,0,0,10,0.2588539123535156,0,0,0,0.9999,0.0,0.0,0.9997999999999896,0.0495359897613525,0.0158198742154162,0.9997761402111032,0.1562650203704834,0.085049437006843,BendWorstOCT,2026-07-10 22:39:29,thoracic,Quantile Thresholds,5.0,16,13,3,36,2,9,0.6849142857142858,0.9873870889581096,0.4416213963596627,3600.0005350112915,150308.0,-1041794562,0.189471256,False,False,SolutionPolishing,False,3,0.0001,1019,23612090[].aqua,3600,1,0,0,0.05,-1,-1,0,-1,inf,True,False,False,1,True,False,False,False,False,Lazy,False,0,Chain,False,False,False,False,False,0.328176,3605,3572
68.72340425531915,68.57142857142857,3.0,3,8,0,0,10,0.1470751762390136,0,0,0,0.9999,0.0,0.0,0.9997999999999896,0.049124002456665,0.0158198742154162,0.9997761402111032,0.1472001075744629,0.085049437006843,BendWorstOCT,2026-07-10 22:39:29,thoracic,Quantile Thresholds,5.0,16,13,3,36,2,9,0.6849142857142858,0.987517932665948,0.441812432976313,3600.000562191009,149641.0,-1041794562,0.189474392,False,False,SolutionPolishing,False,3,0.0001,1018,23612090[].aqua,3600,1,0,0,0.05,-1,-1,0,-1,inf,True,False,False,1,True,False,True,False,False,Lazy,False,0,Chain,False,False,False,False,False,0.329396,3605,3577
63.82978723404256,63.75,2.0,2,4,0,0,3,0.016366958618164,0,0,0,0.8831795,0.01,0.02,0.8828385369119296,0.1323499679565429,0.0513331750894778,0.8649550794747692,0.2503731250762939,0.1723134718917953,BendWorstOCT,2026-07-10 22:39:30,thoracic,Quantile Thresholds,5.0,16,13,3,36,2,9,0.3974999999999974,0.6332554136926835,0.5930953803589625,3600.0008289813995,61201.0,-1506899839,0.263921448,False,False,SolutionPolishing,False,4,0.06,1025,23612090[].aqua,3600,1,0,0,0.05,-1,-1,0,-1,inf,True,False,False,1,True,True,False,False,False,Lazy,False,0,Chain,False,False,False,False,False,0.398004,3605,3578
58.51063829787234,50.0,1.0,1,2,0,0,3,0.2039787769317627,0,0,0,0.8459626,0.01,0.01,0.845872424919329,0.1509010791778564,0.0576744515536035,0.82350409836065,0.2348589897155761,0.147352609282515,BendWorstOCT,2026-07-10 22:39:30,thoracic,Quantile Thresholds,5.0,16,13,3,36,2,9,0.3400000000000001,0.5116298292903078,0.5047936155597283,3600.000736951828,56978.0,188422786,0.229913048,False,False,SolutionPolishing,False,4,0.08,1022,23612090[].aqua,3600,1,0,0,0.05,-1,-1,0,-1,inf,True,False,False,1,True,False,True,False,False,Lazy,False,0,Chain,False,False,False,False,False,0.351104,3605,3578
58.51063829787234,50.0,1.0,1,2,0,0,3,0.246530532836914,0,0,0,0.8459626,0.01,0.01,0.845872424919329,0.1492137908935547,0.0576744515536035,0.82350409836065,0.2400398254394531,0.147352609282515,BendWorstOCT,2026-07-10 22:39:30,thoracic,Quantile Thresholds,5.0,16,13,3,36,2,9,0.3400000000000001,0.5115629898813043,0.5045970290626595,3600.0007429122925,57062.0,188422786,0.229914008,False,False,SolutionPolishing,False,4,0.08,1023,23612090[].aqua,3600,1,0,0,0.05,-1,-1,0,-1,inf,True,False,False,1,True,False,False,False,False,Lazy,False,0,Chain,False,False,False,False,False,0.363884,3605,3578
63.82978723404256,63.75,2.0,2,4,0,0,3,0.0094301700592041,0,0,0,0.8831795,0.01,0.02,0.8828385369119296,0.1376440525054931,0.0513331750894778,0.8649550794747692,0.2586901187896728,0.1723134718917953,BendWorstOCT,2026-07-10 22:39:30,thoracic,Quantile Thresholds,5.0,16,13,3,36,2,9,0.3974999999999974,0.6356085021623219,0.5990150997794366,3600.000828027725,57449.0,-1506899839,0.263921816,False,False,SolutionPolishing,False,4,0.06,1024,23612090[].aqua,3600,1,0,0,0.05,-1,-1,0,-1,inf,True,False,False,1,True,True,True,False,False,Lazy,False,0,Chain,False,False,False,False,False,0.391488,3605,3579
63.82978723404256,63.75,2.0,2,4,0,0,4,0.2879419326782226,0,0,0,0.8831795,0.01,0.02,0.8828385369119296,0.1551880836486816,0.0513331750894778,0.8660983630188137,0.2490389347076416,0.1495545868619789,BendWorstOCT,2026-07-10 22:39:30,thoracic,Quantile Thresholds,5.0,16,13,3,36,2,9,0.3974999999999974,0.6343010767297066,0.5957259791942409,3600.0009479522705,56516.0,-1506899839,0.253073712,False,False,SolutionPolishing,False,4,0.06,1027,23612090[].aqua,3600,1,0,0,0.05,-1,-1,0,-1,inf,True,False,False,1,True,False,False,False,False,Lazy,False,0,Chain,False,False,False,False,False,0.39898,3605,3576
58.51063829787234,50.0,1.0,1,2,0,0,3,0.0081872940063476,0,0,0,0.8459626,0.01,0.01,0.845872424919329,0.1512329578399658,0.0576744515536035,0.8226165494862036,0.2717199325561523,0.18750814889035,BendWorstOCT,2026-07-10 22:39:30,thoracic,Quantile Thresholds,5.0,16,13,3,36,2,9,0.3400000000000001,0.5189971070395353,0.5264620795280446,3600.0008459091187,46129.0,188422786,0.233962048,False,False,SolutionPolishing,False,4,0.08,1020,23612090[].aqua,3600,1,0,0,0.05,-1,-1,0,-1,inf,True,False,False,1,True,True,True,False,False,Lazy,False,0,Chain,False,False,False,False,False,0.338068,3606,3577
59.7872340425532,59.5,2.25,3,4,0,0,2,0.0178179740905761,0,0,0,0.9209295,0.01,0.01,0.9206120527306906,0.0878999233245849,0.0385929298025314,0.9206120527306906,0.1422669887542724,0.1423969647855488,BendWorstOCT,2026-07-10 22:39:30,thoracic,Quantile Thresholds,5.0,16,13,3,36,2,9,0.4349999999999982,0.7524728226386342,0.7298225807784766,3600.000830888748,63233.0,311861686,0.295803808,False,False,SolutionPolishing,False,4,0.04,1028,23612090[].aqua,3600,1,0,0,0.05,-1,-1,0,-1,inf,True,False,False,1,True,True,True,False,False,Lazy,False,0,Chain,False,False,False,False,False,0.436888,3605,3574
63.82978723404256,63.75,2.0,2,4,0,0,4,0.2186064720153808,0,0,0,0.8831795,0.01,0.02,0.8828385369119296,0.1627919673919677,0.0513331750894778,0.8660983630188137,0.2587089538574219,0.1495545868619789,BendWorstOCT,2026-07-10 22:39:30,thoracic,Quantile Thresholds,5.0,16,13,3,36,2,9,0.3974999999999974,0.6349552343741793,0.5973716588029773,3600.0016510486603,55659.0,-1506899839,0.253073024,False,False,SolutionPolishing,False,4,0.06,1026,23612090[].aqua,3600,1,0,0,0.05,-1,-1,0,-1,inf,True,False,False,1,True,False,True,False,False,Lazy,False,0,Chain,False,False,False,False,False,0.380032,3606,3577
58.51063829787234,50.0,1.0,1,2,0,0,3,0.0200915336608886,0,0,0,0.8459626,0.01,0.01,0.845872424919329,0.1996099948883056,0.0576744515536035,0.8226165494862036,0.3663961887359619,0.18750814889035,BendWorstOCT,2026-07-10 22:39:33,thoracic,Quantile Thresholds,5.0,16,13,3,36,2,9,0.3400000000000001,0.5300873260787722,0.5590803708199178,3600.001310110092,33548.0,188422786,0.210898976,False,False,SolutionPolishing,False,4,0.08,1021,23612090[].aqua,3600,1,0,0,0.05,-1,-1,0,-1,inf,True,False,False,1,True,True,False,False,False,Lazy,False,0,Chain,False,False,False,False,False,0.335328,3609,3572
63.82978723404256,63.75,2.0,2,4,0,0,2,0.2054483890533447,0,0,0,0.9209295,0.01,0.01,0.9206120527306906,0.0912590026855468,0.0385929298025314,0.9206120527306906,0.1471979618072509,0.1423969647855488,BendWorstOCT,2026-07-10 22:40:19,thoracic,Quantile Thresholds,5.0,16,13,3,36,2,9,0.4775000002954989,0.7403479880700613,0.5504669897631412,3600.002758026123,74419.0,311861686,0.276038848,False,False,SolutionPolishing,False,4,0.04,1030,23612090[].aqua,3600,1,0,0,0.05,-1,-1,0,-1,inf,True,False,False,1,True,False,True,False,False,Lazy,False,0,Chain,False,False,False,False,False,0.364556,3605,3573
63.82978723404256,63.75,2.0,2,4,0,0,2,0.3147990703582763,0,0,0,0.9209295,0.01,0.01,0.9206120527306906,0.0869779586791992,0.0385929298025314,0.9206120527306906,0.1400809288024902,0.1423969647855488,BendWorstOCT,2026-07-10 22:40:19,thoracic,Quantile Thresholds,5.0,16,13,3,36,2,9,0.4775000002954989,0.740560733228953,0.5509125293626387,3600.001023054123,73735.0,311861686,0.276036752,False,False,SolutionPolishing,False,4,0.04,1031,23612090[].aqua,3600,1,0,0,0.05,-1,-1,0,-1,inf,True,False,False,1,True,False,False,False,False,Lazy,False,0,Chain,False,False,False,False,False,0.381384,3605,3573
59.7872340425532,59.5,2.25,3,4,0,0,2,0.0212447643280029,0,0,0,0.9209295,0.01,0.01,0.9206120527306906,0.0859460830688476,0.0385929298025314,0.9206120527306906,0.1388990879058838,0.1423969647855488,BendWorstOCT,2026-07-10 22:40:20,thoracic,Quantile Thresholds,5.0,16,13,3,36,2,9,0.4349999999999982,0.7515695077181119,0.7277459947542874,3600.00101518631,66000.0,311861686,0.295803472,False,False,SolutionPolishing,False,4,0.04,1029,23612090[].aqua,3600,1,0,0,0.05,-1,-1,0,-1,inf,True,False,False,1,True,True,False,False,False,Lazy,False,0,Chain,False,False,False,False,False,0.421788,3606,3580
70.42553191489361,70.0,3.4444444444444446,4,9,0,0,4,0.4175684452056885,0,0,0,0.9796901,0.0,0.01,0.9794912790697592,0.1540350914001464,0.043025962928548,0.9768783397802636,0.2616729736328125,0.1363869175363324,BendWorstOCT,2026-07-10 22:40:20,thoracic,Quantile Thresholds,5.0,16,13,3,36,2,9,0.6099999999999999,0.934258448128598,0.5315712264403248,3600.005886077881,83054.0,613900699,0.366894416,False,False,SolutionPolishing,False,4,0.01,1039,23612090[].aqua,3600,1,0,0,0.05,-1,-1,0,-1,inf,True,False,False,1,True,False,False,False,False,Lazy,False,0,Chain,False,False,False,False,False,0.471728,3605,3574
68.93617021276596,68.57142857142857,3.0,3,8,0,0,3,0.0288090705871582,0,0,0,0.9796901,0.0,0.01,0.9794912790697592,0.1330640316009521,0.043025962928548,0.976939374841338,0.2657299041748047,0.1413031002983135,BendWorstOCT,2026-07-10 22:40:20,thoracic,Quantile Thresholds,5.0,16,13,3,36,2,9,0.6057142857142856,0.936698373508096,0.5464359939992155,3600.0007770061493,76542.0,613900699,0.334133968,False,False,SolutionPolishing,False,4,0.01,1037,23612090[].aqua,3600,1,0,0,0.05,-1,-1,0,-1,inf,True,False,False,1,True,True,False,False,False,Lazy,False,0,Chain,False,False,False,False,False,0.457284,3605,3571
70.42553191489361,70.0,3.4444444444444446,4,9,0,0,4,0.3217732906341553,0,0,0,0.9796901,0.0,0.01,0.9794912790697592,0.1553630828857422,0.043025962928548,0.9768783397802636,0.2621810436248779,0.1363869175363324,BendWorstOCT,2026-07-10 22:40:20,thoracic,Quantile Thresholds,5.0,16,13,3,36,2,9,0.6099999999999999,0.9347290047842256,0.5323426307938126,3600.0008680820465,76987.0,613900699,0.298744832,False,False,SolutionPolishing,False,4,0.01,1038,23612090[].aqua,3600,1,0,0,0.05,-1,-1,0,-1,inf,True,False,False,1,True,False,True,False,False,Lazy,False,0,Chain,False,False,False,False,False,0.427564,3606,3573
63.82978723404256,63.75,2.0,2,4,0,0,2,0.2617721557617187,0,0,0,0.9598011,0.01,0.01,0.959658344283829,0.0960447788238525,0.0353063907635699,0.959658344283829,0.1541149616241455,0.1377794667034177,BendWorstOCT,2026-07-10 22:40:20,thoracic,Quantile Thresholds,5.0,16,13,3,36,2,9,0.5574999999999973,0.8739423602090142,0.5676096147246966,3600.0008919239044,72170.0,1684282963,0.283470144,False,False,SolutionPolishing,False,4,0.02,1034,23612090[].aqua,3600,1,0,0,0.05,-1,-1,0,-1,inf,True,False,False,1,True,False,True,False,False,Lazy,False,0,Chain,False,False,False,False,False,0.394572,3606,3573
63.82978723404256,63.75,2.0,2,4,0,0,2,0.0123717784881591,0,0,0,0.9598011,0.01,0.01,0.959658344283829,0.095923900604248,0.0353063907635699,0.959658344283829,0.1540219783782959,0.1377794667034177,BendWorstOCT,2026-07-10 22:40:20,thoracic,Quantile Thresholds,5.0,16,13,3,36,2,9,0.5574999999999973,0.8712362648668591,0.5627556320481852,3600.000946044922,71309.0,1684282963,0.306627864,False,False,SolutionPolishing,False,4,0.02,1033,23612090[].aqua,3600,1,0,0,0.05,-1,-1,0,-1,inf,True,False,False,1,True,True,False,False,False,Lazy,False,0,Chain,False,False,False,False,False,0.430988,3606,3573
63.82978723404256,63.75,2.0,2,4,0,0,2,0.3358559608459472,0,0,0,0.9598011,0.01,0.01,0.959658344283829,0.095689058303833,0.0353063907635699,0.959658344283829,0.1540441513061523,0.1377794667034177,BendWorstOCT,2026-07-10 22:40:20,thoracic,Quantile Thresholds,5.0,16,13,3,36,2,9,0.5574999999999973,0.8740524560071949,0.5678070959770388,3600.0008800029755,71874.0,1684282963,0.283471408,False,False,SolutionPolishing,False,4,0.02,1035,23612090[].aqua,3600,1,0,0,0.05,-1,-1,0,-1,inf,True,False,False,1,True,False,False,False,False,Lazy,False,0,Chain,False,False,False,False,False,0.412208,3606,3573
63.82978723404256,63.75,2.0,2,4,0,0,2,0.0082144737243652,0,0,0,0.9598011,0.01,0.01,0.959658344283829,0.0965638160705566,0.0353063907635699,0.959658344283829,0.1538708209991455,0.1377794667034177,BendWorstOCT,2026-07-10 22:40:20,thoracic,Quantile Thresholds,5.0,16,13,3,36,2,9,0.5574999999999973,0.8712625963248353,0.5628028633629407,3600.002394914627,70995.0,1684282963,0.306629608,False,False,SolutionPolishing,False,4,0.02,1032,23612090[].aqua,3600,1,0,0,0.05,-1,-1,0,-1,inf,True,False,False,1,True,True,True,False,False,Lazy,False,0,Chain,False,False,False,False,False,0.440832,3606,3573
68.93617021276596,68.57142857142857,3.0,3,8,0,0,3,0.0229122638702392,0,0,0,0.9796901,0.0,0.01,0.9794912790697592,0.1484739780426025,0.043025962928548,0.976939374841338,0.287553071975708,0.1413031002983135,BendWorstOCT,2026-07-10 22:40:20,thoracic,Quantile Thresholds,5.0,16,13,3,36,2,9,0.6057142857142856,0.9374092055614708,0.5476095374835606,3600.000972032547,68467.0,613900699,0.321245264,False,False,SolutionPolishing,False,4,0.01,1036,23612090[].aqua,3600,1,0,0,0.05,-1,-1,0,-1,inf,True,False,False,1,True,True,True,False,False,Lazy,False,0,Chain,False,False,False,False,False,0.448728,3606,3572
65.74468085106383,65.71428571428571,3.0,3,8,0,0,2,0.0173633098602294,0,0,0,0.9837455,0.0,0.01,0.9837321336760836,0.1065740585327148,0.0360754478748987,0.9814620297974423,0.202686071395874,0.1221190779123336,BendWorstOCT,2026-07-10 22:40:55,thoracic,Quantile Thresholds,5.0,16,13,3,36,2,9,0.5931428571428571,0.949922422830516,0.6015069749069393,3600.000694990158,88818.0,-1345643475,0.358786824,False,False,SolutionPolishing,False,4,0.008,1040,23612090[].aqua,3600,1,0,0,0.05,-1,-1,0,-1,inf,True,False,False,1,True,True,True,False,False,Lazy,False,0,Chain,False,False,False,False,False,0.475624,3605,3578
65.74468085106383,65.71428571428571,3.0,3,8,0,0,3,0.0224301815032959,0,0,0,0.9878091,0.0,0.01,0.9877692307692214,0.1248819828033447,0.0448739794819249,0.9860924165376866,0.2865149974822998,0.1820123849395533,BendWorstOCT,2026-07-10 22:40:55,thoracic,Quantile Thresholds,5.0,16,13,3,36,2,9,0.6091428571428571,0.9633356608478748,0.5814609816921025,3600.0024778842926,84040.0,2041795386,0.340223392,False,False,SolutionPolishing,False,4,0.006,1044,23612090[].aqua,3600,1,0,0,0.05,-1,-1,0,-1,inf,True,False,False,1,True,True,True,False,False,Lazy,False,0,Chain,False,False,False,False,False,0.463124,3604,3577
70.0,70.0,3.125,4,8,0,0,10,0.4346375465393066,0,0,0,0.9837455,0.0,0.01,0.9837321336760836,0.1105279922485351,0.0360754478748987,0.9814620297974423,0.2201528549194336,0.1221190779123336,BendWorstOCT,2026-07-10 22:40:55,thoracic,Quantile Thresholds,5.0,16,13,3,36,2,9,0.6359999999999999,0.951897903761374,0.4966948172348649,3600.000710010529,96696.0,-1345643475,0.343842304,False,False,SolutionPolishing,False,4,0.008,1043,23612090[].aqua,3600,1,0,0,0.05,-1,-1,0,-1,inf,True,False,False,1,True,False,False,False,False,Lazy,False,0,Chain,False,False,False,False,False,0.455732,3604,3577
65.74468085106383,65.71428571428571,3.0,3,8,0,0,3,0.0272977352142334,0,0,0,0.9878091,0.0,0.01,0.9877692307692214,0.129997968673706,0.0448739794819249,0.9860924165376866,0.2955858707427978,0.1820123849395533,BendWorstOCT,2026-07-10 22:40:55,thoracic,Quantile Thresholds,5.0,16,13,3,36,2,9,0.6091428571428571,0.9631832592306152,0.5812107914198656,3600.0018298625946,87073.0,2041795386,0.342335696,False,False,SolutionPolishing,False,4,0.006,1045,23612090[].aqua,3600,1,0,0,0.05,-1,-1,0,-1,inf,True,False,False,1,True,True,False,False,False,Lazy,False,0,Chain,False,False,False,False,False,0.466896,3604,3576
65.74468085106383,65.71428571428571,3.0,3,8,0,0,2,0.021632432937622,0,0,0,0.9837455,0.0,0.01,0.9837321336760836,0.1134347915649414,0.0360754478748987,0.9814620297974423,0.2131159305572509,0.1221190779123336,BendWorstOCT,2026-07-10 22:40:55,thoracic,Quantile Thresholds,5.0,16,13,3,36,2,9,0.5931428571428571,0.9501209241918188,0.6018416351981533,3600.0012078285217,84852.0,-1345643475,0.346851544,False,False,SolutionPolishing,False,4,0.008,1041,23612090[].aqua,3600,1,0,0,0.05,-1,-1,0,-1,inf,True,False,False,1,True,True,False,False,False,Lazy,False,0,Chain,False,False,False,False,False,0.45222,3606,3578
71.70212765957447,71.42857142857143,3.6666666666666665,4,12,0,0,12,0.4844274520874023,0,0,0,0.9878091,0.0,0.01,0.9877692307692214,0.1524579524993896,0.0448739794819249,0.9860954235637676,0.2798259258270263,0.1475901855013935,BendWorstOCT,2026-07-10 22:40:56,thoracic,Quantile Thresholds,5.0,16,13,3,36,2,9,0.6422857144499429,0.9593984674329422,0.4937253715109895,3600.000824928284,86079.0,2041795386,0.309224232,False,False,SolutionPolishing,False,4,0.006,1047,23612090[].aqua,3600,1,0,0,0.05,-1,-1,0,-1,inf,True,False,False,1,True,False,False,False,False,Lazy,False,0,Chain,False,False,False,False,False,0.451916,3605,3570
71.70212765957447,71.42857142857143,3.6666666666666665,4,12,0,0,12,0.3529210090637207,0,0,0,0.9878091,0.0,0.01,0.9877692307692214,0.1529841423034668,0.0448739794819249,0.9860954235637676,0.2713930606842041,0.1475901855013935,BendWorstOCT,2026-07-10 22:40:56,thoracic,Quantile Thresholds,5.0,16,13,3,36,2,9,0.6422857144499429,0.9593726863431632,0.493685231913924,3600.0024671554565,86992.0,2041795386,0.310129712,False,False,SolutionPolishing,False,4,0.006,1046,23612090[].aqua,3600,1,0,0,0.05,-1,-1,0,-1,inf,True,False,False,1,True,False,True,False,False,Lazy,False,0,Chain,False,False,False,False,False,0.43816,3605,3571
70.0,70.0,3.125,4,8,0,0,10,0.3491714000701904,0,0,0,0.9837455,0.0,0.01,0.9837321336760836,0.1172559261322021,0.0360754478748987,0.9814620297974423,0.2313981056213379,0.1221190779123336,BendWorstOCT,2026-07-10 22:40:56,thoracic,Quantile Thresholds,5.0,16,13,3,36,2,9,0.6359999999999999,0.9520746839643688,0.4969727735288818,3600.0009031295776,91997.0,-1345643475,0.336112544,False,False,SolutionPolishing,False,4,0.008,1042,23612090[].aqua,3600,1,0,0,0.05,-1,-1,0,-1,inf,True,False,False,1,True,False,True,False,False,Lazy,False,0,Chain,False,False,False,False,False,0.440856,3605,3578
74.46808510638297,74.28571428571429,4.0,4,16,0,0,4,0.0568892955780029,0,0,0,0.9918727,0.0,0.01,0.991846153846146,0.1349420547485351,0.0439919801692708,0.9907484880825488,0.2294189929962158,0.1260124329584799,BendWorstOCT,2026-07-10 22:40:56,thoracic,Quantile Thresholds,5.0,16,13,3,36,2,9,0.6788571428571428,0.974798904538333,0.4359411472576454,3600.0018849372864,87995.0,1413466427,0.353782704,False,False,SolutionPolishing,False,4,0.004,1049,23612090[].aqua,3600,1,0,0,0.05,-1,-1,0,-1,inf,True,False,False,1,True,True,False,False,False,Lazy,False,0,Chain,False,False,False,False,False,0.472036,3605,3576
65.74468085106383,65.71428571428571,3.0,3,8,0,0,2,0.0171103477478027,0,0,0,0.9959364,0.0,0.01,0.9959230769230678,0.1357178688049316,0.0439555811692708,0.995374662062679,0.2302119731903076,0.1258777400671902,BendWorstOCT,2026-07-10 22:40:56,thoracic,Quantile Thresholds,5.0,16,13,3,36,2,9,0.6411428571428571,0.9879999999999896,0.5409982174687894,3600.000813961029,105173.0,-836128211,0.351365624,False,False,SolutionPolishing,False,4,0.002,1052,23612090[].aqua,3600,1,0,0,0.05,-1,-1,0,-1,inf,True,False,False,1,True,True,True,False,False,Lazy,False,0,Chain,False,False,False,False,False,0.486892,3606,3577
71.27659574468085,71.25,3.636363636363636,4,11,0,0,8,0.3529512882232666,0,0,0,0.9918727,0.0,0.01,0.991846153846146,0.15372896194458,0.0439919801692708,0.9907597765363024,0.2645368576049804,0.1444539823994605,BendWorstOCT,2026-07-10 22:40:56,thoracic,Quantile Thresholds,5.0,16,13,3,36,2,9,0.6684999999999958,0.9746666666666576,0.4579905260533489,3600.0008749961853,76966.0,1413466427,0.297055152,False,False,SolutionPolishing,False,4,0.004,1050,23612090[].aqua,3600,1,0,0,0.05,-1,-1,0,-1,inf,True,False,False,1,True,False,True,False,False,Lazy,False,0,Chain,False,False,False,False,False,0.427556,3606,3576
71.27659574468085,71.25,3.636363636363636,4,11,0,0,8,0.427152156829834,0,0,0,0.9918727,0.0,0.01,0.991846153846146,0.1524238586425781,0.0439919801692708,0.9907597765363024,0.2717719078063965,0.1444539823994605,BendWorstOCT,2026-07-10 22:40:56,thoracic,Quantile Thresholds,5.0,16,13,3,36,2,9,0.6684999999999958,0.9746666666666576,0.4579905260533489,3600.0025238990784,76894.0,1413466427,0.29705224,False,False,SolutionPolishing,False,4,0.004,1051,23612090[].aqua,3600,1,0,0,0.05,-1,-1,0,-1,inf,True,False,False,1,True,False,False,False,False,Lazy,False,0,Chain,False,False,False,False,False,0.43706,3606,3578
74.46808510638297,74.28571428571429,4.0,4,16,0,0,4,0.0445015430450439,0,0,0,0.9918727,0.0,0.01,0.991846153846146,0.1349000930786132,0.0439919801692708,0.9907484880825488,0.2296981811523437,0.1260124329584799,BendWorstOCT,2026-07-10 22:40:56,thoracic,Quantile Thresholds,5.0,16,13,3,36,2,9,0.6788571428571428,0.9748044506557384,0.4359493170433857,3600.000818967819,87896.0,1413466427,0.353782224,False,False,SolutionPolishing,False,4,0.004,1048,23612090[].aqua,3600,1,0,0,0.05,-1,-1,0,-1,inf,True,False,False,1,True,True,True,False,False,Lazy,False,0,Chain,False,False,False,False,False,0.471952,3606,3576
65.74468085106383,65.71428571428571,3.0,3,8,0,0,2,0.0275373458862304,0,0,0,0.9959364,0.0,0.01,0.9959230769230678,0.1648979187011718,0.0439555811692708,0.995374662062679,0.286003828048706,0.1258777400671902,BendWorstOCT,2026-07-10 22:40:58,thoracic,Quantile Thresholds,5.0,16,13,3,36,2,9,0.6411428571428571,0.9879999999999896,0.5409982174687894,3600.0021119117737,92442.0,-836128211,0.331479704,False,False,SolutionPolishing,False,4,0.002,1053,23612090[].aqua,3600,1,0,0,0.05,-1,-1,0,-1,inf,True,False,False,1,True,True,False,False,False,Lazy,False,0,Chain,False,False,False,False,False,0.445604,3608,3578
74.25531914893617,74.25,3.933333333333333,4,15,0,0,12,0.4060466289520263,0,0,0,0.9959364,0.0,0.01,0.9959230769230678,0.1394438743591308,0.0439555811692708,0.995379888268146,0.239995002746582,0.1441381572169666,BendWorstOCT,2026-07-10 22:41:31,thoracic,Quantile Thresholds,5.0,16,13,3,36,2,9,0.7124999999999951,0.9868418837756012,0.385041240386818,3600.0007059574127,100752.0,-836128211,0.343225448,False,False,SolutionPolishing,False,4,0.002,1054,23612090[].aqua,3600,1,0,0,0.05,-1,-1,0,-1,inf,True,False,False,1,True,False,True,False,False,Lazy,False,0,Chain,False,False,False,False,False,0.48104,3605,3572
74.25531914893617,74.25,3.933333333333333,4,15,0,0,12,0.5859386920928955,0,0,0,0.9959364,0.0,0.01,0.9959230769230678,0.153512954711914,0.0439555811692708,0.995379888268146,0.2688949108123779,0.1441381572169666,BendWorstOCT,2026-07-10 22:41:31,thoracic,Quantile Thresholds,5.0,16,13,3,36,2,9,0.7124999999999951,0.9869463121335904,0.3851878065032943,3600.005462884903,93556.0,-836128211,0.329244872,False,False,SolutionPolishing,False,4,0.002,1055,23612090[].aqua,3600,1,0,0,0.05,-1,-1,0,-1,inf,True,False,False,1,True,False,False,False,False,Lazy,False,0,Chain,False,False,False,False,False,0.45826,3604,3575
65.74468085106383,65.71428571428571,3.0,3,8,0,0,2,0.0171034336090087,0,0,0,0.9979682,0.0,0.01,0.9979615384615288,0.1325349807739257,0.0446749776845325,0.9976892523364383,0.2041008472442627,0.130359444724788,BendWorstOCT,2026-07-10 22:41:31,thoracic,Quantile Thresholds,5.0,16,13,3,36,2,9,0.6491428571428571,0.9939999999999984,0.5312499999999974,3600.000649929046,101635.0,1464308125,0.368080976,False,False,SolutionPolishing,False,4,0.001,1056,23612090[].aqua,3600,1,0,0,0.05,-1,-1,0,-1,inf,True,False,False,1,True,True,True,False,False,Lazy,False,0,Chain,False,False,False,False,False,0.469736,3604,3578
65.74468085106383,65.71428571428571,3.0,3,8,0,0,2,0.0220973491668701,0,0,0,0.9979682,0.0,0.01,0.9979615384615288,0.129871129989624,0.0446749776845325,0.9976892523364383,0.2031400203704834,0.130359444724788,BendWorstOCT,2026-07-10 22:41:31,thoracic,Quantile Thresholds,5.0,16,13,3,36,2,9,0.6491428571428571,0.9939999999999984,0.5312499999999974,3600.000785112381,102315.0,1464308125,0.368080704,False,False,SolutionPolishing,False,4,0.001,1057,23612090[].aqua,3600,1,0,0,0.05,-1,-1,0,-1,inf,True,False,False,1,True,True,False,False,False,Lazy,False,0,Chain,False,False,False,False,False,0.499628,3605,3578
72.97872340425532,72.85714285714286,3.857142857142857,4,14,0,0,8,0.3962047100067138,0,0,0,0.9979682,0.0,0.01,0.9979615384615288,0.142657995223999,0.0446749776845325,0.997689944134068,0.2458760738372802,0.1456942572478145,BendWorstOCT,2026-07-10 22:42:09,thoracic,Quantile Thresholds,5.0,16,13,3,36,2,9,0.7145714558192657,0.9939999999999896,0.3910435295240773,3600.002459049225,85140.0,1464308125,0.301992328,False,False,SolutionPolishing,False,4,0.001,1058,23612090[].aqua,3600,1,0,0,0.05,-1,-1,0,-1,inf,True,False,False,1,True,False,True,False,False,Lazy,False,0,Chain,False,False,False,False,False,0.423236,3605,3579
76.38297872340425,75.71428571428571,4.0,4,16,0,0,16,0.5438089370727539,0,0,0,0.9983745,0.0,0.01,0.9983692307692204,0.134894847869873,0.0428600674104256,0.9981497793752276,0.2535269260406494,0.1519616468012392,BendWorstOCT,2026-07-10 22:42:09,thoracic,Quantile Thresholds,5.0,16,13,3,36,2,9,0.7443428571428571,0.9943900410201438,0.3359301180602271,3600.0006442070007,124073.0,1137246801,0.356440936,False,False,SolutionPolishing,False,4,0.0008,1063,23612090[].aqua,3600,1,0,0,0.05,-1,-1,0,-1,inf,True,False,False,1,True,False,False,False,False,Lazy,False,0,Chain,False,False,False,False,False,0.46292,3604,3577
76.38297872340425,75.71428571428571,4.0,4,16,0,0,16,0.3812832832336426,0,0,0,0.9983745,0.0,0.01,0.9983692307692204,0.1349000930786132,0.0428600674104256,0.9981497793752276,0.2464640140533447,0.1519616468012392,BendWorstOCT,2026-07-10 22:42:09,thoracic,Quantile Thresholds,5.0,16,13,3,36,2,9,0.7443428571428571,0.9943999999999892,0.3359434976201298,3600.0023040771484,122045.0,1137246801,0.354005928,False,False,SolutionPolishing,False,4,0.0008,1062,23612090[].aqua,3600,1,0,0,0.05,-1,-1,0,-1,inf,True,False,False,1,True,False,True,False,False,Lazy,False,0,Chain,False,False,False,False,False,0.469084,3604,3576
74.25531914893617,74.25,3.933333333333333,4,15,0,0,20,0.485785961151123,0,0,0,0.9991873,0.0,0.01,0.9991846153846052,0.1392619609832763,0.037242439851723,0.9990743515272807,0.227712869644165,0.1386951707178853,BendWorstOCT,2026-07-10 22:42:09,thoracic,Quantile Thresholds,5.0,16,13,3,36,2,9,0.7365000047683709,0.9972574299312432,0.3540494548195969,3600.0014860630035,118786.0,-1485617102,0.366540832,False,False,SolutionPolishing,False,4,0.0004,1070,23612090[].aqua,3600,1,0,0,0.05,-1,-1,0,-1,inf,True,False,False,1,True,False,True,False,False,Lazy,False,0,Chain,False,False,False,False,False,0.493784,3604,3578
67.44680851063829,67.14285714285714,3.6666666666666665,4,9,0,0,2,0.0249772071838378,0,0,0,0.9998,0.0,0.0,0.9995999999999896,0.0573198795318603,0.0212279649600951,0.9995472727272624,0.1011199951171875,0.0571303743704503,BendWorstOCT,2026-07-10 22:42:09,thoracic,Quantile Thresholds,5.0,16,13,3,36,2,9,0.6696285714285715,0.9987999999999976,0.4915731535606057,3600.0009908676147,129097.0,1697495145,0.4320128,False,False,SolutionPolishing,False,4,0.0002,1072,23612090[].aqua,3600,1,0,0,0.05,-1,-1,0,-1,inf,True,False,False,1,True,True,True,False,False,Lazy,False,0,Chain,False,False,False,False,False,0.569484,3604,3578
72.97872340425532,72.85714285714286,3.857142857142857,4,14,0,0,8,0.5839333534240723,0,0,0,0.9979682,0.0,0.01,0.9979615384615288,0.1610920429229736,0.0446749776845325,0.997689944134068,0.2909910678863525,0.1456942572478145,BendWorstOCT,2026-07-10 22:42:09,thoracic,Quantile Thresholds,5.0,16,13,3,36,2,9,0.7145714558192657,0.9940400625162704,0.3910995946186939,3600.001301050186,76929.0,1464308125,0.284741056,False,False,SolutionPolishing,False,4,0.001,1059,23612090[].aqua,3600,1,0,0,0.05,-1,-1,0,-1,inf,True,False,False,1,True,False,False,False,False,Lazy,False,0,Chain,False,False,False,False,False,0.441188,3605,3576
68.93617021276596,68.57142857142857,3.0,3,8,0,0,3,0.0212492942810058,0,0,0,0.9983745,0.0,0.01,0.9983692307692204,0.1327579021453857,0.0428600674104256,0.9981475679442406,0.3079688549041748,0.187997335623553,BendWorstOCT,2026-07-10 22:42:09,thoracic,Quantile Thresholds,5.0,16,13,3,36,2,9,0.6793142857142856,0.9952739347942486,0.4651155668656925,3600.003707885742,96662.0,1137246801,0.371294136,False,False,SolutionPolishing,False,4,0.0008,1060,23612090[].aqua,3600,1,0,0,0.05,-1,-1,0,-1,inf,True,False,False,1,True,True,True,False,False,Lazy,False,0,Chain,False,False,False,False,False,0.501868,3605,3576
74.25531914893617,74.25,3.933333333333333,4,15,0,0,20,0.7157104015350342,0,0,0,0.9991873,0.0,0.01,0.9991846153846052,0.1367650032043457,0.037242439851723,0.9990743515272807,0.2276661396026611,0.1386951707178853,BendWorstOCT,2026-07-10 22:42:09,thoracic,Quantile Thresholds,5.0,16,13,3,36,2,9,0.7365000047683709,0.9972599033816322,0.3540528132043533,3600.001304149628,118112.0,-1485617102,0.365172952,False,False,SolutionPolishing,False,4,0.0004,1071,23612090[].aqua,3600,1,0,0,0.05,-1,-1,0,-1,inf,True,False,False,1,True,False,False,False,False,Lazy,False,0,Chain,False,False,False,False,False,0.508204,3605,3577
65.74468085106383,65.71428571428571,3.0,3,8,0,0,2,0.0188391208648681,0,0,0,0.9991873,0.0,0.01,0.9991846153846052,0.1320059299468994,0.037242439851723,0.9990743515272807,0.213343858718872,0.13872900204703,BendWorstOCT,2026-07-10 22:42:10,thoracic,Quantile Thresholds,5.0,16,13,3,36,2,9,0.6539428571428572,0.997588429752056,0.5254978609455592,3600.001224040985,83680.0,-1485617102,0.341999664,False,False,SolutionPolishing,False,4,0.0004,1068,23612090[].aqua,3600,1,0,0,0.05,-1,-1,0,-1,inf,True,False,False,1,True,True,True,False,False,Lazy,False,0,Chain,False,False,False,False,False,0.486164,3605,3574
68.93617021276596,68.57142857142857,3.0,3,8,0,0,3,0.0305843353271484,0,0,0,0.9983745,0.0,0.01,0.9983692307692204,0.1294469833374023,0.0428600674104256,0.9981475679442406,0.3096029758453369,0.187997335623553,BendWorstOCT,2026-07-10 22:42:10,thoracic,Quantile Thresholds,5.0,16,13,3,36,2,9,0.6793142857142856,0.9952427552128388,0.4650696682557771,3600.0015530586243,101186.0,1137246801,0.3787296,False,False,SolutionPolishing,False,4,0.0008,1061,23612090[].aqua,3600,1,0,0,0.05,-1,-1,0,-1,inf,True,False,False,1,True,True,False,False,False,Lazy,False,0,Chain,False,False,False,False,False,0.496488,3605,3577
74.46808510638297,74.28571428571429,4.0,4,16,0,0,12,0.4742922782897949,0,0,0,0.9987809,0.0,0.01,0.9987769230769128,0.1420869827270507,0.041860842051826,0.9986123345314182,0.2774970531463623,0.1525160145275146,BendWorstOCT,2026-07-10 22:42:10,thoracic,Quantile Thresholds,5.0,16,13,3,36,2,9,0.7332571428571429,0.9962607142857038,0.3586784990648235,3600.001039028168,84061.0,-1856003780,0.283657672,False,False,SolutionPolishing,False,4,0.0006,1067,23612090[].aqua,3600,1,0,0,0.05,-1,-1,0,-1,inf,True,False,False,1,True,False,False,False,False,Lazy,False,0,Chain,False,False,False,False,False,0.433968,3605,3575
65.74468085106383,65.71428571428571,3.0,3,8,0,0,2,0.0246164798736572,0,0,0,0.9991873,0.0,0.01,0.9991846153846052,0.1314420700073242,0.037242439851723,0.9990743515272807,0.2129371166229248,0.13872900204703,BendWorstOCT,2026-07-10 22:42:10,thoracic,Quantile Thresholds,5.0,16,13,3,36,2,9,0.6539428571428572,0.9975906642228484,0.5255012778661171,3600.0006711483,82768.0,-1485617102,0.342000304,False,False,SolutionPolishing,False,4,0.0004,1069,23612090[].aqua,3600,1,0,0,0.05,-1,-1,0,-1,inf,True,False,False,1,True,True,False,False,False,Lazy,False,0,Chain,False,False,False,False,False,0.486132,3605,3574
74.46808510638297,74.28571428571429,4.0,4,16,0,0,12,0.3630764484405517,0,0,0,0.9987809,0.0,0.01,0.9987769230769128,0.1431760787963867,0.041860842051826,0.9986123345314182,0.2751970291137695,0.1525160145275146,BendWorstOCT,2026-07-10 22:42:10,thoracic,Quantile Thresholds,5.0,16,13,3,36,2,9,0.7332571428571429,0.9962749999999896,0.3586979816084644,3600.004312992096,82177.0,-1856003780,0.28365724,False,False,SolutionPolishing,False,4,0.0006,1066,23612090[].aqua,3600,1,0,0,0.05,-1,-1,0,-1,inf,True,False,False,1,True,False,True,False,False,Lazy,False,0,Chain,False,False,False,False,False,0.431356,3605,3577
68.93617021276596,68.57142857142857,3.0,3,8,0,0,2,0.0282368659973144,0,0,0,0.9987809,0.0,0.01,0.9987769230769128,0.1352419853210449,0.041860842051826,0.9986145454545344,0.3008511066436767,0.1731823485381899,BendWorstOCT,2026-07-10 22:42:10,thoracic,Quantile Thresholds,5.0,16,13,3,36,2,9,0.6809142857142857,0.9962916956041734,0.4631675623592678,3600.0008020401,112468.0,-1856003780,0.365712848,False,False,SolutionPolishing,False,4,0.0006,1065,23612090[].aqua,3600,1,0,0,0.05,-1,-1,0,-1,inf,True,False,False,1,True,True,False,False,False,Lazy,False,0,Chain,False,False,False,False,False,0.489824,3606,3576
68.93617021276596,68.57142857142857,3.0,3,8,0,0,2,0.0270416736602783,0,0,0,0.9987809,0.01,0.01,0.9987769230769128,0.1774179935455322,0.041860842051826,0.9986145454545344,0.3953959941864013,0.1731823485381899,BendWorstOCT,2026-07-10 22:42:15,thoracic,Quantile Thresholds,5.0,16,13,3,36,2,9,0.6809142857142857,0.9963999999999968,0.4633266196710259,3600.001123189926,83437.0,-1856003780,0.31565308,False,False,SolutionPolishing,False,4,0.0006,1064,23612090[].aqua,3600,1,0,0,0.05,-1,-1,0,-1,inf,True,False,False,1,True,True,True,False,False,Lazy,False,0,Chain,False,False,False,False,False,0.431252,3611,3578
72.97872340425532,72.85714285714286,3.933333333333333,4,15,0,0,10,0.3173739910125732,0,0,0,0.9998,0.0,0.0,0.9995999999999896,0.0564439296722412,0.0212279649600951,0.9995472727272624,0.1060640811920166,0.0571303743704503,BendWorstOCT,2026-07-10 22:42:45,thoracic,Quantile Thresholds,5.0,16,13,3,36,2,9,0.7255714285714285,0.9986880952380928,0.3764159611472042,3600.000648021698,126830.0,1697495145,0.42073516,False,False,SolutionPolishing,False,4,0.0002,1074,23612090[].aqua,3600,1,0,0,0.05,-1,-1,0,-1,inf,True,False,False,1,True,False,True,False,False,Lazy,False,0,Chain,False,False,False,False,False,0.549448,3605,3577
72.97872340425532,72.85714285714286,3.933333333333333,4,15,0,0,10,0.4271829128265381,0,0,0,0.9998,0.0,0.0,0.9995999999999896,0.0567550659179687,0.0212279649600951,0.9995472727272624,0.1068930625915527,0.0571303743704503,BendWorstOCT,2026-07-10 22:42:46,thoracic,Quantile Thresholds,5.0,16,13,3,36,2,9,0.7255714285714285,0.9986871287128688,0.3764146290588861,3600.0010421276093,127538.0,1697495145,0.420735656,False,False,SolutionPolishing,False,4,0.0002,1075,23612090[].aqua,3600,1,0,0,0.05,-1,-1,0,-1,inf,True,False,False,1,True,False,False,False,False,Lazy,False,0,Chain,False,False,False,False,False,0.561008,3605,3577
67.44680851063829,67.14285714285714,3.6666666666666665,4,9,0,0,2,0.0305805206298828,0,0,0,0.9998,0.0,0.0,0.9995999999999896,0.0617330074310302,0.0212279649600951,0.9995472727272624,0.1075019836425781,0.0571303743704503,BendWorstOCT,2026-07-10 22:42:46,thoracic,Quantile Thresholds,5.0,16,13,3,36,2,9,0.6696285714285715,0.9988030676855956,0.4915777347354968,3600.000772953033,120932.0,1697495145,0.42913852,False,False,SolutionPolishing,False,4,0.0002,1073,23612090[].aqua,3600,1,0,0,0.05,-1,-1,0,-1,inf,True,False,False,1,True,True,False,False,False,Lazy,False,0,Chain,False,False,False,False,False,0.561072,3605,3577
70.0,70.0,3.636363636363636,4,11,0,0,4,0.0360379219055175,0,0,0,0.9999,0.0,0.0,0.9997999999999896,0.0626089572906494,0.0226874421303562,0.9997771689497614,0.1370368003845214,0.0824351021866346,BendWorstOCT,2026-07-10 22:43:24,thoracic,Quantile Thresholds,5.0,16,13,3,36,2,9,0.6989,0.9993999999999896,0.4299613678637713,3600.0008358955383,64110.0,-2095635020,0.273054064,False,False,SolutionPolishing,False,4,0.0001,1076,23612090[].aqua,3600,1,0,0,0.05,-1,-1,0,-1,inf,True,False,False,1,True,True,True,False,False,Lazy,False,0,Chain,False,False,False,False,False,0.402212,3605,3575
70.0,70.0,3.636363636363636,4,11,0,0,4,0.0611233711242675,0,0,0,0.9999,0.0,0.0,0.9997999999999896,0.0710680484771728,0.0226874421303562,0.9997771689497614,0.1706221103668213,0.0824351021866346,BendWorstOCT,2026-07-10 22:43:26,thoracic,Quantile Thresholds,5.0,16,13,3,36,2,9,0.6989,0.9994008979489188,0.4299626526669322,3600.001374006272,52105.0,-2095635020,0.247452008,False,False,SolutionPolishing,False,4,0.0001,1077,23612090[].aqua,3600,1,0,0,0.05,-1,-1,0,-1,inf,True,False,False,1,True,True,False,False,False,Lazy,False,0,Chain,False,False,False,False,False,0.377532,3608,3576
74.68085106382979,74.28571428571429,4.0,4,16,0,0,14,0.586233377456665,0,0,0,0.9999,0.0,0.0,0.9997999999999896,0.0607011318206787,0.0226874421303562,0.9997771689497614,0.1469190120697021,0.0824351021866346,BendWorstOCT,2026-07-10 22:45:19,thoracic,Quantile Thresholds,5.0,16,13,3,36,2,9,0.741257142857143,0.9993523611111108,0.3481858093928798,3600.0017499923706,71800.0,-2095635020,0.30018672,False,False,SolutionPolishing,False,4,0.0001,1079,23612090[].aqua,3600,1,0,0,0.05,-1,-1,0,-1,inf,True,False,False,1,True,False,False,False,False,Lazy,False,0,Chain,False,False,False,False,False,0.442328,3605,3577
74.68085106382979,74.28571428571429,4.0,4,16,0,0,14,0.436718225479126,0,0,0,0.9999,0.0,0.0,0.9997999999999896,0.0626058578491211,0.0226874421303562,0.9997771689497614,0.1422228813171386,0.0824351021866346,BendWorstOCT,2026-07-10 22:45:19,thoracic,Quantile Thresholds,5.0,16,13,3,36,2,9,0.741257142857143,0.9993542599692522,0.3481883710655189,3600.000754833221,69783.0,-2095635020,0.28903884,False,False,SolutionPolishing,False,4,0.0001,1078,23612090[].aqua,3600,1,0,0,0.05,-1,-1,0,-1,inf,True,False,False,1,True,False,True,False,False,Lazy,False,0,Chain,False,False,False,False,False,0.413208,3605,3577
64.0092879256966,63.33885666942833,1.0,1,2,0,0,4,0.0297057628631591,0,0,0,0.8520682,0.31,0.92,0.8519214293177456,0.8455390930175781,1.0497132639772495,0.8342135012178227,1.4738759994506836,1.6707866269703229,BendWorstOCT,2026-07-10 22:45:19,seismic-bumps,Quantile Thresholds,5.0,15,5,10,39,2,9,0.4733885666942962,0.5661422828177284,0.1959356914154846,3600.0014700889587,10459.0,1483253415,0.563715936,False,False,SolutionPolishing,False,3,0.08,1080,23612090[].aqua,3600,1,0,0,0.05,-1,-1,0,-1,inf,True,False,False,1,True,True,True,False,False,Lazy,False,0,Chain,False,False,False,False,False,0.48894,3605,3577
64.0092879256966,63.33885666942833,1.0,1,2,0,0,4,0.0628566741943359,0,0,0,0.8520682,0.3,0.92,0.8519214293177456,0.8095650672912598,1.0497132639772495,0.8342135012178227,1.4950261116027832,1.6707866269703229,BendWorstOCT,2026-07-10 22:45:19,seismic-bumps,Quantile Thresholds,5.0,15,5,10,39,2,9,0.4733885666942962,0.568221983953862,0.2003289135641654,3600.001456975937,10175.0,1483253415,0.563716576,False,False,SolutionPolishing,False,3,0.08,1081,23612090[].aqua,3600,1,0,0,0.05,-1,-1,0,-1,inf,True,False,False,1,True,True,False,False,False,Lazy,False,0,Chain,False,False,False,False,False,0.481488,3606,3579
71.09133126934985,71.00248550124275,1.6666666666666667,2,3,0,0,2,0.0339539051055908,0,0,0,0.8875355,0.32,0.89,0.8875131965445314,0.8557870388031006,1.1313885596031468,0.8742084788074462,1.420001983642578,1.9475757284430928,BendWorstOCT,2026-07-10 22:45:55,seismic-bumps,Quantile Thresholds,5.0,15,5,10,39,2,9,0.53002485501245,0.6710285311729569,0.2660321960886057,3600.001233100891,8985.0,558668743,0.747243272,False,False,SolutionPolishing,False,3,0.06,1085,23612090[].aqua,3600,1,0,0,0.05,-1,-1,0,-1,inf,True,False,False,1,True,True,False,False,False,Lazy,False,0,Chain,False,False,False,False,False,0.536112,3605,3577
71.09133126934985,71.00248550124275,1.6666666666666667,2,3,0,0,2,0.2173888683319091,0,0,0,0.8875355,0.3,0.89,0.8875131965445314,0.8561789989471436,1.1313885596031468,0.8742466282093457,1.4031319618225098,1.970392089555158,BendWorstOCT,2026-07-10 22:45:55,seismic-bumps,Quantile Thresholds,5.0,15,5,10,39,2,9,0.53002485501245,0.6719065369579408,0.2676887330918812,3600.007162094116,9622.0,558668743,0.695346392,False,False,SolutionPolishing,False,3,0.06,1086,23612090[].aqua,3600,1,0,0,0.05,-1,-1,0,-1,inf,True,False,False,1,True,False,True,False,False,Lazy,False,0,Chain,False,False,False,False,False,0.472872,3605,3577
71.09133126934985,71.00248550124275,1.6666666666666667,2,3,0,0,2,0.0246849060058593,0,0,0,0.8875355,0.31,0.89,0.8875131965445314,0.8467438220977783,1.1313885596031468,0.8742084788074462,1.4073078632354736,1.9475757284430928,BendWorstOCT,2026-07-10 22:45:55,seismic-bumps,Quantile Thresholds,5.0,15,5,10,39,2,9,0.53002485501245,0.6708499345259862,0.2656952370851141,3600.0012288093567,9002.0,558668743,0.747244456,False,False,SolutionPolishing,False,3,0.06,1084,23612090[].aqua,3600,1,0,0,0.05,-1,-1,0,-1,inf,True,False,False,1,True,True,True,False,False,Lazy,False,0,Chain,False,False,False,False,False,0.525392,3605,3577
71.09133126934985,71.00248550124275,1.6666666666666667,2,3,0,0,4,0.0925507545471191,0,0,0,0.9241984,0.28,0.85,0.924160776326846,0.8243300914764404,0.9841423439598492,0.9144672347658812,1.9241299629211424,2.000157299693627,BendWorstOCT,2026-07-10 22:45:55,seismic-bumps,Quantile Thresholds,5.0,15,5,10,39,2,9,0.59002485501245,0.7774984604926035,0.3177384882814771,3600.0019359588623,12279.0,1505620022,0.51184372,False,False,SolutionPolishing,False,3,0.04,1089,23612090[].aqua,3600,1,0,0,0.05,-1,-1,0,-1,inf,True,False,False,1,True,True,False,False,False,Lazy,False,0,Chain,False,False,False,False,False,0.491048,3605,3577
71.09133126934985,71.00248550124275,1.6666666666666667,2,3,0,0,4,0.062023639678955,0,0,0,0.9241984,0.28,0.85,0.924160776326846,0.8060300350189209,0.9841423439598492,0.9144672347658812,1.843461036682129,2.000157299693627,BendWorstOCT,2026-07-10 22:45:55,seismic-bumps,Quantile Thresholds,5.0,15,5,10,39,2,9,0.59002485501245,0.7774903741141879,0.3177247831327076,3600.007192134857,12313.0,1505620022,0.51184292,False,False,SolutionPolishing,False,3,0.04,1088,23612090[].aqua,3600,1,0,0,0.05,-1,-1,0,-1,inf,True,False,False,1,True,True,True,False,False,Lazy,False,0,Chain,False,False,False,False,False,0.53314,3605,3577
71.09133126934985,71.00248550124275,1.6666666666666667,2,3,0,0,2,0.4136788845062256,0,0,0,0.8875355,0.3,0.89,0.8875131965445314,0.861799955368042,1.1313885596031468,0.8742466282093457,1.433892011642456,1.970392089555158,BendWorstOCT,2026-07-10 22:45:55,seismic-bumps,Quantile Thresholds,5.0,15,5,10,39,2,9,0.53002485501245,0.6723826127006292,0.2685869470872932,3600.006479024887,9550.0,558668743,0.695347,False,False,SolutionPolishing,False,3,0.06,1087,23612090[].aqua,3600,1,0,0,0.05,-1,-1,0,-1,inf,True,False,False,1,True,False,False,False,False,Lazy,False,0,Chain,False,False,False,False,False,0.482424,3605,3577
71.09133126934985,71.00248550124275,1.6666666666666667,2,3,0,0,3,0.3017890453338623,0,0,0,0.9241984,0.28,0.85,0.924160776326846,0.8801348209381104,0.9841423439598492,0.9145093871135348,1.2983520030975342,1.380459826839973,BendWorstOCT,2026-07-10 22:45:55,seismic-bumps,Quantile Thresholds,5.0,15,5,10,39,2,9,0.59002485501245,0.7874839388482947,0.3346623149149847,3600.005385875702,8286.0,1505620022,0.577849264,False,False,SolutionPolishing,False,3,0.04,1090,23612090[].aqua,3600,1,0,0,0.05,-1,-1,0,-1,inf,True,False,False,1,True,False,True,False,False,Lazy,False,0,Chain,False,False,False,False,False,0.482584,3605,3577
71.09133126934985,71.00248550124275,1.6666666666666667,2,3,0,0,3,0.4612851142883301,0,0,0,0.9241984,0.27,0.85,0.924160776326846,0.7652480602264404,0.9841423439598492,0.9145093871135348,1.165673017501831,1.380459826839973,BendWorstOCT,2026-07-10 22:46:28,seismic-bumps,Quantile Thresholds,5.0,15,5,10,39,2,9,0.59002485501245,0.7842508940083781,0.3291828087340996,3600.001153945923,9156.0,1505620022,0.577849104,False,False,SolutionPolishing,False,3,0.04,1091,23612090[].aqua,3600,1,0,0,0.05,-1,-1,0,-1,inf,True,False,False,1,True,False,False,False,False,Lazy,False,0,Chain,False,False,False,False,False,0.494132,3604,3578
71.09133126934985,71.00248550124275,1.6666666666666667,2,3,0,0,2,0.0240871906280517,0,0,0,0.9609748,0.29,0.85,0.9609632590900614,0.8075411319732666,1.0026925614258468,0.9558919567827509,1.085618019104004,1.2787745664850705,BendWorstOCT,2026-07-10 22:46:28,seismic-bumps,Quantile Thresholds,5.0,15,5,10,39,2,9,0.6500248550124499,0.8817407176835974,0.3564723116113913,3600.001214981079,13845.0,563094429,0.486327944,False,False,SolutionPolishing,False,3,0.02,1092,23612090[].aqua,3600,1,0,0,0.05,-1,-1,0,-1,inf,True,False,False,1,True,True,True,False,False,Lazy,False,0,Chain,False,False,False,False,False,0.523388,3604,3577
71.09133126934985,71.00248550124275,1.6666666666666667,2,3,0,0,3,0.0498428344726562,0,0,0,0.9801363,0.64,2.14,0.9801138038995134,1.2583909034729004,2.4783081428858726,0.977800379275822,6.3274219036102295,9.540027652857916,BendWorstOCT,2026-07-10 22:46:28,seismic-bumps,Quantile Thresholds,5.0,15,5,10,39,2,9,0.6800248550124499,0.93883825016361,0.380594022767626,3600.0019829273224,13487.0,335563273,0.58673444,False,False,SolutionPolishing,False,3,0.01,1097,23612090[].aqua,3600,1,0,0,0.05,-1,-1,0,-1,inf,True,False,False,1,True,True,False,False,False,Lazy,False,0,Chain,False,False,False,False,False,0.533552,3604,3575
71.09133126934985,71.00248550124275,1.6666666666666667,2,3,0,0,3,0.3430256843566894,0,0,0,0.9801363,0.64,2.14,0.9801138038995134,1.2890989780426023,2.4783081428858726,0.9778028552811096,1.7044861316680908,2.8225336962923886,BendWorstOCT,2026-07-10 22:46:28,seismic-bumps,Quantile Thresholds,5.0,15,5,10,39,2,9,0.6800248550124499,0.934117647058821,0.3736522131117092,3600.001304149628,17768.0,335563273,0.519518432,False,False,SolutionPolishing,False,3,0.01,1098,23612090[].aqua,3600,1,0,0,0.05,-1,-1,0,-1,inf,True,False,False,1,True,False,True,False,False,Lazy,False,0,Chain,False,False,False,False,False,0.487588,3604,3576
71.09133126934985,71.00248550124275,1.6666666666666667,2,3,0,0,4,0.5852916240692139,0,0,0,0.9609748,0.3,0.85,0.9609632590900614,0.8824000358581543,1.0026925614258468,0.9558919567827509,1.236310958862305,1.2798779704850685,BendWorstOCT,2026-07-10 22:46:29,seismic-bumps,Quantile Thresholds,5.0,15,5,10,39,2,9,0.6500248550124499,0.8822419857921725,0.3572434638292023,3600.001240968704,13041.0,563094429,0.486325752,False,False,SolutionPolishing,False,3,0.02,1095,23612090[].aqua,3600,1,0,0,0.05,-1,-1,0,-1,inf,True,False,False,1,True,False,False,False,False,Lazy,False,0,Chain,False,False,False,False,False,0.528296,3605,3579
71.09133126934985,71.00248550124275,1.6666666666666667,2,3,0,0,3,0.6132485866546631,0,0,0,0.9801363,0.69,2.14,0.9801138038995134,1.4205350875854492,2.4783081428858726,0.9778028552811096,1.9169151782989504,2.8225336962923886,BendWorstOCT,2026-07-10 22:46:29,seismic-bumps,Quantile Thresholds,5.0,15,5,10,39,2,9,0.6800248550124499,0.9341727761906852,0.3737332824012472,3600.0092420578003,17188.0,335563273,0.51951976,False,False,SolutionPolishing,False,3,0.01,1099,23612090[].aqua,3600,1,0,0,0.05,-1,-1,0,-1,inf,True,False,False,1,True,False,False,False,False,Lazy,False,0,Chain,False,False,False,False,False,0.499184,3605,3575
71.09133126934985,71.00248550124275,1.6666666666666667,2,3,0,0,3,0.0534079074859619,0,0,0,0.9840531,0.71,2.24,0.9835152194211414,1.2337279319763184,2.4634010875413925,0.982049342500076,1.8739371299743648,2.914478200423252,BendWorstOCT,2026-07-10 22:46:29,seismic-bumps,Quantile Thresholds,5.0,15,5,10,39,2,9,0.6860248550124499,0.949968754471504,0.3847439309677258,3600.0014560222626,15180.0,1378721152,0.508003552,False,False,SolutionPolishing,False,3,0.008,1101,23612090[].aqua,3600,1,0,0,0.05,-1,-1,0,-1,inf,True,False,False,1,True,True,False,False,False,Lazy,False,0,Chain,False,False,False,False,False,0.503444,3605,3575
71.09133126934985,71.00248550124275,1.6666666666666667,2,3,0,0,4,0.3555641174316406,0,0,0,0.9609748,0.3,0.85,0.9609632590900614,0.8750889301300049,1.0026925614258468,0.9558919567827509,1.1963369846343994,1.2798779704850685,BendWorstOCT,2026-07-10 22:46:29,seismic-bumps,Quantile Thresholds,5.0,15,5,10,39,2,9,0.6500248550124499,0.8822419857921725,0.3572434638292023,3600.0014729499817,13027.0,563094429,0.48632572,False,False,SolutionPolishing,False,3,0.02,1094,23612090[].aqua,3600,1,0,0,0.05,-1,-1,0,-1,inf,True,False,False,1,True,False,True,False,False,Lazy,False,0,Chain,False,False,False,False,False,0.540076,3605,3579
71.09133126934985,71.00248550124275,1.6666666666666667,2,3,0,0,3,0.0327417850494384,0,0,0,0.9840531,0.71,2.24,0.9835152194211414,1.2190980911254885,2.4634010875413925,0.982049342500076,1.8385441303253167,2.914478200423252,BendWorstOCT,2026-07-10 22:46:29,seismic-bumps,Quantile Thresholds,5.0,15,5,10,39,2,9,0.6860248550124499,0.9499457755894288,0.3847104352686892,3600.005525112152,15230.0,1378721152,0.508002848,False,False,SolutionPolishing,False,3,0.008,1100,23612090[].aqua,3600,1,0,0,0.05,-1,-1,0,-1,inf,True,False,False,1,True,True,True,False,False,Lazy,False,0,Chain,False,False,False,False,False,0.506972,3605,3575
71.09133126934985,71.00248550124275,1.6666666666666667,2,3,0,0,2,0.0354433059692382,0,0,0,0.9609748,0.3,0.85,0.9609632590900614,0.8669278621673584,1.0026925614258468,0.9558919567827509,1.1788599491119385,1.2787745664850705,BendWorstOCT,2026-07-10 22:46:29,seismic-bumps,Quantile Thresholds,5.0,15,5,10,39,2,9,0.6500248550124499,0.8822679928858621,0.3572834732126729,3600.001450061798,12954.0,563094429,0.486330704,False,False,SolutionPolishing,False,3,0.02,1093,23612090[].aqua,3600,1,0,0,0.05,-1,-1,0,-1,inf,True,False,False,1,True,True,False,False,False,Lazy,False,0,Chain,False,False,False,False,False,0.4707,3605,3579
71.09133126934985,71.00248550124275,1.6666666666666667,2,3,0,0,3,0.032088279724121,0,0,0,0.9801363,0.68,2.14,0.9801138038995134,1.3788440227508545,2.4783081428858726,0.977800379275822,6.725774049758911,9.540027652857916,BendWorstOCT,2026-07-10 22:46:29,seismic-bumps,Quantile Thresholds,5.0,15,5,10,39,2,9,0.6800248550124499,0.938968751465524,0.3807859294324373,3600.001774072647,13234.0,335563273,0.586733736,False,False,SolutionPolishing,False,3,0.01,1096,23612090[].aqua,3600,1,0,0,0.05,-1,-1,0,-1,inf,True,False,False,1,True,True,True,False,False,Lazy,False,0,Chain,False,False,False,False,False,0.53178,3605,3574
64.0092879256966,63.33885666942833,1.0,1,2,0,0,2,0.2850873470306396,0,0,0,0.8520682,0.31,0.92,0.8519214293177456,1.821153163909912,1.0497132639772495,0.8341887512716388,2.244089126586914,1.3998900886664618,BendWorstOCT,2026-07-10 22:47:32,seismic-bumps,Quantile Thresholds,5.0,15,5,10,39,2,9,0.473388566988974,0.580906455176893,0.2271239647205574,3600.0370280742645,7368.0,1483253415,0.683630472,False,False,SolutionPolishing,False,3,0.08,1082,23612090[].aqua,3600,1,0,0,0.05,-1,-1,0,-1,inf,True,False,False,1,True,False,True,False,False,Lazy,False,0,Chain,False,False,False,False,False,0.46524,3705,3573
64.0092879256966,63.33885666942833,1.0,1,2,0,0,2,0.404996395111084,0,0,0,0.8520682,0.31,0.92,0.8519214293177456,1.8211541175842283,1.0497132639772495,0.8341887512716388,2.244089126586914,1.3998900886664618,BendWorstOCT,2026-07-10 22:47:32,seismic-bumps,Quantile Thresholds,5.0,15,5,10,39,2,9,0.473388566988974,0.5810652486965198,0.2274594048445908,3600.0370280742645,7312.0,1483253415,0.68362832,False,False,SolutionPolishing,False,3,0.08,1083,23612090[].aqua,3600,1,0,0,0.05,-1,-1,0,-1,inf,True,False,False,1,True,False,False,False,False,Lazy,False,0,Chain,False,False,False,False,False,0.536784,3705,3575
71.09133126934985,71.00248550124275,1.6666666666666667,2,3,0,0,2,0.5386340618133545,0,0,0,0.9840531,0.68,2.24,0.9835152194211414,1.1839468479156494,2.4634010875413925,0.9821637265365348,1.3616979122161863,2.6601213206692687,BendWorstOCT,2026-07-10 22:47:40,seismic-bumps,Quantile Thresholds,5.0,15,5,10,39,2,9,0.6860248550124499,0.9512046753157042,0.3865454995773321,3600.0015020370483,16221.0,1378721152,0.571027464,False,False,SolutionPolishing,False,3,0.008,1103,23612090[].aqua,3600,1,0,0,0.05,-1,-1,0,-1,inf,True,False,False,1,True,False,False,False,False,Lazy,False,0,Chain,False,False,False,False,False,0.507568,3605,3578
71.09133126934985,71.00248550124275,1.6666666666666667,2,3,0,0,2,0.3378512859344482,0,0,0,0.9840531,0.66,2.24,0.9835152194211414,1.1498498916625977,2.4634010875413925,0.9821637265365348,1.3135910034179688,2.6601213206692687,BendWorstOCT,2026-07-10 22:47:41,seismic-bumps,Quantile Thresholds,5.0,15,5,10,39,2,9,0.6860248550124499,0.9510399782671288,0.3863054251144726,3600.0014839172363,16898.0,1378721152,0.571027208,False,False,SolutionPolishing,False,3,0.008,1102,23612090[].aqua,3600,1,0,0,0.05,-1,-1,0,-1,inf,True,False,False,1,True,False,True,False,False,Lazy,False,0,Chain,False,False,False,False,False,0.547268,3605,3581
72.02012383900929,71.76470588235294,2.0,2,4,0,0,2,0.0254426002502441,0,0,0,0.9879789,0.62,1.95,0.9876530879018712,1.1937050819396973,2.2813392329507254,0.9864414354793812,1.5114591121673584,2.56296117142254,BendWorstOCT,2026-07-10 22:47:41,seismic-bumps,Quantile Thresholds,5.0,15,5,10,39,2,9,0.693647058823528,0.9620297688612104,0.3869153723406218,3600.00293302536,14733.0,1519049424,0.572363256,False,False,SolutionPolishing,False,3,0.006,1104,23612090[].aqua,3600,1,0,0,0.05,-1,-1,0,-1,inf,True,False,False,1,True,True,True,False,False,Lazy,False,0,Chain,False,False,False,False,False,0.533324,3605,3578
72.02012383900929,71.76470588235294,2.0,2,4,0,0,2,0.034764289855957,0,0,0,0.9879789,0.6,1.95,0.9876530879018712,1.176140069961548,2.2813392329507254,0.9864414354793812,1.495222091674805,2.56296117142254,BendWorstOCT,2026-07-10 22:48:20,seismic-bumps,Quantile Thresholds,5.0,15,5,10,39,2,9,0.693647058823528,0.9619241486068236,0.3867631043348061,3600.0012259483337,15140.0,1519049424,0.572364568,False,False,SolutionPolishing,False,3,0.006,1105,23612090[].aqua,3600,1,0,0,0.05,-1,-1,0,-1,inf,True,False,False,1,True,True,False,False,False,Lazy,False,0,Chain,False,False,False,False,False,0.547108,3605,3583
72.02012383900929,71.76470588235294,2.0,2,4,0,0,5,0.3958005905151367,0,0,0,0.9879789,0.6,1.95,0.9876530879018712,1.1959049701690674,2.2813392329507254,0.9864414354793812,1.5233008861541748,2.5646163134225404,BendWorstOCT,2026-07-10 22:48:22,seismic-bumps,Quantile Thresholds,5.0,15,5,10,39,2,9,0.693647058823528,0.9619792131517744,0.3868424884311564,3600.0009989738464,14874.0,1519049424,0.57236404,False,False,SolutionPolishing,False,3,0.006,1106,23612090[].aqua,3600,1,0,0,0.05,-1,-1,0,-1,inf,True,False,False,1,True,False,True,False,False,Lazy,False,0,Chain,False,False,False,False,False,0.544256,3607,3581
72.02012383900929,71.76470588235294,2.0,2,4,0,0,5,0.662682294845581,0,0,0,0.9879789,0.62,1.95,0.9876530879018712,1.2536108493804932,2.2813392329507254,0.9864414354793812,1.615921974182129,2.5646163134225404,BendWorstOCT,2026-07-10 22:48:59,seismic-bumps,Quantile Thresholds,5.0,15,5,10,39,2,9,0.693647058823528,0.9620580775384044,0.3869561836968205,3600.0017018318176,14697.0,1519049424,0.57236028,False,False,SolutionPolishing,False,3,0.006,1107,23612090[].aqua,3600,1,0,0,0.05,-1,-1,0,-1,inf,True,False,False,1,True,False,False,False,False,Lazy,False,0,Chain,False,False,False,False,False,0.608896,3605,3580
72.02012383900929,71.76470588235294,2.0,2,4,0,0,3,0.0402057170867919,0,0,0,0.991935,0.06,0.14,0.9917158960045026,0.4878499507904053,0.2308150913463292,0.9909693020562276,1.1490259170532229,0.7360605190919567,BendWorstOCT,2026-07-10 22:48:59,seismic-bumps,Quantile Thresholds,5.0,15,5,10,39,2,9,0.7016470589936942,0.9730631155456964,0.3868270422757399,3600.001239061356,16809.0,-1149363769,0.6066138,False,False,SolutionPolishing,False,3,0.004,1108,23612090[].aqua,3600,1,0,0,0.05,-1,-1,0,-1,inf,True,False,False,1,True,True,True,False,False,Lazy,False,0,Chain,False,False,False,False,False,0.552028,3605,3580
72.83281733746131,72.82518641259321,2.6,3,5,0,0,6,0.7120599746704102,0,0,0,0.991935,0.06,0.14,0.9917158960045026,0.5372669696807861,0.2308150913463292,0.9908333333333796,0.7962539196014404,0.4502060357138777,BendWorstOCT,2026-07-10 22:48:59,seismic-bumps,Quantile Thresholds,5.0,15,5,10,39,2,9,0.7082518641259568,0.974526699430009,0.3759606557939076,3600.001137971878,12586.0,-1149363769,0.557390712,False,False,SolutionPolishing,False,3,0.004,1111,23612090[].aqua,3600,1,0,0,0.05,-1,-1,0,-1,inf,True,False,False,1,True,False,False,False,False,Lazy,False,0,Chain,False,False,False,False,False,0.501904,3606,3578
72.02012383900929,71.76470588235294,2.0,2,4,0,0,3,0.0698041915893554,0,0,0,0.991935,0.06,0.14,0.9917158960045026,0.5156879425048828,0.2308150913463292,0.9909693020562276,1.240074872970581,0.7360605190919567,BendWorstOCT,2026-07-10 22:48:59,seismic-bumps,Quantile Thresholds,5.0,15,5,10,39,2,9,0.7016470589936942,0.9734138938503336,0.3873269778204569,3600.002382993698,15999.0,-1149363769,0.606615152,False,False,SolutionPolishing,False,3,0.004,1109,23612090[].aqua,3600,1,0,0,0.05,-1,-1,0,-1,inf,True,False,False,1,True,True,False,False,False,Lazy,False,0,Chain,False,False,False,False,False,0.52854,3606,3578
72.83281733746131,72.82518641259321,2.6,3,5,0,0,6,0.4310617446899414,0,0,0,0.991935,0.06,0.14,0.9917158960045026,0.5309069156646729,0.2308150913463292,0.9908333333333796,0.7684340476989746,0.4502060357138777,BendWorstOCT,2026-07-10 22:48:59,seismic-bumps,Quantile Thresholds,5.0,15,5,10,39,2,9,0.7082518641259568,0.974526264826956,0.3759600421660797,3600.00845694542,12589.0,-1149363769,0.557392168,False,False,SolutionPolishing,False,3,0.004,1110,23612090[].aqua,3600,1,0,0,0.05,-1,-1,0,-1,inf,True,False,False,1,True,False,True,False,False,Lazy,False,0,Chain,False,False,False,False,False,0.489328,3606,3578
73.41331269349845,73.40513670256836,3.0,3,8,0,0,4,0.0610740184783935,0,0,0,0.9959394,0.26,0.78,0.9957777777778188,0.7340610027313232,0.9183479586895984,0.9955184072983482,0.9812290668487548,1.0989696788222951,BendWorstOCT,2026-07-10 22:49:37,seismic-bumps,Quantile Thresholds,5.0,15,5,10,39,2,9,0.7180513670257089,0.9842819507290138,0.370768159395166,3600.0009949207306,17552.0,1577235034,0.509580488,False,False,SolutionPolishing,False,3,0.002,1112,23612090[].aqua,3600,1,0,0,0.05,-1,-1,0,-1,inf,True,False,False,1,True,True,True,False,False,Lazy,False,0,Chain,False,False,False,False,False,0.583476,3605,3578
73.41331269349845,73.40513670256836,3.0,3,8,0,0,4,0.0833756923675537,0,0,0,0.9959394,0.26,0.78,0.9957777777778188,0.7561831474304199,0.9183479586895984,0.9955184072983482,1.0164670944213867,1.0989696788222951,BendWorstOCT,2026-07-10 22:50:19,seismic-bumps,Quantile Thresholds,5.0,15,5,10,39,2,9,0.7180513670257089,0.98437687684878,0.3709003590178189,3600.001230955124,17117.0,1577235034,0.509582224,False,False,SolutionPolishing,False,3,0.002,1113,23612090[].aqua,3600,1,0,0,0.05,-1,-1,0,-1,inf,True,False,False,1,True,True,False,False,False,Lazy,False,0,Chain,False,False,False,False,False,0.569992,3605,3578
73.41331269349845,73.40513670256836,3.0,3,8,0,0,6,0.7741203308105469,0,0,0,0.9959394,0.28,0.78,0.9957777777778188,0.8696010112762451,0.9183479586895984,0.9954495279593828,1.3822970390319824,1.235647273462746,BendWorstOCT,2026-07-10 22:50:58,seismic-bumps,Quantile Thresholds,5.0,15,5,10,39,2,9,0.7180513670257089,0.9848372791351888,0.3715415419575796,3600.0040431022644,17015.0,1577235034,0.56687612,False,False,SolutionPolishing,False,3,0.002,1115,23612090[].aqua,3600,1,0,0,0.05,-1,-1,0,-1,inf,True,False,False,1,True,False,False,False,False,Lazy,False,0,Chain,False,False,False,False,False,0.527744,3605,3577
73.41331269349845,73.40513670256836,3.0,3,8,0,0,6,0.4570515155792236,0,0,0,0.9959394,0.28,0.78,0.9957777777778188,0.8410038948059082,0.9183479586895984,0.9954495279593828,1.3209130764007568,1.235647273462746,BendWorstOCT,2026-07-10 22:50:58,seismic-bumps,Quantile Thresholds,5.0,15,5,10,39,2,9,0.7180513670257089,0.9847663653874704,0.3714427833576034,3600.001564979553,17089.0,1577235034,0.56687644,False,False,SolutionPolishing,False,3,0.002,1114,23612090[].aqua,3600,1,0,0,0.05,-1,-1,0,-1,inf,True,False,False,1,True,False,True,False,False,Lazy,False,0,Chain,False,False,False,False,False,0.488692,3605,3577
73.41331269349845,73.40513670256836,3.0,3,8,0,0,4,0.0760154724121093,0,0,0,0.9979697,0.56,1.28,0.997888888888908,1.3267900943756104,1.497776820132536,0.9976363636364184,1.59598708152771,1.671120205294104,BendWorstOCT,2026-07-10 22:51:36,seismic-bumps,Quantile Thresholds,5.0,15,5,10,39,2,9,0.7260513670257089,0.9931618357488388,0.3678947259852368,3600.0018379688263,13095.0,2055350377,0.501663,False,False,SolutionPolishing,False,3,0.001,1116,23612090[].aqua,3600,1,0,0,0.05,-1,-1,0,-1,inf,True,False,False,1,True,True,True,False,False,Lazy,False,0,Chain,False,False,False,False,False,0.522068,3608,3577
73.41331269349845,73.40513670256836,3.0,3,8,0,0,4,0.090160846710205,0,0,0,0.9979697,0.46,1.28,0.997888888888908,1.0492470264434814,1.497776820132536,0.9976363636364184,1.2645020484924316,1.671120205294104,BendWorstOCT,2026-07-10 22:52:16,seismic-bumps,Quantile Thresholds,5.0,15,5,10,39,2,9,0.7260513670257089,0.9929153548743924,0.3675552446680181,3600.003562927246,16915.0,2055350377,0.501661888,False,False,SolutionPolishing,False,3,0.001,1117,23612090[].aqua,3600,1,0,0,0.05,-1,-1,0,-1,inf,True,False,False,1,True,True,False,False,False,Lazy,False,0,Chain,False,False,False,False,False,0.541004,3605,3577
73.56811145510837,73.52941176470588,3.0,3,8,0,0,10,0.3965809345245361,0,0,0,0.9979697,0.46,1.28,0.997888888888908,1.065310001373291,1.497776820132536,0.9976363636364184,1.2773828506469729,1.6722236332941038,BendWorstOCT,2026-07-10 22:52:16,seismic-bumps,Quantile Thresholds,5.0,15,5,10,39,2,9,0.7272941176470573,0.9938708518628204,0.3665322291869929,3600.0048518180847,13653.0,2055350377,0.537648208,False,False,SolutionPolishing,False,3,0.001,1118,23612090[].aqua,3600,1,0,0,0.05,-1,-1,0,-1,inf,True,False,False,1,True,False,True,False,False,Lazy,False,0,Chain,False,False,False,False,False,0.50082,3605,3577
72.52321981424149,72.3529411764706,2.857142857142857,3,7,0,0,2,0.101046085357666,0,0,0,0.9983758,0.31,0.87,0.998311111111126,0.8096330165863037,0.9929681859653492,0.9982285714285856,1.3630540370941162,1.6673889568719489,BendWorstOCT,2026-07-10 22:52:56,seismic-bumps,Quantile Thresholds,5.0,15,5,10,39,2,9,0.7179294122800834,0.9950559318165012,0.3860080319822629,3600.0031571388245,14630.0,575877894,0.560046152,False,False,SolutionPolishing,False,3,0.0008,1121,23612090[].aqua,3600,1,0,0,0.05,-1,-1,0,-1,inf,True,False,False,1,True,True,False,False,False,Lazy,False,0,Chain,False,False,False,False,False,0.535876,3605,3579
72.52321981424149,72.3529411764706,2.857142857142857,3,7,0,0,2,0.0588736534118652,0,0,0,0.9983758,0.32,0.87,0.998311111111126,0.8039078712463379,0.9929681859653492,0.9982285714285856,1.3520848751068115,1.6673889568719489,BendWorstOCT,2026-07-10 22:52:56,seismic-bumps,Quantile Thresholds,5.0,15,5,10,39,2,9,0.7179294122800834,0.9950543717205712,0.3860058589330699,3600.001061916352,14665.0,575877894,0.560044384,False,False,SolutionPolishing,False,3,0.0008,1120,23612090[].aqua,3600,1,0,0,0.05,-1,-1,0,-1,inf,True,False,False,1,True,True,True,False,False,Lazy,False,0,Chain,False,False,False,False,False,0.522904,3605,3579
73.56811145510837,73.52941176470588,3.0,3,8,0,0,7,0.3747828006744385,0,0,0,0.9983758,0.32,0.87,0.998311111111126,0.8425920009613037,0.9929681859653492,0.9981333333333504,1.093508005142212,1.3035895528228438,BendWorstOCT,2026-07-10 22:52:56,seismic-bumps,Quantile Thresholds,5.0,15,5,10,39,2,9,0.7288947058823516,0.9952000000000586,0.3653549572641434,3600.0013480186462,12576.0,575877894,0.546308968,False,False,SolutionPolishing,False,3,0.0008,1122,23612090[].aqua,3600,1,0,0,0.05,-1,-1,0,-1,inf,True,False,False,1,True,False,True,False,False,Lazy,False,0,Chain,False,False,False,False,False,0.482856,3605,3575
73.56811145510837,73.52941176470588,3.0,3,8,0,0,10,0.7252707481384277,0,0,0,0.9979697,0.45,1.28,0.997888888888908,1.0286378860473633,1.497776820132536,0.9976363636364184,1.251361846923828,1.6722236332941038,BendWorstOCT,2026-07-10 22:52:56,seismic-bumps,Quantile Thresholds,5.0,15,5,10,39,2,9,0.7272941176470573,0.9937221885285292,0.3663278231142861,3600.009171962738,14908.0,2055350377,0.537649008,False,False,SolutionPolishing,False,3,0.001,1119,23612090[].aqua,3600,1,0,0,0.05,-1,-1,0,-1,inf,True,False,False,1,True,False,False,False,False,Lazy,False,0,Chain,False,False,False,False,False,0.475228,3605,3579
73.56811145510837,73.52941176470588,3.0,3,8,0,0,7,0.6526205539703369,0,0,0,0.9983758,0.32,0.87,0.998311111111126,0.8637771606445312,0.9929681859653492,0.9981333333333504,1.1371071338653564,1.3035895528228438,BendWorstOCT,2026-07-10 22:52:56,seismic-bumps,Quantile Thresholds,5.0,15,5,10,39,2,9,0.7288947058823516,0.9952000000000586,0.3653549572641434,3600.002038002014,12356.0,575877894,0.546308208,False,False,SolutionPolishing,False,3,0.0008,1123,23612090[].aqua,3600,1,0,0,0.05,-1,-1,0,-1,inf,True,False,False,1,True,False,False,False,False,Lazy,False,0,Chain,False,False,False,False,False,0.534576,3605,3575
72.52321981424149,72.3529411764706,2.857142857142857,3,7,0,0,2,0.0472412109375,0,0,0,0.9987818,0.25,0.63,0.9987333333333438,0.7688741683959961,0.8876899435500603,0.9984666666666838,0.9467411041259766,1.0417419542113695,BendWorstOCT,2026-07-10 22:52:57,seismic-bumps,Quantile Thresholds,5.0,15,5,10,39,2,9,0.7193294117647044,0.995875748194069,0.3844502002926914,3600.004098176956,11476.0,137757210,0.580244816,False,False,SolutionPolishing,False,3,0.0006,1125,23612090[].aqua,3600,1,0,0,0.05,-1,-1,0,-1,inf,True,False,False,1,True,True,False,False,False,Lazy,False,0,Chain,False,False,False,False,False,0.510068,3605,3578
72.52321981424149,72.3529411764706,2.857142857142857,3,7,0,0,2,0.0356218814849853,0,0,0,0.9987818,0.25,0.63,0.9987333333333438,0.7767260074615479,0.8876899435500603,0.9984666666666838,0.9583449363708496,1.0417419542113695,BendWorstOCT,2026-07-10 22:52:57,seismic-bumps,Quantile Thresholds,5.0,15,5,10,39,2,9,0.7193294117647044,0.995875748194069,0.3844502002926914,3600.00150680542,11479.0,137757210,0.58024504,False,False,SolutionPolishing,False,3,0.0006,1124,23612090[].aqua,3600,1,0,0,0.05,-1,-1,0,-1,inf,True,False,False,1,True,True,True,False,False,Lazy,False,0,Chain,False,False,False,False,False,0.495244,3605,3578
73.56811145510837,73.52941176470588,3.0,3,8,0,0,7,0.4568464756011963,0,0,0,0.9987818,0.23,0.63,0.9987333333333438,0.7216348648071289,0.8876899435500603,0.9984666666666838,0.9138360023498536,1.0417419542113695,BendWorstOCT,2026-07-10 22:54:18,seismic-bumps,Quantile Thresholds,5.0,15,5,10,39,2,9,0.7304947058823571,0.9954775025800336,0.3627443081570405,3600.0029978752136,14723.0,137757210,0.534603,False,False,SolutionPolishing,False,3,0.0006,1126,23612090[].aqua,3600,1,0,0,0.05,-1,-1,0,-1,inf,True,False,False,1,True,False,True,False,False,Lazy,False,0,Chain,False,False,False,False,False,0.482148,3653,3585
73.56811145510837,73.52941176470588,3.0,3,8,0,0,7,0.6783497333526611,0,0,0,0.9987818,0.23,0.63,0.9987333333333438,0.7188968658447266,0.8876899435500603,0.9984666666666838,0.9166219234466552,1.0417419542113695,BendWorstOCT,2026-07-10 22:54:18,seismic-bumps,Quantile Thresholds,5.0,15,5,10,39,2,9,0.7304947058823571,0.9954775025800336,0.3627443081570405,3600.003348827362,14733.0,137757210,0.534603736,False,False,SolutionPolishing,False,3,0.0006,1127,23612090[].aqua,3600,1,0,0,0.05,-1,-1,0,-1,inf,True,False,False,1,True,False,False,False,False,Lazy,False,0,Chain,False,False,False,False,False,0.482932,3653,3585
73.41331269349845,73.40513670256836,3.0,3,8,0,0,4,0.0816326141357421,0,0,0,0.9991879,0.09,0.2,0.999155555555562,0.4787309169769287,0.294949726711869,0.999100000000004,0.8215680122375488,0.6833914718948986,BendWorstOCT,2026-07-10 22:54:18,seismic-bumps,Quantile Thresholds,5.0,15,5,10,39,2,9,0.730851367025709,0.9968000000000572,0.3638888082766532,3600.008196830749,18537.0,-1334102016,0.544135464,False,False,SolutionPolishing,False,3,0.0004,1129,23612090[].aqua,3600,1,0,0,0.05,-1,-1,0,-1,inf,True,False,False,1,True,True,False,False,False,Lazy,False,0,Chain,False,False,False,False,False,0.541804,3653,3578
73.41331269349845,73.40513670256836,3.0,3,8,0,0,4,0.0645568370819091,0,0,0,0.9991879,0.08,0.2,0.999155555555562,0.473747968673706,0.294949726711869,0.999100000000004,0.8160719871520996,0.6833914718948986,BendWorstOCT,2026-07-10 22:54:18,seismic-bumps,Quantile Thresholds,5.0,15,5,10,39,2,9,0.730851367025709,0.9968000000000544,0.3638888082766495,3600.0048220157623,18564.0,-1334102016,0.544135304,False,False,SolutionPolishing,False,3,0.0004,1128,23612090[].aqua,3600,1,0,0,0.05,-1,-1,0,-1,inf,True,False,False,1,True,True,True,False,False,Lazy,False,0,Chain,False,False,False,False,False,0.534436,3653,3585
73.41331269349845,73.40513670256836,3.0,3,8,0,0,4,0.0875129699707031,0,0,0,0.9998,0.01,0.01,0.9995999999999976,0.3769230842590332,0.1864558614354526,0.999575,0.7945950031280518,0.437857550053269,BendWorstOCT,2026-07-10 22:57:32,seismic-bumps,Quantile Thresholds,5.0,15,5,10,39,2,9,0.7324513670257089,0.9988000000000586,0.3636400243963241,3600.0013909339905,8606.0,-2052340213,0.560358408,False,False,SolutionPolishing,False,3,0.0002,1133,23612090[].aqua,3600,1,0,0,0.05,-1,-1,0,-1,inf,True,False,False,1,True,True,False,False,False,Lazy,False,0,Chain,False,False,False,False,False,0.492824,3605,3576
73.56811145510837,73.52941176470588,3.0,3,8,0,0,8,0.4169518947601318,0,0,0,0.9991879,0.08,0.2,0.999155555555562,0.4785559177398681,0.294949726711869,0.9991000000000048,0.7813758850097656,0.5234267262451683,BendWorstOCT,2026-07-10 22:57:32,seismic-bumps,Quantile Thresholds,5.0,15,5,10,39,2,9,0.7320941176470573,0.9971844971320156,0.3620987699463505,3600.0026178359985,12688.0,-1334102016,0.63124068,False,False,SolutionPolishing,False,3,0.0004,1130,23612090[].aqua,3600,1,0,0,0.05,-1,-1,0,-1,inf,True,False,False,1,True,False,True,False,False,Lazy,False,0,Chain,False,False,False,False,False,0.496616,3606,3578
73.56811145510837,73.52941176470588,3.0,3,8,0,0,8,0.708261251449585,0,0,0,0.9991879,0.08,0.2,0.999155555555562,0.4511330127716064,0.294949726711869,0.9991000000000048,0.7711648941040039,0.5234267262451683,BendWorstOCT,2026-07-10 22:57:32,seismic-bumps,Quantile Thresholds,5.0,15,5,10,39,2,9,0.7320941176470573,0.9971200674078774,0.3620107625131733,3600.002217054367,13035.0,-1334102016,0.631240664,False,False,SolutionPolishing,False,3,0.0004,1131,23612090[].aqua,3600,1,0,0,0.05,-1,-1,0,-1,inf,True,False,False,1,True,False,False,False,False,Lazy,False,0,Chain,False,False,False,False,False,0.49228,3605,3578
73.41331269349845,73.40513670256836,3.0,3,8,0,0,4,0.0688199996948242,0,0,0,0.9998,0.01,0.01,0.9995999999999976,0.3883430957794189,0.1864558614354526,0.999575,0.8167190551757812,0.437857550053269,BendWorstOCT,2026-07-10 22:57:32,seismic-bumps,Quantile Thresholds,5.0,15,5,10,39,2,9,0.7324513670257089,0.9988037878788386,0.3636451959052467,3600.001737117768,8222.0,-2052340213,0.560354368,False,False,SolutionPolishing,False,3,0.0002,1132,23612090[].aqua,3600,1,0,0,0.05,-1,-1,0,-1,inf,True,False,False,1,True,True,True,False,False,Lazy,False,0,Chain,False,False,False,False,False,0.567816,3606,3580
73.56811145510837,73.52941176470588,3.0,3,8,0,0,6,0.6310007572174072,0,0,0,0.9998,0.01,0.01,0.9995999999999976,0.4667060375213623,0.1864558614354526,0.9995555555555564,0.8510968685150146,0.3879361203446385,BendWorstOCT,2026-07-10 22:57:32,seismic-bumps,Quantile Thresholds,5.0,15,5,10,39,2,9,0.7336941176470573,0.9985517398509244,0.3609918845380147,3600.001497030258,12700.0,-2052340213,0.50882288,False,False,SolutionPolishing,False,3,0.0002,1135,23612090[].aqua,3600,1,0,0,0.05,-1,-1,0,-1,inf,True,False,False,1,True,False,False,False,False,Lazy,False,0,Chain,False,False,False,False,False,0.47848,3605,3578
73.41331269349845,73.40513670256836,3.0,3,8,0,0,5,0.0932755470275878,0,0,0,0.9999,0.01,0.01,0.9997999999999976,0.4450738430023193,0.1747496435381779,0.9997624999999976,0.8383560180664062,0.4104612765583866,BendWorstOCT,2026-07-10 22:57:32,seismic-bumps,Quantile Thresholds,5.0,15,5,10,39,2,9,0.7332520712510721,0.9991032657879758,0.36256453266243,3600.0011949539185,12646.0,-1620336019,0.501570344,False,False,SolutionPolishing,False,3,0.0001,1136,23612090[].aqua,3600,1,0,0,0.05,-1,-1,0,-1,inf,True,False,False,1,True,True,True,False,False,Lazy,False,0,Chain,False,False,False,False,False,0.521832,3606,3578
73.41331269349845,73.40513670256836,3.0,3,8,0,0,5,0.1475520133972168,0,0,0,0.9999,0.01,0.01,0.9997999999999976,0.4464209079742431,0.1747496435381779,0.9997624999999976,0.8477449417114258,0.4104612765583866,BendWorstOCT,2026-07-10 22:57:32,seismic-bumps,Quantile Thresholds,5.0,15,5,10,39,2,9,0.7332520712510721,0.9991032657879758,0.36256453266243,3600.001024007797,12526.0,-1620336019,0.50157304,False,False,SolutionPolishing,False,3,0.0001,1137,23612090[].aqua,3600,1,0,0,0.05,-1,-1,0,-1,inf,True,False,False,1,True,True,False,False,False,Lazy,False,0,Chain,False,False,False,False,False,0.518812,3605,3578
73.56811145510837,73.52941176470588,3.0,3,8,0,0,6,0.4082343578338623,0,0,0,0.9998,0.01,0.01,0.9995999999999976,0.454676866531372,0.1864558614354526,0.9995555555555564,0.813762903213501,0.3879361203446385,BendWorstOCT,2026-07-10 22:57:32,seismic-bumps,Quantile Thresholds,5.0,15,5,10,39,2,9,0.7336941176470573,0.9985500000000566,0.3609895131807611,3600.002829790116,12876.0,-2052340213,0.508821,False,False,SolutionPolishing,False,3,0.0002,1134,23612090[].aqua,3600,1,0,0,0.05,-1,-1,0,-1,inf,True,False,False,1,True,False,True,False,False,Lazy,False,0,Chain,False,False,False,False,False,0.507452,3606,3578
73.21981424148606,72.94117647058823,3.0,3,8,0,0,6,0.414736270904541,0,0,0,0.9999,0.01,0.01,0.9997999999999976,0.4416470527648926,0.1747496435381779,0.9997624999999976,0.684257984161377,0.3219459500497343,BendWorstOCT,2026-07-10 22:57:33,seismic-bumps,Quantile Thresholds,5.0,15,5,10,39,2,9,0.7286117647058808,0.9992750000000576,0.3714779919912981,3600.002403974533,12399.0,-1620336019,0.592931368,False,False,SolutionPolishing,False,3,0.0001,1138,23612090[].aqua,3600,1,0,0,0.05,-1,-1,0,-1,inf,True,False,False,1,True,False,True,False,False,Lazy,False,0,Chain,False,False,False,False,False,0.48984,3605,3578
73.21981424148606,72.94117647058823,3.0,3,8,0,0,6,0.6957752704620361,0,0,0,0.9999,0.01,0.01,0.9997999999999976,0.431020975112915,0.1747496435381779,0.9997624999999976,0.678926944732666,0.3219459500497343,BendWorstOCT,2026-07-10 22:57:33,seismic-bumps,Quantile Thresholds,5.0,15,5,10,39,2,9,0.7286117647058808,0.9992666666667224,0.3714665547160044,3600.001164913177,12847.0,-1620336019,0.59293276,False,False,SolutionPolishing,False,3,0.0001,1139,23612090[].aqua,3600,1,0,0,0.05,-1,-1,0,-1,inf,True,False,False,1,True,False,False,False,False,Lazy,False,0,Chain,False,False,False,False,False,0.540964,3605,3578
64.0092879256966,63.33885666942833,1.0,1,2,0,0,2,0.0473160743713378,0,0,0,0.8511181,0.41,1.32,0.8509584738131779,0.9032700061798096,1.4501083678703233,0.8345068972617289,1.5661931037902832,2.548480532789842,BendWorstOCT,2026-07-10 22:57:33,seismic-bumps,Quantile Thresholds,5.0,15,5,10,39,2,9,0.4733885668416359,0.5999976122065248,0.2674526894673479,3600.002036094665,4628.0,-1314960124,0.947488152,False,False,SolutionPolishing,False,4,0.08,1141,23612090[].aqua,3600,1,0,0,0.05,-1,-1,0,-1,inf,True,False,False,1,True,True,False,False,False,Lazy,False,0,Chain,False,False,False,False,False,0.8158,3605,3582
64.0092879256966,63.33885666942833,1.0,1,2,0,0,3,0.5333030223846436,0,0,0,0.8511181,0.4,1.32,0.8509584738131779,0.942384958267212,1.4501083678703233,0.8400000000000001,1.3484210968017578,1.9790949310805737,BendWorstOCT,2026-07-10 22:57:33,seismic-bumps,Quantile Thresholds,5.0,15,5,10,39,2,9,0.4733885668416351,0.5961169861203393,0.2592551402276706,3600.0030698776245,4905.0,-1314960124,1.075594488,False,False,SolutionPolishing,False,4,0.08,1143,23612090[].aqua,3600,1,0,0,0.05,-1,-1,0,-1,inf,True,False,False,1,True,False,False,False,False,Lazy,False,0,Chain,False,False,False,False,False,0.765096,3605,3581
64.0092879256966,63.33885666942833,1.0,1,2,0,0,3,0.3391473293304443,0,0,0,0.8511181,0.4,1.32,0.8509584738131779,0.9394497871398926,1.4501083678703233,0.8400000000000001,1.3269288539886477,1.9790949310805737,BendWorstOCT,2026-07-10 22:57:33,seismic-bumps,Quantile Thresholds,5.0,15,5,10,39,2,9,0.4733885668416351,0.5961169861203393,0.2592551402276706,3600.010710954666,4911.0,-1314960124,1.075595832,False,False,SolutionPolishing,False,4,0.08,1142,23612090[].aqua,3600,1,0,0,0.05,-1,-1,0,-1,inf,True,False,False,1,True,False,True,False,False,Lazy,False,0,Chain,False,False,False,False,False,0.751384,3605,3579
64.0092879256966,63.33885666942833,1.0,1,2,0,0,2,0.0267589092254638,0,0,0,0.8511181,0.47,1.32,0.8509584738131779,1.1068761348724363,1.4501083678703233,0.8345068972617289,1.8854711055755613,2.548480532789842,BendWorstOCT,2026-07-10 22:57:33,seismic-bumps,Quantile Thresholds,5.0,15,5,10,39,2,9,0.4733885668416359,0.6000000000000586,0.267457733512982,3600.0030891895294,4059.0,-1314960124,0.947488392,False,False,SolutionPolishing,False,4,0.08,1140,23612090[].aqua,3600,1,0,0,0.05,-1,-1,0,-1,inf,True,False,False,1,True,True,True,False,False,Lazy,False,0,Chain,False,False,False,False,False,0.886108,3606,3574
71.09133126934985,71.00248550124275,1.6666666666666667,2,3,0,0,3,0.399379014968872,0,0,0,0.8862438,0.43,1.43,0.8861162079510885,1.0544779300689695,1.6331026282390984,0.8744130490624684,1.373621940612793,2.0395340868942085,BendWorstOCT,2026-07-10 22:58:11,seismic-bumps,Quantile Thresholds,5.0,15,5,10,39,2,9,0.53002485501245,0.6999999999998427,0.3206927814421083,3600.0018548965454,4853.0,793721634,1.180028424,False,False,SolutionPolishing,False,4,0.06,1146,23612090[].aqua,3600,1,0,0,0.05,-1,-1,0,-1,inf,True,False,False,1,True,False,True,False,False,Lazy,False,0,Chain,False,False,False,False,False,0.82698,3605,3580
71.09133126934985,71.00248550124275,1.6666666666666667,2,3,0,0,3,0.0543258190155029,0,0,0,0.8862438,0.47,1.43,0.8861162079510885,1.1514439582824707,1.6331026282390984,0.8741951420338072,1.7412071228027344,2.202998139543397,BendWorstOCT,2026-07-10 22:58:12,seismic-bumps,Quantile Thresholds,5.0,15,5,10,39,2,9,0.53002485501245,0.6976840600025404,0.3163232882468353,3600.004240989685,5061.0,793721634,1.071174544,False,False,SolutionPolishing,False,4,0.06,1145,23612090[].aqua,3600,1,0,0,0.05,-1,-1,0,-1,inf,True,False,False,1,True,True,False,False,False,Lazy,False,0,Chain,False,False,False,False,False,0.726556,3605,3578
71.09133126934985,71.00248550124275,1.6666666666666667,2,3,0,0,3,0.0332672595977783,0,0,0,0.8862438,0.47,1.43,0.8861162079510885,1.160033941268921,1.6331026282390984,0.8741951420338072,1.7384841442108154,2.202998139543397,BendWorstOCT,2026-07-10 22:58:12,seismic-bumps,Quantile Thresholds,5.0,15,5,10,39,2,9,0.53002485501245,0.6976840600025404,0.3163232882468353,3600.003807067871,5081.0,793721634,1.07117344,False,False,SolutionPolishing,False,4,0.06,1144,23612090[].aqua,3600,1,0,0,0.05,-1,-1,0,-1,inf,True,False,False,1,True,True,True,False,False,Lazy,False,0,Chain,False,False,False,False,False,0.755892,3605,3577
71.09133126934985,71.00248550124275,1.6666666666666667,2,3,0,0,2,0.0358164310455322,0,0,0,0.9232556,0.53,1.58,0.92323143468828,1.1897859573364258,1.7201776620495628,0.914299466298887,1.8987228870391848,2.5950057934328847,BendWorstOCT,2026-07-10 22:58:50,seismic-bumps,Quantile Thresholds,5.0,15,5,10,39,2,9,0.59002485501245,0.8036404966879214,0.3620451576924907,3600.003664970398,4522.0,-76503464,0.547540152,False,False,SolutionPolishing,False,4,0.04,1149,23612090[].aqua,3600,1,0,0,0.05,-1,-1,0,-1,inf,True,False,False,1,True,True,False,False,False,Lazy,False,0,Chain,False,False,False,False,False,0.59332,3606,3578
71.09133126934985,71.00248550124275,1.6666666666666667,2,3,0,0,2,0.0251891613006591,0,0,0,0.9232556,0.53,1.58,0.92323143468828,1.2080001831054688,1.7201776620495628,0.914299466298887,1.9150230884552,2.5950057934328847,BendWorstOCT,2026-07-10 22:58:50,seismic-bumps,Quantile Thresholds,5.0,15,5,10,39,2,9,0.59002485501245,0.8036404966879214,0.3620451576924907,3600.0024151802063,4510.0,-76503464,0.547542664,False,False,SolutionPolishing,False,4,0.04,1148,23612090[].aqua,3600,1,0,0,0.05,-1,-1,0,-1,inf,True,False,False,1,True,True,True,False,False,Lazy,False,0,Chain,False,False,False,False,False,0.598252,3606,3578
71.09133126934985,71.00248550124275,1.6666666666666667,2,3,0,0,3,0.6515488624572754,0,0,0,0.9605392,0.51,1.46,0.960517869267346,1.2368040084838867,1.6322851957509157,0.9557315597540276,1.937480926513672,2.577432344918104,BendWorstOCT,2026-07-10 22:58:51,seismic-bumps,Quantile Thresholds,5.0,15,5,10,39,2,9,0.6500248550124499,0.8999999999999976,0.3845624410512117,3600.003844976425,5065.0,-1027584826,0.609530824,False,False,SolutionPolishing,False,4,0.02,1154,23612090[].aqua,3600,1,0,0,0.05,-1,-1,0,-1,inf,True,False,False,1,True,False,True,False,False,Lazy,False,0,Chain,False,False,False,False,False,0.663892,3606,3581
71.09133126934985,71.00248550124275,1.6666666666666667,2,3,0,0,3,0.0571334362030029,0,0,0,0.9605392,0.51,1.46,0.960517869267346,1.1845121383666992,1.6322851957509157,0.9554453123364376,1.9605751037597656,2.5452144746888723,BendWorstOCT,2026-07-10 22:58:51,seismic-bumps,Quantile Thresholds,5.0,15,5,10,39,2,9,0.6500248550124499,0.8996519834010679,0.3840270513715001,3600.008579969406,5555.0,-1027584826,1.027600336,False,False,SolutionPolishing,False,4,0.02,1153,23612090[].aqua,3600,1,0,0,0.05,-1,-1,0,-1,inf,True,False,False,1,True,True,False,False,False,Lazy,False,0,Chain,False,False,False,False,False,0.930008,3606,3581
71.09133126934985,71.00248550124275,1.6666666666666667,2,3,0,0,3,0.8809375762939453,0,0,0,0.9605392,0.51,1.46,0.960517869267346,1.2451980113983154,1.6322851957509157,0.9557315597540276,1.974837064743042,2.577432344918104,BendWorstOCT,2026-07-10 22:58:51,seismic-bumps,Quantile Thresholds,5.0,15,5,10,39,2,9,0.6500248550124499,0.8999999999999976,0.3845624410512117,3600.092964887619,5049.0,-1027584826,0.60953336,False,False,SolutionPolishing,False,4,0.02,1155,23612090[].aqua,3600,1,0,0,0.05,-1,-1,0,-1,inf,True,False,False,1,True,False,False,False,False,Lazy,False,0,Chain,False,False,False,False,False,0.665616,3606,3581
71.09133126934985,71.00248550124275,1.6666666666666667,2,3,0,0,3,0.0358784198760986,0,0,0,0.9605392,0.54,1.46,0.960517869267346,1.3157401084899902,1.6322851957509157,0.9554453123364376,2.184969186782837,2.5452144746888723,BendWorstOCT,2026-07-10 22:58:51,seismic-bumps,Quantile Thresholds,5.0,15,5,10,39,2,9,0.6500248550124499,0.9006501547988135,0.3855626409571114,3600.0368201732635,4801.0,-1027584826,1.027601248,False,False,SolutionPolishing,False,4,0.02,1152,23612090[].aqua,3600,1,0,0,0.05,-1,-1,0,-1,inf,True,False,False,1,True,True,True,False,False,Lazy,False,0,Chain,False,False,False,False,False,0.902316,3607,3581
71.09133126934985,71.00248550124275,1.6666666666666667,2,3,0,0,3,0.8122165203094482,0,0,0,0.9232556,0.59,1.58,0.92323143468828,1.3381900787353516,1.7201776620495628,0.9185398414685272,1.8930840492248533,2.267951413669737,BendWorstOCT,2026-07-10 22:58:51,seismic-bumps,Quantile Thresholds,5.0,15,5,10,39,2,9,0.59002485501245,0.8000000000000586,0.3558750842507778,3600.0040130615234,4409.0,-76503464,0.974660344,False,False,SolutionPolishing,False,4,0.04,1151,23612090[].aqua,3600,1,0,0,0.05,-1,-1,0,-1,inf,True,False,False,1,True,False,False,False,False,Lazy,False,0,Chain,False,False,False,False,False,0.7678,3607,3581
71.09133126934985,71.00248550124275,1.6666666666666667,2,3,0,0,3,0.5890018939971924,0,0,0,0.9232556,0.58,1.58,0.92323143468828,1.325536012649536,1.7201776620495628,0.9185398414685272,1.8510639667510984,2.267951413669737,BendWorstOCT,2026-07-10 22:58:51,seismic-bumps,Quantile Thresholds,5.0,15,5,10,39,2,9,0.59002485501245,0.8000000000000586,0.3558750842507778,3600.0468509197235,4405.0,-76503464,0.974657168,False,False,SolutionPolishing,False,4,0.04,1150,23612090[].aqua,3600,1,0,0,0.05,-1,-1,0,-1,inf,True,False,False,1,True,False,True,False,False,Lazy,False,0,Chain,False,False,False,False,False,0.866228,3607,3581
71.09133126934985,71.00248550124275,1.6666666666666667,2,3,0,0,3,0.0805792808532714,0,0,0,0.9798121,0.23,0.6,0.979806545945369,0.731813907623291,0.7680162232931556,0.9773283670905836,1.327301025390625,1.3444291614367658,BendWorstOCT,2026-07-10 23:00:00,seismic-bumps,Quantile Thresholds,5.0,15,5,10,39,2,9,0.6800248550124499,0.9478799949959026,0.3938902203487088,3600.0036969184875,7618.0,1528941245,1.003345728,False,False,SolutionPolishing,False,4,0.01,1157,23612090[].aqua,3600,1,0,0,0.05,-1,-1,0,-1,inf,True,False,False,1,True,True,False,False,False,Lazy,False,0,Chain,False,False,False,False,False,0.949688,3605,3578
71.09133126934985,71.00248550124275,1.6666666666666667,2,3,0,0,3,0.0847535133361816,0,0,0,0.9798121,0.24,0.6,0.979806545945369,0.7294790744781494,0.7680162232931556,0.9773283670905836,1.335011005401611,1.3444291614367658,BendWorstOCT,2026-07-10 23:00:00,seismic-bumps,Quantile Thresholds,5.0,15,5,10,39,2,9,0.6800248550124499,0.9477361323378368,0.3936786653489094,3600.0031440258026,7725.0,1528941245,1.003348408,False,False,SolutionPolishing,False,4,0.01,1156,23612090[].aqua,3600,1,0,0,0.05,-1,-1,0,-1,inf,True,False,False,1,True,True,True,False,False,Lazy,False,0,Chain,False,False,False,False,False,0.913564,3606,3574
71.09133126934985,71.00248550124275,1.6666666666666667,2,3,0,0,4,0.9343664646148682,0,0,0,0.9798121,0.24,0.6,0.979806545945369,0.8903191089630127,0.7680162232931556,0.9776902073367892,1.4484100341796875,1.1303578921915387,BendWorstOCT,2026-07-10 23:01:10,seismic-bumps,Quantile Thresholds,5.0,15,5,10,39,2,9,0.6800248550124499,0.9518664951279812,0.3997525062676635,3600.002753019333,6718.0,1528941245,0.65622392,False,False,SolutionPolishing,False,4,0.01,1159,23612090[].aqua,3600,1,0,0,0.05,-1,-1,0,-1,inf,True,False,False,1,True,False,False,False,False,Lazy,False,0,Chain,False,False,False,False,False,0.697,3605,3580
71.09133126934985,71.00248550124275,1.6666666666666667,2,3,0,0,4,0.6367647647857666,0,0,0,0.9798121,0.24,0.6,0.979806545945369,0.8894610404968262,0.7680162232931556,0.9776902073367892,1.433532953262329,1.1303578921915387,BendWorstOCT,2026-07-10 23:01:10,seismic-bumps,Quantile Thresholds,5.0,15,5,10,39,2,9,0.6800248550124499,0.9518664951279812,0.3997525062676635,3600.002856016159,6737.0,1528941245,0.656224696,False,False,SolutionPolishing,False,4,0.01,1158,23612090[].aqua,3600,1,0,0,0.05,-1,-1,0,-1,inf,True,False,False,1,True,False,True,False,False,Lazy,False,0,Chain,False,False,False,False,False,0.678688,3605,3581
71.09133126934985,71.00248550124275,1.6666666666666667,2,3,0,0,4,0.7208614349365234,0,0,0,0.9837843,0.07,0.13,0.98375976687908,0.7620530128479004,0.32003279991877,0.9818941710623276,1.082144021987915,0.5591665993333311,BendWorstOCT,2026-07-10 23:01:10,seismic-bumps,Quantile Thresholds,5.0,15,5,10,39,2,9,0.6860248550124499,0.9599516253870514,0.3992956936955735,3600.00237607956,6608.0,-1900575615,0.624733352,False,False,SolutionPolishing,False,4,0.008,1162,23612090[].aqua,3600,1,0,0,0.05,-1,-1,0,-1,inf,True,False,False,1,True,False,True,False,False,Lazy,False,0,Chain,False,False,False,False,False,0.686608,3606,3573
71.09133126934985,71.00248550124275,1.6666666666666667,2,3,0,0,2,0.0276532173156738,0,0,0,0.9837843,0.07,0.13,0.98375976687908,0.7474730014801025,0.32003279991877,0.9820000000000292,1.0830259323120115,0.633590249372434,BendWorstOCT,2026-07-10 23:01:11,seismic-bumps,Quantile Thresholds,5.0,15,5,10,39,2,9,0.6860248550124499,0.9604388717060504,0.400005939564129,3600.0089559555054,6032.0,-1900575615,0.949938336,False,False,SolutionPolishing,False,4,0.008,1160,23612090[].aqua,3600,1,0,0,0.05,-1,-1,0,-1,inf,True,False,False,1,True,True,True,False,False,Lazy,False,0,Chain,False,False,False,False,False,0.938676,3606,3572
71.09133126934985,71.00248550124275,1.6666666666666667,2,3,0,0,2,0.0377964973449707,0,0,0,0.9837843,0.07,0.13,0.98375976687908,0.7389700412750244,0.32003279991877,0.9820000000000292,1.060352087020874,0.633590249372434,BendWorstOCT,2026-07-10 23:01:11,seismic-bumps,Quantile Thresholds,5.0,15,5,10,39,2,9,0.6860248550124499,0.9602216820612852,0.3996893480541009,3600.0070221424103,6111.0,-1900575615,0.949938016,False,False,SolutionPolishing,False,4,0.008,1161,23612090[].aqua,3600,1,0,0,0.05,-1,-1,0,-1,inf,True,False,False,1,True,True,False,False,False,Lazy,False,0,Chain,False,False,False,False,False,0.906008,3606,3573
72.02012383900929,71.76470588235294,2.0,2,4,0,0,4,0.0637178421020507,0,0,0,0.9917507,0.35,1.0,0.9916895855968146,0.8564889430999756,1.120584963721785,0.9907939707006508,1.4843389987945557,1.5699408727854196,BendWorstOCT,2026-07-10 23:02:19,seismic-bumps,Quantile Thresholds,5.0,15,5,10,39,2,9,0.701647058823528,0.9800000000000586,0.3967136150235606,3600.0045249462128,8005.0,-1589131607,0.688355856,False,False,SolutionPolishing,False,4,0.004,1168,23612090[].aqua,3600,1,0,0,0.05,-1,-1,0,-1,inf,True,False,False,1,True,True,True,False,False,Lazy,False,0,Chain,False,False,False,False,False,0.707252,3605,3578
74.4969040247678,74.48218724109363,3.25,4,8,0,0,12,1.1411724090576172,0,0,0,0.9917507,0.34,1.0,0.9916895855968146,0.8869349956512451,1.120584963721785,0.9908477159135032,1.4157590866088867,1.4595313981623972,BendWorstOCT,2026-07-10 23:02:19,seismic-bumps,Quantile Thresholds,5.0,15,5,10,39,2,9,0.7128218724110937,0.9779212660160652,0.3719013176577797,3600.003113031388,8527.0,-1589131607,0.878955968,False,False,SolutionPolishing,False,4,0.004,1170,23612090[].aqua,3600,1,0,0,0.05,-1,-1,0,-1,inf,True,False,False,1,True,False,True,False,False,Lazy,False,0,Chain,False,False,False,False,False,0.784756,3605,3578
75.15479876160991,74.70588235294117,3.25,4,8,0,0,4,1.0915806293487549,0,0,0,0.9877565,0.52,1.47,0.9876275745221996,1.0756800174713137,1.585717865909033,0.9864470081136246,1.341893196105957,1.8235219650510184,BendWorstOCT,2026-07-10 23:02:19,seismic-bumps,Quantile Thresholds,5.0,15,5,10,39,2,9,0.6990588235294102,0.969833475279692,0.3873417266707172,3600.003044128418,7720.0,1001105080,0.981650728,False,False,SolutionPolishing,False,4,0.006,1166,23612090[].aqua,3600,1,0,0,0.05,-1,-1,0,-1,inf,True,False,False,1,True,False,True,False,False,Lazy,False,0,Chain,False,False,False,False,False,0.836112,3606,3576
72.02012383900929,71.76470588235294,2.0,2,4,0,0,3,0.0678117275238037,0,0,0,0.9877565,0.53,1.47,0.9876275745221996,1.05466890335083,1.585717865909033,0.9862394198085463,1.6895420551300049,2.0584081117983275,BendWorstOCT,2026-07-10 23:02:19,seismic-bumps,Quantile Thresholds,5.0,15,5,10,39,2,9,0.693647058823528,0.96803229100023,0.3955689405532518,3600.002872943878,7023.0,1001105080,1.057333624,False,False,SolutionPolishing,False,4,0.006,1165,23612090[].aqua,3600,1,0,0,0.05,-1,-1,0,-1,inf,True,False,False,1,True,True,False,False,False,Lazy,False,0,Chain,False,False,False,False,False,0.876488,3605,3577
72.02012383900929,71.76470588235294,2.0,2,4,0,0,4,0.0835754871368408,0,0,0,0.9917507,0.34,1.0,0.9916895855968146,0.8442699909210205,1.120584963721785,0.9907939707006508,1.4737310409545898,1.5699408727854196,BendWorstOCT,2026-07-10 23:02:19,seismic-bumps,Quantile Thresholds,5.0,15,5,10,39,2,9,0.701647058823528,0.9800000000000586,0.3967136150235606,3600.004180908203,8022.0,-1589131607,0.688359496,False,False,SolutionPolishing,False,4,0.004,1169,23612090[].aqua,3600,1,0,0,0.05,-1,-1,0,-1,inf,True,False,False,1,True,True,False,False,False,Lazy,False,0,Chain,False,False,False,False,False,0.681736,3605,3578
72.02012383900929,71.76470588235294,2.0,2,4,0,0,3,0.0571138858795166,0,0,0,0.9877565,0.52,1.47,0.9876275745221996,1.0408949851989746,1.585717865909033,0.9862394198085463,1.6840529441833496,2.0584081117983275,BendWorstOCT,2026-07-10 23:02:19,seismic-bumps,Quantile Thresholds,5.0,15,5,10,39,2,9,0.693647058823528,0.9680152109328892,0.3955443169826281,3600.0184388160706,7207.0,1001105080,1.057330016,False,False,SolutionPolishing,False,4,0.006,1164,23612090[].aqua,3600,1,0,0,0.05,-1,-1,0,-1,inf,True,False,False,1,True,True,True,False,False,Lazy,False,0,Chain,False,False,False,False,False,0.94738,3606,3576
71.09133126934985,71.00248550124275,1.6666666666666667,2,3,0,0,4,0.9555468559265136,0,0,0,0.9837843,0.07,0.13,0.98375976687908,0.7158660888671875,0.32003279991877,0.9818941710623276,1.0292601585388184,0.5591665993333311,BendWorstOCT,2026-07-10 23:02:19,seismic-bumps,Quantile Thresholds,5.0,15,5,10,39,2,9,0.6860248550124499,0.9598248055405616,0.3991108318125628,3600.002217054367,7405.0,-1900575615,0.624732864,False,False,SolutionPolishing,False,4,0.008,1163,23612090[].aqua,3600,1,0,0,0.05,-1,-1,0,-1,inf,True,False,False,1,True,False,False,False,False,Lazy,False,0,Chain,False,False,False,False,False,0.731808,3606,3576
75.15479876160991,74.70588235294117,3.25,4,8,0,0,4,1.4024274349212646,0,0,0,0.9877565,0.5,1.47,0.9876275745221996,0.9968440532684326,1.585717865909033,0.9864470081136246,1.258065938949585,1.8235219650510184,BendWorstOCT,2026-07-10 23:02:20,seismic-bumps,Quantile Thresholds,5.0,15,5,10,39,2,9,0.6990588235294102,0.9693058310194868,0.3865869343092656,3600.00601387024,8391.0,1001105080,0.981650272,False,False,SolutionPolishing,False,4,0.006,1167,23612090[].aqua,3600,1,0,0,0.05,-1,-1,0,-1,inf,True,False,False,1,True,False,False,False,False,Lazy,False,0,Chain,False,False,False,False,False,0.92804,3605,3578
74.4969040247678,74.48218724109363,3.25,4,8,0,0,12,1.7538042068481443,0,0,0,0.9917507,0.41,1.0,0.9916895855968146,1.0120370388031006,1.120584963721785,0.9908477159135032,1.6332590579986572,1.4595313981623972,BendWorstOCT,2026-07-10 23:02:20,seismic-bumps,Quantile Thresholds,5.0,15,5,10,39,2,9,0.7128218724110937,0.9782595618687372,0.3723759044595673,3600.0034930706024,7626.0,-1589131607,0.878955872,False,False,SolutionPolishing,False,4,0.004,1171,23612090[].aqua,3600,1,0,0,0.05,-1,-1,0,-1,inf,True,False,False,1,True,False,False,False,False,Lazy,False,0,Chain,False,False,False,False,False,0.754144,3605,3573
74.22600619195046,74.11764705882354,3.636363636363636,4,11,0,0,2,0.049027681350708,0,0,0,0.9958095,0.45,1.38,0.9956000000000416,0.9312961101531982,1.5572250435574408,0.9952767857143304,1.7387659549713137,3.0262927344942665,BendWorstOCT,2026-07-10 23:02:52,seismic-bumps,Quantile Thresholds,5.0,15,5,10,39,2,9,0.7191764705882338,0.9895225160869936,0.375910581832073,3600.0054199695587,11059.0,1504704741,0.65148756,False,False,SolutionPolishing,False,4,0.002,1172,23612090[].aqua,3600,1,0,0,0.05,-1,-1,0,-1,inf,True,False,False,1,True,True,True,False,False,Lazy,False,0,Chain,False,False,False,False,False,0.722692,3605,3578
75.85139318885449,75.84921292460646,3.933333333333333,4,15,0,0,12,1.552612543106079,0,0,0,0.9979048,0.05,0.11,0.9978000000000196,0.5068738460540771,0.2485249854126232,0.997692307692328,0.7235538959503174,0.416516132378648,BendWorstOCT,2026-07-10 23:02:53,seismic-bumps,Quantile Thresholds,5.0,15,5,10,39,2,9,0.7434931000664818,0.9947916666667176,0.3379971738510619,3600.001868009568,7980.0,-840885345,0.963432456,False,False,SolutionPolishing,False,4,0.001,1179,23612090[].aqua,3600,1,0,0,0.05,-1,-1,0,-1,inf,True,False,False,1,True,False,False,False,False,Lazy,False,0,Chain,False,False,False,False,False,0.909472,3604,3573
75.85139318885449,75.84921292460646,3.933333333333333,4,15,0,0,12,1.025367259979248,0,0,0,0.9979048,0.05,0.11,0.9978000000000196,0.5070021152496338,0.2485249854126232,0.997692307692328,0.7114999294281006,0.416516132378648,BendWorstOCT,2026-07-10 23:02:53,seismic-bumps,Quantile Thresholds,5.0,15,5,10,39,2,9,0.7434931000664818,0.9947916666667176,0.3379971738510619,3600.0018639564514,8047.0,-840885345,0.963431544,False,False,SolutionPolishing,False,4,0.001,1178,23612090[].aqua,3600,1,0,0,0.05,-1,-1,0,-1,inf,True,False,False,1,True,False,True,False,False,Lazy,False,0,Chain,False,False,False,False,False,0.88674,3604,3573
74.72910216718266,74.70588235294117,3.4444444444444446,4,9,0,0,10,1.24969744682312,0,0,0,0.9958095,0.48,1.38,0.9956000000000416,1.1078870296478271,1.5572250435574408,0.9954871794872218,1.622972011566162,2.394309026481723,BendWorstOCT,2026-07-10 23:02:53,seismic-bumps,Quantile Thresholds,5.0,15,5,10,39,2,9,0.7290588235294102,0.9896584633854054,0.357446657862831,3600.00250697136,9780.0,1504704741,0.57968728,False,False,SolutionPolishing,False,4,0.002,1175,23612090[].aqua,3600,1,0,0,0.05,-1,-1,0,-1,inf,True,False,False,1,True,False,False,False,False,Lazy,False,0,Chain,False,False,False,False,False,0.645148,3606,3577
73.52941176470588,72.94117647058823,3.5,4,8,0,0,2,0.0609159469604492,0,0,0,0.9979048,0.06,0.11,0.9978000000000196,0.6032390594482422,0.2485249854126232,0.9977058823529632,0.9006330966949463,0.663057300648027,BendWorstOCT,2026-07-10 23:02:53,seismic-bumps,Quantile Thresholds,5.0,15,5,10,39,2,9,0.7214117647058809,0.9954177327558922,0.3798191011782617,3600.003660917282,4631.0,-840885345,1.050757856,False,False,SolutionPolishing,False,4,0.001,1176,23612090[].aqua,3600,1,0,0,0.05,-1,-1,0,-1,inf,True,False,False,1,True,True,True,False,False,Lazy,False,0,Chain,False,False,False,False,False,0.924636,3606,3577
73.52941176470588,72.94117647058823,3.5,4,8,0,0,2,0.0697731971740722,0,0,0,0.9979048,0.06,0.11,0.9978000000000196,0.6087219715118408,0.2485249854126232,0.9977058823529632,0.9062068462371826,0.663057300648027,BendWorstOCT,2026-07-10 23:02:53,seismic-bumps,Quantile Thresholds,5.0,15,5,10,39,2,9,0.7214117647058809,0.9954177327558922,0.3798191011782617,3600.005359888077,4587.0,-840885345,1.050760568,False,False,SolutionPolishing,False,4,0.001,1177,23612090[].aqua,3600,1,0,0,0.05,-1,-1,0,-1,inf,True,False,False,1,True,True,False,False,False,Lazy,False,0,Chain,False,False,False,False,False,0.874704,3606,3577
74.72910216718266,74.70588235294117,3.4444444444444446,4,9,0,0,10,1.1010301113128662,0,0,0,0.9958095,0.5,1.38,0.9956000000000416,1.1276860237121582,1.5572250435574408,0.9954871794872218,1.6516690254211426,2.394309026481723,BendWorstOCT,2026-07-10 23:02:54,seismic-bumps,Quantile Thresholds,5.0,15,5,10,39,2,9,0.7290588235294102,0.9896666666667008,0.3574579097413222,3600.002577066421,9394.0,1504704741,0.579689016,False,False,SolutionPolishing,False,4,0.002,1174,23612090[].aqua,3600,1,0,0,0.05,-1,-1,0,-1,inf,True,False,False,1,True,False,True,False,False,Lazy,False,0,Chain,False,False,False,False,False,0.620892,3606,3578
74.22600619195046,74.11764705882354,3.636363636363636,4,11,0,0,2,0.0755281448364257,0,0,0,0.9958095,0.55,1.38,0.9956000000000416,1.3913588523864746,1.5572250435574408,0.9952767857143304,2.45548677444458,3.0262927344942665,BendWorstOCT,2026-07-10 23:02:57,seismic-bumps,Quantile Thresholds,5.0,15,5,10,39,2,9,0.7191764705882338,0.990241347406298,0.3769101019063553,3600.003783941269,5804.0,1504704741,0.570665928,False,False,SolutionPolishing,False,4,0.002,1173,23612090[].aqua,3600,1,0,0,0.05,-1,-1,0,-1,inf,True,False,False,1,True,True,False,False,False,Lazy,False,0,Chain,False,False,False,False,False,0.666488,3610,3579
75.92879256965944,75.88235294117646,3.75,4,12,0,0,10,1.4627842903137207,0,0,0,0.9983238,0.08,0.15,0.9982400000000152,0.6399509906768799,0.2805645794040394,0.998133333333357,1.1386570930480957,0.8615392791310547,BendWorstOCT,2026-07-10 23:03:27,seismic-bumps,Quantile Thresholds,5.0,15,5,10,39,2,9,0.7492235328777069,0.995599113441332,0.3288412199458235,3600.0031621456146,7649.0,503879752,0.925030592,False,False,SolutionPolishing,False,4,0.0008,1183,23612090[].aqua,3600,1,0,0,0.05,-1,-1,0,-1,inf,True,False,False,1,True,False,False,False,False,Lazy,False,0,Chain,False,False,False,False,False,0.776792,3605,3576
75.92879256965944,75.88235294117646,3.75,4,12,0,0,10,1.017078161239624,0,0,0,0.9983238,0.08,0.15,0.9982400000000152,0.646312952041626,0.2805645794040394,0.998133333333357,1.1449370384216309,0.8615392791310547,BendWorstOCT,2026-07-10 23:03:27,seismic-bumps,Quantile Thresholds,5.0,15,5,10,39,2,9,0.7492235325278621,0.9956096886937068,0.3288553355158823,3600.015352010727,7120.0,503879752,0.92503296,False,False,SolutionPolishing,False,4,0.0008,1182,23612090[].aqua,3600,1,0,0,0.05,-1,-1,0,-1,inf,True,False,False,1,True,False,True,False,False,Lazy,False,0,Chain,False,False,False,False,False,0.823856,3605,3576
72.52321981424149,72.3529411764706,3.0,3,8,0,0,2,0.051196813583374,0,0,0,0.9983238,0.08,0.15,0.9982400000000152,0.6188070774078369,0.2805645794040394,0.9981425287356676,1.0994470119476318,0.6516277542419806,BendWorstOCT,2026-07-10 23:03:27,seismic-bumps,Quantile Thresholds,5.0,15,5,10,39,2,9,0.7171294117647045,0.9957855308487852,0.3885715946280415,3600.002370119095,10196.0,503879752,0.660928544,False,False,SolutionPolishing,False,4,0.0008,1181,23612090[].aqua,3600,1,0,0,0.05,-1,-1,0,-1,inf,True,False,False,1,True,True,False,False,False,Lazy,False,0,Chain,False,False,False,False,False,0.717924,3606,3576
73.4907120743034,73.48798674399337,3.857142857142857,4,14,0,0,3,0.2176487445831298,0,0,0,0.9987429,0.09,0.17,0.9986800000000108,0.6151230335235596,0.2949976136173275,0.9985714285714472,0.9776971340179444,0.7959666211641149,BendWorstOCT,2026-07-10 23:03:27,seismic-bumps,Quantile Thresholds,5.0,15,5,10,39,2,9,0.7264798674399593,0.9967766609556422,0.37206370834223,3600.0028150081635,6237.0,1486059893,0.906472088,False,False,SolutionPolishing,False,4,0.0006,1185,23612090[].aqua,3600,1,0,0,0.05,-1,-1,0,-1,inf,True,False,False,1,True,True,False,False,False,Lazy,False,0,Chain,False,False,False,False,False,0.785616,3606,3574
73.4907120743034,73.48798674399337,3.857142857142857,4,14,0,0,3,0.1519868373870849,0,0,0,0.9987429,0.08,0.17,0.9986800000000108,0.5502710342407227,0.2949976136173275,0.9985714285714472,0.8738789558410645,0.7959666211641149,BendWorstOCT,2026-07-10 23:03:27,seismic-bumps,Quantile Thresholds,5.0,15,5,10,39,2,9,0.72647995029,0.9967287563068374,0.3719976110957475,3600.0151789188385,7834.0,1486059893,0.906471656,False,False,SolutionPolishing,False,4,0.0006,1184,23612090[].aqua,3600,1,0,0,0.05,-1,-1,0,-1,inf,True,False,False,1,True,True,True,False,False,Lazy,False,0,Chain,False,False,False,False,False,0.776032,3606,3580
72.52321981424149,72.3529411764706,3.0,3,8,0,0,2,0.0462307929992675,0,0,0,0.9983238,0.09,0.15,0.9982400000000152,0.712479829788208,0.2805645794040394,0.9981425287356676,1.2784278392791748,0.6516277542419806,BendWorstOCT,2026-07-10 23:03:29,seismic-bumps,Quantile Thresholds,5.0,15,5,10,39,2,9,0.7171294117647045,0.9958391198556524,0.3886463217358527,3600.0021018981934,8352.0,503879752,0.628428432,False,False,SolutionPolishing,False,4,0.0008,1180,23612090[].aqua,3600,1,0,0,0.05,-1,-1,0,-1,inf,True,False,False,1,True,True,True,False,False,Lazy,False,0,Chain,False,False,False,False,False,0.687648,3607,3579
75.07739938080495,75.06213753106877,3.857142857142857,4,14,0,0,8,0.8387134075164795,0,0,0,0.9987429,0.08,0.17,0.9986800000000108,0.5421750545501709,0.2949976136173275,0.998575000000014,0.7057449817657471,0.4409602906426229,BendWorstOCT,2026-07-10 23:04:00,seismic-bumps,Quantile Thresholds,5.0,15,5,10,39,2,9,0.7422213753107152,0.9968642606270388,0.3430821231869304,3600.002362966537,12137.0,1486059893,0.672855096,False,False,SolutionPolishing,False,4,0.0006,1187,23612090[].aqua,3600,1,0,0,0.05,-1,-1,0,-1,inf,True,False,False,1,True,False,False,False,False,Lazy,False,0,Chain,False,False,False,False,False,0.685788,3605,3578
73.33591331269349,73.32228666114334,3.0,3,8,0,0,3,0.0431363582611084,0,0,0,0.9991619,0.17,0.41,0.9991200000000064,0.6124579906463623,0.5989904726494254,0.9990857142857202,0.9280409812927246,0.7843483927624042,BendWorstOCT,2026-07-10 23:04:00,seismic-bumps,Quantile Thresholds,5.0,15,5,10,39,2,9,0.7300228666114587,0.9978801686026304,0.3669163176141082,3600.002768039704,11962.0,-772327295,0.763484952,False,False,SolutionPolishing,False,4,0.0004,1188,23612090[].aqua,3600,1,0,0,0.05,-1,-1,0,-1,inf,True,False,False,1,True,True,True,False,False,Lazy,False,0,Chain,False,False,False,False,False,0.71738,3605,3573
75.07739938080495,75.06213753106877,3.857142857142857,4,14,0,0,8,0.6966021060943604,0,0,0,0.9987429,0.09,0.17,0.9986800000000108,0.7306580543518066,0.2949976136173275,0.998575000000014,0.9310779571533204,0.4409602906426229,BendWorstOCT,2026-07-10 23:04:01,seismic-bumps,Quantile Thresholds,5.0,15,5,10,39,2,9,0.7422213753107152,0.9969747101913644,0.3432309326499821,3600.0030238628387,6957.0,1486059893,0.63009916,False,False,SolutionPolishing,False,4,0.0006,1186,23612090[].aqua,3600,1,0,0,0.05,-1,-1,0,-1,inf,True,False,False,1,True,False,True,False,False,Lazy,False,0,Chain,False,False,False,False,False,0.662288,3606,3579
72.02012383900929,71.76470588235294,2.0,2,4,0,0,3,0.0515697002410888,0,0,0,0.9999,0.01,0.02,0.9997999999999976,0.3994078636169433,0.2203961280176431,0.9997699999999996,0.9041998386383056,0.8717352592975169,BendWorstOCT,2026-07-10 23:04:36,seismic-bumps,Quantile Thresholds,5.0,15,5,10,39,2,9,0.717247058823528,0.999475124792018,0.3934879376590507,3600.00434589386,11528.0,497658468,0.692621256,False,False,SolutionPolishing,False,4,0.0001,1197,23612090[].aqua,3600,1,0,0,0.05,-1,-1,0,-1,inf,True,False,False,1,True,True,False,False,False,Lazy,False,0,Chain,False,False,False,False,False,0.691404,3604,3576
75.23219814241486,75.22783761391881,4.0,4,16,0,0,18,1.01990008354187,0,0,0,0.9999,0.01,0.02,0.9997999999999976,0.4340429306030273,0.2203961280176431,0.9997637681159418,0.8542649745941162,0.5655665505755467,BendWorstOCT,2026-07-10 23:04:36,seismic-bumps,Quantile Thresholds,5.0,15,5,10,39,2,9,0.7506783761392157,0.999442857142913,0.3313862353183903,3600.0126328468323,6228.0,497658468,1.112510616,False,False,SolutionPolishing,False,4,0.0001,1198,23612090[].aqua,3600,1,0,0,0.05,-1,-1,0,-1,inf,True,False,False,1,True,False,True,False,False,Lazy,False,0,Chain,False,False,False,False,False,0.922384,3604,3576
75.23219814241486,75.22783761391881,4.0,4,16,0,0,18,1.5058913230895996,0,0,0,0.9999,0.01,0.02,0.9997999999999976,0.418907880783081,0.2203961280176431,0.9997637681159418,0.857935905456543,0.5655665505755467,BendWorstOCT,2026-07-10 23:04:36,seismic-bumps,Quantile Thresholds,5.0,15,5,10,39,2,9,0.7506783761392157,0.999442857142913,0.3313862353183903,3600.003221988678,6228.0,497658468,1.112512088,False,False,SolutionPolishing,False,4,0.0001,1199,23612090[].aqua,3600,1,0,0,0.05,-1,-1,0,-1,inf,True,False,False,1,True,False,False,False,False,Lazy,False,0,Chain,False,False,False,False,False,0.98432,3605,3573
73.33591331269349,73.32228666114334,3.0,3,8,0,0,3,0.0688917636871337,0,0,0,0.9991619,0.18,0.41,0.9991200000000064,0.6806511878967285,0.5989904726494254,0.9990857142857202,1.0343801975250244,0.7843483927624042,BendWorstOCT,2026-07-10 23:04:36,seismic-bumps,Quantile Thresholds,5.0,15,5,10,39,2,9,0.7300228666114587,0.9978829171397096,0.3669200826154594,3600.025724172592,11536.0,-772327295,0.763482576,False,False,SolutionPolishing,False,4,0.0004,1189,23612090[].aqua,3600,1,0,0,0.05,-1,-1,0,-1,inf,True,False,False,1,True,True,False,False,False,Lazy,False,0,Chain,False,False,False,False,False,0.706296,3606,3577
75.5030959752322,75.47638773819386,3.933333333333333,4,15,0,0,8,1.612614393234253,0,0,0,0.9991619,0.18,0.41,0.9991200000000064,0.7033748626708984,0.5989904726494254,0.9990857142857202,0.9867568016052246,0.7573464403749764,BendWorstOCT,2026-07-10 23:04:37,seismic-bumps,Quantile Thresholds,5.0,15,5,10,39,2,9,0.7487638773819667,0.9977790697674992,0.3325683835820281,3600.010183811188,10136.0,-772327295,0.680686208,False,False,SolutionPolishing,False,4,0.0004,1191,23612090[].aqua,3600,1,0,0,0.05,-1,-1,0,-1,inf,True,False,False,1,True,False,False,False,False,Lazy,False,0,Chain,False,False,False,False,False,0.726028,3605,3577
72.52321981424149,72.3529411764706,3.0,3,8,0,0,3,0.0462067127227783,0,0,0,0.9998,0.01,0.02,0.9995999999999976,0.4382529258728027,0.2083858054678307,0.9995599999999988,0.9215829372406006,0.5581307727078004,BendWorstOCT,2026-07-10 23:04:37,seismic-bumps,Quantile Thresholds,5.0,15,5,10,39,2,9,0.7219294117647044,0.998883458646633,0.3836303693527798,3600.004497051239,12059.0,-601908251,0.664797424,False,False,SolutionPolishing,False,4,0.0002,1192,23612090[].aqua,3600,1,0,0,0.05,-1,-1,0,-1,inf,True,False,False,1,True,True,True,False,False,Lazy,False,0,Chain,False,False,False,False,False,0.687152,3605,3576
75.5030959752322,75.47638773819386,3.933333333333333,4,15,0,0,8,1.0167303085327148,0,0,0,0.9991619,0.18,0.41,0.9991200000000064,0.7319521903991699,0.5989904726494254,0.9990857142857202,1.0016322135925293,0.7573464403749764,BendWorstOCT,2026-07-10 23:04:37,seismic-bumps,Quantile Thresholds,5.0,15,5,10,39,2,9,0.7487638773819667,0.9978016129032828,0.3325984907178882,3600.013767004013,9757.0,-772327295,0.678195512,False,False,SolutionPolishing,False,4,0.0004,1190,23612090[].aqua,3600,1,0,0,0.05,-1,-1,0,-1,inf,True,False,False,1,True,False,True,False,False,Lazy,False,0,Chain,False,False,False,False,False,0.682888,3605,3576
75.85139318885449,75.84921292460646,3.933333333333333,4,15,0,0,22,2.293037176132202,0,0,0,0.9998,0.01,0.02,0.9995999999999976,0.5136990547180176,0.2083858054678307,0.999558644067796,0.9387390613555908,0.4375950326397411,BendWorstOCT,2026-07-10 23:04:37,seismic-bumps,Quantile Thresholds,5.0,15,5,10,39,2,9,0.7554921292460931,0.9989529411764876,0.3222545973752821,3600.003226995468,9032.0,-601908251,0.867930496,False,False,SolutionPolishing,False,4,0.0002,1195,23612090[].aqua,3600,1,0,0,0.05,-1,-1,0,-1,inf,True,False,False,1,True,False,False,False,False,Lazy,False,0,Chain,False,False,False,False,False,0.732684,3605,3572
72.02012383900929,71.76470588235294,2.0,2,4,0,0,3,0.0391218662261962,0,0,0,0.9999,0.02,0.02,0.9997999999999976,0.4962961673736572,0.2203961280176431,0.9997699999999996,1.0958340167999268,0.8717352592975169,BendWorstOCT,2026-07-10 23:04:37,seismic-bumps,Quantile Thresholds,5.0,15,5,10,39,2,9,0.717247058823528,0.9995,0.3935226191647831,3600.0188891887665,8735.0,497658468,0.66672672,False,False,SolutionPolishing,False,4,0.0001,1196,23612090[].aqua,3600,1,0,0,0.05,-1,-1,0,-1,inf,True,False,False,1,True,True,True,False,False,Lazy,False,0,Chain,False,False,False,False,False,0.683676,3605,3573
75.85139318885449,75.84921292460646,3.933333333333333,4,15,0,0,22,1.5975661277770996,0,0,0,0.9998,0.01,0.02,0.9995999999999976,0.5065829753875732,0.2083858054678307,0.999558644067796,0.9113039970397948,0.4375950326397411,BendWorstOCT,2026-07-10 23:04:37,seismic-bumps,Quantile Thresholds,5.0,15,5,10,39,2,9,0.7554921292460931,0.9989529411764876,0.3222545973752821,3600.0035490989685,9087.0,-601908251,0.867928712,False,False,SolutionPolishing,False,4,0.0002,1194,23612090[].aqua,3600,1,0,0,0.05,-1,-1,0,-1,inf,True,False,False,1,True,False,True,False,False,Lazy,False,0,Chain,False,False,False,False,False,0.770392,3605,3573
72.52321981424149,72.3529411764706,3.0,3,8,0,0,3,0.0711450576782226,0,0,0,0.9998,0.01,0.02,0.9995999999999976,0.4843909740447998,0.2083858054678307,0.9995599999999988,1.0474789142608645,0.5581307727078004,BendWorstOCT,2026-07-10 23:04:37,seismic-bumps,Quantile Thresholds,5.0,15,5,10,39,2,9,0.7219294117647044,0.9988902170658772,0.3836397309595158,3600.002581834793,11240.0,-601908251,0.664795232,False,False,SolutionPolishing,False,4,0.0002,1193,23612090[].aqua,3600,1,0,0,0.05,-1,-1,0,-1,inf,True,False,False,1,True,True,False,False,False,Lazy,False,0,Chain,False,False,False,False,False,0.695352,3605,3578
85.88888888888889,66.30434782608695,1.6666666666666667,2,3,0,0,2,0.083550214767456,0,0,0,0.8304445,0.6,1.2,0.8304328509066807,1.606031894683838,1.4225496898130794,0.7903546954314292,3.619822025299072,4.6913928205241,BendWorstOCT,2026-07-10 23:05:18,ann-thyroid,Quantile Thresholds,5.0,21,15,6,39,3,9,0.4230434782608685,0.6798837886450431,0.6071250913500543,3600.0029768943787,1294.0,-655155742,1.05129648,False,False,SolutionPolishing,False,3,0.08,1201,23612090[].aqua,3600,1,0,0,0.05,-1,-1,0,-1,inf,True,False,False,1,True,True,False,False,False,Lazy,False,0,Chain,False,False,False,False,False,0.891612,3606,3578
85.88888888888889,66.30434782608695,1.6666666666666667,2,3,0,0,2,0.0560688972473144,0,0,0,0.8304445,0.59,1.2,0.8304328509066807,1.6055951118469238,1.4225496898130794,0.7903546954314292,3.620521068572998,4.6913928205241,BendWorstOCT,2026-07-10 23:05:18,ann-thyroid,Quantile Thresholds,5.0,21,15,6,39,3,9,0.4230434782608685,0.6798837886450431,0.6071250913500543,3600.003044128418,1305.0,-655155742,1.051299112,False,False,SolutionPolishing,False,3,0.08,1200,23612090[].aqua,3600,1,0,0,0.05,-1,-1,0,-1,inf,True,False,False,1,True,True,True,False,False,Lazy,False,0,Chain,False,False,False,False,False,0.869828,3606,3577
87.08333333333333,85.5421686746988,2.25,3,4,0,0,6,0.3987863063812256,0,0,0,0.8304445,0.57,1.2,0.8304328509066807,1.5895249843597412,1.4225496898130794,0.7903546954314292,3.8185760974884033,4.6913928205241,BendWorstOCT,2026-07-10 23:05:18,ann-thyroid,Quantile Thresholds,5.0,21,15,6,39,3,9,0.5354216867469865,0.6619213480330192,0.2362617436260291,3600.0025839805603,1676.0,-655155742,0.713549392,False,False,SolutionPolishing,False,3,0.08,1202,23612090[].aqua,3600,1,0,0,0.05,-1,-1,0,-1,inf,True,False,False,1,True,False,True,False,False,Lazy,False,0,Chain,False,False,False,False,False,0.687644,3606,3574
87.08333333333333,85.5421686746988,2.25,3,4,0,0,7,0.7165310382843018,0,0,0,0.9098486,0.51,1.05,0.9098482669205084,1.4979398250579834,1.280066415857769,0.893333333333281,2.709179878234864,2.4996992996010245,BendWorstOCT,2026-07-10 23:05:19,ann-thyroid,Quantile Thresholds,5.0,21,15,6,39,3,9,0.6954216867469865,0.8399999999999227,0.2079002079000993,3600.002596855164,1134.0,-444242750,0.92553568,False,False,SolutionPolishing,False,3,0.04,1211,23612090[].aqua,3600,1,0,0,0.05,-1,-1,0,-1,inf,True,False,False,1,True,False,False,False,False,Lazy,False,0,Chain,False,False,False,False,False,0.821028,3605,3572
87.08333333333333,85.5421686746988,2.25,3,4,0,0,7,0.5302906036376953,0,0,0,0.9098486,0.56,1.05,0.9098482669205084,1.610459804534912,1.280066415857769,0.893333333333281,2.907681941986084,2.4996992996010245,BendWorstOCT,2026-07-10 23:05:19,ann-thyroid,Quantile Thresholds,5.0,21,15,6,39,3,9,0.6954216867469865,0.8399999999999227,0.2079002079000993,3600.010005950928,1084.0,-444242750,0.925538984,False,False,SolutionPolishing,False,3,0.04,1210,23612090[].aqua,3600,1,0,0,0.05,-1,-1,0,-1,inf,True,False,False,1,True,False,True,False,False,Lazy,False,0,Chain,False,False,False,False,False,0.718308,3605,3579
87.08333333333333,85.5421686746988,2.25,3,4,0,0,4,0.203587532043457,0,0,0,0.9098486,0.57,1.05,0.9098482669205084,1.6485750675201416,1.280066415857769,0.893333333333281,2.989112138748169,2.4996992996010245,BendWorstOCT,2026-07-10 23:05:19,ann-thyroid,Quantile Thresholds,5.0,21,15,6,39,3,9,0.6954216867469865,0.8409554128421031,0.2092740690556948,3600.0173950195312,1039.0,-444242750,1.181712976,False,False,SolutionPolishing,False,3,0.04,1209,23612090[].aqua,3600,1,0,0,0.05,-1,-1,0,-1,inf,True,False,False,1,True,True,False,False,False,Lazy,False,0,Chain,False,False,False,False,False,0.881168,3605,3575
87.08333333333333,85.5421686746988,2.25,3,4,0,0,6,0.5982129573822021,0,0,0,0.95,0.63,1.13,0.9499999999999396,1.943132162094116,1.357242053566181,0.9467117343227152,3.7680411338806152,3.813253613322254,BendWorstOCT,2026-07-10 23:05:19,ann-thyroid,Quantile Thresholds,5.0,21,15,6,39,3,9,0.7754216867469865,0.91394467779248,0.1786421419635794,3600.0055820941925,1726.0,193155703,0.89537688,False,False,SolutionPolishing,False,3,0.02,1214,23612090[].aqua,3600,1,0,0,0.05,-1,-1,0,-1,inf,True,False,False,1,True,False,True,False,False,Lazy,False,0,Chain,False,False,False,False,False,0.904276,3606,3581
87.08333333333333,85.5421686746988,2.25,3,4,0,0,9,0.7009832859039307,0,0,0,0.8700245,0.65,1.21,0.8700203730298152,1.735741138458252,1.4341450094786312,0.8385145608087301,9.585747003555298,13.196244549323932,BendWorstOCT,2026-07-10 23:05:20,ann-thyroid,Quantile Thresholds,5.0,21,15,6,39,3,9,0.6154216867469865,0.7599999999999227,0.2349256068910285,3600.0051729679108,865.0,290483485,0.945872416,False,False,SolutionPolishing,False,3,0.06,1206,23612090[].aqua,3600,1,0,0,0.05,-1,-1,0,-1,inf,True,False,False,1,True,False,True,False,False,Lazy,False,0,Chain,False,False,False,False,False,0.861432,3606,3578
74.83333333333333,73.74737473747375,2.0,2,4,0,0,2,0.0754492282867431,0,0,0,0.8700245,0.64,1.21,0.8700203730298152,1.740410089492798,1.4341450094786312,0.8385145608087301,9.335889101028442,13.196244549323932,BendWorstOCT,2026-07-10 23:05:20,ann-thyroid,Quantile Thresholds,5.0,21,15,6,39,3,9,0.4974737473746835,0.7599999999999227,0.5277188072951952,3600.003086090088,970.0,290483485,1.236741216,False,False,SolutionPolishing,False,3,0.06,1204,23612090[].aqua,3600,1,0,0,0.05,-1,-1,0,-1,inf,True,False,False,1,True,True,True,False,False,Lazy,False,0,Chain,False,False,False,False,False,0.95332,3607,3578
74.83333333333333,73.74737473747375,2.0,2,4,0,0,2,0.1007072925567627,0,0,0,0.8700245,0.64,1.21,0.8700203730298152,1.7264840602874756,1.4341450094786312,0.8385145608087301,9.24904990196228,13.196244549323932,BendWorstOCT,2026-07-10 23:05:20,ann-thyroid,Quantile Thresholds,5.0,21,15,6,39,3,9,0.4974737473746835,0.7599999999999227,0.5277188072951952,3600.00332403183,972.0,290483485,1.236740928,False,False,SolutionPolishing,False,3,0.06,1205,23612090[].aqua,3600,1,0,0,0.05,-1,-1,0,-1,inf,True,False,False,1,True,True,False,False,False,Lazy,False,0,Chain,False,False,False,False,False,0.952304,3606,3578
87.08333333333333,85.5421686746988,2.25,3,4,0,0,6,0.7787168025970459,0,0,0,0.8304445,0.62,1.2,0.8304328509066807,1.6866021156311035,1.4225496898130794,0.7903546954314292,3.828402996063232,4.6913928205241,BendWorstOCT,2026-07-10 23:05:20,ann-thyroid,Quantile Thresholds,5.0,21,15,6,39,3,9,0.5354216867469865,0.6658876127377817,0.2436694837361843,3600.002992153168,1593.0,-655155742,0.713550376,False,False,SolutionPolishing,False,3,0.08,1203,23612090[].aqua,3600,1,0,0,0.05,-1,-1,0,-1,inf,True,False,False,1,True,False,False,False,False,Lazy,False,0,Chain,False,False,False,False,False,0.667676,3606,3578
87.08333333333333,85.5421686746988,2.25,3,4,0,0,9,1.0678415298461914,0,0,0,0.8700245,0.67,1.21,0.8700203730298152,1.913349151611328,1.4341450094786312,0.8385145608087301,10.642851114273071,13.196244549323932,BendWorstOCT,2026-07-10 23:05:20,ann-thyroid,Quantile Thresholds,5.0,21,15,6,39,3,9,0.6154216867469865,0.7599999999999227,0.2349256068910285,3600.01513004303,829.0,290483485,0.581479936,False,False,SolutionPolishing,False,3,0.06,1207,23612090[].aqua,3600,1,0,0,0.05,-1,-1,0,-1,inf,True,False,False,1,True,False,False,False,False,Lazy,False,0,Chain,False,False,False,False,False,0.641692,3606,3578
87.08333333333333,85.5421686746988,2.25,3,4,0,0,4,0.1237697601318359,0,0,0,0.9098486,0.58,1.05,0.9098482669205084,1.8183598518371584,1.280066415857769,0.893333333333281,3.2675020694732666,2.4996992996010245,BendWorstOCT,2026-07-10 23:05:20,ann-thyroid,Quantile Thresholds,5.0,21,15,6,39,3,9,0.6954216867469865,0.8409554128421031,0.2092740690556948,3600.002296924591,965.0,-444242750,1.181709848,False,False,SolutionPolishing,False,3,0.04,1208,23612090[].aqua,3600,1,0,0,0.05,-1,-1,0,-1,inf,True,False,False,1,True,True,True,False,False,Lazy,False,0,Chain,False,False,False,False,False,1.001872,3607,3578
87.08333333333333,85.5421686746988,2.25,3,4,0,0,4,0.2611165046691894,0,0,0,0.95,1.03,1.13,0.9499999999999396,3.143388032913208,1.357242053566181,0.9466506744819682,6.779908180236816,3.612988420479953,BendWorstOCT,2026-07-10 23:05:24,ann-thyroid,Quantile Thresholds,5.0,21,15,6,39,3,9,0.7754216867469865,0.9199999999999228,0.18645121193278,3600.0393919944763,762.0,193155703,1.037098896,False,False,SolutionPolishing,False,3,0.02,1213,23612090[].aqua,3600,1,0,0,0.05,-1,-1,0,-1,inf,True,False,False,1,True,True,False,False,False,Lazy,False,0,Chain,False,False,False,False,False,0.934284,3611,3581
87.08333333333333,85.5421686746988,2.25,3,4,0,0,4,0.1729083061218261,0,0,0,0.95,1.01,1.13,0.9499999999999396,3.1576790809631348,1.357242053566181,0.9466506744819682,6.884907960891724,3.612988420479953,BendWorstOCT,2026-07-10 23:05:24,ann-thyroid,Quantile Thresholds,5.0,21,15,6,39,3,9,0.7754216867469865,0.9199999999999228,0.18645121193278,3600.010102033615,763.0,193155703,1.037099856,False,False,SolutionPolishing,False,3,0.02,1212,23612090[].aqua,3600,1,0,0,0.05,-1,-1,0,-1,inf,True,False,False,1,True,True,True,False,False,Lazy,False,0,Chain,False,False,False,False,False,0.948696,3611,3581
86.875,84.93975903614458,2.4,3,5,0,0,4,0.1400611400604248,0,0,0,0.975,0.4,0.81,0.9749999999999982,1.6199700832366943,1.228268911676782,0.9724978391138628,2.8011040687561035,2.5792647889147124,BendWorstOCT,2026-07-10 23:05:56,ann-thyroid,Quantile Thresholds,5.0,21,15,6,39,3,9,0.7993975903614443,0.9583661852207414,0.198860487917433,3600.002156972885,1493.0,2134169791,0.917579408,False,False,SolutionPolishing,False,3,0.01,1216,23612090[].aqua,3600,1,0,0,0.05,-1,-1,0,-1,inf,True,False,False,1,True,True,True,False,False,Lazy,False,0,Chain,False,False,False,False,False,0.834728,3606,3578
87.08333333333333,85.5421686746988,2.25,3,4,0,0,6,0.9242291450500488,0,0,0,0.95,0.56,1.13,0.9499999999999396,1.6666479110717771,1.357242053566181,0.9467117343227152,3.487349033355713,3.813253613322254,BendWorstOCT,2026-07-10 23:05:56,ann-thyroid,Quantile Thresholds,5.0,21,15,6,39,3,9,0.7754216867469865,0.9114393092407322,0.1754111663607973,3600.002918958664,1965.0,193155703,0.895375776,False,False,SolutionPolishing,False,3,0.02,1215,23612090[].aqua,3600,1,0,0,0.05,-1,-1,0,-1,inf,True,False,False,1,True,False,False,False,False,Lazy,False,0,Chain,False,False,False,False,False,0.864088,3606,3575
86.875,84.93975903614458,2.4,3,5,0,0,4,0.2093536853790283,0,0,0,0.975,0.43,0.81,0.9749999999999982,1.7200698852539062,1.228268911676782,0.9724978391138628,3.03105092048645,2.5792647889147124,BendWorstOCT,2026-07-10 23:06:32,ann-thyroid,Quantile Thresholds,5.0,21,15,6,39,3,9,0.7993975903614443,0.9599999999999228,0.2009042954030705,3600.0178599357605,1333.0,2134169791,0.917579664,False,False,SolutionPolishing,False,3,0.01,1217,23612090[].aqua,3600,1,0,0,0.05,-1,-1,0,-1,inf,True,False,False,1,True,True,False,False,False,Lazy,False,0,Chain,False,False,False,False,False,0.866928,3605,3578
87.13888888888889,86.97869786978698,2.6,3,5,0,0,8,0.5004527568817139,0,0,0,0.975,0.38,0.81,0.9749999999999982,1.5138399600982666,1.228268911676782,0.9724978391138628,2.6978888511657715,2.5792647889147124,BendWorstOCT,2026-07-10 23:07:21,ann-thyroid,Quantile Thresholds,5.0,21,15,6,39,3,9,0.819786978697804,0.954967911998124,0.1648976341574112,3600.003366947174,1439.0,2134169791,0.937022792,False,False,SolutionPolishing,False,3,0.01,1218,23612090[].aqua,3600,1,0,0,0.05,-1,-1,0,-1,inf,True,False,False,1,True,False,True,False,False,Lazy,False,0,Chain,False,False,False,False,False,0.80744,3605,3575
87.13888888888889,86.97869786978698,2.6,3,5,0,0,4,0.1956901550292968,0,0,0,0.98,0.33,0.71,0.9799999999998806,1.2792668342590332,0.9186815032278828,0.9799999999998806,1.6020359992980957,1.216056845266591,BendWorstOCT,2026-07-10 23:07:22,ann-thyroid,Quantile Thresholds,5.0,21,15,6,39,3,9,0.829786978697804,0.9673288854699352,0.1657556822450717,3600.002512931824,1220.0,2083780896,0.989101344,False,False,SolutionPolishing,False,3,0.008,1221,23612090[].aqua,3600,1,0,0,0.05,-1,-1,0,-1,inf,True,False,False,1,True,True,False,False,False,Lazy,False,0,Chain,False,False,False,False,False,0.928096,3605,3578
87.13888888888889,86.97869786978698,2.6,3,5,0,0,8,0.5395042896270752,0,0,0,0.98,0.34,0.71,0.9799999999998806,1.2951910495758057,0.9186815032278828,0.9799999999998806,1.6257359981536863,1.216056845266591,BendWorstOCT,2026-07-10 23:07:22,ann-thyroid,Quantile Thresholds,5.0,21,15,6,39,3,9,0.829786978697804,0.9679999999999228,0.1665644615429109,3600.0698549747467,1053.0,2083780896,1.086739008,False,False,SolutionPolishing,False,3,0.008,1222,23612090[].aqua,3600,1,0,0,0.05,-1,-1,0,-1,inf,True,False,False,1,True,False,True,False,False,Lazy,False,0,Chain,False,False,False,False,False,0.976684,3605,3579
87.13888888888889,86.97869786978698,2.6,3,5,0,0,8,0.9678628444671632,0,0,0,0.975,0.45,0.81,0.9749999999999982,1.7836370468139648,1.228268911676782,0.9724978391138628,3.130600929260254,2.5792647889147124,BendWorstOCT,2026-07-10 23:07:22,ann-thyroid,Quantile Thresholds,5.0,21,15,6,39,3,9,0.819786978697804,0.9585864072938998,0.1693115799626051,3600.004224061966,1247.0,2134169791,0.9370206,False,False,SolutionPolishing,False,3,0.01,1219,23612090[].aqua,3600,1,0,0,0.05,-1,-1,0,-1,inf,True,False,False,1,True,False,False,False,False,Lazy,False,0,Chain,False,False,False,False,False,0.872196,3606,3575
87.13888888888889,86.97869786978698,2.6,3,5,0,0,8,0.9344651699066162,0,0,0,0.98,0.34,0.71,0.9799999999998806,1.3440289497375488,0.9186815032278828,0.9799999999998806,1.7049269676208496,1.216056845266591,BendWorstOCT,2026-07-10 23:07:22,ann-thyroid,Quantile Thresholds,5.0,21,15,6,39,3,9,0.829786978697804,0.9679999999999228,0.1665644615429109,3600.014349937439,1053.0,2083780896,1.086739136,False,False,SolutionPolishing,False,3,0.008,1223,23612090[].aqua,3600,1,0,0,0.05,-1,-1,0,-1,inf,True,False,False,1,True,False,False,False,False,Lazy,False,0,Chain,False,False,False,False,False,0.969864,3605,3578
87.08333333333333,85.5421686746988,2.4,3,5,0,0,4,0.1345922946929931,0,0,0,0.985,0.29,0.61,0.9849999999999977,1.2478079795837402,0.78739154100707,0.9839999999999264,4.068655967712402,4.153812260549355,BendWorstOCT,2026-07-10 23:07:22,ann-thyroid,Quantile Thresholds,5.0,21,15,6,39,3,9,0.8254216867469865,0.9759408654452808,0.1823542815933216,3600.0020949840546,1225.0,-2050946944,1.089436576,False,False,SolutionPolishing,False,3,0.006,1224,23612090[].aqua,3600,1,0,0,0.05,-1,-1,0,-1,inf,True,False,False,1,True,True,True,False,False,Lazy,False,0,Chain,False,False,False,False,False,0.93188,3605,3577
87.13888888888889,86.97869786978698,2.6,3,5,0,0,4,0.1630408763885498,0,0,0,0.98,0.45,0.71,0.9799999999998806,2.055556058883667,0.9186815032278828,0.9799999999998806,3.288364887237549,1.216056845266591,BendWorstOCT,2026-07-10 23:07:26,ann-thyroid,Quantile Thresholds,5.0,21,15,6,39,3,9,0.829786978697804,0.9679999999999228,0.1665644615429109,3600.0056989192963,775.0,2083780896,0.989103456,False,False,SolutionPolishing,False,3,0.008,1220,23612090[].aqua,3600,1,0,0,0.05,-1,-1,0,-1,inf,True,False,False,1,True,True,True,False,False,Lazy,False,0,Chain,False,False,False,False,False,0.922168,3611,3580
87.08333333333333,85.5421686746988,2.4,3,5,0,0,4,0.1897151470184326,0,0,0,0.985,0.3,0.61,0.9849999999999977,1.2476329803466797,0.78739154100707,0.9839999999999264,4.01133394241333,4.153812260549355,BendWorstOCT,2026-07-10 23:07:49,ann-thyroid,Quantile Thresholds,5.0,21,15,6,39,3,9,0.8254216867469865,0.9759398980172814,0.1823531095523939,3600.002166032791,1253.0,-2050946944,1.089437568,False,False,SolutionPolishing,False,3,0.006,1225,23612090[].aqua,3600,1,0,0,0.05,-1,-1,0,-1,inf,True,False,False,1,True,True,False,False,False,Lazy,False,0,Chain,False,False,False,False,False,0.994604,3605,3576
87.08333333333333,85.5421686746988,2.4,3,5,0,0,4,0.188154935836792,0,0,0,0.99,0.3,0.62,0.9899999999999128,1.2694578170776367,0.8327986133030273,0.9892836716327604,2.666599988937378,2.304315166436872,BendWorstOCT,2026-07-10 23:07:50,ann-thyroid,Quantile Thresholds,5.0,21,15,6,39,3,9,0.8354216867469865,0.9839999999999228,0.1778482838187731,3600.004611968994,1065.0,920606187,1.179653712,False,False,SolutionPolishing,False,3,0.004,1229,23612090[].aqua,3600,1,0,0,0.05,-1,-1,0,-1,inf,True,False,False,1,True,True,False,False,False,Lazy,False,0,Chain,False,False,False,False,False,1.033016,3605,3578
87.13888888888889,86.97869786978698,2.6,3,5,0,0,10,0.5934133529663086,0,0,0,0.985,0.32,0.61,0.9849999999999977,1.3384568691253662,0.78739154100707,0.9839999999999264,4.577270030975342,4.153812260549355,BendWorstOCT,2026-07-10 23:07:50,ann-thyroid,Quantile Thresholds,5.0,21,15,6,39,3,9,0.839786978697804,0.972150562394405,0.1576156657035185,3600.002577066421,1284.0,-2050946944,1.032829544,False,False,SolutionPolishing,False,3,0.006,1226,23612090[].aqua,3600,1,0,0,0.05,-1,-1,0,-1,inf,True,False,False,1,True,False,True,False,False,Lazy,False,0,Chain,False,False,False,False,False,0.940872,3605,3578
87.13888888888889,86.97869786978698,2.6,3,5,0,0,10,1.1675918102264404,0,0,0,0.985,0.32,0.61,0.9849999999999977,1.334845781326294,0.78739154100707,0.9839999999999264,4.664573907852173,4.153812260549355,BendWorstOCT,2026-07-10 23:07:50,ann-thyroid,Quantile Thresholds,5.0,21,15,6,39,3,9,0.839786978697804,0.972150562394405,0.1576156657035185,3600.018509864807,1284.0,-2050946944,1.032827168,False,False,SolutionPolishing,False,3,0.006,1227,23612090[].aqua,3600,1,0,0,0.05,-1,-1,0,-1,inf,True,False,False,1,True,False,False,False,False,Lazy,False,0,Chain,False,False,False,False,False,0.967472,3605,3578
87.13888888888889,86.97869786978698,2.6,3,5,0,0,7,0.5835714340209961,0,0,0,0.99,0.29,0.62,0.9899999999999128,1.1897521018981934,0.8327986133030273,0.9892836716327604,2.539011001586914,2.304315166436872,BendWorstOCT,2026-07-10 23:07:50,ann-thyroid,Quantile Thresholds,5.0,21,15,6,39,3,9,0.8497869786978041,0.9839999999999228,0.1579372532958599,3600.002134084701,1478.0,920606187,1.079706472,False,False,SolutionPolishing,False,3,0.004,1230,23612090[].aqua,3600,1,0,0,0.05,-1,-1,0,-1,inf,True,False,False,1,True,False,True,False,False,Lazy,False,0,Chain,False,False,False,False,False,1.001576,3605,3578
87.13888888888889,86.97869786978698,2.6,3,5,0,0,7,1.057405710220337,0,0,0,0.99,0.3,0.62,0.9899999999999128,1.3065919876098633,0.8327986133030273,0.9892836716327604,2.8159451484680176,2.304315166436872,BendWorstOCT,2026-07-10 23:07:50,ann-thyroid,Quantile Thresholds,5.0,21,15,6,39,3,9,0.8497869786978041,0.9839999999999228,0.1579372532958599,3600.002648115158,1471.0,920606187,1.0797088,False,False,SolutionPolishing,False,3,0.004,1231,23612090[].aqua,3600,1,0,0,0.05,-1,-1,0,-1,inf,True,False,False,1,True,False,False,False,False,Lazy,False,0,Chain,False,False,False,False,False,0.974368,3605,3577
81.44444444444444,80.43478260869566,3.0,3,8,0,0,2,0.1192760467529296,0,0,0,0.995,0.2,0.36,0.994999999999867,1.1558630466461182,0.5272957802228618,0.994999999999867,1.71588397026062,0.9252959073259712,BendWorstOCT,2026-07-10 23:07:50,ann-thyroid,Quantile Thresholds,5.0,21,15,6,39,3,9,0.7883478260869532,0.9912204119169136,0.2573389297423951,3600.0069530010223,993.0,1943097488,1.18572716,False,False,SolutionPolishing,False,3,0.002,1233,23612090[].aqua,3600,1,0,0,0.05,-1,-1,0,-1,inf,True,False,False,1,True,True,False,False,False,Lazy,False,0,Chain,False,False,False,False,False,1.03426,3606,3573
87.13888888888889,86.97869786978698,2.6,3,5,0,0,4,0.1311628818511963,0,0,0,0.9975,0.17,0.37,0.9974999999999976,1.09142804145813,0.5239852831048364,0.9974999999999976,1.4803781509399414,0.843949342522333,BendWorstOCT,2026-07-10 23:08:16,ann-thyroid,Quantile Thresholds,5.0,21,15,6,39,3,9,0.8647869786978041,0.9954999999999942,0.1511505428759088,3600.00446009636,1602.0,-1411253330,1.058656216,False,False,SolutionPolishing,False,3,0.001,1236,23612090[].aqua,3600,1,0,0,0.05,-1,-1,0,-1,inf,True,False,False,1,True,True,True,False,False,Lazy,False,0,Chain,False,False,False,False,False,0.832332,3605,3578
88.01388888888889,87.92379237923792,2.857142857142857,3,7,0,0,4,0.7683811187744141,0,0,0,0.995,0.18,0.36,0.994999999999867,1.00809907913208,0.5272957802228618,0.994999999999867,1.469761848449707,0.9252959073259712,BendWorstOCT,2026-07-10 23:08:16,ann-thyroid,Quantile Thresholds,5.0,21,15,6,39,3,9,0.8652379237923127,0.9899297584769666,0.1441127708990531,3600.002373933792,2192.0,1943097488,0.896629752,False,False,SolutionPolishing,False,3,0.002,1235,23612090[].aqua,3600,1,0,0,0.05,-1,-1,0,-1,inf,True,False,False,1,True,False,False,False,False,Lazy,False,0,Chain,False,False,False,False,False,0.787116,3605,3578
87.13888888888889,86.97869786978698,2.6,3,5,0,0,6,0.3429567813873291,0,0,0,0.9975,0.17,0.37,0.9974999999999976,1.0872769355773926,0.5239852831048364,0.9974999999999976,1.5153119564056396,0.843949342522333,BendWorstOCT,2026-07-10 23:08:16,ann-thyroid,Quantile Thresholds,5.0,21,15,6,39,3,9,0.8647869786978041,0.9956338924133468,0.1513053699219338,3600.0020818710327,1427.0,-1411253330,0.7090358,False,False,SolutionPolishing,False,3,0.001,1238,23612090[].aqua,3600,1,0,0,0.05,-1,-1,0,-1,inf,True,False,False,1,True,False,True,False,False,Lazy,False,0,Chain,False,False,False,False,False,0.782216,3605,3574
87.13888888888889,86.97869786978698,2.6,3,5,0,0,4,0.1954350471496582,0,0,0,0.9975,0.17,0.37,0.9974999999999976,1.079362154006958,0.5239852831048364,0.9974999999999976,1.4963631629943848,0.843949342522333,BendWorstOCT,2026-07-10 23:08:16,ann-thyroid,Quantile Thresholds,5.0,21,15,6,39,3,9,0.8647869786978041,0.9955178469715906,0.1511711802953382,3600.002621173858,1533.0,-1411253330,1.05865024,False,False,SolutionPolishing,False,3,0.001,1237,23612090[].aqua,3600,1,0,0,0.05,-1,-1,0,-1,inf,True,False,False,1,True,True,False,False,False,Lazy,False,0,Chain,False,False,False,False,False,0.93788,3605,3574
87.13888888888889,86.97869786978698,2.6,3,5,0,0,4,0.1300253868103027,0,0,0,0.998,0.13,0.28,0.99799999999993,1.1327908039093018,0.4560805571282255,0.99799999999993,1.6161658763885498,0.8391660254056994,BendWorstOCT,2026-07-10 23:08:16,ann-thyroid,Quantile Thresholds,5.0,21,15,6,39,3,9,0.8657869786978041,0.9964766073737428,0.1509489422819731,3600.007619857788,1051.0,471913034,0.834585912,False,False,SolutionPolishing,False,3,0.0008,1240,23612090[].aqua,3600,1,0,0,0.05,-1,-1,0,-1,inf,True,False,False,1,True,True,True,False,False,Lazy,False,0,Chain,False,False,False,False,False,0.882156,3605,3575
87.13888888888889,86.97869786978698,2.6,3,5,0,0,6,0.6354427337646484,0,0,0,0.9975,0.17,0.37,0.9974999999999976,1.0715689659118652,0.5239852831048364,0.9974999999999976,1.5143721103668213,0.843949342522333,BendWorstOCT,2026-07-10 23:08:16,ann-thyroid,Quantile Thresholds,5.0,21,15,6,39,3,9,0.8647869786978041,0.995604479161326,0.151271357786292,3600.0098400115967,1445.0,-1411253330,0.709037112,False,False,SolutionPolishing,False,3,0.001,1239,23612090[].aqua,3600,1,0,0,0.05,-1,-1,0,-1,inf,True,False,False,1,True,False,False,False,False,Lazy,False,0,Chain,False,False,False,False,False,0.770736,3605,3574
87.13888888888889,86.97869786978698,2.6,3,5,0,0,4,0.1878688335418701,0,0,0,0.998,0.14,0.28,0.99799999999993,1.1586720943450928,0.4560805571282255,0.99799999999993,1.615562915802002,0.8391660254056994,BendWorstOCT,2026-07-10 23:08:16,ann-thyroid,Quantile Thresholds,5.0,21,15,6,39,3,9,0.8657869786978041,0.9963285531413372,0.1507779369006859,3600.006582975388,1351.0,471913034,0.834584504,False,False,SolutionPolishing,False,3,0.0008,1241,23612090[].aqua,3600,1,0,0,0.05,-1,-1,0,-1,inf,True,False,False,1,True,True,False,False,False,Lazy,False,0,Chain,False,False,False,False,False,0.877816,3606,3578
88.01388888888889,87.92379237923792,2.857142857142857,3,7,0,0,4,0.4881620407104492,0,0,0,0.995,0.22,0.36,0.994999999999867,1.199748992919922,0.5272957802228618,0.994999999999867,1.9751830101013184,0.9252959073259712,BendWorstOCT,2026-07-10 23:08:17,ann-thyroid,Quantile Thresholds,5.0,21,15,6,39,3,9,0.8652379237923127,0.9905277777777056,0.1448039325833651,3600.0027208328247,1839.0,1943097488,0.896628728,False,False,SolutionPolishing,False,3,0.002,1234,23612090[].aqua,3600,1,0,0,0.05,-1,-1,0,-1,inf,True,False,False,1,True,False,True,False,False,Lazy,False,0,Chain,False,False,False,False,False,0.788232,3607,3579
88.01388888888889,87.92379237923792,2.857142857142857,3,7,0,0,4,0.3380250930786133,0,0,0,0.998,0.14,0.28,0.99799999999993,1.214169979095459,0.4560805571282255,0.99799999999993,1.6523659229278564,0.8391660254056994,BendWorstOCT,2026-07-10 23:08:46,ann-thyroid,Quantile Thresholds,5.0,21,15,6,39,3,9,0.8736379237923126,0.996433623493382,0.1405567413649287,3600.00164103508,1655.0,471913034,0.789001048,False,False,SolutionPolishing,False,3,0.0008,1242,23612090[].aqua,3600,1,0,0,0.05,-1,-1,0,-1,inf,True,False,False,1,True,False,True,False,False,Lazy,False,0,Chain,False,False,False,False,False,0.832616,3606,3580
88.01388888888889,87.92379237923792,2.857142857142857,3,7,0,0,4,0.5255787372589111,0,0,0,0.998,0.14,0.28,0.99799999999993,1.3059289455413818,0.4560805571282255,0.99799999999993,1.843837022781372,0.8391660254056994,BendWorstOCT,2026-07-10 23:08:46,ann-thyroid,Quantile Thresholds,5.0,21,15,6,39,3,9,0.8736379237923126,0.9967999999999227,0.1409761101864541,3600.006567001343,752.0,471913034,0.767935864,False,False,SolutionPolishing,False,3,0.0008,1243,23612090[].aqua,3600,1,0,0,0.05,-1,-1,0,-1,inf,True,False,False,1,True,False,False,False,False,Lazy,False,0,Chain,False,False,False,False,False,0.847972,3606,3580
87.13888888888889,86.97869786978698,2.6,3,5,0,0,5,0.495518684387207,0,0,0,0.9985,0.12,0.28,0.9984999999999232,0.9083549976348876,0.4744148027883875,0.9983999999999228,2.5355939865112305,1.838211256538704,BendWorstOCT,2026-07-10 23:10:23,ann-thyroid,Quantile Thresholds,5.0,21,15,6,39,3,9,0.8667873087308077,0.9972557528119614,0.1505195597201256,3600.006056070328,2308.0,1749601605,0.977862544,False,False,SolutionPolishing,False,3,0.0006,1246,23612090[].aqua,3600,1,0,0,0.05,-1,-1,0,-1,inf,True,False,False,1,True,False,True,False,False,Lazy,False,0,Chain,False,False,False,False,False,0.820648,3606,3581
87.13888888888889,86.97869786978698,2.6,3,5,0,0,5,1.0306780338287354,0,0,0,0.9985,0.13,0.28,0.9984999999999232,0.9687798023223876,0.4744148027883875,0.9983999999999228,2.6980159282684326,1.838211256538704,BendWorstOCT,2026-07-10 23:10:24,ann-thyroid,Quantile Thresholds,5.0,21,15,6,39,3,9,0.8667873087308077,0.9972636234996828,0.1505286400188818,3600.003758907318,2160.0,1749601605,0.977861848,False,False,SolutionPolishing,False,3,0.0006,1247,23612090[].aqua,3600,1,0,0,0.05,-1,-1,0,-1,inf,True,False,False,1,True,False,False,False,False,Lazy,False,0,Chain,False,False,False,False,False,0.893572,3605,3573
88.01388888888889,87.92379237923792,2.857142857142857,3,7,0,0,6,0.5426065921783447,0,0,0,0.999,0.1,0.18,0.9989999999999232,1.1363699436187744,0.3560264776963647,0.9989333333332564,1.9088020324707031,0.9768509631225896,BendWorstOCT,2026-07-10 23:10:24,ann-thyroid,Quantile Thresholds,5.0,21,15,6,39,3,9,0.8764379237923127,0.9981570552655472,0.1388793526260944,3600.0027990341187,2147.0,861454512,0.927939472,False,False,SolutionPolishing,False,3,0.0004,1250,23612090[].aqua,3600,1,0,0,0.05,-1,-1,0,-1,inf,True,False,False,1,True,False,True,False,False,Lazy,False,0,Chain,False,False,False,False,False,0.8004,3605,3578
87.13888888888889,86.97869786978698,2.6,3,5,0,0,5,0.1908679008483886,0,0,0,0.999,0.11,0.18,0.9989999999999232,1.221626043319702,0.3560264776963647,0.9989333333332564,2.0330810546875,0.9768509631225896,BendWorstOCT,2026-07-10 23:10:24,ann-thyroid,Quantile Thresholds,5.0,21,15,6,39,3,9,0.8677869786978041,0.9981917179770996,0.1502727541210402,3600.0206661224365,1226.0,861454512,1.120585456,False,False,SolutionPolishing,False,3,0.0004,1248,23612090[].aqua,3600,1,0,0,0.05,-1,-1,0,-1,inf,True,False,False,1,True,True,True,False,False,Lazy,False,0,Chain,False,False,False,False,False,0.937384,3606,3575
88.01388888888889,87.92379237923792,2.857142857142857,3,7,0,0,6,0.8394083976745605,0,0,0,0.999,0.1,0.18,0.9989999999999232,1.146960973739624,0.3560264776963647,0.9989333333332564,1.8379240036010744,0.9768509631225896,BendWorstOCT,2026-07-10 23:10:24,ann-thyroid,Quantile Thresholds,5.0,21,15,6,39,3,9,0.8764379237923127,0.9981570552655472,0.1388793526260944,3600.00315117836,2144.0,861454512,0.927939952,False,False,SolutionPolishing,False,3,0.0004,1251,23612090[].aqua,3600,1,0,0,0.05,-1,-1,0,-1,inf,True,False,False,1,True,False,False,False,False,Lazy,False,0,Chain,False,False,False,False,False,0.81116,3605,3575
87.13888888888889,86.97869786978698,2.6,3,5,0,0,5,0.3360905647277832,0,0,0,0.999,0.11,0.18,0.9989999999999232,1.1572198867797852,0.3560264776963647,0.9989333333332564,2.0343918800354004,0.9768509631225896,BendWorstOCT,2026-07-10 23:10:24,ann-thyroid,Quantile Thresholds,5.0,21,15,6,39,3,9,0.8677869786978041,0.9981884348698332,0.1502689708109113,3600.00177192688,1346.0,861454512,1.120584016,False,False,SolutionPolishing,False,3,0.0004,1249,23612090[].aqua,3600,1,0,0,0.05,-1,-1,0,-1,inf,True,False,False,1,True,True,False,False,False,Lazy,False,0,Chain,False,False,False,False,False,0.86704,3605,3575
87.13888888888889,86.97869786978698,2.6,3,5,0,0,12,1.0859017372131348,0,0,0,0.9995,0.23,0.4,0.9994999999999228,1.2433879375457764,0.4829986365911376,0.9994999999999228,1.9794459342956543,1.088114365041363,BendWorstOCT,2026-07-10 23:10:52,ann-thyroid,Quantile Thresholds,5.0,21,15,6,39,3,9,0.8687874437443077,0.9990653529130852,0.1499537201036247,3600.0146119594574,1873.0,-1570443755,1.1592788,False,False,SolutionPolishing,False,3,0.0002,1255,23612090[].aqua,3600,1,0,0,0.05,-1,-1,0,-1,inf,True,False,False,1,True,False,False,False,False,Lazy,False,0,Chain,False,False,False,False,False,0.904304,3605,3574
87.13888888888889,86.97869786978698,2.6,3,5,0,0,4,0.2306001186370849,0,0,0,0.99975,0.09,0.15,0.9997499999999228,0.935107946395874,0.2799403031097376,0.9997333333332562,1.5712978839874268,0.6934790032212013,BendWorstOCT,2026-07-10 23:10:52,ann-thyroid,Quantile Thresholds,5.0,21,15,6,39,3,9,0.8692873687368081,0.9995598916868996,0.1498612859627708,3600.0011949539185,1690.0,-453546434,0.986297888,False,False,SolutionPolishing,False,3,0.0001,1257,23612090[].aqua,3600,1,0,0,0.05,-1,-1,0,-1,inf,True,False,False,1,True,True,False,False,False,Lazy,False,0,Chain,False,False,False,False,False,0.861188,3605,3572
87.13888888888889,86.97869786978698,2.6,3,5,0,0,4,0.1288506984710693,0,0,0,0.99975,0.09,0.15,0.9997499999999228,0.949815034866333,0.2799403031097376,0.9997333333332562,1.5902411937713623,0.6934790032212013,BendWorstOCT,2026-07-10 23:10:52,ann-thyroid,Quantile Thresholds,5.0,21,15,6,39,3,9,0.8692873687368081,0.9995598916868996,0.1498612859627708,3600.002555131912,1702.0,-453546434,0.986300536,False,False,SolutionPolishing,False,3,0.0001,1256,23612090[].aqua,3600,1,0,0,0.05,-1,-1,0,-1,inf,True,False,False,1,True,True,True,False,False,Lazy,False,0,Chain,False,False,False,False,False,0.843112,3605,3572
87.08333333333333,85.5421686746988,2.4,3,5,0,0,4,0.1478641033172607,0,0,0,0.9995,0.21,0.4,0.9994999999999228,1.1502268314361572,0.4829986365911376,0.9994999999999228,1.796942949295044,1.088114365041363,BendWorstOCT,2026-07-10 23:10:52,ann-thyroid,Quantile Thresholds,5.0,21,15,6,39,3,9,0.8544216867469865,0.999150741978026,0.1693883213358756,3600.0041179656982,1368.0,-1570443755,0.962682704,False,False,SolutionPolishing,False,3,0.0002,1252,23612090[].aqua,3600,1,0,0,0.05,-1,-1,0,-1,inf,True,False,False,1,True,True,True,False,False,Lazy,False,0,Chain,False,False,False,False,False,0.846552,3606,3580
74.83333333333333,73.74737473747375,2.0,2,4,0,0,2,0.1033401489257812,0,0,0,0.9995,0.27,0.4,0.9994999999999228,1.3895039558410645,0.4829986365911376,0.9994999999999228,2.524198055267334,1.088114365041363,BendWorstOCT,2026-07-10 23:10:53,ann-thyroid,Quantile Thresholds,5.0,21,15,6,39,3,9,0.7366737473746835,0.999161591082202,0.3563149150393345,3600.0046470165253,1009.0,-1570443755,0.96268248,False,False,SolutionPolishing,False,3,0.0002,1253,23612090[].aqua,3600,1,0,0,0.05,-1,-1,0,-1,inf,True,False,False,1,True,True,False,False,False,Lazy,False,0,Chain,False,False,False,False,False,0.792132,3608,3577
87.13888888888889,86.97869786978698,2.6,3,5,0,0,12,0.7278378009796143,0,0,0,0.9995,0.27,0.4,0.9994999999999228,1.4218711853027344,0.4829986365911376,0.9994999999999228,2.682955980300904,1.088114365041363,BendWorstOCT,2026-07-10 23:10:53,ann-thyroid,Quantile Thresholds,5.0,21,15,6,39,3,9,0.8687874437443077,0.9990755479025504,0.1499654548375213,3600.019942998886,1683.0,-1570443755,1.15927744,False,False,SolutionPolishing,False,3,0.0002,1254,23612090[].aqua,3600,1,0,0,0.05,-1,-1,0,-1,inf,True,False,False,1,True,False,True,False,False,Lazy,False,0,Chain,False,False,False,False,False,0.915856,3607,3579
87.13888888888889,86.97869786978698,2.6,3,5,0,0,6,0.527188777923584,0,0,0,0.99975,0.08,0.15,0.9997499999999228,0.8591179847717285,0.2799403031097376,0.9997333333332562,1.4357829093933103,0.6934790032212013,BendWorstOCT,2026-07-10 23:12:02,ann-thyroid,Quantile Thresholds,5.0,21,15,6,39,3,9,0.8692869786978041,0.9995283480565502,0.1498255151064706,3600.0155789852142,2320.0,-453546434,0.839315616,False,False,SolutionPolishing,False,3,0.0001,1258,23612090[].aqua,3600,1,0,0,0.05,-1,-1,0,-1,inf,True,False,False,1,True,False,True,False,False,Lazy,False,0,Chain,False,False,False,False,False,0.717396,3606,3581
85.88888888888889,66.30434782608695,1.6666666666666667,2,3,0,0,3,0.1033153533935546,0,0,0,0.8303479,0.86,1.89,0.8303417279837326,2.3163211345672607,2.266770276760879,0.7842619632125447,8.324963092803955,13.845252408006823,BendWorstOCT,2026-07-10 23:13:04,ann-thyroid,Quantile Thresholds,5.0,21,15,6,39,3,9,0.4230434782608685,0.7143822168071687,0.688673277139252,3600.0025210380554,874.0,633114845,0.987888016,False,False,SolutionPolishing,False,4,0.08,1260,23612090[].aqua,3600,1,0,0,0.05,-1,-1,0,-1,inf,True,False,False,1,True,True,True,False,False,Lazy,False,0,Chain,False,False,False,False,False,1.03042,3605,3581
87.13888888888889,86.97869786978698,2.6,3,5,0,0,6,0.7739048004150391,0,0,0,0.99975,0.08,0.15,0.9997499999999228,0.8606328964233398,0.2799403031097376,0.9997333333332562,1.4455227851867676,0.6934790032212013,BendWorstOCT,2026-07-10 23:13:04,ann-thyroid,Quantile Thresholds,5.0,21,15,6,39,3,9,0.8692869786978041,0.9995276839565006,0.149824751146966,3600.001694917679,2336.0,-453546434,0.839315584,False,False,SolutionPolishing,False,3,0.0001,1259,23612090[].aqua,3600,1,0,0,0.05,-1,-1,0,-1,inf,True,False,False,1,True,False,False,False,False,Lazy,False,0,Chain,False,False,False,False,False,0.747132,3605,3581
85.88888888888889,66.30434782608695,1.6666666666666667,2,3,0,0,3,0.1294169425964355,0,0,0,0.8303479,0.86,1.89,0.8303417279837326,2.291975975036621,2.266770276760879,0.7842619632125447,8.263888120651245,13.845252408006823,BendWorstOCT,2026-07-10 23:13:04,ann-thyroid,Quantile Thresholds,5.0,21,15,6,39,3,9,0.4230434782608685,0.7143822168071687,0.688673277139252,3600.0021181106567,898.0,633114845,0.987888352,False,False,SolutionPolishing,False,4,0.08,1261,23612090[].aqua,3600,1,0,0,0.05,-1,-1,0,-1,inf,True,False,False,1,True,True,False,False,False,Lazy,False,0,Chain,False,False,False,False,False,1.006696,3605,3581
87.08333333333333,85.5421686746988,2.25,3,4,0,0,6,0.9883267879486084,0,0,0,0.8303479,0.88,1.89,0.8303417279837326,2.34597396850586,2.266770276760879,0.7842619632125447,8.43631386756897,13.845252408006823,BendWorstOCT,2026-07-10 23:13:04,ann-thyroid,Quantile Thresholds,5.0,21,15,6,39,3,9,0.5354216867469865,0.68,0.2700270027002734,3600.000998020172,1165.0,633114845,0.817764816,False,False,SolutionPolishing,False,4,0.08,1262,23612090[].aqua,3600,1,0,0,0.05,-1,-1,0,-1,inf,True,False,False,1,True,False,True,False,False,Lazy,False,0,Chain,False,False,False,False,False,0.813356,3605,3580
87.08333333333333,85.5421686746988,2.25,3,4,0,0,6,1.267827033996582,0,0,0,0.8303479,0.88,1.89,0.8303417279837326,2.366363048553467,2.266770276760879,0.7842619632125447,8.463438987731934,13.845252408006823,BendWorstOCT,2026-07-10 23:13:04,ann-thyroid,Quantile Thresholds,5.0,21,15,6,39,3,9,0.5354216867469865,0.68,0.2700270027002734,3600.0016100406647,1161.0,633114845,0.81776464,False,False,SolutionPolishing,False,4,0.08,1263,23612090[].aqua,3600,1,0,0,0.05,-1,-1,0,-1,inf,True,False,False,1,True,False,False,False,False,Lazy,False,0,Chain,False,False,False,False,False,0.83136,3605,3580
74.83333333333333,73.74737473747375,2.0,2,4,0,0,2,0.0915925502777099,0,0,0,0.8700127,0.8,1.77,0.8700124162917444,2.1841630935668945,2.13094943033646,0.8399999999999983,4.080760955810547,5.532435214623093,BendWorstOCT,2026-07-10 23:13:04,ann-thyroid,Quantile Thresholds,5.0,21,15,6,39,3,9,0.4974737473746835,0.7779666155654273,0.5638345132200199,3600.0140919685364,1044.0,-1431736538,1.254689576,False,False,SolutionPolishing,False,4,0.06,1265,23612090[].aqua,3600,1,0,0,0.05,-1,-1,0,-1,inf,True,False,False,1,True,True,False,False,False,Lazy,False,0,Chain,False,False,False,False,False,1.002008,3605,3584
74.83333333333333,73.74737473747375,2.0,2,4,0,0,2,0.0673842430114746,0,0,0,0.8700127,0.82,1.77,0.8700124162917444,2.2920849323272705,2.13094943033646,0.8399999999999983,4.285391092300415,5.532435214623093,BendWorstOCT,2026-07-10 23:13:04,ann-thyroid,Quantile Thresholds,5.0,21,15,6,39,3,9,0.4974737473746835,0.7954431468213758,0.5989650730700167,3600.0016388893127,768.0,-1431736538,1.254688728,False,False,SolutionPolishing,False,4,0.06,1264,23612090[].aqua,3600,1,0,0,0.05,-1,-1,0,-1,inf,True,False,False,1,True,True,True,False,False,Lazy,False,0,Chain,False,False,False,False,False,0.993028,3605,3582
87.08333333333333,85.5421686746988,2.25,3,4,0,0,8,1.167893886566162,0,0,0,0.9098486,0.78,1.7,0.9098470328422928,2.276592969894409,2.043790006463506,0.8933333333332564,3.947335958480835,3.931348706873104,BendWorstOCT,2026-07-10 23:13:05,ann-thyroid,Quantile Thresholds,5.0,21,15,6,39,3,9,0.6954216867469865,0.8548777438145282,0.2292940529557517,3600.05352306366,1035.0,-1093750467,0.98203356,False,False,SolutionPolishing,False,4,0.04,1271,23612090[].aqua,3600,1,0,0,0.05,-1,-1,0,-1,inf,True,False,False,1,True,False,False,False,False,Lazy,False,0,Chain,False,False,False,False,False,0.998852,3607,3581
87.08333333333333,85.5421686746988,2.25,3,4,0,0,8,0.9517028331756592,0,0,0,0.9098486,0.78,1.7,0.9098470328422928,2.270454168319702,2.043790006463506,0.8933333333332564,3.94541597366333,3.931348706873104,BendWorstOCT,2026-07-10 23:13:05,ann-thyroid,Quantile Thresholds,5.0,21,15,6,39,3,9,0.6954216867469865,0.8548777438145282,0.2292940529557517,3600.025948047638,1035.0,-1093750467,0.982035736,False,False,SolutionPolishing,False,4,0.04,1270,23612090[].aqua,3600,1,0,0,0.05,-1,-1,0,-1,inf,True,False,False,1,True,False,True,False,False,Lazy,False,0,Chain,False,False,False,False,False,0.986876,3607,3581
89.19444444444444,88.55421686746988,3.2857142857142856,4,7,0,0,7,1.4375295639038086,0,0,0,0.985,0.54,1.11,0.9849999999998652,1.8560230731964111,1.3457886006743245,0.9839999999999264,3.5703060626983643,2.6952386480023818,BendWorstOCT,2026-07-10 23:14:56,ann-thyroid,Quantile Thresholds,5.0,21,15,6,39,3,9,0.8435421686746971,0.9757434829220488,0.1567216425647758,3600.0014419555664,1331.0,-643939793,1.034936392,False,False,SolutionPolishing,False,4,0.006,1286,23612090[].aqua,3600,1,0,0,0.05,-1,-1,0,-1,inf,True,False,False,1,True,False,True,False,False,Lazy,False,0,Chain,False,False,False,False,False,1.003336,3605,3579
89.18055555555556,87.95180722891567,3.0,4,6,0,0,8,2.770153522491455,0,0,0,0.98,0.59,1.28,0.9799999999999248,2.635246992111206,2.5489735196133663,0.976839801703671,5.287569046020508,6.662025017799458,BendWorstOCT,2026-07-10 23:14:56,ann-thyroid,Quantile Thresholds,5.0,21,15,6,39,3,9,0.831518072289155,0.9678499849984226,0.1639554415623802,3600.003142118454,1086.0,162781974,1.100191776,False,False,SolutionPolishing,False,4,0.008,1283,23612090[].aqua,3600,1,0,0,0.05,-1,-1,0,-1,inf,True,False,False,1,True,False,False,False,False,Lazy,False,0,Chain,False,False,False,False,False,1.024824,3605,3581
89.22222222222223,88.58695652173913,3.2857142857142856,4,7,0,0,16,3.35510778427124,0,0,0,0.9985,0.3,0.68,0.9984999999999228,2.034175157546997,1.1153293269869309,0.9983999999999256,3.372474193572998,2.308418469379623,BendWorstOCT,2026-07-10 23:14:57,ann-thyroid,Quantile Thresholds,5.0,21,15,6,39,3,9,0.8816695652173867,0.9974752638170442,0.1313481866316936,3600.0023641586304,2032.0,-1918671324,0.87760368,False,False,SolutionPolishing,False,4,0.0006,1307,23612090[].aqua,3600,1,0,0,0.05,-1,-1,0,-1,inf,True,False,False,1,True,False,False,False,False,Lazy,False,0,Chain,False,False,False,False,False,0.958424,3605,3574
89.22222222222223,88.58695652173913,3.2857142857142856,4,7,0,0,16,3.006342887878418,0,0,0,0.9985,0.33,0.68,0.9984999999999228,2.4008090496063232,1.1153293269869309,0.9983999999999256,4.043417930603027,2.308418469379623,BendWorstOCT,2026-07-10 23:14:57,ann-thyroid,Quantile Thresholds,5.0,21,15,6,39,3,9,0.8816695652173867,0.9975556807765472,0.131439396493841,3600.0021970272064,771.0,-1918671324,0.877602232,False,False,SolutionPolishing,False,4,0.0006,1306,23612090[].aqua,3600,1,0,0,0.05,-1,-1,0,-1,inf,True,False,False,1,True,False,True,False,False,Lazy,False,0,Chain,False,False,False,False,False,0.95576,3606,3579
83.82034632034632,83.80792853154662,2.6,3,5,0,0,4,5.4123969078063965,0,0,0,0.989089,0.62,1.82,0.9890857480562336,3.0063488483428955,2.3658772448979435,0.986022928623631,4.9854278564453125,4.163936342176533,BendWorstOCT,2026-07-11 07:29:36,ozone-one,Quantile Thresholds,5.0,72,0,72,286,2,9,0.808079285315479,0.9776523053250268,0.209847007702153,3600.0047018527985,2261.0,-1983060029,1.848243024,False,False,SolutionPolishing,False,4,0.006,0,23641892[].aqua,3600,1,0,0,0.05,-1,-1,0,-1,inf,True,False,False,1,True,False,False,False,False,Lazy,False,0,Chain,False,False,False,False,False,1.135216,3646,3578
74.83333333333333,73.74737473747375,2.0,2,4,0,0,2,0.06553316116333,0,0,0,0.99,0.44,0.99,0.9899999999999975,1.997943878173828,1.4939421610834624,0.989111111111034,2.912862062454224,2.636322672723772,BendWorstOCT,2026-07-11 07:29:36,ann-thyroid,Quantile Thresholds,5.0,21,15,6,39,3,9,0.7214737473746835,0.9836254811392868,0.3633558874713427,3600.002424955368,1009.0,-513722553,1.198817232,False,False,SolutionPolishing,False,4,0.004,1,23641892[].aqua,3600,1,0,0,0.05,-1,-1,0,-1,inf,True,False,False,1,True,True,True,False,False,Lazy,False,0,Chain,False,False,False,False,False,1.139164,3646,3578
78.35497835497836,78.33612506979341,1.6666666666666667,2,3,0,0,2,0.2221302986145019,0,0,0,0.928453,0.62,1.68,0.9284245343782676,3.2301571369171143,2.269162304450918,0.910893843629308,6.100805997848511,6.646142749119406,BendWorstOCT,2026-07-11 07:30:24,ozone-one,Quantile Thresholds,5.0,72,0,72,286,2,9,0.6633612506979454,0.8400000000000171,0.2662783650932639,3600.002233982086,3781.0,-1669168018,2.3517448,False,False,SolutionPolishing,False,4,0.04,15,23641892[].aqua,3600,1,0,0,0.05,-1,-1,0,-1,inf,True,False,False,1,True,True,True,False,False,Lazy,False,0,Chain,False,False,False,False,False,1.009072,3694,3579
88.25757575757575,87.71929824561404,3.5,4,10,0,0,4,6.300295829772949,0,0,0,0.9963622,0.66,1.78,0.996362214199766,3.3681399822235107,2.272452397048752,0.9952421396263894,6.1881208419799805,4.4986463696853685,BendWorstOCT,2026-07-11 07:30:24,ozone-one,Quantile Thresholds,5.0,72,0,72,286,2,9,0.8571929824561415,0.9923549350702416,0.1576797236799773,3600.006063938141,1935.0,1166546071,2.481406352,False,False,SolutionPolishing,False,4,0.002,16,23641892[].aqua,3600,1,0,0,0.05,-1,-1,0,-1,inf,True,False,False,1,True,False,False,False,False,Lazy,False,0,Chain,False,False,False,False,False,1.602664,3694,3579
89.39393939393939,89.39140145170296,3.5454545454545454,4,11,0,0,6,3.77167558670044,0,0,0,0.9998,0.03,0.05,0.999653728749706,2.028855085372925,1.270577894238082,0.999545587268478,4.079622030258179,2.6799276656881936,BendWorstOCT,2026-07-11 07:30:24,ozone-one,Quantile Thresholds,5.0,72,0,72,286,2,9,0.891714014517044,0.9992440800528376,0.1205880627479343,3600.080330133438,3716.0,1470238686,2.51793272,False,False,SolutionPolishing,False,4,0.0002,49,23641892[].aqua,3600,1,0,0,0.05,-1,-1,0,-1,inf,True,False,False,1,True,False,True,False,False,Lazy,False,0,Chain,False,False,False,False,False,1.1801,3693,3586
83.22510822510823,83.19374651032942,2.857142857142857,3,7,0,0,2,0.2666084766387939,0,0,0,0.9981811,0.72,1.67,0.9981811066126888,3.7612249851226807,2.196083030166616,0.9976164034105756,8.296881914138794,4.884698167764888,BendWorstOCT,2026-07-11 07:30:24,ozone-one,Quantile Thresholds,5.0,72,0,72,286,2,9,0.8249374651033069,0.9963741926124068,0.2078178465171672,3600.037385940552,1065.0,-270353986,3.277400016,False,False,SolutionPolishing,False,4,0.001,37,23641892[].aqua,3600,1,0,0,0.05,-1,-1,0,-1,inf,True,False,False,1,True,True,True,False,False,Lazy,False,0,Chain,False,False,False,False,False,1.608324,3694,3584
87.19444444444444,87.03870387038704,3.1666666666666665,4,6,0,0,8,2.017289400100708,0,0,0,0.99975,0.18,0.18,0.9997499999999228,1.8185980319976809,0.3473452326088251,0.9997333333332564,2.8908350467681885,0.884300922365514,BendWorstOCT,2026-07-11 07:30:24,ann-thyroid,Quantile Thresholds,5.0,21,15,6,39,3,9,0.8697870387038046,0.9996333333332564,0.1492851569999877,3600.1330740451813,649.0,1452578112,1.112320024,False,False,SolutionPolishing,False,4,0.0001,38,23641892[].aqua,3600,1,0,0,0.05,-1,-1,0,-1,inf,True,False,False,1,True,False,True,False,False,Lazy,False,0,Chain,False,False,False,False,False,1.158372,3694,3584
82.79220779220779,80.70175438596492,2.0,2,4,0,0,2,0.4228851795196533,0,0,0,0.9639419,0.65,1.79,0.9639292785249676,3.3377270698547363,2.352436422996607,0.9538221294765646,5.483526945114136,4.735802777704428,BendWorstOCT,2026-07-11 07:30:24,ozone-one,Quantile Thresholds,5.0,72,0,72,286,2,9,0.72701754385965,0.9200000000000166,0.2654440154440367,3600.020905017853,1982.0,115667638,2.416013936,False,False,SolutionPolishing,False,4,0.02,21,23641892[].aqua,3600,1,0,0,0.05,-1,-1,0,-1,inf,True,False,False,1,True,True,False,False,False,Lazy,False,0,Chain,False,False,False,False,False,1.25506,3694,3582
87.02777777777777,86.97869786978698,3.1666666666666665,4,6,0,0,2,0.154754638671875,0,0,0,0.998,0.3,0.62,0.9979999999999236,1.5970358848571775,0.8733037852467848,0.99786666666659,2.429572820663452,1.6636207683372373,BendWorstOCT,2026-07-11 07:30:24,ann-thyroid,Quantile Thresholds,5.0,21,15,6,39,3,9,0.864986978697804,0.9968304969131108,0.1524225467691902,3600.006592988968,1046.0,1589612558,2.139902344,False,False,SolutionPolishing,False,4,0.0008,42,23641892[].aqua,3600,1,0,0,0.05,-1,-1,0,-1,inf,True,False,False,1,True,True,True,False,False,Lazy,False,0,Chain,False,False,False,False,False,1.512508,3693,3577
87.08333333333333,85.5421686746988,2.25,3,4,0,0,6,1.5723228454589844,0,0,0,0.95,1.04,1.84,0.9499999999997684,3.565623998641968,3.114602575832049,0.9466666666666026,6.078371047973633,4.814853757551695,BendWorstOCT,2026-07-11 07:30:24,ann-thyroid,Quantile Thresholds,5.0,21,15,6,39,3,9,0.7754216867469865,0.926666666666668,0.1950486844831196,3600.008099079132,695.0,851144141,1.143536168,False,False,SolutionPolishing,False,4,0.02,46,23641892[].aqua,3600,1,0,0,0.05,-1,-1,0,-1,inf,True,False,False,1,True,False,False,False,False,Lazy,False,0,Chain,False,False,False,False,False,1.156572,3693,3584
82.79220779220779,80.70175438596492,2.0,2,4,0,0,2,0.22615647315979,0,0,0,0.9998,0.08,0.05,0.999653728749706,3.458111047744751,1.270577894238082,0.9995620477401672,4.50277304649353,1.986390226826145,BendWorstOCT,2026-07-11 07:30:24,ozone-one,Quantile Thresholds,5.0,72,0,72,286,2,9,0.8062175438596502,0.9993677376171362,0.2395757760775178,3600.138692140579,577.0,1470238686,2.167162944,False,False,SolutionPolishing,False,4,0.0002,13,23641892[].aqua,3600,1,0,0,0.05,-1,-1,0,-1,inf,True,False,False,1,True,True,True,False,False,Lazy,False,0,Chain,False,False,False,False,False,1.368556,3694,3589
88.2034632034632,87.71929824561404,3.5,4,10,0,0,6,3.495346069335937,0,0,0,0.9989087,0.61,1.5,0.9989086639676132,3.468573093414306,2.066146214230218,0.99861264997114,5.811516046524048,3.631911489249288,BendWorstOCT,2026-07-11 07:30:24,ozone-one,Quantile Thresholds,5.0,72,0,72,286,2,9,0.8711929824561414,0.997732609201548,0.1452486754297024,3600.020931005478,3665.0,282224979,2.472325272,False,False,SolutionPolishing,False,4,0.0006,9,23641892[].aqua,3600,1,0,0,0.05,-1,-1,0,-1,inf,True,False,False,1,True,False,True,False,False,Lazy,False,0,Chain,False,False,False,False,False,1.232892,3694,3576
89.77272727272727,89.47368421052632,3.769230769230769,4,13,0,0,4,4.665703773498535,0,0,0,0.9985449,0.66,1.69,0.9985448852901512,3.4579548835754395,2.1932613101977707,0.9981118049888572,7.063225984573364,6.003298075028448,BendWorstOCT,2026-07-11 07:30:24,ozone-one,Quantile Thresholds,5.0,72,0,72,286,2,9,0.8843368421052643,0.9973539591162228,0.1277987206118296,3600.0201699733734,1391.0,528642515,3.364463312,False,False,SolutionPolishing,False,4,0.0008,44,23641892[].aqua,3600,1,0,0,0.05,-1,-1,0,-1,inf,True,False,False,1,True,False,True,False,False,Lazy,False,0,Chain,False,False,False,False,False,1.50278,3693,3585
74.83333333333333,73.74737473747375,2.0,2,4,0,0,2,0.0938935279846191,0,0,0,0.99,0.47,0.99,0.9899999999999975,2.4158949851989746,1.4939421610834624,0.989111111111034,3.455616950988769,2.636322672723772,BendWorstOCT,2026-07-11 07:30:24,ann-thyroid,Quantile Thresholds,5.0,21,15,6,39,3,9,0.7214737473746835,0.9836254811392868,0.3633558874713427,3600.003170967102,1007.0,-513722553,1.198817696,False,False,SolutionPolishing,False,4,0.004,27,23641892[].aqua,3600,1,0,0,0.05,-1,-1,0,-1,inf,True,False,False,1,True,True,False,False,False,Lazy,False,0,Chain,False,False,False,False,False,1.163236,3694,3583
78.35497835497836,78.33612506979341,1.6666666666666667,2,3,0,0,5,3.359124183654785,0,0,0,0.8934213,0.62,1.58,0.8933395647446578,3.8650639057159424,2.124262534866669,0.8660912304772532,7.0614049434661865,5.920424434478774,BendWorstOCT,2026-07-11 07:30:24,ozone-one,Quantile Thresholds,5.0,72,0,72,286,2,9,0.6033612506979453,0.8179973297730434,0.3557339468300545,3600.0071539878845,1358.0,-1864652245,2.114066928,False,False,SolutionPolishing,False,4,0.06,30,23641892[].aqua,3600,1,0,0,0.05,-1,-1,0,-1,inf,True,False,False,1,True,False,True,False,False,Lazy,False,0,Chain,False,False,False,False,False,1.377008,3694,3580
87.13888888888889,86.97869786978698,2.6,3,5,0,0,4,0.5053231716156006,0,0,0,0.9985,0.16,0.28,0.9984999999999232,1.3559999465942385,0.4744148027883875,0.9983999999999228,3.3516950607299805,1.838211256538704,BendWorstOCT,2026-07-11 07:30:24,ann-thyroid,Quantile Thresholds,5.0,21,15,6,39,3,9,0.8667869786978041,0.997446466075794,0.1507400210075641,3600.018704891205,1199.0,1749601605,1.23154464,False,False,SolutionPolishing,False,3,0.0006,20,23641892[].aqua,3600,1,0,0,0.05,-1,-1,0,-1,inf,True,False,False,1,True,True,False,False,False,Lazy,False,0,Chain,False,False,False,False,False,0.975832,3694,3582
59.54861111111112,59.42028985507246,3.5454545454545454,4,11,0,0,8,2.4802017211914062,0,0,0,0.9998111,0.04,0.03,0.9998111111110892,0.8509438037872314,0.1395354713912058,0.9997412499999784,1.167895793914795,0.3333295929291613,BendWorstOCT,2026-07-11 07:30:24,car_evaluation,,,6,6,0,19,4,9,0.5931028985507245,0.9994788825757362,0.6851694453323547,3600.020776987076,5564.0,-1538968927,0.382837072,False,False,SolutionPolishing,False,4,0.0001,39,23641892[].aqua,3600,1,0,0,0.05,-1,-1,0,-1,inf,True,False,False,1,True,True,True,False,False,Lazy,False,0,Chain,False,False,False,False,False,0.429796,3693,3581
63.54166666666666,61.53846153846154,3.5,4,10,0,0,10,22.15442276000977,0,0,0,0.9996222,0.06,0.07,0.9996222222222004,2.250339984893799,0.2185488187333567,0.999474999999978,4.226109027862549,2.074185354354497,BendWorstOCT,2026-07-11 07:30:24,car_evaluation,,,6,6,0,19,4,9,0.613384615384615,0.998949999999979,0.6285866566340276,3600.01936006546,8100.0,-1470991139,0.338972592,False,False,SolutionPolishing,False,4,0.0002,7,23641892[].aqua,3600,1,0,0,0.05,-1,-1,0,-1,inf,True,False,False,1,True,False,True,False,False,Lazy,False,0,Chain,False,False,False,False,False,1.283264,3694,3587
84.14502164502164,84.142936906756,2.6,3,5,0,0,6,2.7366483211517334,0,0,0,0.9642914,0.66,1.61,0.9642675026783576,3.459358930587769,2.149977001172455,0.954641503413958,5.2035768032073975,3.569491450053961,BendWorstOCT,2026-07-11 07:30:24,ozone-one,Quantile Thresholds,5.0,72,0,72,286,2,9,0.7414293690675728,0.9351328043216244,0.2612567607048727,3600.0166199207306,1898.0,143069601,1.790474144,False,False,SolutionPolishing,False,3,0.02,10,23641892[].aqua,3600,1,0,0,0.05,-1,-1,0,-1,inf,True,False,False,1,True,False,True,False,False,Lazy,False,0,Chain,False,False,False,False,False,0.974428,3695,3576
88.69047619047619,88.66554997208263,3.75,4,12,0,0,8,4.846372127532959,0,0,0,0.9992724,0.52,1.14,0.9992724426450756,4.203616142272949,1.7601662567648213,0.99905807836465,7.947196960449219,4.394902500888437,BendWorstOCT,2026-07-11 07:30:24,ozone-one,Quantile Thresholds,5.0,72,0,72,286,2,9,0.8818554997208405,0.9985202456580112,0.1322946287391776,3600.01610994339,1036.0,1900142382,3.251900464,False,False,SolutionPolishing,False,4,0.0004,57,23641892[].aqua,3600,1,0,0,0.05,-1,-1,0,-1,inf,True,False,False,1,True,False,True,False,False,Lazy,False,0,Chain,False,False,False,False,False,1.439392,3694,3586
83.27922077922078,83.24958123953098,2.6,3,5,0,0,6,5.716742515563965,0,0,0,0.9818826,0.92,1.82,0.9817638095238256,7.674431085586548,2.503397895319237,0.976740917466429,10.903866052627563,4.539963147786331,BendWorstOCT,2026-07-11 07:30:24,ozone-one,Quantile Thresholds,5.0,72,0,72,286,2,9,0.7824958123953225,0.9690002139460332,0.238345558655191,3600.0261590480804,746.0,-690262033,2.167241744,False,False,SolutionPolishing,False,4,0.01,59,23641892[].aqua,3600,1,0,0,0.05,-1,-1,0,-1,inf,True,False,False,1,True,False,False,False,False,Lazy,False,0,Chain,False,False,False,False,False,1.387724,3694,3597
60.532407407407405,59.42028985507246,3.8461538461538463,4,13,0,0,12,13.918736457824709,0,0,0,0.9992444,0.05,0.08,0.9992444444444226,1.0433251857757568,0.3716345869690357,0.9989178947368204,1.5179150104522705,0.8084898926300815,BendWorstOCT,2026-07-11 07:30:24,car_evaluation,,,6,6,0,19,4,9,0.5890028985507245,0.9980440635327348,0.6944637555918306,3600.001450061798,8472.0,-2131592671,0.392563472,False,False,SolutionPolishing,False,4,0.0004,28,23641892[].aqua,3600,1,0,0,0.05,-1,-1,0,-1,inf,True,False,False,1,True,False,False,False,False,Lazy,False,0,Chain,False,False,False,False,False,0.497368,3694,3579
82.79220779220779,80.70175438596492,2.0,2,4,0,0,2,0.464512825012207,0,0,0,0.9998,0.09,0.05,0.999653728749706,2.6471879482269287,1.270577894238082,0.9995620477401672,3.80504298210144,1.986390226826145,BendWorstOCT,2026-07-11 07:30:24,ozone-one,Quantile Thresholds,5.0,72,0,72,286,2,9,0.8062175438596502,0.9993677376171362,0.2395757760775178,3600.0062708854675,409.0,1470238686,2.167163744,False,False,SolutionPolishing,False,4,0.0002,31,23641892[].aqua,3600,1,0,0,0.05,-1,-1,0,-1,inf,True,False,False,1,True,True,False,False,False,Lazy,False,0,Chain,False,False,False,False,False,0.962048,3694,3580
87.13888888888889,86.97869786978698,2.6,3,5,0,0,4,1.5261003971099854,0,0,0,0.99,0.49,0.99,0.9899999999999975,3.678002119064331,1.4939421610834624,0.989111111111034,4.956796169281006,2.631723650983611,BendWorstOCT,2026-07-11 07:30:24,ann-thyroid,Quantile Thresholds,5.0,21,15,6,39,3,9,0.8497869786978041,0.98341946444907,0.1572540990873283,3600.02294921875,1236.0,-513722553,1.390220032,False,False,SolutionPolishing,False,4,0.004,19,23641892[].aqua,3600,1,0,0,0.05,-1,-1,0,-1,inf,True,False,False,1,True,False,False,False,False,Lazy,False,0,Chain,False,False,False,False,False,1.12434,3694,3578
89.375,89.27392739273927,3.2857142857142856,4,7,0,0,6,1.0267221927642822,0,0,0,0.985,0.55,1.11,0.9849999999998652,1.8918311595916748,1.3457886006743245,0.9839999999999264,3.5341031551361084,2.6952386480023818,BendWorstOCT,2026-07-11 07:30:24,ann-thyroid,Quantile Thresholds,5.0,21,15,6,39,3,9,0.850739273927325,0.977664362937625,0.1491938751391683,3600.025051116944,1058.0,-643939793,2.050975744,False,False,SolutionPolishing,False,4,0.006,6,23641892[].aqua,3600,1,0,0,0.05,-1,-1,0,-1,inf,True,False,False,1,True,True,True,False,False,Lazy,False,0,Chain,False,False,False,False,False,1.703644,3694,3582
82.79220779220779,80.70175438596492,2.0,2,4,0,0,2,0.4392025470733642,0,0,0,0.9927244,0.79,1.77,0.9927216783216912,5.113319873809815,2.303731229103309,0.9907985912212528,7.803560018539429,4.38567930155907,BendWorstOCT,2026-07-11 07:30:24,ozone-one,Quantile Thresholds,5.0,72,0,72,286,2,9,0.7910175438596501,0.9859766713946204,0.2464662497669732,3600.038177013397,1549.0,-1566156751,2.115944176,False,False,SolutionPolishing,False,4,0.004,43,23641892[].aqua,3600,1,0,0,0.05,-1,-1,0,-1,inf,True,False,False,1,True,True,False,False,False,Lazy,False,0,Chain,False,False,False,False,False,1.253904,3694,3590
89.19444444444444,88.55421686746988,3.2857142857142856,4,7,0,0,8,2.9515726566314697,0,0,0,0.998,0.33,0.62,0.9979999999999236,2.1979479789733887,0.8733037852467848,0.99786666666659,3.241257905960083,1.6636207683372373,BendWorstOCT,2026-07-11 07:30:24,ann-thyroid,Quantile Thresholds,5.0,21,15,6,39,3,9,0.8799421686746971,0.9966890000785296,0.1326755729636957,3600.0166430473328,1231.0,1589612558,2.14037888,False,False,SolutionPolishing,False,4,0.0008,45,23641892[].aqua,3600,1,0,0,0.05,-1,-1,0,-1,inf,True,False,False,1,True,False,False,False,False,Lazy,False,0,Chain,False,False,False,False,False,1.83654,3693,3586
83.6038961038961,83.58458961474037,2.857142857142857,3,7,0,0,3,0.3304793834686279,0,0,0,0.9992724,0.6,1.14,0.9992724426450756,3.9490811824798575,1.7601662567648213,0.999058591228642,7.999350070953369,4.336741881334411,BendWorstOCT,2026-07-11 07:30:24,ozone-one,Quantile Thresholds,5.0,72,0,72,286,2,9,0.8330458961474164,0.9984,0.1984933898807929,3600.016414165497,3219.0,1900142382,2.860064144,False,False,SolutionPolishing,False,4,0.0004,55,23641892[].aqua,3600,1,0,0,0.05,-1,-1,0,-1,inf,True,False,False,1,True,True,True,False,False,Lazy,False,0,Chain,False,False,False,False,False,1.18262,3693,3582
87.08333333333333,85.5421686746988,2.8,4,5,0,0,4,0.1323881149291992,0,0,0,0.9098486,0.85,1.7,0.9098470328422928,2.7698919773101807,2.043790006463506,0.8933333333332564,4.780670881271362,3.931348706873104,BendWorstOCT,2026-07-11 07:30:24,ann-thyroid,Quantile Thresholds,5.0,21,15,6,39,3,9,0.6554216867469864,0.8596632712226523,0.311618593961035,3600.003659009933,693.0,-1093750467,1.17670916,False,False,SolutionPolishing,False,4,0.04,47,23641892[].aqua,3600,1,0,0,0.05,-1,-1,0,-1,inf,True,False,False,1,True,True,True,False,False,Lazy,False,0,Chain,False,False,False,False,False,1.166892,3693,3582
88.34722222222223,87.95180722891567,3.5,4,8,0,0,6,1.8876209259033203,0,0,0,0.995,0.43,0.8,0.9949999999999926,2.3800768852233887,1.1050940457341862,0.9946666666665916,3.5949718952178955,2.033950782267284,BendWorstOCT,2026-07-11 07:30:24,ann-thyroid,Quantile Thresholds,5.0,21,15,6,39,3,9,0.863518072289155,0.992175527287235,0.148992197299373,3600.025006055832,744.0,1476872617,1.2017608,False,False,SolutionPolishing,False,4,0.002,18,23641892[].aqua,3600,1,0,0,0.05,-1,-1,0,-1,inf,True,False,False,1,True,False,False,False,False,Lazy,False,0,Chain,False,False,False,False,False,1.17272,3694,3584
89.39393939393939,89.39140145170296,3.5454545454545454,4,11,0,0,6,6.2231764793396,0,0,0,0.9998,0.12,0.05,0.999653728749706,6.219614028930664,1.270577894238082,0.999545587268478,9.341655969619753,2.6799276656881936,BendWorstOCT,2026-07-11 07:30:24,ozone-one,Quantile Thresholds,5.0,72,0,72,286,2,9,0.891714014517044,0.9993211252200096,0.1206744639549552,3600.0451939105988,2402.0,1470238686,2.517928408,False,False,SolutionPolishing,False,4,0.0002,22,23641892[].aqua,3600,1,0,0,0.05,-1,-1,0,-1,inf,True,False,False,1,True,False,False,False,False,Lazy,False,0,Chain,False,False,False,False,False,1.158948,3695,3591
87.98701298701299,87.71929824561404,3.5,4,8,0,0,6,4.045677423477173,0,0,0,0.9854797,1.04,1.77,0.9853765687341473,5.06242299079895,2.327331225543712,0.9817543944475589,6.98783802986145,3.664474488273495,BendWorstOCT,2026-07-11 07:30:24,ozone-one,Quantile Thresholds,5.0,72,0,72,286,2,9,0.8131929824561415,0.9738193478841866,0.1975255184112564,3600.003569841385,1597.0,-400498556,2.193163256,False,False,SolutionPolishing,False,4,0.008,48,23641892[].aqua,3600,1,0,0,0.05,-1,-1,0,-1,inf,True,False,False,1,True,False,True,False,False,Lazy,False,0,Chain,False,False,False,False,False,0.99942,3694,3579
63.54166666666666,61.53846153846154,3.5,4,10,0,0,10,9.770979404449465,0,0,0,0.9996222,0.06,0.07,0.9996222222222004,2.307141065597534,0.2185488187333567,0.999474999999978,4.359318971633911,2.074185354354497,BendWorstOCT,2026-07-11 07:30:24,car_evaluation,,,6,6,0,19,4,9,0.613384615384615,0.9989425052486884,0.6285744379524651,3600.0155441761017,8778.0,-1470991139,0.338970792,False,False,SolutionPolishing,False,4,0.0002,23,23641892[].aqua,3600,1,0,0,0.05,-1,-1,0,-1,inf,True,False,False,1,True,False,False,False,False,Lazy,False,0,Chain,False,False,False,False,False,1.421184,3694,3584
87.13888888888889,86.97869786978698,2.6,3,5,0,0,11,1.0888023376464844,0,0,0,0.975,0.68,1.37,0.9749999999999466,3.559706926345825,3.506037187264364,0.9733333333332624,5.037266969680786,4.9395176481789305,BendWorstOCT,2026-07-11 07:30:24,ann-thyroid,Quantile Thresholds,5.0,21,15,6,39,3,9,0.819786978697804,0.9607205329680888,0.1719148485307141,3600.4954068660736,699.0,2085674299,1.35372356,False,False,SolutionPolishing,False,4,0.01,17,23641892[].aqua,3600,1,0,0,0.05,-1,-1,0,-1,inf,True,False,False,1,True,False,True,False,False,Lazy,False,0,Chain,False,False,False,False,False,1.061404,3695,3586
88.23611111111111,87.95180722891567,3.5,4,8,0,0,8,1.3461787700653076,0,0,0,0.999,0.25,0.5,0.9989999999999228,1.777266025543213,0.7384546943925347,0.9988883909118434,4.505128860473633,2.923893045741897,BendWorstOCT,2026-07-11 07:30:24,ann-thyroid,Quantile Thresholds,5.0,21,15,6,39,3,9,0.876318072289155,0.9983003605768456,0.1391986450411131,3600.0171689987183,1156.0,-379433321,1.075842488,False,False,SolutionPolishing,False,4,0.0004,5,23641892[].aqua,3600,1,0,0,0.05,-1,-1,0,-1,inf,True,False,False,1,True,False,False,False,False,Lazy,False,0,Chain,False,False,False,False,False,1.105768,3694,3582
78.35497835497836,78.33612506979341,1.6666666666666667,2,3,0,0,3,1.746152400970459,0,0,0,0.8941733,0.53,1.45,0.8941314534946734,2.710211038589477,1.948926169059512,0.8672446638057737,4.876677989959717,5.140290325002853,BendWorstOCT,2026-07-11 07:30:24,ozone-one,Quantile Thresholds,5.0,72,0,72,286,2,9,0.6033612506979453,0.7600000000000171,0.2596102237604387,3600.005989074707,2890.0,416622518,1.612235216,False,False,SolutionPolishing,False,3,0.06,29,23641892[].aqua,3600,1,0,0,0.05,-1,-1,0,-1,inf,True,False,False,1,True,False,True,False,False,Lazy,False,0,Chain,False,False,False,False,False,1.060272,3694,3580
87.33766233766234,87.32551647124511,3.6666666666666665,4,9,0,0,10,2.5668444633483887,0,0,0,0.9999,0.05,0.07,0.999826863883862,2.376753807067871,1.4104717535753393,0.9997704123031655,4.8543009757995605,3.275793831260952,BendWorstOCT,2026-07-11 07:30:24,ozone-one,Quantile Thresholds,5.0,72,0,72,286,2,9,0.872355164712465,0.9996770211548536,0.1459518572167275,3600.02215385437,2124.0,-1476092754,2.560406472,False,False,SolutionPolishing,False,4,0.0001,40,23641892[].aqua,3600,1,0,0,0.05,-1,-1,0,-1,inf,True,False,False,1,True,False,True,False,False,Lazy,False,0,Chain,False,False,False,False,False,1.192356,3694,3585
87.98701298701299,87.71929824561404,3.6666666666666665,4,9,0,0,12,9.295795440673828,0,0,0,0.9999,0.06,0.07,0.999826863883862,2.627758979797364,1.4104717535753393,0.9997704123031655,5.122503042221069,3.275793831260952,BendWorstOCT,2026-07-11 07:30:24,ozone-one,Quantile Thresholds,5.0,72,0,72,286,2,9,0.8762929824561416,0.9996770211548536,0.1408022672427223,3600.073240041733,2328.0,-1476092754,2.560406456,False,False,SolutionPolishing,False,4,0.0001,11,23641892[].aqua,3600,1,0,0,0.05,-1,-1,0,-1,inf,True,False,False,1,True,False,False,False,False,Lazy,False,0,Chain,False,False,False,False,False,1.224104,3694,3583
64.23611111111111,63.47107438016529,3.6666666666666665,4,9,0,0,14,13.469760656356812,0,0,0,0.9981111,0.06,0.08,0.9981111111110892,0.9223849773406982,0.3010754707450127,0.9973516483516266,1.348557949066162,0.7169896652862018,BendWorstOCT,2026-07-11 07:30:24,car_evaluation,,,6,6,0,19,4,9,0.625710743801642,0.9947499999999788,0.5897921041856469,3600.0114209651947,11024.0,-596570832,0.380601024,False,False,SolutionPolishing,False,4,0.001,50,23641892[].aqua,3600,1,0,0,0.05,-1,-1,0,-1,inf,True,False,False,1,True,False,False,False,False,Lazy,False,0,Chain,False,False,False,False,False,0.483204,3693,3585
82.79220779220779,80.70175438596492,2.0,2,4,0,0,2,0.2326927185058593,0,0,0,0.9818826,0.69,1.82,0.9817638095238256,2.978595972061157,2.503397895319237,0.976740917466429,5.064954042434692,4.685936413080719,BendWorstOCT,2026-07-11 07:30:24,ozone-one,Quantile Thresholds,5.0,72,0,72,286,2,9,0.76701754385965,0.9684399942635954,0.2626047500691874,3600.0079798698425,3274.0,-690262033,1.796949256,False,False,SolutionPolishing,False,4,0.01,36,23641892[].aqua,3600,1,0,0,0.05,-1,-1,0,-1,inf,True,False,False,1,True,True,True,False,False,Lazy,False,0,Chain,False,False,False,False,False,1.071044,3694,3584
87.18055555555556,87.02370237023702,3.1666666666666665,4,6,0,0,6,0.9916152954101562,0,0,0,0.9975,0.38,0.57,0.9974999999999234,2.601680994033813,0.8304577705195254,0.9974999999999234,4.465455055236816,1.2761080432160457,BendWorstOCT,2026-07-11 07:30:24,ann-thyroid,Quantile Thresholds,5.0,21,15,6,39,3,9,0.8642370237023045,0.9962316794832378,0.1527296935457375,3600.007162094116,832.0,-310893686,2.17000048,False,False,SolutionPolishing,False,4,0.001,58,23641892[].aqua,3600,1,0,0,0.05,-1,-1,0,-1,inf,True,False,False,1,True,False,False,False,False,Lazy,False,0,Chain,False,False,False,False,False,1.794944,3694,3584
84.63203463203463,84.21052631578948,2.857142857142857,3,7,0,0,2,0.5266458988189697,0,0,0,0.9989087,0.76,1.5,0.9989086639676132,3.5859360694885254,2.066146214230218,0.9985964509450362,7.78826904296875,4.605249682152579,BendWorstOCT,2026-07-11 07:30:24,ozone-one,Quantile Thresholds,5.0,72,0,72,286,2,9,0.8379052631578958,0.9979644171830688,0.1910229724801374,3600.033760070801,710.0,282224979,2.425355488,False,False,SolutionPolishing,False,4,0.0006,3,23641892[].aqua,3600,1,0,0,0.05,-1,-1,0,-1,inf,True,False,False,1,True,True,False,False,False,Lazy,False,0,Chain,False,False,False,False,False,1.337168,3695,3584
88.96103896103897,88.94472361809045,3.75,4,12,0,0,10,9.07978105545044,0,0,0,0.9992724,0.45,1.14,0.9992724426450756,3.466715097427368,1.7601662567648213,0.99905807836465,6.658718109130859,4.394902500888437,BendWorstOCT,2026-07-11 07:30:24,ozone-one,Quantile Thresholds,5.0,72,0,72,286,2,9,0.8846472361809187,0.9984,0.1285854509760972,3600.015690088272,2135.0,1900142382,3.251903592,False,False,SolutionPolishing,False,4,0.0004,26,23641892[].aqua,3600,1,0,0,0.05,-1,-1,0,-1,inf,True,False,False,1,True,False,False,False,False,Lazy,False,0,Chain,False,False,False,False,False,1.492924,3694,3581
64.23611111111111,63.47107438016529,3.6666666666666665,4,9,0,0,12,21.79953694343567,0,0,0,0.9998111,0.04,0.03,0.9998111111110892,0.8140871524810791,0.1395354713912058,0.9997220338982832,1.3244709968566897,0.4686210139738966,BendWorstOCT,2026-07-11 07:30:24,car_evaluation,,,6,6,0,19,4,9,0.633810743801642,0.9994980417754352,0.5769660763091119,3600.005808115005,9022.0,-1538968927,0.348348952,False,False,SolutionPolishing,False,4,0.0001,41,23641892[].aqua,3600,1,0,0,0.05,-1,-1,0,-1,inf,True,False,False,1,True,False,False,False,False,Lazy,False,0,Chain,False,False,False,False,False,0.61678,3693,3577
82.79220779220779,80.70175438596492,2.0,2,4,0,0,2,0.2396154403686523,0,0,0,0.9963622,0.7,1.78,0.996362214199766,3.13523006439209,2.272452397048752,0.9952016265654294,6.204900979995728,4.9564131176685065,BendWorstOCT,2026-07-11 07:30:24,ozone-one,Quantile Thresholds,5.0,72,0,72,286,2,9,0.7990175438596501,0.993156728840894,0.2429723683455756,3600.022128105164,1997.0,1166546071,2.45256988,False,False,SolutionPolishing,False,4,0.002,8,23641892[].aqua,3600,1,0,0,0.05,-1,-1,0,-1,inf,True,False,False,1,True,True,True,False,False,Lazy,False,0,Chain,False,False,False,False,False,1.215392,3694,3580
86.44444444444444,86.144578313253,3.333333333333333,4,9,0,0,4,0.1810181140899658,0,0,0,0.995,0.39,0.8,0.9949999999999926,2.188607931137085,1.1050940457341862,0.9946666666665916,3.3565948009490967,2.033950782267284,BendWorstOCT,2026-07-11 07:30:24,ann-thyroid,Quantile Thresholds,5.0,21,15,6,39,3,9,0.8434457831325286,0.9924971768050168,0.1767172195928425,3600.184441804886,616.0,1476872617,1.361912344,False,False,SolutionPolishing,False,4,0.002,12,23641892[].aqua,3600,1,0,0,0.05,-1,-1,0,-1,inf,True,False,False,1,True,True,True,False,False,Lazy,False,0,Chain,False,False,False,False,False,1.462952,3694,3583
87.82467532467533,87.71929824561404,3.636363636363636,4,11,0,0,6,6.27176833152771,0,0,0,0.9981811,0.59,1.67,0.9981811066126888,2.8562281131744385,2.196083030166616,0.9976358433395112,5.620503187179565,4.144188353706242,BendWorstOCT,2026-07-11 07:30:24,ozone-one,Quantile Thresholds,5.0,72,0,72,286,2,9,0.8661929824561415,0.9960000000000012,0.1498592348044475,3600.016196012497,2430.0,-270353986,3.0537256,False,False,SolutionPolishing,False,4,0.001,4,23641892[].aqua,3600,1,0,0,0.05,-1,-1,0,-1,inf,True,False,False,1,True,False,False,False,False,Lazy,False,0,Chain,False,False,False,False,False,1.494152,3694,3583
59.54861111111112,59.42028985507246,3.5454545454545454,4,11,0,0,8,11.505563497543337,0,0,0,0.9998111,0.04,0.03,0.9998111111110892,0.7415518760681152,0.1395354713912058,0.9997412499999784,1.00376296043396,0.3333295929291613,BendWorstOCT,2026-07-11 07:30:24,car_evaluation,,,6,6,0,19,4,9,0.5931028985507245,0.9994487296076467,0.6851186059785711,3600.001844882965,6649.0,-1538968927,0.382837736,False,False,SolutionPolishing,False,4,0.0001,14,23641892[].aqua,3600,1,0,0,0.05,-1,-1,0,-1,inf,True,False,False,1,True,True,False,False,False,Lazy,False,0,Chain,False,False,False,False,False,0.422136,3694,3577
64.23611111111111,63.47107438016529,3.6666666666666665,4,9,0,0,12,15.737365961074827,0,0,0,0.9998111,0.08,0.03,0.9998111111110892,1.6414790153503418,0.1395354713912058,0.9997220338982832,2.260925054550171,0.4686210139738966,BendWorstOCT,2026-07-11 07:30:24,car_evaluation,,,6,6,0,19,4,9,0.633810743801642,0.9994999999999784,0.5769691659136387,3600.015988111496,7897.0,-1538968927,0.34834416,False,False,SolutionPolishing,False,4,0.0001,35,23641892[].aqua,3600,1,0,0,0.05,-1,-1,0,-1,inf,True,False,False,1,True,False,True,False,False,Lazy,False,0,Chain,False,False,False,False,False,0.497436,3695,3586
84.63203463203463,84.21052631578948,2.857142857142857,3,7,0,0,2,0.2888741493225097,0,0,0,0.9989087,0.73,1.5,0.9989086639676132,3.913127899169922,2.066146214230218,0.9985964509450362,8.920496940612793,4.605249682152579,BendWorstOCT,2026-07-11 07:30:24,ozone-one,Quantile Thresholds,5.0,72,0,72,286,2,9,0.8379052631578958,0.9982,0.1913041293451071,3600.276573896408,566.0,282224979,2.425350536,False,False,SolutionPolishing,False,4,0.0006,56,23641892[].aqua,3600,1,0,0,0.05,-1,-1,0,-1,inf,True,False,False,1,True,True,True,False,False,Lazy,False,0,Chain,False,False,False,False,False,1.498368,3694,3583
87.08333333333333,85.5421686746988,2.833333333333333,4,6,0,0,4,0.3120903968811035,0,0,0,0.975,0.65,1.37,0.9749999999999466,3.355057001113892,3.506037187264364,0.9733333333332628,3.995142936706543,4.289330928945982,BendWorstOCT,2026-07-11 07:30:24,ann-thyroid,Quantile Thresholds,5.0,21,15,6,39,3,9,0.7954216867469865,0.9599999999999228,0.2069069978793354,3600.110545873642,623.0,2085674299,1.288950848,False,False,SolutionPolishing,False,4,0.01,52,23641892[].aqua,3600,1,0,0,0.05,-1,-1,0,-1,inf,True,False,False,1,True,True,False,False,False,Lazy,False,0,Chain,False,False,False,False,False,1.301252,3694,3583
82.79220779220779,80.70175438596492,2.0,2,4,0,0,2,0.4436783790588379,0,0,0,0.9818826,0.67,1.82,0.9817638095238256,2.968661069869995,2.503397895319237,0.976740917466429,5.018789052963257,4.685936413080719,BendWorstOCT,2026-07-11 07:30:24,ozone-one,Quantile Thresholds,5.0,72,0,72,286,2,9,0.76701754385965,0.962288535990188,0.2545847793101705,3600.019700050354,3986.0,-690262033,1.796948744,False,False,SolutionPolishing,False,4,0.01,53,23641892[].aqua,3600,1,0,0,0.05,-1,-1,0,-1,inf,True,False,False,1,True,True,False,False,False,Lazy,False,0,Chain,False,False,False,False,False,1.076564,3694,3583
87.08333333333333,85.5421686746988,2.8,4,5,0,0,2,0.1325745582580566,0,0,0,0.99975,0.16,0.18,0.9997499999999228,1.827708005905152,0.3473452326088251,0.9997333333332564,2.790693044662476,0.884300922365514,BendWorstOCT,2026-07-11 07:30:24,ann-thyroid,Quantile Thresholds,5.0,21,15,6,39,3,9,0.8549216867469865,0.999611111111034,0.1692428986268869,3600.0145881175995,687.0,1452578112,1.465971552,False,False,SolutionPolishing,False,4,0.0001,54,23641892[].aqua,3600,1,0,0,0.05,-1,-1,0,-1,inf,True,False,False,1,True,True,False,False,False,Lazy,False,0,Chain,False,False,False,False,False,1.402724,3694,3583
82.79220779220779,80.70175438596492,2.0,2,4,0,0,2,0.2504308223724365,0,0,0,0.9999,0.05,0.07,0.999826863883862,2.028862953186035,1.4104717535753393,0.9997810221718164,2.882644891738892,2.293629637882647,BendWorstOCT,2026-07-11 07:30:24,ozone-one,Quantile Thresholds,5.0,72,0,72,286,2,9,0.8066175438596501,0.999634596243735,0.2392919095963395,3600.0223519802094,2205.0,-1476092754,3.248706176,False,False,SolutionPolishing,False,4,0.0001,51,23641892[].aqua,3600,1,0,0,0.05,-1,-1,0,-1,inf,True,False,False,1,True,True,True,False,False,Lazy,False,0,Chain,False,False,False,False,False,1.54412,3694,3580
74.83333333333333,73.74737473747375,2.0,2,4,0,0,2,0.0932185649871826,0,0,0,0.95,0.82,1.84,0.9499999999997684,2.7260119915008545,3.114602575832049,0.9466666666666024,3.48128604888916,4.015088704820998,BendWorstOCT,2026-07-11 07:30:24,ann-thyroid,Quantile Thresholds,5.0,21,15,6,39,3,9,0.6574737473746836,0.9296564401580424,0.4139826021498106,3600.030147075653,676.0,851144141,1.391183944,False,False,SolutionPolishing,False,4,0.02,25,23641892[].aqua,3600,1,0,0,0.05,-1,-1,0,-1,inf,True,False,False,1,True,True,False,False,False,Lazy,False,0,Chain,False,False,False,False,False,1.276648,3695,3577
87.82467532467533,87.71929824561404,3.636363636363636,4,11,0,0,6,4.790802955627441,0,0,0,0.9981811,0.74,1.67,0.9981811066126888,3.942049026489258,2.196083030166616,0.9976358433395112,7.253967046737671,4.144188353706242,BendWorstOCT,2026-07-11 07:30:24,ozone-one,Quantile Thresholds,5.0,72,0,72,286,2,9,0.8661929824561415,0.9960000000000012,0.1498592348044475,3600.044019937516,1167.0,-270353986,3.053726032,False,False,SolutionPolishing,False,4,0.001,2,23641892[].aqua,3600,1,0,0,0.05,-1,-1,0,-1,inf,True,False,False,1,True,False,True,False,False,Lazy,False,0,Chain,False,False,False,False,False,1.522224,3695,3584
83.22510822510823,83.19374651032942,2.857142857142857,3,7,0,0,2,0.5175924301147461,0,0,0,0.9981811,0.72,1.67,0.9981811066126888,4.2182090282440186,2.196083030166616,0.9976164034105756,8.476696014404297,4.884698167764888,BendWorstOCT,2026-07-11 07:30:26,ozone-one,Quantile Thresholds,5.0,72,0,72,286,2,9,0.8249374651033069,0.9963741926124068,0.2078178465171672,3600.032248020172,1111.0,-270353986,3.277397,False,False,SolutionPolishing,False,4,0.001,33,23641892[].aqua,3600,1,0,0,0.05,-1,-1,0,-1,inf,True,False,False,1,True,True,False,False,False,Lazy,False,0,Chain,False,False,False,False,False,1.618648,3701,3575
85.98484848484848,85.96491228070175,3.333333333333333,4,9,0,0,2,0.5640432834625244,0,0,0,0.9854797,0.78,1.77,0.9853765687341473,4.697419881820679,2.327331225543712,0.9809259077941956,8.791246891021729,5.040428651426124,BendWorstOCT,2026-07-11 07:30:26,ozone-one,Quantile Thresholds,5.0,72,0,72,286,2,9,0.7876491228070186,0.9680000000000172,0.2289736279401483,3600.032248020172,4061.0,-400498556,2.47438744,False,False,SolutionPolishing,False,4,0.008,32,23641892[].aqua,3600,1,0,0,0.05,-1,-1,0,-1,inf,True,False,False,1,True,True,False,False,False,Lazy,False,0,Chain,False,False,False,False,False,1.101924,3701,3575
82.79220779220779,80.70175438596492,2.0,2,4,0,0,2,0.5314629077911377,0,0,0,0.9999,0.07,0.07,0.999826863883862,3.3348212242126465,1.4104717535753393,0.9997810221718164,4.381392002105713,2.293629637882647,BendWorstOCT,2026-07-11 07:30:26,ozone-one,Quantile Thresholds,5.0,72,0,72,286,2,9,0.8066175438596501,0.999634596243735,0.2392919095963395,3600.0322461128235,2002.0,-1476092754,3.248701568,False,False,SolutionPolishing,False,4,0.0001,34,23641892[].aqua,3600,1,0,0,0.05,-1,-1,0,-1,inf,True,False,False,1,True,True,False,False,False,Lazy,False,0,Chain,False,False,False,False,False,1.53874,3701,3577
88.2034632034632,87.71929824561404,3.5,4,10,0,0,6,6.269513845443726,0,0,0,0.9989087,0.56,1.5,0.9989086639676132,2.890328884124756,2.066146214230218,0.99861264997114,5.014503002166748,3.631911489249288,BendWorstOCT,2026-07-11 07:31:30,ozone-one,Quantile Thresholds,5.0,72,0,72,286,2,9,0.8711929824561414,0.997685951505448,0.1451951193324431,3600.010247945785,5605.0,282224979,2.472325112,False,False,SolutionPolishing,False,4,0.0006,78,23641892[].aqua,3600,1,0,0,0.05,-1,-1,0,-1,inf,True,False,False,1,True,False,False,False,False,Lazy,False,0,Chain,False,False,False,False,False,1.2349,3606,3578
59.895833333333336,59.50413223140496,3.6666666666666665,4,9,0,0,12,11.327145338058472,0,0,0,0.9981111,0.04,0.08,0.9981111111110892,0.5010890960693359,0.3010754707450127,0.9973516483516266,0.8711929321289062,0.7169896652862018,BendWorstOCT,2026-07-11 07:31:31,car_evaluation,,,6,6,0,19,4,9,0.5860413223140399,0.994955882352921,0.6977572134747136,3600.002249956131,7856.0,-596570832,0.380599288,False,False,SolutionPolishing,False,4,0.001,60,23641892[].aqua,3600,1,0,0,0.05,-1,-1,0,-1,inf,True,False,False,1,True,False,True,False,False,Lazy,False,0,Chain,False,False,False,False,False,0.483704,3608,3574
80.72222222222223,80.15301530153015,3.1666666666666665,4,6,0,0,2,0.0998551845550537,0,0,0,0.9985,0.42,0.68,0.9984999999999228,3.0831007957458496,1.1153293269869309,0.9983999999999256,4.667632818222046,2.1979447320667296,BendWorstOCT,2026-07-11 07:31:33,ann-thyroid,Quantile Thresholds,5.0,21,15,6,39,3,9,0.7979301530152418,0.9975999999999272,0.2502347432668977,3600.2543737888336,641.0,-1918671324,1.487924544,False,False,SolutionPolishing,False,4,0.0006,79,23641892[].aqua,3600,1,0,0,0.05,-1,-1,0,-1,inf,True,False,False,1,True,True,True,False,False,Lazy,False,0,Chain,False,False,False,False,False,1.291516,3609,3585
87.08333333333333,85.5421686746988,2.8,4,5,0,0,2,0.0794146060943603,0,0,0,0.99975,0.11,0.18,0.9997499999999228,1.1299240589141846,0.3473452326088251,0.9997333333332564,1.737436056137085,0.884300922365514,BendWorstOCT,2026-07-11 07:31:44,ann-thyroid,Quantile Thresholds,5.0,21,15,6,39,3,9,0.8549216867469865,0.9995947911699594,0.1692238092280243,3600.0101408958435,1311.0,1452578112,1.465972432,False,False,SolutionPolishing,False,4,0.0001,62,23641892[].aqua,3600,1,0,0,0.05,-1,-1,0,-1,inf,True,False,False,1,True,True,True,False,False,Lazy,False,0,Chain,False,False,False,False,False,1.4045,3690,3580
87.08333333333333,85.5421686746988,2.25,3,4,0,0,6,0.8491930961608887,0,0,0,0.95,0.86,1.84,0.9499999999997684,3.347731828689575,3.114602575832049,0.9466666666666026,5.587455987930298,4.814853757551695,BendWorstOCT,2026-07-11 07:31:44,ann-thyroid,Quantile Thresholds,5.0,21,15,6,39,3,9,0.7754216867469865,0.926666666666668,0.1950486844831196,3600.0259959697723,980.0,851144141,1.143535512,False,False,SolutionPolishing,False,4,0.02,65,23641892[].aqua,3600,1,0,0,0.05,-1,-1,0,-1,inf,True,False,False,1,True,False,True,False,False,Lazy,False,0,Chain,False,False,False,False,False,1.157152,3690,3580
82.79220779220779,80.70175438596492,2.0,2,4,0,0,2,0.4236204624176025,0,0,0,0.9963622,0.62,1.78,0.996362214199766,2.6271510124206543,2.272452397048752,0.9952016265654294,5.392982006072998,4.9564131176685065,BendWorstOCT,2026-07-11 07:31:44,ozone-one,Quantile Thresholds,5.0,72,0,72,286,2,9,0.7990175438596501,0.9920000000000172,0.2415246794308999,3600.006536960602,2289.0,1166546071,2.452569112,False,False,SolutionPolishing,False,4,0.002,81,23641892[].aqua,3600,1,0,0,0.05,-1,-1,0,-1,inf,True,False,False,1,True,True,False,False,False,Lazy,False,0,Chain,False,False,False,False,False,1.366684,3620,3581
87.13888888888889,86.97869786978698,3.1666666666666665,4,6,0,0,5,0.2369041442871093,0,0,0,0.9995,0.2,0.43,0.9994999999999228,1.3624401092529297,0.7048029678800166,0.9994666666665896,4.1965651512146,3.55864959067746,BendWorstOCT,2026-07-11 07:31:44,ann-thyroid,Quantile Thresholds,5.0,21,15,6,39,3,9,0.8685869786978041,0.9992241087201952,0.1504018978251826,3600.004904985428,1342.0,-1598552881,2.1392338,False,False,SolutionPolishing,False,4,0.0002,61,23641892[].aqua,3600,1,0,0,0.05,-1,-1,0,-1,inf,True,False,False,1,True,True,False,False,False,Lazy,False,0,Chain,False,False,False,False,False,1.844268,3690,3580
86.03896103896103,85.96491228070175,3.1666666666666665,4,6,0,0,6,5.535291194915772,0,0,0,0.9639419,0.74,1.79,0.9639292785249676,5.834809064865112,2.352436422996607,0.9550433628380184,8.034698009490967,4.143414418279202,BendWorstOCT,2026-07-11 07:31:44,ozone-one,Quantile Thresholds,5.0,72,0,72,286,2,9,0.7396491228070186,0.9271358321771996,0.253480608019457,3600.0158660411835,2446.0,115667638,2.475986432,False,False,SolutionPolishing,False,4,0.02,67,23641892[].aqua,3600,1,0,0,0.05,-1,-1,0,-1,inf,True,False,False,1,True,False,False,False,False,Lazy,False,0,Chain,False,False,False,False,False,1.31354,3690,3589
80.72222222222223,80.15301530153015,3.1666666666666665,4,6,0,0,2,0.0990786552429199,0,0,0,0.9985,0.34,0.68,0.9984999999999228,2.2989649772644043,1.1153293269869309,0.9983999999999256,3.362736940383911,2.1979447320667296,BendWorstOCT,2026-07-11 07:31:44,ann-thyroid,Quantile Thresholds,5.0,21,15,6,39,3,9,0.7979301530152418,0.9975999999999272,0.2502347432668977,3600.431670188904,641.0,-1918671324,1.487926032,False,False,SolutionPolishing,False,4,0.0006,82,23641892[].aqua,3600,1,0,0,0.05,-1,-1,0,-1,inf,True,False,False,1,True,True,False,False,False,Lazy,False,0,Chain,False,False,False,False,False,1.377828,3634,3578
89.77272727272727,89.47368421052632,3.769230769230769,4,13,0,0,4,9.356398105621338,0,0,0,0.9985449,0.69,1.69,0.9985448852901512,3.3230221271514893,2.1932613101977707,0.9981118049888572,7.387732028961182,6.003298075028448,BendWorstOCT,2026-07-11 07:31:44,ozone-one,Quantile Thresholds,5.0,72,0,72,286,2,9,0.8843368421052643,0.9973542729915212,0.1277990755391418,3600.0479221343994,1031.0,528642515,3.364462656,False,False,SolutionPolishing,False,4,0.0008,69,23641892[].aqua,3600,1,0,0,0.05,-1,-1,0,-1,inf,True,False,False,1,True,False,False,False,False,Lazy,False,0,Chain,False,False,False,False,False,1.534416,3690,3580
82.79220779220779,80.70175438596492,2.0,2,4,0,0,3,0.6749250888824463,0,0,0,0.9985449,0.69,1.69,0.9985448852901512,3.011301040649414,2.1932613101977707,0.9981828174029372,5.936779022216797,4.933719239536877,BendWorstOCT,2026-07-11 07:31:44,ozone-one,Quantile Thresholds,5.0,72,0,72,286,2,9,0.80381754385965,0.9973980132407724,0.2408263801404691,3600.0081820487976,3214.0,528642515,2.233325448,False,False,SolutionPolishing,False,4,0.0008,70,23641892[].aqua,3600,1,0,0,0.05,-1,-1,0,-1,inf,True,False,False,1,True,True,False,False,False,Lazy,False,0,Chain,False,False,False,False,False,1.007384,3689,3580
87.08333333333333,85.5421686746988,2.833333333333333,4,6,0,0,4,0.1486818790435791,0,0,0,0.975,0.62,1.37,0.9749999999999466,3.0086591243743896,3.506037187264364,0.9733333333332628,3.6066861152648926,4.289330928945982,BendWorstOCT,2026-07-11 07:31:44,ann-thyroid,Quantile Thresholds,5.0,21,15,6,39,3,9,0.7954216867469865,0.9599999999999228,0.2069069978793354,3600.011645078659,703.0,2085674299,1.373802776,False,False,SolutionPolishing,False,4,0.01,76,23641892[].aqua,3600,1,0,0,0.05,-1,-1,0,-1,inf,True,False,False,1,True,True,True,False,False,Lazy,False,0,Chain,False,False,False,False,False,1.333364,3703,3572
78.35497835497836,78.33612506979341,1.6666666666666667,2,3,0,0,5,5.837249517440796,0,0,0,0.8934213,0.55,1.58,0.8933395647446578,2.9300107955932617,2.124262534866669,0.8660912304772532,6.068975925445557,5.920424434478774,BendWorstOCT,2026-07-11 07:31:44,ozone-one,Quantile Thresholds,5.0,72,0,72,286,2,9,0.6033612506979453,0.7886129178472966,0.307032755144715,3600.002245903015,2263.0,-1864652245,2.114078936,False,False,SolutionPolishing,False,4,0.06,68,23641892[].aqua,3600,1,0,0,0.05,-1,-1,0,-1,inf,True,False,False,1,True,False,False,False,False,Lazy,False,0,Chain,False,False,False,False,False,1.388188,3690,3587
86.44444444444444,86.144578313253,3.333333333333333,4,9,0,0,4,0.6305508613586426,0,0,0,0.995,0.43,0.8,0.9949999999999926,3.52115797996521,1.1050940457341862,0.9946666666665916,4.721946954727173,2.033950782267284,BendWorstOCT,2026-07-11 07:31:44,ann-thyroid,Quantile Thresholds,5.0,21,15,6,39,3,9,0.8434457831325286,0.9924971768050168,0.1767172195928425,3600.099451780319,616.0,1476872617,1.361915376,False,False,SolutionPolishing,False,4,0.002,72,23641892[].aqua,3600,1,0,0,0.05,-1,-1,0,-1,inf,True,False,False,1,True,True,False,False,False,Lazy,False,0,Chain,False,False,False,False,False,1.351524,3689,3584
64.23611111111111,63.47107438016529,3.6,4,10,0,0,12,8.879899740219116,0,0,0,0.9984889,0.04,0.09,0.998488888888867,0.5401618480682373,0.2342800274800847,0.9977469317199438,1.027984857559204,0.8523314013378415,BendWorstOCT,2026-07-11 07:31:44,car_evaluation,,,6,6,0,19,4,9,0.6267117075953438,0.995899999999978,0.5890879138371102,3600.0019857883453,7671.0,-1617463087,0.4068642,False,False,SolutionPolishing,False,4,0.0008,71,23641892[].aqua,3600,1,0,0,0.05,-1,-1,0,-1,inf,True,False,False,1,True,False,True,False,False,Lazy,False,0,Chain,False,False,False,False,False,0.888428,3690,3580
64.23611111111111,63.47107438016529,3.6,4,10,0,0,12,8.473836898803711,0,0,0,0.9984889,0.04,0.09,0.998488888888867,0.3949840068817138,0.2342800274800847,0.9977469317199438,0.8170759677886963,0.8523314013378415,BendWorstOCT,2026-07-11 07:31:44,car_evaluation,,,6,6,0,19,4,9,0.6267117075953438,0.99576267837304,0.5888687993299556,3600.009346961975,9995.0,-1617463087,0.406865872,False,False,SolutionPolishing,False,4,0.0008,73,23641892[].aqua,3600,1,0,0,0.05,-1,-1,0,-1,inf,True,False,False,1,True,False,False,False,False,Lazy,False,0,Chain,False,False,False,False,False,0.439952,3703,3577
85.98484848484848,85.96491228070175,3.333333333333333,4,9,0,0,2,0.2568004131317138,0,0,0,0.9854797,0.61,1.77,0.9853765687341473,2.855152130126953,2.327331225543712,0.9809259077941956,5.828513145446777,5.040428651426124,BendWorstOCT,2026-07-11 07:31:44,ozone-one,Quantile Thresholds,5.0,72,0,72,286,2,9,0.7876491228070186,0.9680000000000172,0.2289736279401483,3600.052399158478,5270.0,-400498556,2.474386512,False,False,SolutionPolishing,False,4,0.008,80,23641892[].aqua,3600,1,0,0,0.05,-1,-1,0,-1,inf,True,False,False,1,True,True,True,False,False,Lazy,False,0,Chain,False,False,False,False,False,1.203644,3620,3581
60.532407407407405,59.42028985507246,3.8461538461538463,4,13,0,0,12,25.85951066017151,0,0,0,0.9992444,0.09,0.08,0.9992444444444226,4.360697984695435,0.3716345869690357,0.9989178947368204,4.994975090026856,0.8084898926300815,BendWorstOCT,2026-07-11 07:31:44,car_evaluation,,,6,6,0,19,4,9,0.5890028985507245,0.9981595086760352,0.6946597565683701,3600.0201110839844,6231.0,-2131592671,0.392565608,False,False,SolutionPolishing,False,4,0.0004,64,23641892[].aqua,3600,1,0,0,0.05,-1,-1,0,-1,inf,True,False,False,1,True,False,True,False,False,Lazy,False,0,Chain,False,False,False,False,False,1.30278,3691,3593
82.79220779220779,80.70175438596492,2.0,2,4,0,0,2,0.2171335220336914,0,0,0,0.989089,0.63,1.82,0.9890857480562336,2.76726508140564,2.3658772448979435,0.9860229286236308,4.64323616027832,4.184451930971276,BendWorstOCT,2026-07-11 07:31:44,ozone-one,Quantile Thresholds,5.0,72,0,72,286,2,9,0.7830175438596501,0.9789827425205824,0.2502692311272882,3600.0281040668488,2021.0,-1983060029,3.009087184,False,False,SolutionPolishing,False,4,0.006,75,23641892[].aqua,3600,1,0,0,0.05,-1,-1,0,-1,inf,True,False,False,1,True,True,True,False,False,Lazy,False,0,Chain,False,False,False,False,False,1.43658,3703,3580
82.79220779220779,80.70175438596492,2.0,2,4,0,0,2,0.2239570617675781,0,0,0,0.9639419,0.67,1.79,0.9639292785249676,3.36991810798645,2.352436422996607,0.9538221294765646,5.5787999629974365,4.735802777704428,BendWorstOCT,2026-07-11 07:31:44,ozone-one,Quantile Thresholds,5.0,72,0,72,286,2,9,0.72701754385965,0.9200000000000012,0.2654440154440156,3600.026618003845,2453.0,115667638,2.416011608,False,False,SolutionPolishing,False,4,0.02,66,23641892[].aqua,3600,1,0,0,0.05,-1,-1,0,-1,inf,True,False,False,1,True,True,True,False,False,Lazy,False,0,Chain,False,False,False,False,False,1.248264,3690,3579
87.08333333333333,85.5421686746988,2.8,4,5,0,0,4,0.1998212337493896,0,0,0,0.9098486,0.83,1.7,0.9098470328422928,2.553406000137329,2.043790006463506,0.8933333333332564,4.309313058853149,3.931348706873104,BendWorstOCT,2026-07-11 07:31:44,ann-thyroid,Quantile Thresholds,5.0,21,15,6,39,3,9,0.6554216867469864,0.8596632712226523,0.311618593961035,3600.0183658599854,691.0,-1093750467,1.176710248,False,False,SolutionPolishing,False,4,0.04,63,23641892[].aqua,3600,1,0,0,0.05,-1,-1,0,-1,inf,True,False,False,1,True,True,False,False,False,Lazy,False,0,Chain,False,False,False,False,False,1.196164,3691,3580
87.08333333333333,85.5421686746988,2.25,3,4,0,0,7,1.0208275318145752,0,0,0,0.8700127,0.81,1.77,0.8700124162917444,2.303908109664917,2.13094943033646,0.8399999999999983,4.261110067367554,5.532435214623093,BendWorstOCT,2026-07-11 07:31:44,ann-thyroid,Quantile Thresholds,5.0,21,15,6,39,3,9,0.6154216867469865,0.7608383140932322,0.2362877852337201,3600.0045380592346,875.0,-1431736538,1.210666464,False,False,SolutionPolishing,False,4,0.06,77,23641892[].aqua,3600,1,0,0,0.05,-1,-1,0,-1,inf,True,False,False,1,True,False,False,False,False,Lazy,False,0,Chain,False,False,False,False,False,1.170052,3703,3576
82.06944444444444,81.83318331833183,3.1666666666666665,4,6,0,0,4,0.1261420249938964,0,0,0,0.9975,0.28,0.57,0.9974999999999234,1.6511540412902832,0.8304577705195254,0.9974999999999234,2.3625590801239014,1.2761080432160457,BendWorstOCT,2026-07-11 07:31:44,ann-thyroid,Quantile Thresholds,5.0,21,15,6,39,3,9,0.8123318331832572,0.9965009999999236,0.2267166683533363,3600.2904081344604,602.0,-310893686,1.476591136,False,False,SolutionPolishing,False,4,0.001,74,23641892[].aqua,3600,1,0,0,0.05,-1,-1,0,-1,inf,True,False,False,1,True,True,True,False,False,Lazy,False,0,Chain,False,False,False,False,False,1.474288,3703,3581
89.19444444444444,88.55421686746988,3.2857142857142856,4,7,0,0,7,1.8417963981628416,0,0,0,0.985,0.61,1.11,0.9849999999998652,2.0759708881378174,1.3457886006743245,0.9839999999999264,4.031175851821899,2.6952386480023818,BendWorstOCT,2026-07-11 07:31:44,ann-thyroid,Quantile Thresholds,5.0,21,15,6,39,3,9,0.8435421686746971,0.9759999999999228,0.1570257377095116,3600.005856990814,728.0,-643939793,1.002385472,False,False,SolutionPolishing,False,4,0.006,83,23641892[].aqua,3600,1,0,0,0.05,-1,-1,0,-1,inf,True,False,False,1,True,False,False,False,False,Lazy,False,0,Chain,False,False,False,False,False,1.063796,3634,3577
87.08333333333333,85.5421686746988,2.25,3,4,0,0,7,0.7770626544952393,0,0,0,0.8700127,0.84,1.77,0.8700124162917444,2.334501981735229,2.13094943033646,0.8399999999999983,4.3863959312438965,5.532435214623093,BendWorstOCT,2026-07-11 07:32:39,ann-thyroid,Quantile Thresholds,5.0,21,15,6,39,3,9,0.6154216867469865,0.7608383140932322,0.2362877852337201,3600.0031249523163,799.0,-1431736538,1.2106636,False,False,SolutionPolishing,False,4,0.06,86,23641892[].aqua,3600,1,0,0,0.05,-1,-1,0,-1,inf,True,False,False,1,True,False,True,False,False,Lazy,False,0,Chain,False,False,False,False,False,1.146376,3606,3582
78.35497835497836,78.33612506979341,1.6666666666666667,2,3,0,0,2,0.4434168338775635,0,0,0,0.928453,0.64,1.68,0.9284245343782676,3.223893880844116,2.269162304450918,0.910893843629308,6.183085918426514,6.646142749119406,BendWorstOCT,2026-07-11 07:32:39,ozone-one,Quantile Thresholds,5.0,72,0,72,286,2,9,0.6633612506979454,0.8400000000000171,0.2662783650932639,3600.002462863922,3782.0,-1669168018,2.351747176,False,False,SolutionPolishing,False,4,0.04,85,23641892[].aqua,3600,1,0,0,0.05,-1,-1,0,-1,inf,True,False,False,1,True,True,False,False,False,Lazy,False,0,Chain,False,False,False,False,False,1.168316,3606,3582
82.79220779220779,80.70175438596492,2.0,2,4,0,0,2,0.2412071228027343,0,0,0,0.9927244,0.69,1.77,0.9927216783216912,3.165555000305176,2.303731229103309,0.9907985912212528,5.738085031509399,4.38567930155907,BendWorstOCT,2026-07-11 07:32:39,ozone-one,Quantile Thresholds,5.0,72,0,72,286,2,9,0.7910175438596501,0.9859766713946204,0.2464662497669732,3600.0079188346863,1437.0,-1566156751,2.115943264,False,False,SolutionPolishing,False,4,0.004,91,23641892[].aqua,3600,1,0,0,0.05,-1,-1,0,-1,inf,True,False,False,1,True,True,True,False,False,Lazy,False,0,Chain,False,False,False,False,False,1.263544,3605,3581
89.18055555555556,87.95180722891567,3.0,4,6,0,0,4,0.6360912322998047,0,0,0,0.98,0.65,1.28,0.9799999999999248,3.2469470500946045,2.5489735196133663,0.9768396080234976,6.775457143783569,7.246857325168359,BendWorstOCT,2026-07-11 07:32:39,ann-thyroid,Quantile Thresholds,5.0,21,15,6,39,3,9,0.831518072289155,0.9679999999999236,0.1641358525558393,3600.004007101059,728.0,162781974,2.218374584,False,False,SolutionPolishing,False,4,0.008,90,23641892[].aqua,3600,1,0,0,0.05,-1,-1,0,-1,inf,True,False,False,1,True,True,False,False,False,Lazy,False,0,Chain,False,False,False,False,False,1.903144,3606,3578
87.19444444444444,87.03870387038704,3.1666666666666665,4,6,0,0,8,2.265676498413086,0,0,0,0.99975,0.1,0.18,0.9997499999999228,1.0058178901672363,0.3473452326088251,0.9997333333332564,1.645761013031006,0.884300922365514,BendWorstOCT,2026-07-11 07:32:39,ann-thyroid,Quantile Thresholds,5.0,21,15,6,39,3,9,0.8697870387038046,0.9996333333332564,0.1492851569999877,3600.095273017884,649.0,1452578112,1.112320616,False,False,SolutionPolishing,False,4,0.0001,87,23641892[].aqua,3600,1,0,0,0.05,-1,-1,0,-1,inf,True,False,False,1,True,False,False,False,False,Lazy,False,0,Chain,False,False,False,False,False,1.149412,3607,3578
78.35497835497836,78.33612506979341,1.6666666666666667,2,3,0,0,2,0.4525363445281982,0,0,0,0.8934213,0.64,1.58,0.8933395647446578,3.432345151901245,2.124262534866669,0.8678326726786878,6.110225200653076,5.126399728029246,BendWorstOCT,2026-07-11 07:32:39,ozone-one,Quantile Thresholds,5.0,72,0,72,286,2,9,0.6033612506979453,0.7956062801605865,0.3186234270766634,3600.090573072433,1332.0,-1864652245,2.942241536,False,False,SolutionPolishing,False,4,0.06,89,23641892[].aqua,3600,1,0,0,0.05,-1,-1,0,-1,inf,True,False,False,1,True,True,False,False,False,Lazy,False,0,Chain,False,False,False,False,False,1.492932,3606,3579
89.33982683982684,89.3355667225014,3.5,4,10,0,0,4,5.292201280593872,0,0,0,0.9927244,0.62,1.77,0.9927216783216912,3.18892502784729,2.303731229103309,0.9908020865081998,5.377388000488281,4.5002933661699895,BendWorstOCT,2026-07-11 07:33:30,ozone-one,Quantile Thresholds,5.0,72,0,72,286,2,9,0.8533556672250282,0.9840000000000172,0.1530948205920078,3600.0116200447083,3576.0,-1566156751,3.261126272,False,False,SolutionPolishing,False,4,0.004,84,23641892[].aqua,3600,1,0,0,0.05,-1,-1,0,-1,inf,True,False,False,1,True,False,True,False,False,Lazy,False,0,Chain,False,False,False,False,False,1.307568,3658,3581
83.82034632034632,83.80792853154662,2.6,3,5,0,0,4,3.505378484725952,0,0,0,0.989089,0.69,1.82,0.9890857480562336,3.3679919242858887,2.3658772448979435,0.986022928623631,5.434260845184326,4.163936342176533,BendWorstOCT,2026-07-11 07:33:47,ozone-one,Quantile Thresholds,5.0,72,0,72,286,2,9,0.808079285315479,0.9793634944713951,0.2119646082612373,3600.0368859767914,1968.0,-1983060029,1.848242144,False,False,SolutionPolishing,False,4,0.006,93,23641892[].aqua,3600,1,0,0,0.05,-1,-1,0,-1,inf,True,False,False,1,True,False,True,False,False,Lazy,False,0,Chain,False,False,False,False,False,1.114504,3606,3581
83.6038961038961,83.58458961474037,2.857142857142857,3,7,0,0,3,0.7159390449523926,0,0,0,0.9992724,0.48,1.14,0.9992724426450756,3.180680990219116,1.7601662567648213,0.999058591228642,6.745075941085815,4.336741881334411,BendWorstOCT,2026-07-11 07:33:47,ozone-one,Quantile Thresholds,5.0,72,0,72,286,2,9,0.8330458961474164,0.9984,0.1984933898807929,3600.005266904831,2605.0,1900142382,2.860066904,False,False,SolutionPolishing,False,4,0.0004,94,23641892[].aqua,3600,1,0,0,0.05,-1,-1,0,-1,inf,True,False,False,1,True,True,False,False,False,Lazy,False,0,Chain,False,False,False,False,False,1.189328,3606,3581
86.51388888888889,85.8695652173913,3.25,4,8,0,0,3,0.1306827068328857,0,0,0,0.999,0.26,0.5,0.9989999999999228,1.6986711025238037,0.7384546943925347,0.9988883909118434,4.998966932296753,2.923893045741897,BendWorstOCT,2026-07-11 07:33:48,ann-thyroid,Quantile Thresholds,5.0,21,15,6,39,3,9,0.8554956521739089,0.9987261111111088,0.1674239472441916,3600.2223501205444,615.0,-379433321,1.12847604,False,False,SolutionPolishing,False,4,0.0004,92,23641892[].aqua,3600,1,0,0,0.05,-1,-1,0,-1,inf,True,False,False,1,True,True,True,False,False,Lazy,False,0,Chain,False,False,False,False,False,1.196012,3606,3577
87.13888888888889,86.97869786978698,2.6,3,5,0,0,4,0.1337835788726806,0,0,0,0.9985,0.13,0.28,0.9984999999999232,0.9375829696655272,0.4744148027883875,0.9983999999999228,2.5259149074554443,1.838211256538704,BendWorstOCT,2026-07-11 07:36:34,ann-thyroid,Quantile Thresholds,5.0,21,15,6,39,3,9,0.8667869786978041,0.99738368840479,0.1506675952875812,3600.002769947052,1301.0,1749601605,1.231545216,False,False,SolutionPolishing,False,3,0.0006,97,23641892[].aqua,3600,1,0,0,0.05,-1,-1,0,-1,inf,True,False,False,1,True,True,True,False,False,Lazy,False,0,Chain,False,False,False,False,False,0.95652,3605,3579
82.79220779220779,80.70175438596492,2.0,2,4,0,0,2,0.4229159355163574,0,0,0,0.989089,0.64,1.82,0.9890857480562336,2.7808151245117188,2.3658772448979435,0.9860229286236308,4.65962815284729,4.184451930971276,BendWorstOCT,2026-07-11 07:36:34,ozone-one,Quantile Thresholds,5.0,72,0,72,286,2,9,0.7830175438596501,0.9789827425205824,0.2502692311272882,3600.017122030258,2009.0,-1983060029,3.009090864,False,False,SolutionPolishing,False,4,0.006,95,23641892[].aqua,3600,1,0,0,0.05,-1,-1,0,-1,inf,True,False,False,1,True,True,False,False,False,Lazy,False,0,Chain,False,False,False,False,False,1.448704,3606,3576
87.13888888888889,86.97869786978698,2.6,3,5,0,0,11,1.3000504970550537,0,0,0,0.975,0.73,1.37,0.9749999999999466,3.6529910564422607,3.506037187264364,0.9733333333332624,5.562803030014038,4.9395176481789305,BendWorstOCT,2026-07-11 07:36:35,ann-thyroid,Quantile Thresholds,5.0,21,15,6,39,3,9,0.819786978697804,0.9607205329680888,0.1719148485307141,3600.013455867768,833.0,2085674299,1.353723496,False,False,SolutionPolishing,False,4,0.01,98,23641892[].aqua,3600,1,0,0,0.05,-1,-1,0,-1,inf,True,False,False,1,True,False,False,False,False,Lazy,False,0,Chain,False,False,False,False,False,1.074052,3606,3582
83.27922077922078,83.24958123953098,2.6,3,5,0,0,6,2.034599542617798,0,0,0,0.9818826,0.63,1.82,0.9817638095238256,2.861388921737671,2.503397895319237,0.976740917466429,4.592441082000732,4.539963147786331,BendWorstOCT,2026-07-11 07:36:35,ozone-one,Quantile Thresholds,5.0,72,0,72,286,2,9,0.7824958123953225,0.9689982939986924,0.2383431050352348,3600.0020480155945,1801.0,-690262033,2.167240608,False,False,SolutionPolishing,False,4,0.01,96,23641892[].aqua,3600,1,0,0,0.05,-1,-1,0,-1,inf,True,False,False,1,True,False,True,False,False,Lazy,False,0,Chain,False,False,False,False,False,1.274052,3606,3577
89.18055555555556,87.95180722891567,3.0,4,6,0,0,4,0.5944397449493408,0,0,0,0.98,1.13,1.28,0.9799999999999248,5.2681028842926025,2.5489735196133663,0.9768396080234976,11.852229833602903,7.246857325168359,BendWorstOCT,2026-07-11 07:36:39,ann-thyroid,Quantile Thresholds,5.0,21,15,6,39,3,9,0.831518072289155,0.9679999999999358,0.1641358525558541,3600.017088890076,520.0,162781974,1.365894952,False,False,SolutionPolishing,False,4,0.008,99,23641892[].aqua,3600,1,0,0,0.05,-1,-1,0,-1,inf,True,False,False,1,True,True,True,False,False,Lazy,False,0,Chain,False,False,False,False,False,1.259284,3611,3582
89.19444444444444,88.55421686746988,3.2857142857142856,4,7,0,0,8,2.382324695587158,0,0,0,0.998,0.29,0.62,0.9979999999999236,1.5991809368133545,0.8733037852467848,0.99786666666659,2.397979021072388,1.6636207683372373,BendWorstOCT,2026-07-11 07:43:56,ann-thyroid,Quantile Thresholds,5.0,21,15,6,39,3,9,0.8799421686746971,0.9966578864844144,0.1326402142830657,3600.005980014801,1374.0,1589612558,2.140380272,False,False,SolutionPolishing,False,4,0.0008,100,23641892[].aqua,3600,1,0,0,0.05,-1,-1,0,-1,inf,True,False,False,1,True,False,True,False,False,Lazy,False,0,Chain,False,False,False,False,False,1.830132,3606,3576
82.79220779220779,80.70175438596492,2.0,2,4,0,0,2,0.5276381969451904,0,0,0,0.9985613,0.71,1.52,0.9985612759980086,3.883567094802856,2.042651435785302,0.9980664170232376,6.505131006240845,4.101849807480881,BendWorstOCT,2026-07-11 07:43:58,ozone-one,Quantile Thresholds,5.0,72,0,72,286,2,9,0.80381754385965,0.9973093874729684,0.2407161240649694,3600.003669977188,832.0,1548650843,1.557660208,False,False,SolutionPolishing,False,3,0.0008,101,23641892[].aqua,3600,1,0,0,0.05,-1,-1,0,-1,inf,True,False,False,1,True,True,False,False,False,Lazy,False,0,Chain,False,False,False,False,False,1.086028,3608,3580
71.09133126934985,71.00248550124275,1.6666666666666667,2,3,0,0,3,0.6351795196533203,0,0,0,0.8862438,0.42,1.43,0.8861162079510885,0.9918758869171144,1.6331026282390984,0.8744130490624684,1.302227020263672,2.0395340868942085,BendWorstOCT,2026-07-11 07:48:22,seismic-bumps,Quantile Thresholds,5.0,15,5,10,39,2,9,0.53002485501245,0.6993617700244839,0.3194886304115987,3600.0021119117737,5263.0,793721634,1.180025576,False,False,SolutionPolishing,False,4,0.06,106,23641892[].aqua,3600,1,0,0,0.05,-1,-1,0,-1,inf,True,False,False,1,True,False,False,False,False,Lazy,False,0,Chain,False,False,False,False,False,0.956904,3605,3577
87.08333333333333,85.5421686746988,2.4,3,5,0,0,4,0.1244940757751464,0,0,0,0.99,0.27,0.62,0.9899999999999128,1.1082439422607422,0.8327986133030273,0.9892836716327604,2.286494970321656,2.304315166436872,BendWorstOCT,2026-07-11 07:48:23,ann-thyroid,Quantile Thresholds,5.0,21,15,6,39,3,9,0.8354216867469865,0.983934505441388,0.1777698868133161,3600.003084897995,1167.0,920606187,1.179652576,False,False,SolutionPolishing,False,3,0.004,103,23641892[].aqua,3600,1,0,0,0.05,-1,-1,0,-1,inf,True,False,False,1,True,True,True,False,False,Lazy,False,0,Chain,False,False,False,False,False,0.926772,3605,3578
74.83333333333333,73.74737473747375,2.0,2,4,0,0,2,0.0670979022979736,0,0,0,0.95,0.8,1.84,0.9499999999997684,2.657180070877075,3.114602575832049,0.9466666666666024,3.392307996749878,4.015088704820998,BendWorstOCT,2026-07-11 07:48:23,ann-thyroid,Quantile Thresholds,5.0,21,15,6,39,3,9,0.6574737473746836,0.9296564401580424,0.4139826021498106,3600.0034029483795,709.0,851144141,1.391185072,False,False,SolutionPolishing,False,4,0.02,110,23641892[].aqua,3600,1,0,0,0.05,-1,-1,0,-1,inf,True,False,False,1,True,True,True,False,False,Lazy,False,0,Chain,False,False,False,False,False,1.256576,3605,3580
87.18055555555556,87.02370237023702,3.1666666666666665,4,6,0,0,6,0.6441922187805176,0,0,0,0.9975,0.28,0.57,0.9974999999999234,1.6684141159057615,0.8304577705195254,0.9974999999999234,2.343674898147583,1.2761080432160457,BendWorstOCT,2026-07-11 07:48:23,ann-thyroid,Quantile Thresholds,5.0,21,15,6,39,3,9,0.8642370237023045,0.9962207693696268,0.1527170695626035,3600.0067698955536,1024.0,-310893686,2.16999832,False,False,SolutionPolishing,False,4,0.001,102,23641892[].aqua,3600,1,0,0,0.05,-1,-1,0,-1,inf,True,False,False,1,True,False,True,False,False,Lazy,False,0,Chain,False,False,False,False,False,1.8305,3605,3578
87.44444444444444,87.42874287428742,3.25,4,8,0,0,7,0.8445248603820801,0,0,0,0.9995,0.2,0.43,0.9994999999999228,1.3279759883880615,0.7048029678800166,0.9994666666665896,4.108790874481201,3.55864959067746,BendWorstOCT,2026-07-11 07:48:23,ann-thyroid,Quantile Thresholds,5.0,21,15,6,39,3,9,0.8726874287428081,0.999159999999928,0.1449231043001457,3600.016893863678,1248.0,-1598552881,1.22204452,False,False,SolutionPolishing,False,4,0.0002,109,23641892[].aqua,3600,1,0,0,0.05,-1,-1,0,-1,inf,True,False,False,1,True,False,True,False,False,Lazy,False,0,Chain,False,False,False,False,False,1.226572,3605,3578
81.44444444444444,80.43478260869566,3.0,3,8,0,0,2,0.0770292282104492,0,0,0,0.995,0.16,0.36,0.994999999999867,0.8833630084991455,0.5272957802228618,0.994999999999867,1.3018381595611572,0.9252959073259712,BendWorstOCT,2026-07-11 07:48:23,ann-thyroid,Quantile Thresholds,5.0,21,15,6,39,3,9,0.7883478260869532,0.9912200213489454,0.2573384343164482,3600.0035321712494,1145.0,1943097488,1.185725472,False,False,SolutionPolishing,False,3,0.002,108,23641892[].aqua,3600,1,0,0,0.05,-1,-1,0,-1,inf,True,False,False,1,True,True,True,False,False,Lazy,False,0,Chain,False,False,False,False,False,1.009168,3605,3578
87.02777777777777,86.97869786978698,3.1666666666666665,4,6,0,0,2,0.1576831340789795,0,0,0,0.998,0.27,0.62,0.9979999999999236,1.4849989414215088,0.8733037852467848,0.99786666666659,2.2183730602264404,1.6636207683372373,BendWorstOCT,2026-07-11 07:48:23,ann-thyroid,Quantile Thresholds,5.0,21,15,6,39,3,9,0.864986978697804,0.996766329505402,0.1523483636782434,3600.082840919494,1388.0,1589612558,2.13990316,False,False,SolutionPolishing,False,4,0.0008,104,23641892[].aqua,3600,1,0,0,0.05,-1,-1,0,-1,inf,True,False,False,1,True,True,False,False,False,Lazy,False,0,Chain,False,False,False,False,False,1.754448,3605,3578
84.14502164502164,84.142936906756,2.6,3,5,0,0,6,6.389209032058716,0,0,0,0.9642914,0.59,1.61,0.9642675026783576,2.714409828186035,2.149977001172455,0.954641503413958,4.358908891677856,3.569491450053961,BendWorstOCT,2026-07-11 07:48:23,ozone-one,Quantile Thresholds,5.0,72,0,72,286,2,9,0.7414293690675728,0.9351328043216244,0.2612567607048727,3600.003686904907,2284.0,143069601,1.79047544,False,False,SolutionPolishing,False,3,0.02,105,23641892[].aqua,3600,1,0,0,0.05,-1,-1,0,-1,inf,True,False,False,1,True,False,False,False,False,Lazy,False,0,Chain,False,False,False,False,False,0.990752,3605,3578
78.35497835497836,78.33612506979341,1.6666666666666667,2,3,0,0,5,3.53283953666687,0,0,0,0.928453,0.58,1.68,0.9284245343782676,3.199355125427246,2.269162304450918,0.9089042361482766,6.86322808265686,7.5008911945545025,BendWorstOCT,2026-07-11 07:48:23,ozone-one,Quantile Thresholds,5.0,72,0,72,286,2,9,0.6633612506979454,0.8508835341365566,0.2826850124895184,3600.002093076706,3616.0,-1669168018,1.823758256,False,False,SolutionPolishing,False,4,0.04,107,23641892[].aqua,3600,1,0,0,0.05,-1,-1,0,-1,inf,True,False,False,1,True,False,True,False,False,Lazy,False,0,Chain,False,False,False,False,False,1.086308,3605,3578
87.13888888888889,86.97869786978698,3.1666666666666665,4,6,0,0,5,0.2696506977081299,0,0,0,0.9995,0.29,0.43,0.9994999999999228,1.8900489807128904,0.7048029678800166,0.9994666666665896,6.504288911819458,3.55864959067746,BendWorstOCT,2026-07-11 07:48:24,ann-thyroid,Quantile Thresholds,5.0,21,15,6,39,3,9,0.8685869786978041,0.9992241087201952,0.1504018978251826,3600.0121579170227,1056.0,-1598552881,2.139234888,False,False,SolutionPolishing,False,4,0.0002,111,23641892[].aqua,3600,1,0,0,0.05,-1,-1,0,-1,inf,True,False,False,1,True,True,True,False,False,Lazy,False,0,Chain,False,False,False,False,False,1.779628,3607,3578
82.06944444444444,81.83318331833183,3.1666666666666665,4,6,0,0,4,0.195798635482788,0,0,0,0.9975,0.34,0.57,0.9974999999999234,2.1107728481292725,0.8304577705195254,0.9974999999999234,3.472678899765014,1.2761080432160457,BendWorstOCT,2026-07-11 07:48:24,ann-thyroid,Quantile Thresholds,5.0,21,15,6,39,3,9,0.8123318331832572,0.9965009999999236,0.2267166683533363,3600.2121238708496,602.0,-310893686,1.476587432,False,False,SolutionPolishing,False,4,0.001,116,23641892[].aqua,3600,1,0,0,0.05,-1,-1,0,-1,inf,True,False,False,1,True,True,False,False,False,Lazy,False,0,Chain,False,False,False,False,False,1.519972,3607,3582
89.375,89.27392739273927,3.2857142857142856,4,7,0,0,6,1.1294608116149902,0,0,0,0.985,0.54,1.11,0.9849999999998652,1.839284896850586,1.3457886006743245,0.9839999999999264,3.3946549892425537,2.6952386480023818,BendWorstOCT,2026-07-11 07:48:24,ann-thyroid,Quantile Thresholds,5.0,21,15,6,39,3,9,0.850739273927325,0.977664362937625,0.1491938751391683,3600.0347859859467,1062.0,-643939793,2.050976208,False,False,SolutionPolishing,False,4,0.006,113,23641892[].aqua,3600,1,0,0,0.05,-1,-1,0,-1,inf,True,False,False,1,True,True,False,False,False,Lazy,False,0,Chain,False,False,False,False,False,1.73296,3606,3578
78.35497835497836,78.33612506979341,1.6666666666666667,2,3,0,0,5,5.898116588592529,0,0,0,0.928453,0.71,1.68,0.9284245343782676,3.985023021697998,2.269162304450918,0.9089042361482766,8.574716091156006,7.5008911945545025,BendWorstOCT,2026-07-11 07:48:24,ozone-one,Quantile Thresholds,5.0,72,0,72,286,2,9,0.6633612506979454,0.8508835341365566,0.2826850124895184,3600.0548350811005,3002.0,-1669168018,1.823755768,False,False,SolutionPolishing,False,4,0.04,117,23641892[].aqua,3600,1,0,0,0.05,-1,-1,0,-1,inf,True,False,False,1,True,False,False,False,False,Lazy,False,0,Chain,False,False,False,False,False,1.063108,3607,3582
88.25757575757575,87.71929824561404,3.5,4,10,0,0,4,4.169016122817993,0,0,0,0.9963622,0.64,1.78,0.996362214199766,3.088932037353516,2.272452397048752,0.9952421396263894,5.370519161224365,4.4986463696853685,BendWorstOCT,2026-07-11 07:48:24,ozone-one,Quantile Thresholds,5.0,72,0,72,286,2,9,0.8571929824561415,0.9923549350702416,0.1576797236799773,3600.0769481658936,1929.0,1166546071,2.4814086,False,False,SolutionPolishing,False,4,0.002,114,23641892[].aqua,3600,1,0,0,0.05,-1,-1,0,-1,inf,True,False,False,1,True,False,True,False,False,Lazy,False,0,Chain,False,False,False,False,False,1.599644,3607,3579
87.13888888888889,86.97869786978698,2.6,3,5,0,0,4,1.4304113388061523,0,0,0,0.99,0.61,0.99,0.9899999999999975,3.155890941619873,1.4939421610834624,0.989111111111034,4.814133882522583,2.631723650983611,BendWorstOCT,2026-07-11 07:48:24,ann-thyroid,Quantile Thresholds,5.0,21,15,6,39,3,9,0.8497869786978041,0.9839999999999974,0.1579372532959479,3600.32438993454,715.0,-513722553,1.390222032,False,False,SolutionPolishing,False,4,0.004,112,23641892[].aqua,3600,1,0,0,0.05,-1,-1,0,-1,inf,True,False,False,1,True,False,True,False,False,Lazy,False,0,Chain,False,False,False,False,False,1.297564,3607,3580
88.23611111111111,87.95180722891567,3.5,4,8,0,0,8,1.276012897491455,0,0,0,0.999,0.5,0.5,0.9989999999999228,2.7516191005706787,0.7384546943925347,0.9988883909118434,9.83098602294922,2.923893045741897,BendWorstOCT,2026-07-11 07:48:29,ann-thyroid,Quantile Thresholds,5.0,21,15,6,39,3,9,0.876318072289155,0.9986175770605352,0.1395606328783159,3600.0785160064697,606.0,-379433321,1.056290768,False,False,SolutionPolishing,False,4,0.0004,115,23641892[].aqua,3600,1,0,0,0.05,-1,-1,0,-1,inf,True,False,False,1,True,False,True,False,False,Lazy,False,0,Chain,False,False,False,False,False,1.091752,3613,3584
86.03896103896103,85.96491228070175,3.1666666666666665,4,6,0,0,6,2.828503131866455,0,0,0,0.9639419,0.62,1.79,0.9639292785249676,3.278250932693481,2.352436422996607,0.9550433628380184,4.963114023208618,4.143414418279202,BendWorstOCT,2026-07-11 07:49:56,ozone-one,Quantile Thresholds,5.0,72,0,72,286,2,9,0.7396491228070186,0.9271335012131808,0.2534774565737959,3600.029927015305,2885.0,115667638,2.475985808,False,False,SolutionPolishing,False,4,0.02,118,23641892[].aqua,3600,1,0,0,0.05,-1,-1,0,-1,inf,True,False,False,1,True,False,True,False,False,Lazy,False,0,Chain,False,False,False,False,False,1.370132,3605,3581
89.18055555555556,87.95180722891567,3.0,4,6,0,0,8,2.3858344554901123,0,0,0,0.98,0.62,1.28,0.9799999999999248,3.0388479232788086,2.5489735196133663,0.976839801703671,6.018934965133667,6.662025017799458,BendWorstOCT,2026-07-11 07:49:57,ann-thyroid,Quantile Thresholds,5.0,21,15,6,39,3,9,0.831518072289155,0.9678499849984226,0.1639554415623802,3600.014292001724,721.0,162781974,1.100188216,False,False,SolutionPolishing,False,4,0.008,119,23641892[].aqua,3600,1,0,0,0.05,-1,-1,0,-1,inf,True,False,False,1,True,False,True,False,False,Lazy,False,0,Chain,False,False,False,False,False,1.106572,3607,3582
88.34722222222223,87.95180722891567,3.5,4,8,0,0,6,1.6402080059051514,0,0,0,0.995,0.39,0.8,0.9949999999999926,1.996171951293945,1.1050940457341862,0.9946666666665916,3.121236801147461,2.033950782267284,BendWorstOCT,2026-07-11 07:52:43,ann-thyroid,Quantile Thresholds,5.0,21,15,6,39,3,9,0.863518072289155,0.9918680789181424,0.1486361556843116,3600.0128009319305,927.0,1476872617,1.201758304,False,False,SolutionPolishing,False,4,0.002,120,23641892[].aqua,3600,1,0,0,0.05,-1,-1,0,-1,inf,True,False,False,1,True,False,True,False,False,Lazy,False,0,Chain,False,False,False,False,False,1.18834,3606,3578
87.44444444444444,87.42874287428742,3.25,4,8,0,0,7,1.14231276512146,0,0,0,0.9995,0.2,0.43,0.9994999999999228,1.333709955215454,0.7048029678800166,0.9994666666665896,4.21272087097168,3.55864959067746,BendWorstOCT,2026-07-11 07:54:45,ann-thyroid,Quantile Thresholds,5.0,21,15,6,39,3,9,0.8726874287428081,0.999159999999928,0.1449231043001457,3600.0252380371094,1264.0,-1598552881,1.222044984,False,False,SolutionPolishing,False,4,0.0002,121,23641892[].aqua,3600,1,0,0,0.05,-1,-1,0,-1,inf,True,False,False,1,True,False,False,False,False,Lazy,False,0,Chain,False,False,False,False,False,1.224892,3605,3578
78.35497835497836,78.33612506979341,1.6666666666666667,2,3,0,0,2,0.2158448696136474,0,0,0,0.8934213,0.54,1.58,0.8933395647446578,2.6584479808807373,2.124262534866669,0.8678326726786878,4.772682905197144,5.126399728029246,BendWorstOCT,2026-07-11 07:54:46,ozone-one,Quantile Thresholds,5.0,72,0,72,286,2,9,0.6033612506979453,0.7742525038099454,0.2832320652251359,3600.0058028697968,5131.0,-1864652245,2.942241736,False,False,SolutionPolishing,False,4,0.06,122,23641892[].aqua,3600,1,0,0,0.05,-1,-1,0,-1,inf,True,False,False,1,True,True,True,False,False,Lazy,False,0,Chain,False,False,False,False,False,1.485136,3605,3579
89.33982683982684,89.3355667225014,3.5,4,10,0,0,4,10.203644037246704,0,0,0,0.9927244,0.65,1.77,0.9927216783216912,3.213623046875,2.303731229103309,0.9908020865081998,5.927592039108276,4.5002933661699895,BendWorstOCT,2026-07-11 07:56:17,ozone-one,Quantile Thresholds,5.0,72,0,72,286,2,9,0.8533556672250282,0.9840000000000172,0.1530948205920078,3600.072947025299,3520.0,-1566156751,3.261119376,False,False,SolutionPolishing,False,4,0.004,125,23641892[].aqua,3600,1,0,0,0.05,-1,-1,0,-1,inf,True,False,False,1,True,False,False,False,False,Lazy,False,0,Chain,False,False,False,False,False,1.50874,3606,3579
86.51388888888889,85.8695652173913,3.25,4,8,0,0,3,0.1892991065979004,0,0,0,0.999,0.24,0.5,0.9989999999999228,1.4653089046478271,0.7384546943925347,0.9988883909118434,3.819247007369995,2.923893045741897,BendWorstOCT,2026-07-11 07:57:44,ann-thyroid,Quantile Thresholds,5.0,21,15,6,39,3,9,0.8554956521739089,0.9983499999999296,0.1669843060721723,3600.002948999405,887.0,-379433321,1.176052368,False,False,SolutionPolishing,False,4,0.0004,123,23641892[].aqua,3600,1,0,0,0.05,-1,-1,0,-1,inf,True,False,False,1,True,True,False,False,False,Lazy,False,0,Chain,False,False,False,False,False,1.210648,3693,3581
88.9069264069264,88.88888888888889,3.5,4,8,0,0,8,12.033066272735596,0,0,0,0.9854797,0.65,1.77,0.9853765687341473,3.547744035720825,2.327331225543712,0.9817543944475589,4.99011492729187,3.664474488273495,BendWorstOCT,2026-07-11 07:57:44,ozone-one,Quantile Thresholds,5.0,72,0,72,286,2,9,0.824888888888903,0.9704625449484842,0.1764766843394677,3600.074846982956,3550.0,-400498556,2.193165448,False,False,SolutionPolishing,False,4,0.008,124,23641892[].aqua,3600,1,0,0,0.05,-1,-1,0,-1,inf,True,False,False,1,True,False,False,False,False,Lazy,False,0,Chain,False,False,False,False,False,1.022368,3693,3581
64.23611111111111,63.47107438016529,3.6666666666666665,4,9,0,0,14,12.456704139709473,0,0,0,0.9962222,0.03,0.08,0.9962222222222004,0.3879849910736084,0.2910307562266342,0.9948485744455964,0.6697170734405518,0.5680148114763196,BendWorstOCT,2026-07-11 09:57:57,car_evaluation,,,6,6,0,19,4,9,0.616710743801642,0.9891105848434754,0.6038484731856909,3600.00097489357,7986.0,-1179121234,0.377591696,False,False,SolutionPolishing,False,4,0.002,1,23646757[].aqua,3600,1,0,0,0.05,-1,-1,0,-1,inf,True,False,False,1,True,False,True,False,False,Lazy,False,0,Chain,False,False,False,False,False,0.435936,3645,3582
64.23611111111111,63.47107438016529,3.6666666666666665,4,9,0,0,14,12.906158685684204,0,0,0,0.9962222,0.03,0.08,0.9962222222222004,0.396522045135498,0.2910307562266342,0.9948485744455964,0.6722140312194824,0.5680148114763196,BendWorstOCT,2026-07-11 09:57:57,car_evaluation,,,6,6,0,19,4,9,0.616710743801642,0.9891105848434754,0.6038484731856909,3600.001420021057,7990.0,-1179121234,0.377593384,False,False,SolutionPolishing,False,4,0.002,0,23646757[].aqua,3600,1,0,0,0.05,-1,-1,0,-1,inf,True,False,False,1,True,False,False,False,False,Lazy,False,0,Chain,False,False,False,False,False,0.434988,3644,3584
