Accuracy,Worst Class Accuracy,Average Leaf Depth,Max Leaf Depth,Leaves Used,CART Obj,CART Runtime,Benders Cuts - Cuts Added,Benders Cuts - Time,Solution Polishing - Solutions Found,Solution Polishing - Time,EQP Initial Cuts - Auxiliary Vars,EQP Initial Cuts - Cuts,EQP Initial Cuts - Time,Initial Root Relaxation - Obj,Initial Root Relaxation - Time,Initial Root Relaxation - Work,Presolve Relaxation - Obj,Presolve Relaxation - Time,Presolve Relaxation - Work,Final Root Relaxation - Obj,Final Root Relaxation - Time,Final Root Relaxation - Work,Model,Begin Opt Time,Dataset,Encoding,Buckets,|F|,|F^C|,|F^N|,|F^B|,|K|,Model Status,Objective,Bound,Gap,Solve Time,Node Count,Fingerprint,Memory Usage,Warmstart,Polish Warmstart,Results Directory,Compare Relaxations,depth,lambda,Subjob id,Array Job id,TimeLimit,Threads,MIPGap,MIPFocus,Heuristics,NodeMethod,Method,Seed,Presolve,NodeLimit,Benders Cuts-Enabled,Benders Cuts-Enhanced Cuts,Benders Cuts-Relax w,Benders Cuts-EC Level,Solution Polishing-Enabled,Solution Polishing-Check Validity,Solution Polishing-Use Cache,EQP Initial Cuts-Enabled,EQP Initial Cuts-Features Removed,EQP Initial Cuts-H Variant,EQP Initial Cuts-Disaggregate Alpha,EQP Initial Cuts-Group Selection,EQP Initial Cuts-Ignore Dataset Check,EQP Initial Cuts-Filter Dominated,EQP Initial Cuts-Beta Dependence,Memory,Walltime,CPUtime
68.23104693140795,67.90123456790124,1.6666666666666667,2,3,0.6275812274368231,0.0088818073272705,3180,0.2837188243865967,0,0,0,0,0,0.92,0.0,0.0,0.8277474081055571,0.0552101135253906,0.0181500058731517,0.8277474081055571,0.0897631645202636,0.0452347763682364,BendWorstOCT,2026-07-09 18:52:49,breast-cancer,,,9,9,0,38,2,2,0.4390123456790131,0.4390123456790131,0.0,106.8364109992981,7970.0,-137375750,0.050075656,True,False,Baseline,False,3,0.08,0,23560093[].aqua,3600,1,0,0,0.05,-1,-1,0,-1,inf,True,False,False,1,False,False,True,False,0,Chain,False,False,False,False,False,0.152788,114,111
68.23104693140795,67.90123456790124,1.6666666666666667,2,3,0.6475812274368231,0.0194058418273925,3381,0.3751816749572754,0,0,0,0,0,0.94,0.26,0.0,0.8674537695590282,1.4885139465332031,0.0171305226387653,0.8674537695590282,1.794522047042847,0.048084464807577,BendWorstOCT,2026-07-09 18:54:03,breast-cancer,,,9,9,0,38,2,2,0.4990123461287171,0.4990123461287171,0.0,177.8604850769043,20121.0,-850716219,0.042187824,True,False,Baseline,False,3,0.06,1,23560093[].aqua,3600,1,0,0,0.05,-1,-1,0,-1,inf,True,False,False,1,False,False,True,False,0,Chain,False,False,False,False,False,0.15146,259,189
34.56,30.55555555555556,1.6666666666666667,2,3,0.4416,0.0055363178253173,5172,0.4337654113769531,0,0,0,0,0,0.92,0.0,0.0,0.7887697886934723,0.0655019283294677,0.022756663266595,0.7810962301587279,0.0939369201660156,0.0569386693215443,BendWorstOCT,2026-07-09 18:57:40,balance-scale,,,4,4,0,20,3,2,0.0655555556621105,0.0655555556621105,0.0,163.81697297096252,24301.0,-1156301617,0.05035096,True,False,Baseline,False,3,0.08,30,23560093[].aqua,3600,1,0,0,0.05,-1,-1,0,-1,inf,True,False,False,1,False,False,True,False,0,Chain,False,False,False,False,False,0.165016,170,166
68.95306859205776,67.90123456790124,1.6666666666666667,2,3,0.667581227436823,0.0083322525024414,3668,0.3322629928588867,0,0,0,0,0,0.96,0.0,0.0,0.9090799849793426,0.056110143661499,0.0175896218906726,0.908223554906008,0.1003031730651855,0.0492147224746057,BendWorstOCT,2026-07-09 18:53:09,breast-cancer,,,9,9,0,38,2,2,0.5590123456790131,0.5590123456790131,0.0,478.5259370803833,68468.0,1527241014,0.052392184,True,False,Baseline,False,3,0.04,2,23560093[].aqua,3600,1,0,0,0.05,-1,-1,0,-1,inf,True,False,False,1,False,False,True,False,0,Chain,False,False,False,False,False,0.165816,483,478
68.95306859205776,67.90123456790124,1.6666666666666667,2,3,0.6275812274368231,0.0154523849487304,6009,0.5709762573242188,0,0,0,0,0,0.92,0.0,0.0,0.8277474081055577,0.0599689483642578,0.0272355990463271,0.8277474081055577,0.111361026763916,0.0642662224381405,BendWorstOCT,2026-07-09 18:54:49,breast-cancer,,,9,9,0,38,2,2,0.4390123458229139,0.4390123458229139,0.0,443.5383648872376,20293.0,1530904010,0.07813548,True,False,Baseline,False,4,0.08,15,23560093[].aqua,3600,1,0,0,0.05,-1,-1,0,-1,inf,True,False,False,1,False,False,True,False,0,Chain,False,False,False,False,False,0.191332,463,444
73.78277153558052,72.64150943396227,1.6666666666666667,2,3,0.7140074906367042,0.0060021877288818,1596,0.1469364166259765,0,0,0,0,0,0.92,0.0,0.0,0.7648383344963989,0.0410950183868408,0.0164694940469306,0.7637286612758354,0.0662651062011718,0.032065928638104,BendWorstOCT,2026-07-09 19:04:03,spect,,,22,22,0,22,2,2,0.4864150943396251,0.4864150943396251,0.0,1.7119300365447998,716.0,2030639753,0.020849048,True,False,Baseline,False,3,0.08,60,23560093[].aqua,3600,1,0,0,0.05,-1,-1,0,-1,inf,True,False,False,1,False,False,True,False,0,Chain,False,False,False,False,False,0.051312,7,6
80.52434456928839,78.18181818181819,2.25,3,4,0.7540074906367041,0.0060968399047851,1925,0.2074735164642334,0,0,0,0,0,0.96,0.0,0.0,0.8802194891201564,0.0442578792572021,0.0194631247713787,0.7977396888049914,0.1387138366699218,0.0989922744613008,BendWorstOCT,2026-07-09 19:04:03,spect,,,22,22,0,22,2,2,0.6218181818181819,0.6218181818181819,0.0,9.47709584236145,2901.0,-246516354,0.033264696,True,False,Baseline,False,3,0.04,62,23560093[].aqua,3600,1,0,0,0.05,-1,-1,0,-1,inf,True,False,False,1,False,False,True,False,0,Chain,False,False,False,False,False,0.130164,15,13
73.78277153558052,72.64150943396227,1.6666666666666667,2,3,0.7340074906367042,0.0059206485748291,1811,0.2208602428436279,0,0,0,0,0,0.94,0.0,0.0,0.8225396145610326,0.0439090728759765,0.0206856357414481,0.7239338944512544,0.1815102100372314,0.1523984408515639,BendWorstOCT,2026-07-09 19:04:03,spect,,,22,22,0,22,2,2,0.5464150943396229,0.5464150943396229,0.0,10.08940601348877,1890.0,-414171546,0.039576736,True,False,Baseline,False,3,0.06,61,23560093[].aqua,3600,1,0,0,0.05,-1,-1,0,-1,inf,True,False,False,1,False,False,True,False,0,Chain,False,False,False,False,False,0.139648,16,14
80.52434456928839,78.18181818181819,2.25,3,4,0.7740074906367042,0.0053961277008056,2003,0.1963808536529541,0,0,0,0,0,0.98,0.0,0.0,0.9200692779110096,0.0446181297302246,0.0133078283050644,0.9200692779110096,0.0832209587097168,0.0387584204819609,BendWorstOCT,2026-07-09 19:04:34,spect,,,22,22,0,22,2,2,0.701818181818182,0.7018181818181819,0.0,21.12761306762696,9617.0,-1698984565,0.043848536,True,False,Baseline,False,3,0.02,63,23560093[].aqua,3600,1,0,0,0.05,-1,-1,0,-1,inf,True,False,False,1,False,False,True,False,0,Chain,False,False,False,False,False,0.148868,27,24
35.2,30.55555555555556,1.6666666666666667,2,3,0.5016,0.0055408477783203,7123,0.7672674655914307,0,0,0,0,0,0.94,0.0,0.0,0.8462068965517245,0.0685122013092041,0.025720240984811,0.8462068965517245,0.0861761569976806,0.0477731744616926,BendWorstOCT,2026-07-09 18:57:40,balance-scale,,,4,4,0,20,3,2,0.1255555557806666,0.1255555557806666,0.0,440.9679071903229,62443.0,421706915,0.06928664,True,False,Baseline,False,3,0.06,31,23560093[].aqua,3600,1,0,0,0.05,-1,-1,0,-1,inf,True,False,False,1,False,False,True,False,0,Chain,False,False,False,False,False,0.183316,446,441
73.78277153558052,72.64150943396227,1.6666666666666667,2,3,0.7140074906367042,0.0117368698120117,1902,0.179365873336792,0,0,0,0,0,0.92,0.0,0.0,0.7659997235150501,0.0536260604858398,0.0225488355309061,0.7163286868686906,0.1000699996948242,0.0607957551088058,BendWorstOCT,2026-07-09 19:05:21,spect,,,22,22,0,22,2,2,0.4864150943396238,0.4864150943396237,0.0,4.919595003128052,1301.0,-1599865441,0.019691336,True,False,Baseline,False,4,0.08,75,23560093[].aqua,3600,1,0,0,0.05,-1,-1,0,-1,inf,True,False,False,1,False,False,True,False,0,Chain,False,False,False,False,False,0.134604,11,9
73.78277153558052,72.64150943396227,1.6666666666666667,2,3,0.7340074906367042,0.0108792781829833,1968,0.1583409309387207,0,0,0,0,0,0.94,0.0,0.0,0.8225396145610324,0.0463390350341796,0.0236179924530953,0.7446472794374753,0.136476993560791,0.1094123883147955,BendWorstOCT,2026-07-09 19:05:22,spect,,,22,22,0,22,2,2,0.5464150946489084,0.5464150946489081,0.0,15.22988486289978,3205.0,151218061,0.033453872,True,False,Baseline,False,4,0.06,76,23560093[].aqua,3600,1,0,0,0.05,-1,-1,0,-1,inf,True,False,False,1,False,False,True,False,0,Chain,False,False,False,False,False,0.142164,21,19
79.7752808988764,79.71698113207547,2.6,3,5,0.7840074906367042,0.0053827762603759,2406,0.2364773750305175,0,0,0,0,0,0.99,0.0,0.0,0.9056654676259028,0.0720961093902587,0.0283770666811031,0.8866146993318506,0.1240220069885253,0.0828331969294713,BendWorstOCT,2026-07-09 19:04:34,spect,,,22,22,0,22,2,2,0.7471698113207714,0.7471698113207714,0.0,74.58418798446655,36931.0,819376402,0.044213976,True,False,Baseline,False,3,0.01,64,23560093[].aqua,3600,1,0,0,0.05,-1,-1,0,-1,inf,True,False,False,1,False,False,True,False,0,Chain,False,False,False,False,False,0.148596,79,77
79.7752808988764,79.71698113207547,2.6,3,5,0.7860074906367042,0.0054512023925781,2452,0.2954542636871338,0,0,0,0,0,0.992,0.0,0.0,0.9049056603773612,0.0813817977905273,0.0344315940443291,0.8944007916279372,0.1234219074249267,0.0753274741158653,BendWorstOCT,2026-07-09 19:04:34,spect,,,22,22,0,22,2,2,0.7571698113207571,0.7571698113207571,0.0,88.69079494476318,38827.0,1058576568,0.045128512,True,False,Baseline,False,3,0.008,65,23560093[].aqua,3600,1,0,0,0.05,-1,-1,0,-1,inf,True,False,False,1,False,False,True,False,0,Chain,False,False,False,False,False,0.157332,94,91
80.52434456928839,78.18181818181819,2.25,3,4,0.7540074906367041,0.0113811492919921,2576,0.3396732807159424,0,0,0,0,0,0.96,0.0,0.0,0.8802194891201564,0.0459640026092529,0.0216541427944837,0.8166040662271726,0.1398341655731201,0.1003843688307541,BendWorstOCT,2026-07-09 19:05:22,spect,,,22,22,0,22,2,2,0.6218181818181819,0.6218181818181818,0.0,46.68113613128662,11364.0,-92309215,0.03690216,True,False,Baseline,False,4,0.04,77,23560093[].aqua,3600,1,0,0,0.05,-1,-1,0,-1,inf,True,False,False,1,False,False,True,False,0,Chain,False,False,False,False,False,0.14706,53,50
79.7752808988764,79.71698113207547,2.6,3,5,0.7924794007490636,0.0054092407226562,2299,0.2619590759277344,0,0,0,0,0,0.994,0.0,0.0,0.9760000000000044,0.043198823928833,0.0064443992047117,0.9273347639485016,0.0732350349426269,0.0354678980791735,BendWorstOCT,2026-07-09 19:04:34,spect,,,22,22,0,22,2,2,0.7671698113207576,0.7671698113207576,0.0,101.61816692352296,72251.0,103375281,0.04180204,True,False,Baseline,False,3,0.006,66,23560093[].aqua,3600,1,0,0,0.05,-1,-1,0,-1,inf,True,False,False,1,False,False,True,False,0,Chain,False,False,False,False,False,0.15214,106,104
50.4,48.61111111111112,2.857142857142857,3,7,0.6576,0.0055019855499267,8087,1.0455706119537354,0,0,0,0,0,0.992,0.0,0.0,0.9798280379242972,0.062424898147583,0.0163934788789252,0.9798280379242972,0.0803511142730712,0.0413689209189198,BendWorstOCT,2026-07-09 18:57:40,balance-scale,,,4,4,0,20,3,2,0.4301111111111098,0.4301111111111098,0.0,653.5718829631805,71344.0,1064018405,0.074585096,True,False,Baseline,False,3,0.008,35,23560093[].aqua,3600,1,0,0,0.05,-1,-1,0,-1,inf,True,False,False,1,False,False,True,False,0,Chain,False,False,False,False,False,0.183988,659,651
50.4,48.61111111111112,2.857142857142857,3,7,0.6719999999999999,0.0055475234985351,7562,1.0473005771636963,0,0,0,0,0,0.996,0.0,0.0,0.9893846153846148,0.059100866317749,0.0122007889640653,0.9893846153846148,0.0777809619903564,0.0337121779704545,BendWorstOCT,2026-07-09 18:57:40,balance-scale,,,4,4,0,20,3,2,0.4581111111111101,0.4581111111111101,0.0,660.2991409301758,65083.0,-582524159,0.094278616,True,False,Baseline,False,3,0.004,37,23560093[].aqua,3600,1,0,0,0.05,-1,-1,0,-1,inf,True,False,False,1,False,False,True,False,0,Chain,False,False,False,False,False,0.195712,665,659
50.4,48.61111111111112,2.857142857142857,3,7,0.6896,0.0057353973388671,7526,1.1997065544128418,0,0,0,0,0,0.9992,0.0,0.0,0.997919999999997,0.0657718181610107,0.0154702645049999,0.997919999999997,0.0837678909301757,0.0373731557771474,BendWorstOCT,2026-07-09 18:58:02,balance-scale,,,4,4,0,20,3,2,0.4805114584813832,0.4805114584813832,0.0,662.1725168228149,65131.0,-846194309,0.074234304,True,False,Baseline,False,3,0.0008,40,23560093[].aqua,3600,1,0,0,0.05,-1,-1,0,-1,inf,True,False,False,1,False,False,True,False,0,Chain,False,False,False,False,False,0.190684,667,661
79.7752808988764,79.71698113207547,2.6,3,5,0.8004794007490637,0.0054099559783935,2247,0.2923753261566162,0,0,0,0,0,0.996,0.0,0.0,0.9840000000000044,0.0572428703308105,0.0101725945460097,0.9175846066779924,0.0925860404968261,0.047712432180627,BendWorstOCT,2026-07-09 19:04:34,spect,,,22,22,0,22,2,2,0.7771698113207579,0.7771698113207579,0.0,276.5643668174744,198868.0,-964547661,0.049752536,True,False,Baseline,False,3,0.004,67,23560093[].aqua,3600,1,0,0,0.05,-1,-1,0,-1,inf,True,False,False,1,False,False,True,False,0,Chain,False,False,False,False,False,0.169296,281,278
50.4,48.61111111111112,2.857142857142857,3,7,0.6516,0.0057106018066406,7806,1.08733868598938,0,0,0,0,0,0.99,0.0,0.0,0.974392639527492,0.0665309429168701,0.0189970335643301,0.974392639527492,0.0884089469909668,0.0484834930494935,BendWorstOCT,2026-07-09 18:57:40,balance-scale,,,4,4,0,20,3,2,0.4161111113943689,0.4161111113943689,0.0,713.6789350509644,74185.0,-1749474256,0.074027656,True,False,Baseline,False,3,0.01,34,23560093[].aqua,3600,1,0,0,0.05,-1,-1,0,-1,inf,True,False,False,1,False,False,True,False,0,Chain,False,False,False,False,False,0.18304,719,712
50.4,48.61111111111112,2.857142857142857,3,7,0.6938,0.3338396549224853,7722,1.374424934387207,0,0,0,0,0,0.9999,0.12,0.0,0.9997399999999972,0.5692329406738281,0.0193418506190973,0.9997399999999972,0.6554470062255859,0.0335364609603503,BendWorstOCT,2026-07-09 18:59:44,balance-scale,,,4,4,0,20,3,2,0.4854114583333466,0.4854114583333466,0.0,600.4234409332275,44335.0,496721621,0.092050976,True,False,Baseline,False,3,0.0001,44,23560093[].aqua,3600,1,0,0,0.05,-1,-1,0,-1,inf,True,False,False,1,False,False,True,False,0,Chain,False,False,False,False,False,0.18276,688,598
50.4,48.61111111111112,2.857142857142857,3,7,0.6932,0.0053687095642089,7369,1.0863430500030518,0,0,0,0,0,0.9998,0.0,0.0,0.999479999999997,0.0645320415496826,0.0185678785444414,0.999479999999997,0.0776679515838623,0.0350862275110154,BendWorstOCT,2026-07-09 18:58:02,balance-scale,,,4,4,0,20,3,2,0.4847111111111097,0.4847111111111097,0.0,781.0889978408813,85890.0,37653454,0.074980424,True,False,Baseline,False,3,0.0002,43,23560093[].aqua,3600,1,0,0,0.05,-1,-1,0,-1,inf,True,False,False,1,False,False,True,False,0,Chain,False,False,False,False,False,0.19352,786,778
50.4,48.61111111111112,2.857142857142857,3,7,0.6639999999999999,0.0055084228515625,7807,1.1974506378173828,0,0,0,0,0,0.994,0.0,0.0,0.9841795606494752,0.0607781410217285,0.0139823308908926,0.9841795606494752,0.0768730640411377,0.0335042048122836,BendWorstOCT,2026-07-09 18:57:40,balance-scale,,,4,4,0,20,3,2,0.4441111113999323,0.4441111113999323,0.0,808.6616499423981,94952.0,-892394232,0.092956384,True,False,Baseline,False,3,0.006,36,23560093[].aqua,3600,1,0,0,0.05,-1,-1,0,-1,inf,True,False,False,1,False,False,True,False,0,Chain,False,False,False,False,False,0.198408,815,806
50.4,48.61111111111112,2.857142857142857,3,7,0.6908,0.0057814121246337,7885,1.7086966037750244,0,0,0,0,0,0.9994,0.0,0.0,0.998439999999997,0.0684020519256591,0.0158453710538733,0.998439999999997,0.0871520042419433,0.0382186807030223,BendWorstOCT,2026-07-09 18:58:04,balance-scale,,,4,4,0,20,3,2,0.48191111111111,0.48191111111111,0.0,794.0466449260712,73311.0,269294114,0.08919596,True,False,Baseline,False,3,0.0006,41,23560093[].aqua,3600,1,0,0,0.05,-1,-1,0,-1,inf,True,False,False,1,False,False,True,False,0,Chain,False,False,False,False,False,0.191668,801,789
50.4,48.61111111111112,2.857142857142857,3,7,0.6824,0.0056183338165283,7659,1.1562705039978027,0,0,0,0,0,0.998,0.0,0.0,0.994799999999997,0.0638551712036132,0.0172861516290879,0.994799999999997,0.0796849727630615,0.0378195047831681,BendWorstOCT,2026-07-09 18:57:40,balance-scale,,,4,4,0,20,3,2,0.4721111111111097,0.4721111111111097,0.0,833.1520550251007,105216.0,-1348174344,0.082433048,True,False,Baseline,False,3,0.002,38,23560093[].aqua,3600,1,0,0,0.05,-1,-1,0,-1,inf,True,False,False,1,False,False,True,False,0,Chain,False,False,False,False,False,0.203316,838,831
50.4,48.61111111111112,2.857142857142857,3,7,0.6920000000000001,0.0054905414581298,7475,1.4099998474121094,0,0,0,0,0,0.9996,0.0,0.0,0.998959999999997,0.0721549987792968,0.0154481278722412,0.998959999999997,0.0898969173431396,0.0378064991876404,BendWorstOCT,2026-07-09 18:58:03,balance-scale,,,4,4,0,20,3,2,0.4833111117044344,0.4833111117044344,0.0,855.1249148845673,89266.0,-1934787565,0.073317848,True,False,Baseline,False,3,0.0004,42,23560093[].aqua,3600,1,0,0,0.05,-1,-1,0,-1,inf,True,False,False,1,False,False,True,False,0,Chain,False,False,False,False,False,0.18148,861,853
79.7752808988764,79.71698113207547,2.6,3,5,0.8084794007490637,0.0056540966033935,2412,0.4100759029388428,0,0,0,0,0,0.998,0.0,0.0,0.9409719101123634,0.0776538848876953,0.0238169994533424,0.9207833006275228,0.1217379570007324,0.0618953964996684,BendWorstOCT,2026-07-09 19:05:00,spect,,,22,22,0,22,2,2,0.787169811320758,0.787169811320758,0.0,482.911700963974,284447.0,1542431213,0.050871536,True,False,Baseline,False,3,0.002,68,23560093[].aqua,3600,1,0,0,0.05,-1,-1,0,-1,inf,True,False,False,1,False,False,True,False,0,Chain,False,False,False,False,False,0.16312,515,484
50.4,48.61111111111112,2.857142857142857,3,7,0.6884,0.0053019523620605,7864,1.3087050914764404,0,0,0,0,0,0.999,0.0,0.0,0.9973999999999972,0.0627379417419433,0.015369149948869,0.9973999999999972,0.0792040824890136,0.0364249062518225,BendWorstOCT,2026-07-09 18:57:40,balance-scale,,,4,4,0,20,3,2,0.4791111111111097,0.4791111111111097,0.0,941.7626049518584,134210.0,-26300009,0.092477968,True,False,Baseline,False,3,0.001,39,23560093[].aqua,3600,1,0,0,0.05,-1,-1,0,-1,inf,True,False,False,1,False,False,True,False,0,Chain,False,False,False,False,False,0.197624,947,938
50.4,48.61111111111112,2.857142857142857,3,7,0.6215999999999999,0.0058903694152832,8209,1.0366394519805908,0,0,0,0,0,0.98,0.0,0.0,0.9472920464607524,0.0635199546813964,0.0140443323157617,0.9472920464607524,0.0815808773040771,0.0358313032241258,BendWorstOCT,2026-07-09 18:57:40,balance-scale,,,4,4,0,20,3,2,0.3461111111111098,0.3461111111111098,0.0,1015.9952919483184,92720.0,1139950152,0.088826872,True,False,Baseline,False,3,0.02,33,23560093[].aqua,3600,1,0,0,0.05,-1,-1,0,-1,inf,True,False,False,1,False,False,True,False,0,Chain,False,False,False,False,False,0.202932,1022,1012
79.7752808988764,79.71698113207547,2.6,3,5,0.8124794007490637,0.016204833984375,2563,0.3649685382843017,0,0,0,0,0,0.999,0.25,0.0,0.9454719101123632,1.4850728511810305,0.0232300158221654,0.9261136500300686,1.698214054107666,0.0624130575256536,BendWorstOCT,2026-07-09 19:05:49,spect,,,22,22,0,22,2,2,0.7921698113207578,0.7921698113207578,0.0,559.1089768409729,364918.0,2098258108,0.07316356,True,False,Baseline,False,3,0.001,69,23560093[].aqua,3600,1,0,0,0.05,-1,-1,0,-1,inf,True,False,False,1,False,False,True,False,0,Chain,False,False,False,False,False,0.195308,641,567
79.7752808988764,79.71698113207547,2.6,3,5,0.8140794007490637,0.005986213684082,2679,0.3909413814544678,0,0,0,0,0,0.9994,0.0,0.0,0.9976000000000006,0.0655410289764404,0.0109749529244808,0.935205992509366,0.1048808097839355,0.0460541300946479,BendWorstOCT,2026-07-09 19:04:34,spect,,,22,22,0,22,2,2,0.794169811320758,0.7941698113207579,0.0,655.9246678352356,365639.0,-651529373,0.061535912,True,False,Baseline,False,3,0.0006,71,23560093[].aqua,3600,1,0,0,0.05,-1,-1,0,-1,inf,True,False,False,1,False,False,True,False,0,Chain,False,False,False,False,False,0.183288,661,654
79.7752808988764,79.71698113207547,2.6,3,5,0.8148794007490636,0.0058507919311523,2549,0.3782622814178467,0,0,0,0,0,0.9996,0.0,0.0,0.9394961298377064,0.095905065536499,0.0321989638295492,0.927559044188473,0.1491210460662841,0.0784077025113116,BendWorstOCT,2026-07-09 19:04:34,spect,,,22,22,0,22,2,2,0.7951698115002751,0.7951698115002751,0.0,676.8062751293182,378353.0,1283696539,0.058666096,True,False,Baseline,False,3,0.0004,72,23560093[].aqua,3600,1,0,0,0.05,-1,-1,0,-1,inf,True,False,False,1,False,False,True,False,0,Chain,False,False,False,False,False,0.174292,682,674
45.92,40.97222222222222,2.4,3,5,0.5616,0.0056662559509277,7821,1.006547927856445,0,0,0,0,0,0.96,0.0,0.0,0.8939931906277508,0.0673389434814453,0.0198804801396665,0.8939931906277508,0.085292100906372,0.042436677104713,BendWorstOCT,2026-07-09 18:57:40,balance-scale,,,4,4,0,20,3,2,0.2097222224641658,0.2097222224641658,0.0,1108.199434041977,125340.0,-546685360,0.105794512,True,False,Baseline,False,3,0.04,32,23560093[].aqua,3600,1,0,0,0.05,-1,-1,0,-1,inf,True,False,False,1,False,False,True,False,0,Chain,False,False,False,False,False,0.215572,1113,1104
79.7752808988764,79.71698113207547,2.6,3,5,0.8132794007490637,0.0057768821716308,2561,0.4135246276855469,0,0,0,0,0,0.9992,0.0,0.0,0.9300630657390792,0.0891480445861816,0.0250202818691587,0.9244867924528344,0.140143871307373,0.0706697034473252,BendWorstOCT,2026-07-09 19:04:34,spect,,,22,22,0,22,2,2,0.793169812217343,0.793169812217343,0.0,840.5046398639679,488066.0,-998214303,0.08408612,True,False,Baseline,False,3,0.0008,70,23560093[].aqua,3600,1,0,0,0.05,-1,-1,0,-1,inf,True,False,False,1,False,False,True,False,0,Chain,False,False,False,False,False,0.20942,846,837
79.7752808988764,79.71698113207547,2.6,3,5,0.8156794007490636,0.0052940845489501,2672,0.359119176864624,0,0,0,0,0,0.9998,0.0,0.0,0.932198738893669,0.0737738609313964,0.0244831310300002,0.9284215265407932,0.1161689758300781,0.0695755483023424,BendWorstOCT,2026-07-09 19:05:20,spect,,,22,22,0,22,2,2,0.7961698113207578,0.7961698113207578,0.0,886.2369918823242,473783.0,-1038223183,0.081348288,True,False,Baseline,False,3,0.0002,73,23560093[].aqua,3600,1,0,0,0.05,-1,-1,0,-1,inf,True,False,False,1,False,False,True,False,0,Chain,False,False,False,False,False,0.20798,891,882
80.52434456928839,78.18181818181819,2.25,3,4,0.7740074906367042,0.0129115581512451,3810,0.5412366390228271,0,0,0,0,0,0.98,0.0,0.0,0.920198113207552,0.0931851863861084,0.0274797173109835,0.9034541778975784,0.1625361442565918,0.0612546410992381,BendWorstOCT,2026-07-09 19:05:23,spect,,,22,22,0,22,2,2,0.7018181818181858,0.7018181818181857,0.0,923.4153451919556,280396.0,-1782789563,0.08380972,True,False,Baseline,False,4,0.02,78,23560093[].aqua,3600,1,0,0,0.05,-1,-1,0,-1,inf,True,False,False,1,False,False,True,False,0,Chain,False,False,False,False,False,0.20658,931,922
79.7752808988764,79.71698113207547,2.6,3,5,0.8160794007490637,0.0061140060424804,2520,0.4402318000793457,0,0,0,0,0,0.9999,0.0,0.0,0.9325654055603356,0.0837728977203369,0.0258253552499488,0.9288746157300224,0.1269128322601318,0.0642012796568197,BendWorstOCT,2026-07-09 19:05:21,spect,,,22,22,0,22,2,2,0.7966698115004253,0.7966698115004253,0.0,936.0109758377076,499753.0,2146001227,0.068263424,True,False,Baseline,False,3,0.0001,74,23560093[].aqua,3600,1,0,0,0.05,-1,-1,0,-1,inf,True,False,False,1,False,False,True,False,0,Chain,False,False,False,False,False,0.189612,942,931
68.95306859205776,67.90123456790124,1.6666666666666667,2,3,0.716173285198556,0.0082559585571289,3795,0.3444807529449463,0,0,0,0,0,0.98,0.0,0.0,0.9533054127127136,0.042936086654663,0.0102818607362778,0.952542107324712,0.0987040996551513,0.0532962892822638,BendWorstOCT,2026-07-09 18:53:09,breast-cancer,,,9,9,0,38,2,2,0.6190123456790131,0.6190123456790131,0.0,1685.4334750175476,295852.0,981308306,0.074861712,True,False,Baseline,False,3,0.02,3,23560093[].aqua,3600,1,0,0,0.05,-1,-1,0,-1,inf,True,False,False,1,False,False,True,False,0,Chain,False,False,False,False,False,0.203952,1691,1675
64.1711229946524,60.87719298245614,1.0,1,2,0.6820320855614974,0.017657995223999,7648,0.3720486164093017,0,0,0,0,0,0.92,0.27,0.0,0.7811053581234824,1.6619691848754885,0.1271035554119558,0.7550584007187803,2.001381158828736,0.2574927900358743,BendWorstOCT,2026-07-09 19:26:13,transfusion,Quantile Thresholds,5.0,4,0,4,16,2,2,0.4487719298245627,0.4487719298245627,0.0,41.82449722290039,2441.0,906024831,0.062966408,True,False,Baseline,False,3,0.08,180,23560093[].aqua,3600,1,0,0,0.05,-1,-1,0,-1,inf,True,False,False,1,False,False,True,False,0,Chain,False,False,False,False,False,0.160372,120,54
64.1711229946524,60.87719298245614,1.0,1,2,0.7020320855614974,0.005263328552246,7762,0.4346442222595215,0,0,0,0,0,0.94,0.0,0.0,0.8272177360152717,0.1657290458679199,0.1263854613800094,0.7959475517312051,0.3558719158172607,0.3916276550650971,BendWorstOCT,2026-07-09 19:25:33,transfusion,Quantile Thresholds,5.0,4,0,4,16,2,2,0.4887719298245626,0.4887719298245626,0.0,196.56615686416623,12431.0,1852680000,0.092300368,True,False,Baseline,False,3,0.06,181,23560093[].aqua,3600,1,0,0,0.05,-1,-1,0,-1,inf,True,False,False,1,False,False,True,False,0,Chain,False,False,False,False,False,0.193232,201,198
55.04,54.16666666666666,2.8,4,5,0.4416,0.3340098857879638,6541,0.8816237449645996,0,0,0,0,0,0.92,0.12,0.0,0.7996412556053787,0.5692329406738281,0.0184628715254715,0.7996412556053748,0.6564779281616211,0.038706364391375,BendWorstOCT,2026-07-09 18:59:44,balance-scale,,,4,4,0,20,3,2,0.1416666666666654,0.1416666666666654,0.0,1823.976516008377,119751.0,-2053462253,0.112645312,True,False,Baseline,False,4,0.08,45,23560093[].aqua,3600,1,0,0,0.05,-1,-1,0,-1,inf,True,False,False,1,False,False,True,False,0,Chain,False,False,False,False,False,0.23368,1908,1813
55.04,54.16666666666666,2.8,4,5,0.5016,0.0109984874725341,7511,0.8815793991088867,0,0,0,0,0,0.94,0.0,0.0,0.8495964125560543,0.0600490570068359,0.0159326548682125,0.8495964125560543,0.0803780555725097,0.0375364904677268,BendWorstOCT,2026-07-09 18:58:26,balance-scale,,,4,4,0,20,3,2,0.2416670141372264,0.2416670141372264,0.0,1996.947921037674,118481.0,-1781430635,0.10019496,True,False,Baseline,False,4,0.06,46,23560093[].aqua,3600,1,0,0,0.05,-1,-1,0,-1,inf,True,False,False,1,False,False,True,False,0,Chain,False,False,False,False,False,0.21488,2003,1977
68.95306859205776,67.90123456790124,1.6666666666666667,2,3,0.6475812274368231,0.0176239013671875,6562,0.6548457145690918,0,0,0,0,0,0.94,0.0,0.0,0.8682282222110864,0.0751309394836425,0.0321225157005712,0.8677233997605761,0.1322810649871826,0.0688896558993296,BendWorstOCT,2026-07-09 18:55:43,breast-cancer,,,9,9,0,38,2,2,0.4990123456790131,0.4990123456790131,0.0,2379.796339035034,99305.0,68778351,0.099027688,True,False,Baseline,False,4,0.06,16,23560093[].aqua,3600,1,0,0,0.05,-1,-1,0,-1,inf,True,False,False,1,False,False,True,False,0,Chain,False,False,False,False,False,0.213712,2453,2366
69.38502673796792,66.29213483146067,1.6666666666666667,2,3,0.7220320855614973,0.005300760269165,8082,0.4628407955169678,0,0,0,0,0,0.96,0.0,0.0,0.875213903743318,0.1649708747863769,0.1073410463212746,0.8742807017543885,0.2652599811553955,0.2377302255415315,BendWorstOCT,2026-07-09 19:25:33,transfusion,Quantile Thresholds,5.0,4,0,4,16,2,2,0.542921348314608,0.542921348314608,0.0,689.9698898792267,56903.0,1756206909,0.10123524,True,False,Baseline,False,3,0.04,182,23560093[].aqua,3600,1,0,0,0.05,-1,-1,0,-1,inf,True,False,False,1,False,False,True,False,0,Chain,False,False,False,False,False,0.208964,695,688
64.1711229946524,60.87719298245614,1.0,1,2,0.6820320855614974,0.0142951011657714,12541,0.6797447204589844,0,0,0,0,0,0.92,0.0,0.0,0.7811053581234824,0.1259379386901855,0.0417438637709511,0.7550584007187804,0.309567928314209,0.1479178187784124,BendWorstOCT,2026-07-09 19:35:17,transfusion,Quantile Thresholds,5.0,4,0,4,16,2,2,0.4487719299694401,0.4487719299694402,0.0,173.5627799034119,4359.0,-835001191,0.183039432,True,False,Baseline,False,4,0.08,195,23560093[].aqua,3600,1,0,0,0.05,-1,-1,0,-1,inf,True,False,False,1,False,False,True,False,0,Chain,False,False,False,False,False,0.262892,245,179
72.56317689530685,71.60493827160494,2.6,3,5,0.746173285198556,0.0114111900329589,3615,0.4587726593017578,0,0,0,0,0,0.99,0.0,0.0,0.9763898916967484,0.0768270492553711,0.009406517115863,0.9763898916967484,0.1214020252227783,0.0288344467961969,BendWorstOCT,2026-07-09 18:54:06,breast-cancer,,,9,9,0,38,2,2,0.6660493827160519,0.6660493827160519,0.0,3474.993140935898,848748.0,-1543071947,0.146260568,True,False,Baseline,False,3,0.01,4,23560093[].aqua,3600,1,0,0,0.05,-1,-1,0,-1,inf,True,False,False,1,False,False,True,False,0,Chain,False,False,False,False,False,0.268428,3538,3456
64.1711229946524,60.87719298245614,1.0,1,2,0.7020320855614974,0.0102591514587402,13294,0.7920873165130615,0,0,0,0,0,0.94,0.0,0.0,0.8272235498587903,0.1756010055541992,0.0482088917882815,0.8141417591801904,0.3094568252563476,0.1405603659320229,BendWorstOCT,2026-07-09 19:35:17,transfusion,Quantile Thresholds,5.0,4,0,4,16,2,2,0.4887719298245627,0.4887719298245628,0.0,1055.7121229171753,38767.0,2144259457,0.164298632,True,False,Baseline,False,4,0.06,196,23560093[].aqua,3600,1,0,0,0.05,-1,-1,0,-1,inf,True,False,False,1,False,False,True,False,0,Chain,False,False,False,False,False,0.274248,1127,1055
72.56317689530685,71.60493827160494,2.6666666666666665,3,6,0.758173285198556,0.008087158203125,3788,0.5140280723571777,0,0,0,0,0,0.994,0.0,0.0,0.9856019184652248,0.0439529418945312,0.0081496393078018,0.9856019184652248,0.0605950355529785,0.0230324765227741,BendWorstOCT,2026-07-09 18:54:03,breast-cancer,,,9,9,0,38,2,9,0.680049383295114,0.7377142857142862,0.0847951690504628,3600.0011818408966,737424.0,-1276986296,0.22628852,True,False,Baseline,False,3,0.006,6,23560093[].aqua,3600,1,0,0,0.05,-1,-1,0,-1,inf,True,False,False,1,False,False,True,False,0,Chain,False,False,False,False,False,0.39206,3636,3575
72.56317689530685,71.60493827160494,2.6666666666666665,3,6,0.752173285198556,0.010566234588623,3715,0.4644408226013183,0,0,0,0,0,0.992,0.01,0.0,0.9808150025342084,0.080294132232666,0.0107372459658644,0.9808150025342084,0.1166841983795166,0.0255910378433199,BendWorstOCT,2026-07-09 18:54:06,breast-cancer,,,9,9,0,38,2,9,0.6680493827160503,0.7522284056168705,0.1260071861133654,3600.000857114792,597216.0,-596863090,0.219505928,True,False,Baseline,False,3,0.008,5,23560093[].aqua,3600,1,0,0,0.05,-1,-1,0,-1,inf,True,False,False,1,False,False,True,False,0,Chain,False,False,False,False,False,0.34384,3663,3580
72.56317689530685,71.60493827160494,2.6,3,5,0.764173285198556,0.0173597335815429,3720,0.4856340885162353,0,0,0,0,0,0.996,0.0,0.0,0.9902857142857108,0.0707960128784179,0.0155450109462469,0.9902857142857108,0.1581871509552002,0.0299815209590992,BendWorstOCT,2026-07-09 18:54:49,breast-cancer,,,9,9,0,38,2,9,0.6960493827160503,0.7596018876018881,0.091304591978589,3600.0005509853363,681651.0,845298611,0.227182968,True,False,Baseline,False,3,0.004,7,23560093[].aqua,3600,1,0,0,0.05,-1,-1,0,-1,inf,True,False,False,1,False,False,True,False,0,Chain,False,False,False,False,False,0.402544,3683,3591
72.56317689530685,71.60493827160494,2.6,3,5,0.775783393501805,0.0204763412475585,3576,0.5993890762329102,0,0,0,0,0,0.999,0.27,0.0,0.9975714285714244,1.5488860607147217,0.0154186240139966,0.9975714285714244,1.8257029056549072,0.0365184125085948,BendWorstOCT,2026-07-09 18:54:49,breast-cancer,,,9,9,0,38,2,9,0.7110493827160521,0.7909655896763345,0.1123919222811501,3600.0159900188446,836899.0,-1086405772,0.293862912,True,False,Baseline,False,3,0.001,9,23560093[].aqua,3600,1,0,0,0.05,-1,-1,0,-1,inf,True,False,False,1,False,False,True,False,0,Chain,False,False,False,False,False,0.46972,3684,3587
72.56317689530685,72.44897959183673,3.0,3,8,0.7773833935018051,0.0202124118804931,3656,0.658705472946167,0,0,0,0,0,0.9994,0.26,0.0,0.9985428571428528,1.4687559604644775,0.0173820974382659,0.9985428571428528,1.730940818786621,0.0360762416275049,BendWorstOCT,2026-07-09 18:54:49,breast-cancer,,,9,9,0,38,2,9,0.7196897959183665,0.7780382373644932,0.0810744320359172,3600.0138568878174,828175.0,1276530341,0.248676408,True,False,Baseline,False,3,0.0006,11,23560093[].aqua,3600,1,0,0,0.05,-1,-1,0,-1,inf,True,False,False,1,False,False,True,False,0,Chain,False,False,False,False,False,0.42086,3684,3591
72.56317689530685,71.60493827160494,2.6666666666666665,3,6,0.776583393501805,0.0362131595611572,3776,0.9157798290252686,0,0,0,0,0,0.9992,0.35,0.0,0.9980571428571386,2.0051958560943604,0.0143367775213484,0.9980571428571386,2.3652830123901367,0.0277155218800604,BendWorstOCT,2026-07-09 18:54:50,breast-cancer,,,9,9,0,38,2,9,0.7112493832294252,0.8080050922317484,0.1360362641904929,3600.0163400173187,585493.0,-670421412,0.229282208,True,False,Baseline,False,3,0.0008,10,23560093[].aqua,3600,1,0,0,0.05,-1,-1,0,-1,inf,True,False,False,1,False,False,True,False,0,Chain,False,False,False,False,False,0.369832,3684,3592
72.20216606498195,71.93877551020408,2.857142857142857,3,7,0.771783393501805,0.0203735828399658,3656,0.6187379360198975,0,0,0,0,0,0.998,0.27,0.0,0.9951428571428532,1.5571939945220947,0.013284370447251,0.9951428571428532,1.803170919418335,0.0261628985300158,BendWorstOCT,2026-07-09 18:54:49,breast-cancer,,,9,9,0,38,2,9,0.7053877551020392,0.791211538461538,0.1216689441214978,3600.0154020786285,714820.0,150626650,0.266215512,True,False,Baseline,False,3,0.002,8,23560093[].aqua,3600,1,0,0,0.05,-1,-1,0,-1,inf,True,False,False,1,False,False,True,False,0,Chain,False,False,False,False,False,0.414696,3684,3585
70.03610108303249,69.89795918367346,2.6,3,5,0.752173285198556,0.0161855220794677,6882,0.9627110958099364,0,0,0,0,0,0.992,0.0,0.0,0.9809795918367316,0.0473971366882324,0.0163173924389614,0.9809795918367316,0.0775721073150634,0.0363962372609268,BendWorstOCT,2026-07-09 18:54:57,breast-cancer,,,9,9,0,38,2,9,0.6589795918367333,0.930274595381944,0.4116895377428106,3600.000730037689,229333.0,164055696,0.367210056,True,False,Baseline,False,4,0.008,20,23560093[].aqua,3600,1,0,0,0.05,-1,-1,0,-1,inf,True,False,False,1,False,False,True,False,0,Chain,False,False,False,False,False,0.502044,3606,3577
72.56317689530685,72.44897959183673,3.0,4,6,0.7702238267148014,0.0175774097442626,6678,1.1850931644439695,0,0,0,0,0,0.996,0.0,0.0,0.9900000000000008,0.0670058727264404,0.0172539101819759,0.9899999999999956,0.2009479999542236,0.0443607811306347,BendWorstOCT,2026-07-09 18:54:58,breast-cancer,,,9,9,0,38,2,9,0.7004897959183675,0.9671420103921085,0.380665380177523,3600.001282930374,264532.0,-764615099,0.386644416,True,False,Baseline,False,4,0.004,22,23560093[].aqua,3600,1,0,0,0.05,-1,-1,0,-1,inf,True,False,False,1,False,False,True,False,0,Chain,False,False,False,False,False,0.495976,3606,3580
72.92418772563177,72.8395061728395,3.0,3,8,0.7793833935018051,0.0197269916534423,3701,0.6627681255340576,0,0,0,0,0,0.9999,0.28,0.0,0.9997666666666624,1.5713119506835938,0.0138344207955883,0.9997571428571383,1.845471858978272,0.0430346927371974,BendWorstOCT,2026-07-09 18:55:31,breast-cancer,,,9,9,0,38,2,9,0.727595061728396,0.7945030883475617,0.0919577800050293,3600.010435819626,723138.0,-1416863276,0.237815264,True,False,Baseline,False,3,0.0001,14,23560093[].aqua,3600,1,0,0,0.05,-1,-1,0,-1,inf,True,False,False,1,False,False,True,False,0,Chain,False,False,False,False,False,0.390216,3684,3586
72.56317689530685,71.60493827160494,2.6,3,5,0.778983393501805,0.0196142196655273,3932,0.5889785289764404,0,0,0,0,0,0.9998,0.26,0.0,0.9995333333333288,1.515077829360962,0.0124920261634423,0.9995142857142814,1.7737669944763184,0.0252824717623623,BendWorstOCT,2026-07-09 18:55:31,breast-cancer,,,9,9,0,38,2,9,0.7150493827160501,0.7763777777777783,0.0857680553876961,3600.010368824005,865564.0,872095512,0.2656482,True,False,Baseline,False,3,0.0002,13,23560093[].aqua,3600,1,0,0,0.05,-1,-1,0,-1,inf,True,False,False,1,False,False,True,False,0,Chain,False,False,False,False,False,0.431532,3684,3588
71.84115523465704,71.60493827160494,3.0,3,8,0.778183393501805,0.0197534561157226,3693,0.5267446041107178,0,0,0,0,0,0.9996,0.27,0.0,0.999028571428567,1.5323209762573242,0.014750887963927,0.999028571428567,1.7684040069580078,0.0250995096194798,BendWorstOCT,2026-07-09 18:55:31,breast-cancer,,,9,9,0,38,2,9,0.7128493827160504,0.8222189944134068,0.153425975176753,3600.016443014145,635867.0,1312234286,0.23401428,True,False,Baseline,False,3,0.0004,12,23560093[].aqua,3600,1,0,0,0.05,-1,-1,0,-1,inf,True,False,False,1,False,False,True,False,0,Chain,False,False,False,False,False,0.35456,3684,3584
72.20216606498195,71.60493827160494,3.0,4,6,0.746173285198556,0.0169587135314941,6805,1.1405296325683594,0,0,0,0,0,0.99,0.0,0.0,0.9766666666666622,0.0551881790161132,0.013749692322918,0.975627462014627,0.1940081119537353,0.0832405323964919,BendWorstOCT,2026-07-09 18:55:43,breast-cancer,,,9,9,0,38,2,9,0.6560493827160496,0.9141097931350616,0.3933551607817078,3600.001602172852,224449.0,2046210113,0.344739912,True,False,Baseline,False,4,0.01,19,23560093[].aqua,3600,1,0,0,0.05,-1,-1,0,-1,inf,True,False,False,1,False,False,True,False,0,Chain,False,False,False,False,False,0.4783,3672,3576
68.95306859205776,67.90123456790124,1.6666666666666667,2,3,0.716173285198556,0.0181775093078613,7157,0.9432141780853271,0,0,0,0,0,0.98,0.0,0.0,0.9533223140495862,0.0714030265808105,0.0194830701623807,0.9533223140495862,0.1116020679473877,0.0361439265934638,BendWorstOCT,2026-07-09 18:55:43,breast-cancer,,,9,9,0,38,2,9,0.6190123456790131,0.8336819252558397,0.3467936965640793,3600.000631093979,248918.0,1234375021,0.353664088,True,False,Baseline,False,4,0.02,18,23560093[].aqua,3600,1,0,0,0.05,-1,-1,0,-1,inf,True,False,False,1,False,False,True,False,0,Chain,False,False,False,False,False,0.48104,3672,3578
68.23104693140795,67.90123456790124,1.6666666666666667,2,3,0.667581227436823,0.0174651145935058,6289,0.7685050964355469,0,0,0,0,0,0.96,0.0,0.0,0.9090799849793428,0.0744359493255615,0.0318917748406295,0.9090799849793428,0.1139109134674072,0.0573931500068262,BendWorstOCT,2026-07-09 18:55:43,breast-cancer,,,9,9,0,38,2,9,0.5590123456790129,0.6773841441302278,0.2117516712576943,3600.0006160736084,198804.0,1744682980,0.19836288,True,False,Baseline,False,4,0.04,17,23560093[].aqua,3600,1,0,0,0.05,-1,-1,0,-1,inf,True,False,False,1,False,False,True,False,0,Chain,False,False,False,False,False,0.3218,3672,3578
72.20216606498195,71.93877551020408,3.5,4,8,0.7582238267148014,0.0414178371429443,6784,1.1979660987854004,0,0,0,0,0,0.994,0.3,0.0,0.9859999999999968,1.931679010391236,0.0164456876741474,0.9848880866425967,2.3697900772094727,0.0514355346504062,BendWorstOCT,2026-07-09 18:56:13,breast-cancer,,,9,9,0,38,2,9,0.6713877551020413,0.945999999999996,0.4090218250349495,3600.01393699646,274705.0,-1084437199,0.422159256,True,False,Baseline,False,4,0.006,21,23560093[].aqua,3600,1,0,0,0.05,-1,-1,0,-1,inf,True,False,False,1,False,False,True,False,0,Chain,False,False,False,False,False,0.526188,3683,3584
76.89530685920577,76.54320987654322,3.857142857142857,4,14,0.7850541516245487,0.0224239826202392,6855,1.466780185699463,0,0,0,0,0,0.998,0.0,0.0,0.994999999999998,0.1036229133605957,0.0208984772228014,0.9949999999999956,0.234156847000122,0.0498029148205843,BendWorstOCT,2026-07-09 18:56:38,breast-cancer,,,9,9,0,38,2,9,0.7374320987654371,0.9794275510204044,0.3281596402707462,3600.00124001503,247364.0,521762788,0.361720872,True,False,Baseline,False,4,0.002,23,23560093[].aqua,3600,1,0,0,0.05,-1,-1,0,-1,inf,True,False,False,1,False,False,True,False,0,Chain,False,False,False,False,False,0.481136,3678,3581
76.17328519855596,76.0204081632653,3.75,4,12,0.7950541516245487,0.0163726806640625,6828,1.2796659469604492,0,0,0,0,0,0.999,0.0,0.0,0.997499999999997,0.1101140975952148,0.0200934124877774,0.9974999999999956,0.2345631122589111,0.0491937154706259,BendWorstOCT,2026-07-09 18:56:38,breast-cancer,,,9,9,0,38,2,9,0.7482040816326523,0.9870824524312865,0.3192690024857642,3600.005589008332,241125.0,-1409160544,0.356902832,True,False,Baseline,False,4,0.001,24,23560093[].aqua,3600,1,0,0,0.05,-1,-1,0,-1,inf,True,False,False,1,False,False,True,False,0,Chain,False,False,False,False,False,0.486568,3677,3582
75.45126353790614,75.30864197530865,3.6666666666666665,4,12,0.7990541516245487,0.0163877010345459,6699,1.3690729141235352,0,0,0,0,0,0.9994,0.0,0.0,0.9984999999999964,0.0847539901733398,0.0209670433316666,0.9984999999999964,0.1828751564025879,0.050282975099435,BendWorstOCT,2026-07-09 18:56:56,breast-cancer,,,9,9,0,38,2,9,0.7458864197530911,0.990097959183669,0.3274111620257393,3600.000638961792,229208.0,-219455603,0.35284304,True,False,Baseline,False,4,0.0006,26,23560093[].aqua,3600,1,0,0,0.05,-1,-1,0,-1,inf,True,False,False,1,False,False,True,False,0,Chain,False,False,False,False,False,0.45772,3673,3578
75.81227436823104,75.30864197530865,3.333333333333333,4,9,0.8030541516245487,0.0206251144409179,6421,1.230630874633789,0,0,0,0,0,0.9998,0.0,0.0,0.9995199999999956,0.0787670612335205,0.0201586414565314,0.9994999999999956,0.1820449829101562,0.049110224853283,BendWorstOCT,2026-07-09 18:56:56,breast-cancer,,,9,9,0,38,2,9,0.7512864197530918,0.9917002882348234,0.3200029471592776,3600.00068807602,262256.0,1210942453,0.368257632,True,False,Baseline,False,4,0.0002,28,23560093[].aqua,3600,1,0,0,0.05,-1,-1,0,-1,inf,True,False,False,1,False,False,True,False,0,Chain,False,False,False,False,False,0.495032,3673,3580
76.17328519855596,76.0204081632653,4.0,4,16,0.8040541516245487,0.0171735286712646,6864,1.521257400512695,0,0,0,0,0,0.9999,0.0,0.0,0.9997666666666624,0.0796360969543457,0.0134391120734089,0.9997599999999957,0.1959700584411621,0.0372767715927024,BendWorstOCT,2026-07-09 18:56:56,breast-cancer,,,9,9,0,38,2,9,0.7586045918367329,0.9991652777777732,0.3171094513923189,3600.00137090683,129459.0,-27565971,0.244231616,True,False,Baseline,False,4,0.0001,29,23560093[].aqua,3600,1,0,0,0.05,-1,-1,0,-1,inf,True,False,False,1,False,False,True,False,0,Chain,False,False,False,False,False,0.36086,3674,3578
79.06137184115524,79.01234567901234,3.857142857142857,4,14,0.8010541516245487,0.0162539482116699,6726,1.1897740364074707,0,0,0,0,0,0.9996,0.01,0.0,0.998999999999996,0.0808229446411132,0.0168922740464262,0.9989999999999956,0.1822738647460937,0.0496598328327698,BendWorstOCT,2026-07-09 18:56:56,breast-cancer,,,9,9,0,38,2,9,0.7845234569685772,0.9964970519490268,0.2701940816397284,3600.000608921051,181731.0,1591475493,0.278567976,True,False,Baseline,False,4,0.0004,27,23560093[].aqua,3600,1,0,0,0.05,-1,-1,0,-1,inf,True,False,False,1,False,False,True,False,0,Chain,False,False,False,False,False,0.397744,3673,3579
75.45126353790614,75.30864197530865,3.8461538461538463,4,13,0.7970541516245487,0.0469207763671875,6543,1.912830114364624,0,0,0,0,0,0.9992,0.86,0.0,0.9979999999999966,5.03253984451294,0.020826178802804,0.9979999999999966,5.9552178382873535,0.0505550857592921,BendWorstOCT,2026-07-09 18:56:57,breast-cancer,,,9,9,0,38,2,9,0.7426864197530871,0.9915876221498338,0.3351363318040689,3600.00148487091,186130.0,-29648178,0.283191848,True,False,Baseline,False,4,0.0008,25,23560093[].aqua,3600,1,0,0,0.05,-1,-1,0,-1,inf,True,False,False,1,False,False,True,False,0,Chain,False,False,False,False,False,0.38208,3675,3593
55.04,54.16666666666666,2.8,4,5,0.5616,0.0111815929412841,7974,1.12182879447937,0,0,0,0,0,0.96,0.0,0.0,0.8997124748801985,0.0573720932006835,0.0134582757362895,0.8997124748801985,0.0778090953826904,0.0344121414033429,BendWorstOCT,2026-07-09 18:58:27,balance-scale,,,4,4,0,20,3,9,0.3416666666666649,0.4099010949459863,0.1997105217931366,3600.000662088394,204207.0,876455235,0.170494016,True,False,Baseline,False,4,0.04,47,23560093[].aqua,3600,1,0,0,0.05,-1,-1,0,-1,inf,True,False,False,1,False,False,True,False,0,Chain,False,False,False,False,False,0.279196,3606,3557
59.2,59.02777777777778,3.636363636363636,4,11,0.6516,0.010284423828125,13961,2.0280818939208984,0,0,0,0,0,0.99,0.0,0.0,0.9744674965421825,0.0522170066833496,0.0094062207225708,0.9744674965421825,0.0700981616973877,0.0318182623243861,BendWorstOCT,2026-07-09 18:58:51,balance-scale,,,4,4,0,20,3,9,0.4802777777777766,0.6864507297054465,0.4292785580911588,3600.000763177872,63485.0,-785861460,0.211634832,True,False,Baseline,False,4,0.01,49,23560093[].aqua,3600,1,0,0,0.05,-1,-1,0,-1,inf,True,False,False,1,False,False,True,False,0,Chain,False,False,False,False,False,0.299968,3605,3578
56.96,55.10204081632653,3.6,4,10,0.6576,0.0106422901153564,13879,2.136837244033813,0,0,0,0,0,0.992,0.0,0.0,0.9789673590504426,0.0559401512145996,0.0086193733939515,0.9789673590504426,0.0775191783905029,0.0382601412443241,BendWorstOCT,2026-07-09 18:58:51,balance-scale,,,4,4,0,20,3,9,0.4710204081632655,0.7048202137998054,0.4963687381365011,3600.0006959438324,59096.0,-1024471485,0.220399664,True,False,Baseline,False,4,0.008,50,23560093[].aqua,3600,1,0,0,0.05,-1,-1,0,-1,inf,True,False,False,1,False,False,True,False,0,Chain,False,False,False,False,False,0.323296,3605,3579
55.04,54.16666666666666,2.8,4,5,0.6639999999999999,0.012923240661621,13205,2.5170366764068604,0,0,0,0,0,0.994,0.0,0.0,0.9849673590504426,0.0771839618682861,0.0088599300101543,0.9849673590504426,0.1055479049682617,0.0369826797839595,BendWorstOCT,2026-07-09 18:59:20,balance-scale,,,4,4,0,20,3,9,0.5116666666666653,0.7192401954584869,0.405681163762519,3600.002321004868,47787.0,1978344045,0.185831536,True,False,Baseline,False,4,0.006,51,23560093[].aqua,3600,1,0,0,0.05,-1,-1,0,-1,inf,True,False,False,1,False,False,True,False,0,Chain,False,False,False,False,False,0.27556,3609,3572
55.04,54.16666666666666,2.8,4,5,0.6215999999999999,0.0306994915008544,10509,1.5577740669250488,0,0,0,0,0,0.98,0.5,0.0,0.9493808630393994,2.5094010829925537,0.0129062018614352,0.9493808630393994,2.925107002258301,0.0325656665470523,BendWorstOCT,2026-07-09 18:59:42,balance-scale,,,4,4,0,20,3,9,0.4416670138888908,0.597082326389408,0.3518834497783313,3600.0010809898376,85849.0,1156724816,0.176733912,True,False,Baseline,False,4,0.02,48,23560093[].aqua,3600,1,0,0,0.05,-1,-1,0,-1,inf,True,False,False,1,False,False,True,False,0,Chain,False,False,False,False,False,0.289496,3682,3591
62.4,59.18367346938776,3.5,4,10,0.6888,0.0101029872894287,13918,2.2102410793304443,0,0,0,0,0,0.998,0.0,0.0,0.9946666666666638,0.0874722003936767,0.0090397498824658,0.9946666666666638,0.1072351932525634,0.0374367167448797,BendWorstOCT,2026-07-09 19:00:50,balance-scale,,,4,4,0,20,3,9,0.5718367346938806,0.739331259503118,0.2929061997020908,3600.0010561943054,53097.0,-1247177166,0.206376368,True,False,Baseline,False,4,0.002,53,23560093[].aqua,3600,1,0,0,0.05,-1,-1,0,-1,inf,True,False,False,1,False,False,True,False,0,Chain,False,False,False,False,False,0.290308,3604,3577
59.04,59.02777777777778,3.75,4,12,0.6728,0.0103993415832519,14111,2.111903667449951,0,0,0,0,0,0.996,0.0,0.0,0.988799999999997,0.0574309825897216,0.010627112861929,0.988799999999997,0.0765979290008544,0.0283117668796301,BendWorstOCT,2026-07-09 19:00:50,balance-scale,,,4,4,0,20,3,9,0.5422777777777763,0.7411145459276608,0.3666695857696886,3600.000819921493,56095.0,-1438647756,0.226837232,True,False,Baseline,False,4,0.004,52,23560093[].aqua,3600,1,0,0,0.05,-1,-1,0,-1,inf,True,False,False,1,False,False,True,False,0,Chain,False,False,False,False,False,0.344748,3604,3577
58.24,57.29166666666666,3.6666666666666665,4,12,0.7016,0.0106115341186523,13471,2.470722198486328,0,0,0,0,0,0.9992,0.0,0.0,0.9978666666666636,0.095005989074707,0.0090533681708736,0.9978666666666636,0.1138720512390136,0.0276178501730646,BendWorstOCT,2026-07-09 19:01:51,balance-scale,,,4,4,0,20,3,9,0.5633166666666652,0.7412500155134968,0.3158673608926275,3600.000731945038,54243.0,-1657763264,0.202378744,True,False,Baseline,False,4,0.0008,55,23560093[].aqua,3600,1,0,0,0.05,-1,-1,0,-1,inf,True,False,False,1,False,False,True,False,0,Chain,False,False,False,False,False,0.328976,3605,3580
54.72,53.06122448979592,3.333333333333333,4,9,0.6994,0.0110144615173339,14803,2.79662561416626,0,0,0,0,0,0.999,0.0,0.0,0.9973333333333304,0.1044080257415771,0.0090451671708736,0.9973333333333304,0.1240091323852539,0.0275916682730646,BendWorstOCT,2026-07-09 19:01:51,balance-scale,,,4,4,0,20,3,9,0.5216122448979594,0.7695553256849097,0.4753398395305199,3600.000818967819,57081.0,621378686,0.262171872,True,False,Baseline,False,4,0.001,54,23560093[].aqua,3600,1,0,0,0.05,-1,-1,0,-1,inf,True,False,False,1,False,False,True,False,0,Chain,False,False,False,False,False,0.353768,3605,3572
59.52,59.375,3.75,4,12,0.7060000000000001,0.010326862335205,12198,1.6427087783813477,0,0,0,0,0,0.9996,0.0,0.0,0.9989333333333305,0.0835731029510498,0.0090210832708736,0.9989333333333305,0.1012201309204101,0.0275799404730646,BendWorstOCT,2026-07-09 19:03:27,balance-scale,,,4,4,0,20,3,9,0.5889499999999984,0.7420680351906157,0.2599847783183932,3600.001930952072,57960.0,586102191,0.19406888,True,False,Baseline,False,4,0.0004,57,23560093[].aqua,3600,1,0,0,0.05,-1,-1,0,-1,inf,True,False,False,1,False,False,True,False,0,Chain,False,False,False,False,False,0.27822,3605,3577
59.04,55.10204081632653,3.4444444444444446,4,9,0.7082,0.0101964473724365,12795,1.9621670246124268,0,0,0,0,0,0.9998,0.0,0.0,0.9994666666666636,0.0905649662017822,0.0090260825703149,0.9994666666666636,0.1086189746856689,0.027568389972506,BendWorstOCT,2026-07-09 19:03:27,balance-scale,,,4,4,0,20,3,9,0.5492204081632656,0.7532799059765205,0.3715439098406456,3600.000864982605,62320.0,14942266,0.232053288,True,False,Baseline,False,4,0.0002,58,23560093[].aqua,3600,1,0,0,0.05,-1,-1,0,-1,inf,True,False,False,1,False,False,True,False,0,Chain,False,False,False,False,False,0.335516,3605,3575
58.56,57.98611111111112,3.636363636363636,4,11,0.7093,0.0114245414733886,13319,2.678035259246826,0,0,0,0,0,0.9999,0.0,0.0,0.9997333333333304,0.1512930393218994,0.0090175025703149,0.9997333333333304,0.1739339828491211,0.027526325072506,BendWorstOCT,2026-07-09 19:04:03,balance-scale,,,4,4,0,20,3,9,0.5787614583333321,0.7484813648293964,0.293246732401306,3600.000787973404,45082.0,-484540693,0.177404696,True,False,Baseline,False,4,0.0001,59,23560093[].aqua,3600,1,0,0,0.05,-1,-1,0,-1,inf,True,False,False,1,False,False,True,False,0,Chain,False,False,False,False,False,0.25474,3606,3574
55.68,55.55555555555556,3.0,4,7,0.7038,0.0387177467346191,13144,2.253840684890747,0,0,0,0,0,0.9994,0.33,0.0,0.9983999999999972,1.981557846069336,0.0090408456708736,0.9983999999999972,2.3045589923858643,0.0277240395453015,BendWorstOCT,2026-07-09 19:04:45,balance-scale,,,4,4,0,20,3,9,0.5513555555555542,0.7423171610147741,0.3463492904624932,3600.019830942154,53215.0,-1852333608,0.202703776,True,False,Baseline,False,4,0.0006,56,23560093[].aqua,3600,1,0,0,0.05,-1,-1,0,-1,inf,True,False,False,1,False,False,True,False,0,Chain,False,False,False,False,False,0.291972,3683,3588
81.27340823970037,81.13207547169812,3.1666666666666665,4,6,0.8152059925093633,0.010725975036621,4373,0.6123740673065186,0,0,0,0,0,0.996,0.0,0.0,0.9800000000000044,0.0635509490966796,0.0126652385751201,0.9431245283018916,0.0981061458587646,0.0478402978933227,BendWorstOCT,2026-07-09 19:05:22,spect,,,22,22,0,22,2,9,0.787320755074449,0.8564766621438263,0.0878370176623096,3600.000515937805,675599.0,-1914955245,0.520120952,True,False,Baseline,False,4,0.004,82,23560093[].aqua,3600,1,0,0,0.05,-1,-1,0,-1,inf,True,False,False,1,False,False,True,False,0,Chain,False,False,False,False,False,0.691896,3605,3578
82.39700374531836,82.0754716981132,3.25,4,8,0.8052059925093633,0.0108575820922851,4387,0.6461532115936279,0,0,0,0,0,0.994,0.0,0.0,0.9700000000000002,0.0741581916809082,0.0170891466113556,0.9283453416149108,0.1196250915527343,0.069559977922874,BendWorstOCT,2026-07-09 19:05:22,spect,,,22,22,0,22,2,9,0.7727547171584112,0.839121118012425,0.0858828802728731,3600.000559091568,728160.0,-1177959301,0.564395336,True,False,Baseline,False,4,0.006,81,23560093[].aqua,3600,1,0,0,0.05,-1,-1,0,-1,inf,True,False,False,1,False,False,True,False,0,Chain,False,False,False,False,False,0.756756,3606,3578
82.39700374531836,82.0754716981132,3.636363636363636,4,11,0.8322059925093633,0.0110437870025634,4682,0.7244596481323242,0,0,0,0,0,0.9994,0.0,0.0,0.9976000000000006,0.04305100440979,0.0079519602487701,0.9976,0.0576481819152832,0.0209470886750507,BendWorstOCT,2026-07-09 19:05:41,spect,,,22,22,0,22,2,9,0.8141547178882198,0.8996046567643562,0.1049554058935863,3600.000594139099,647237.0,-542133308,0.499845544,True,False,Baseline,False,4,0.0006,86,23560093[].aqua,3600,1,0,0,0.05,-1,-1,0,-1,inf,True,False,False,1,False,False,True,False,0,Chain,False,False,False,False,False,0.68104,3605,3576
82.39700374531836,82.0754716981132,3.636363636363636,4,11,0.8332059925093633,0.0111951828002929,4693,0.7746305465698242,0,0,0,0,0,0.9996,0.0,0.0,0.9984000000000004,0.0434639453887939,0.0079123578114424,0.9984,0.0581939220428466,0.0208610025307577,BendWorstOCT,2026-07-09 19:05:41,spect,,,22,22,0,22,2,9,0.8163547169811513,0.89733094339623,0.0991924524115273,3600.0007388591766,676569.0,-1407130005,0.555079064,True,False,Baseline,False,4,0.0004,87,23560093[].aqua,3600,1,0,0,0.05,-1,-1,0,-1,inf,True,False,False,1,False,False,True,False,0,Chain,False,False,False,False,False,0.7683,3605,3577
82.39700374531836,81.81818181818181,3.2857142857142856,4,7,0.8252059925093633,0.0117406845092773,4572,0.7325003147125244,0,0,0,0,0,0.998,0.0,0.0,0.9920000000000022,0.045224905014038,0.008758139392088,0.9485988439306398,0.1071507930755615,0.0520792752795224,BendWorstOCT,2026-07-09 19:05:41,spect,,,22,22,0,22,2,9,0.8041818181818224,0.8820395336070992,0.0968160603298711,3600.0005807876587,670261.0,1541083396,0.498788656,True,False,Baseline,False,4,0.002,83,23560093[].aqua,3600,1,0,0,0.05,-1,-1,0,-1,inf,True,False,False,1,False,False,True,False,0,Chain,False,False,False,False,False,0.675696,3605,3578
82.02247191011236,81.81818181818181,3.2857142857142856,4,7,0.8302059925093633,0.0106630325317382,4485,0.7332212924957275,0,0,0,0,0,0.999,0.0,0.0,0.9960000000000012,0.0430500507354736,0.008764664992088,0.953104816955688,0.1667709350585937,0.0719972174285938,BendWorstOCT,2026-07-09 19:05:41,spect,,,22,22,0,22,2,9,0.8111818181818183,0.893296141451096,0.1012280125475798,3600.0009529590607,593344.0,-1323592525,0.518295008,True,False,Baseline,False,4,0.001,84,23560093[].aqua,3600,1,0,0,0.05,-1,-1,0,-1,inf,True,False,False,1,False,False,True,False,0,Chain,False,False,False,False,False,0.688808,3606,3577
82.02247191011236,81.81818181818181,3.25,4,8,0.8312059925093633,0.0107948780059814,4924,0.8100168704986572,0,0,0,0,0,0.9992,0.0,0.0,0.9968000000000008,0.0426399707794189,0.0079118858114424,0.9968,0.0571489334106445,0.0208512365307577,BendWorstOCT,2026-07-09 19:05:41,spect,,,22,22,0,22,2,9,0.8117818181818184,0.8942943479741258,0.1016437273467323,3600.000813961029,691940.0,486360011,0.558678008,True,False,Baseline,False,4,0.0008,85,23560093[].aqua,3600,1,0,0,0.05,-1,-1,0,-1,inf,True,False,False,1,False,False,True,False,0,Chain,False,False,False,False,False,0.757468,3606,3577
49.826388888888886,40.0,2.25,3,4,0.6202314814814816,0.0071761608123779,15980,1.2848331928253174,0,0,0,0,0,0.92,0.0,0.0,0.8260322049596334,0.1856410503387451,0.0516497031230103,0.7633258868616053,0.9234578609466552,1.3110703738483755,BendWorstOCT,2026-07-09 19:06:02,car_evaluation,,,6,6,0,19,4,9,0.0800000000000212,0.452790795514461,4.659884943929258,3600.000881910324,18939.0,-1028910426,0.244867552,True,False,Baseline,False,3,0.08,90,23560093[].aqua,3600,1,0,0,0.05,-1,-1,0,-1,inf,True,False,False,1,False,False,True,False,0,Chain,False,False,False,False,False,0.323444,3605,3579
82.39700374531836,82.0754716981132,3.5,4,10,0.8342059925093633,0.0107910633087158,4525,0.7252166271209717,0,0,0,0,0,0.9998,0.0,0.0,0.9992000000000002,0.0433859825134277,0.0078914138114424,0.9992,0.0579779148101806,0.0208376105307578,BendWorstOCT,2026-07-09 19:06:02,spect,,,22,22,0,22,2,9,0.8187547169811363,0.9065378566457936,0.1072154307560219,3600.0005898475647,816759.0,-1780735171,0.63699604,True,False,Baseline,False,4,0.0002,88,23560093[].aqua,3600,1,0,0,0.05,-1,-1,0,-1,inf,True,False,False,1,False,False,True,False,0,Chain,False,False,False,False,False,0.88618,3606,3579
82.02247191011236,81.81818181818181,3.636363636363636,4,11,0.8347059925093634,0.0123534202575683,4686,0.8269913196563721,0,0,0,0,0,0.9999,0.0,0.0,0.9996000000000002,0.0492260456085205,0.0078727398114424,0.9996,0.0651919841766357,0.0207960245307578,BendWorstOCT,2026-07-09 19:06:02,spect,,,22,22,0,22,2,9,0.8170818181818184,0.9018727557411312,0.1037728850067803,3600.0005629062653,480669.0,1321489696,0.443178688,True,False,Baseline,False,4,0.0001,89,23560093[].aqua,3600,1,0,0,0.05,-1,-1,0,-1,inf,True,False,False,1,False,False,True,False,0,Chain,False,False,False,False,False,0.58862,3606,3572
47.80092592592592,43.47826086956522,2.25,3,4,0.6402314814814816,0.0071556568145751,15589,1.3756449222564695,0,0,0,0,0,0.94,0.0,0.0,0.8694999999999939,0.1600220203399658,0.0495719634191549,0.8184882756680764,0.9068708419799804,1.3845977527360254,BendWorstOCT,2026-07-09 19:06:22,car_evaluation,,,6,6,0,19,4,9,0.1947826086956554,0.5731260912865485,1.9423884150871424,3600.001061916352,20581.0,554273286,0.285498128,True,False,Baseline,False,3,0.06,91,23560093[].aqua,3600,1,0,0,0.05,-1,-1,0,-1,inf,True,False,False,1,False,False,True,False,0,Chain,False,False,False,False,False,0.36708,3605,3578
49.594907407407405,47.603305785123965,2.6,3,5,0.6602314814814815,0.0071296691894531,15483,1.3563947677612305,0,0,0,0,0,0.96,0.0,0.0,0.9132629118532802,0.1567578315734863,0.0532979010172455,0.876666666666648,0.8981668949127197,1.3969795510799068,BendWorstOCT,2026-07-09 19:06:22,car_evaluation,,,6,6,0,19,4,9,0.2760330584892504,0.7199999999999942,1.6083832275040095,3600.000759840012,14620.0,-2016061284,0.263539512,True,False,Baseline,False,3,0.04,92,23560093[].aqua,3600,1,0,0,0.05,-1,-1,0,-1,inf,True,False,False,1,False,False,True,False,0,Chain,False,False,False,False,False,0.361276,3605,3579
81.27340823970037,81.13207547169812,3.0,4,6,0.7852059925093633,0.0117676258087158,4144,0.512948751449585,0,0,0,0,0,0.99,0.0,0.0,0.9500000000000002,0.0873830318450927,0.0171055953315072,0.9038142785821308,0.137239933013916,0.0691501129841444,BendWorstOCT,2026-07-09 19:06:27,spect,,,22,22,0,22,2,9,0.7513207550343248,0.8002047300838613,0.0650640551615044,3600.0007750988007,797597.0,-391162145,0.464510728,True,False,Baseline,False,4,0.01,79,23560093[].aqua,3600,1,0,0,0.05,-1,-1,0,-1,inf,True,False,False,1,False,False,True,False,0,Chain,False,False,False,False,False,0.672096,3673,3581
81.27340823970037,81.13207547169812,3.1666666666666665,4,6,0.7952059925093633,0.0110325813293457,4202,0.5409934520721436,0,0,0,0,0,0.992,0.0,0.0,0.9600000000000002,0.0873079299926757,0.0190295277011583,0.9149820784043764,0.1411418914794922,0.0695213677154825,BendWorstOCT,2026-07-09 19:06:27,spect,,,22,22,0,22,2,9,0.7633207547169845,0.8150943396226448,0.0678267747676484,3600.000510931015,975487.0,298072516,0.54615988,True,False,Baseline,False,4,0.008,80,23560093[].aqua,3600,1,0,0,0.05,-1,-1,0,-1,inf,True,False,False,1,False,False,True,False,0,Chain,False,False,False,False,False,0.768292,3672,3580
47.80092592592592,43.47826086956522,2.4,3,5,0.7255555555555556,0.0072546005249023,18445,1.7971534729003906,0,0,0,0,0,0.98,0.0,0.0,0.9488534749889276,0.2588939666748047,0.1276100165517265,0.9435833333333288,0.5350310802459717,0.4672302614752253,BendWorstOCT,2026-07-09 19:06:43,car_evaluation,,,6,6,0,19,4,9,0.3347826086956524,0.7915176154893053,1.3642733969161047,3600.0010221004486,16631.0,-989561187,0.277724192,True,False,Baseline,False,3,0.02,93,23560093[].aqua,3600,1,0,0,0.05,-1,-1,0,-1,inf,True,False,False,1,False,False,True,False,0,Chain,False,False,False,False,False,0.378308,3605,3575
49.594907407407405,47.603305785123965,2.6666666666666665,3,6,0.7655555555555555,0.0072908401489257,19727,2.0543758869171143,0,0,0,0,0,0.99,0.0,0.0,0.974329388560149,0.2087259292602539,0.081048234919816,0.9742063492063406,0.2711470127105713,0.1475687827259257,BendWorstOCT,2026-07-09 19:06:44,car_evaluation,,,6,6,0,19,4,9,0.4160333063515314,0.8456314660618952,1.0326052100919307,3600.0015959739685,19500.0,1596554921,0.295211864,True,False,Baseline,False,3,0.01,94,23560093[].aqua,3600,1,0,0,0.05,-1,-1,0,-1,inf,True,False,False,1,False,False,True,False,0,Chain,False,False,False,False,False,0.3978,3605,3575
47.51157407407408,43.47826086956522,2.6666666666666665,3,6,0.7735555555555556,0.0074894428253173,19101,2.5599822998046875,0,0,0,0,0,0.992,0.0,0.0,0.9795527133848384,0.2515640258789062,0.0884809963288752,0.9770614262857004,0.4924991130828857,0.3226034341526633,BendWorstOCT,2026-07-09 19:06:44,car_evaluation,,,6,6,0,19,4,9,0.3867826093890438,0.7598254620835042,0.9644767981779572,3600.0011711120605,21871.0,-634634463,0.272659408,True,False,Baseline,False,3,0.008,95,23560093[].aqua,3600,1,0,0,0.05,-1,-1,0,-1,inf,True,False,False,1,False,False,True,False,0,Chain,False,False,False,False,False,0.381032,3606,3579
49.47916666666666,47.603305785123965,2.6,3,5,0.7815555555555556,0.0071625709533691,17620,1.3775982856750488,0,0,0,0,0,0.994,0.0,0.0,0.9846265868962306,0.2176020145416259,0.1023986919229193,0.9827978965001676,0.4003210067749023,0.3123356365833879,BendWorstOCT,2026-07-09 19:08:16,car_evaluation,,,6,6,0,19,4,9,0.4460330579958287,0.8614900848562489,0.931448957454417,3600.001227140426,22895.0,-1554252233,0.26731864,True,False,Baseline,False,3,0.006,96,23560093[].aqua,3600,1,0,0,0.05,-1,-1,0,-1,inf,True,False,False,1,False,False,True,False,0,Chain,False,False,False,False,False,0.383512,3605,3578
50.05787037037037,47.603305785123965,2.6666666666666665,3,6,0.7895555555555556,0.0074944496154785,19885,1.6925342082977295,0,0,0,0,0,0.996,0.0,0.0,0.9890578512396512,0.2248549461364746,0.0657669506682163,0.9885245744916816,0.4888250827789306,0.3743842086280812,BendWorstOCT,2026-07-09 19:09:03,car_evaluation,,,6,6,0,19,4,9,0.4520332231405036,0.8474431950990898,0.874736527575281,3600.000870943069,25721.0,142421579,0.264788848,True,False,Baseline,False,3,0.004,97,23560093[].aqua,3600,1,0,0,0.05,-1,-1,0,-1,inf,True,False,False,1,False,False,True,False,0,Chain,False,False,False,False,False,0.3768,3605,3577
47.8587962962963,46.875,3.2857142857142856,4,7,0.7694444444444444,0.0123722553253173,32507,3.000136375427246,0,0,0,0,0,0.99,0.0,0.0,0.97443786982248,0.2252929210662841,0.0755704003582044,0.970416666666658,0.4841458797454834,0.4050584722520439,BendWorstOCT,2026-07-09 19:09:25,car_evaluation,,,6,6,0,19,4,9,0.3987500001398762,0.9430097827990612,1.3649148149674382,3600.0012419223785,8684.0,-1465844065,0.496390984,True,False,Baseline,False,4,0.01,109,23560093[].aqua,3600,1,0,0,0.05,-1,-1,0,-1,inf,True,False,False,1,False,False,True,False,0,Chain,False,False,False,False,False,0.50258,3605,3570
49.594907407407405,47.603305785123965,2.6,3,5,0.8047555555555556,0.0071306228637695,17598,1.885476350784301,0,0,0,0,0,0.9998,0.0,0.0,0.9994522974893356,0.2354519367218017,0.0865601710892233,0.9994263513796366,0.4462859630584717,0.3103460773700067,BendWorstOCT,2026-07-09 19:09:25,car_evaluation,,,6,6,0,19,4,9,0.4750330578512334,0.9274659512705336,0.952424017532247,3600.00408411026,21776.0,-448895301,0.278866344,True,False,Baseline,False,3,0.0002,103,23560093[].aqua,3600,1,0,0,0.05,-1,-1,0,-1,inf,True,False,False,1,False,False,True,False,0,Chain,False,False,False,False,False,0.354284,3605,3578
47.91666666666666,40.0,2.25,3,4,0.6202314814814816,0.0126945972442626,31422,2.824622392654419,0,0,0,0,0,0.92,0.0,0.0,0.8130946957824688,0.3264110088348388,0.4778568704628765,0.7633088109656491,1.3396399021148682,2.2384756631129576,BendWorstOCT,2026-07-09 19:09:26,car_evaluation,,,6,6,0,19,4,9,0.08,0.5317953705598225,5.64744213199778,3600.002660036087,10748.0,-904608460,0.410320616,True,False,Baseline,False,4,0.08,105,23560093[].aqua,3600,1,0,0,0.05,-1,-1,0,-1,inf,True,False,False,1,False,False,True,False,0,Chain,False,False,False,False,False,0.424408,3605,3575
47.51157407407408,43.47826086956522,2.25,3,4,0.6402314814814816,0.0125458240509033,31338,2.380900621414185,0,0,0,0,0,0.94,0.0,0.0,0.8594296300073005,0.2679159641265869,0.3428193385886437,0.8465268143903687,0.4123208522796631,0.5564388664031537,BendWorstOCT,2026-07-09 19:09:26,car_evaluation,,,6,6,0,19,4,9,0.1947826086956524,0.64,2.285714285714282,3600.002735853195,9721.0,2105780662,0.418905144,True,False,Baseline,False,4,0.06,106,23560093[].aqua,3600,1,0,0,0.05,-1,-1,0,-1,inf,True,False,False,1,False,False,True,False,0,Chain,False,False,False,False,False,0.44252,3605,3575
47.395833333333336,46.09375,2.8,4,5,0.7255555555555556,0.0126256942749023,34449,3.343031644821167,0,0,0,0,0,0.98,0.0,0.0,0.9466666666666635,0.2920329570770263,0.161810131914845,0.942592592592586,0.520305871963501,0.4915073649661013,BendWorstOCT,2026-07-09 19:09:26,car_evaluation,,,6,6,0,19,4,9,0.360937500136095,0.8829714764093004,1.446327899086039,3600.002641916275,8155.0,2124639402,0.484963584,True,False,Baseline,False,4,0.02,108,23560093[].aqua,3600,1,0,0,0.05,-1,-1,0,-1,inf,True,False,False,1,False,False,True,False,0,Chain,False,False,False,False,False,0.485096,3605,3575
49.594907407407405,47.603305785123965,2.6666666666666665,3,6,0.8051555555555556,0.0077252388000488,20128,2.673034906387329,0,0,0,0,0,0.9999,0.0,0.0,0.999725263157889,0.2400488853454589,0.062450334247155,0.9997132357353742,0.4421219825744629,0.2792594175548428,BendWorstOCT,2026-07-09 19:09:26,car_evaluation,,,6,6,0,19,4,9,0.4754330581463203,0.8147689952231105,0.7137407280844897,3600.0010039806366,21733.0,-474057376,0.270253112,True,False,Baseline,False,3,0.0001,104,23560093[].aqua,3600,1,0,0,0.05,-1,-1,0,-1,inf,True,False,False,1,False,False,True,False,0,Chain,False,False,False,False,False,0.362548,3605,3575
47.91666666666666,40.0,2.25,3,4,0.6602314814814815,0.0135014057159423,33786,3.581003904342652,0,0,0,0,0,0.96,0.0,0.0,0.9062015311005752,0.2958381175994873,0.3740983415375262,0.8829889432291715,1.0316400527954102,1.49599367074274,BendWorstOCT,2026-07-09 19:09:26,car_evaluation,,,6,6,0,19,4,9,0.24,0.7872400671191264,2.280166946329693,3600.0019030570984,7380.0,1687835738,0.428078976,True,False,Baseline,False,4,0.04,107,23560093[].aqua,3600,1,0,0,0.05,-1,-1,0,-1,inf,True,False,False,1,False,False,True,False,0,Chain,False,False,False,False,False,0.446128,3605,3574
47.8587962962963,46.875,2.8,4,5,0.7794444444444444,0.0126230716705322,33453,3.254058122634888,0,0,0,0,0,0.992,0.0,0.0,0.979512623490668,0.2358360290527343,0.0725418419238791,0.976321867274682,0.4944288730621338,0.4055683275832141,BendWorstOCT,2026-07-09 19:09:48,car_evaluation,,,6,6,0,19,4,9,0.4287500011350015,0.9543972630377028,1.225999441425516,3600.0011818408966,8306.0,2026723955,0.47708408,True,False,Baseline,False,4,0.008,110,23560093[].aqua,3600,1,0,0,0.05,-1,-1,0,-1,inf,True,False,False,1,False,False,True,False,0,Chain,False,False,False,False,False,0.497904,3605,3575
49.53703703703704,43.47826086956522,2.6666666666666665,3,6,0.8031555555555556,0.007167100906372,19304,2.801953792572021,0,0,0,0,0,0.9994,0.0,0.0,0.9983546961325906,0.2395238876342773,0.0725893949596316,0.9982804630608448,0.4912939071655273,0.2793141899048814,BendWorstOCT,2026-07-09 19:10:30,car_evaluation,,,6,6,0,19,4,9,0.431182608695652,0.844201991984372,0.9578757931311824,3600.003133058548,20604.0,-10099514,0.269949912,True,False,Baseline,False,3,0.0006,101,23560093[].aqua,3600,1,0,0,0.05,-1,-1,0,-1,inf,True,False,False,1,False,False,True,False,0,Chain,False,False,False,False,False,0.382068,3670,3578
49.65277777777778,43.47826086956522,2.6666666666666665,3,6,0.8015555555555556,0.0072171688079833,21073,2.416218042373657,0,0,0,0,0,0.999,0.0,0.0,0.9972578268876552,0.2439310550689697,0.0785574066931513,0.9971335355478224,0.4538061618804931,0.2884905029237319,BendWorstOCT,2026-07-09 19:10:30,car_evaluation,,,6,6,0,19,4,9,0.4287826086956523,0.8307481824190273,0.9374577363250476,3600.004588127136,17319.0,-2145903760,0.300669024,True,False,Baseline,False,3,0.001,99,23560093[].aqua,3600,1,0,0,0.05,-1,-1,0,-1,inf,True,False,False,1,False,False,True,False,0,Chain,False,False,False,False,False,0.38768,3670,3580
49.594907407407405,47.603305785123965,2.6,3,5,0.7975555555555556,0.0077006816864013,18890,1.6921708583831787,0,0,0,0,0,0.998,0.0,0.0,0.9944637681159364,0.2377429008483886,0.0671151818301341,0.9942671651495388,0.4652628898620605,0.2829647013474161,BendWorstOCT,2026-07-09 19:10:30,car_evaluation,,,6,6,0,19,4,9,0.4660340495867755,0.8694162926545757,0.8655638862127613,3600.000706911087,20669.0,-635686886,0.272820912,True,False,Baseline,False,3,0.002,98,23560093[].aqua,3600,1,0,0,0.05,-1,-1,0,-1,inf,True,False,False,1,False,False,True,False,0,Chain,False,False,False,False,False,0.396716,3670,3579
49.47916666666666,47.603305785123965,2.6666666666666665,3,6,0.8023555555555556,0.0080845355987548,18748,2.0368764400482178,0,0,0,0,0,0.9992,0.0,0.0,0.997806261510123,0.2419588565826416,0.083961492406989,0.9977053892215508,0.4487957954406738,0.2846150134190074,BendWorstOCT,2026-07-09 19:10:30,car_evaluation,,,6,6,0,19,4,9,0.4712330581455494,0.8549951072118773,0.8143784533635067,3600.0055208206177,16306.0,880916344,0.30139484,True,False,Baseline,False,3,0.0008,100,23560093[].aqua,3600,1,0,0,0.05,-1,-1,0,-1,inf,True,False,False,1,False,False,True,False,0,Chain,False,False,False,False,False,0.373444,3670,3578
49.47916666666666,47.603305785123965,2.6,3,5,0.8039555555555555,0.007267951965332,19686,2.009080171585083,0,0,0,0,0,0.9996,0.0,0.0,0.9989045949786772,0.2382709980010986,0.0974073443345505,0.998849999999994,0.5126471519470215,0.4217552350715125,BendWorstOCT,2026-07-09 19:10:30,car_evaluation,,,6,6,0,19,4,9,0.4740332231405625,0.8799920909916207,0.8563932822292527,3600.005580186844,19359.0,1398443578,0.270280024,True,False,Baseline,False,3,0.0004,102,23560093[].aqua,3600,1,0,0,0.05,-1,-1,0,-1,inf,True,False,False,1,False,False,True,False,0,Chain,False,False,False,False,False,0.367148,3670,3578
59.201388888888886,53.6231884057971,3.25,4,8,0.8094444444444444,0.0127677917480468,33000,2.9759321212768555,0,0,0,0,0,0.998,0.0,0.0,0.9944627935665704,0.2433288097381591,0.0792627614207721,0.9942458041957856,0.5643148422241211,0.3845422373746172,BendWorstOCT,2026-07-09 19:11:07,car_evaluation,,,6,6,0,19,4,9,0.5202318842099951,0.9894999999999788,0.90203643804454,3600.00177192688,8876.0,622105060,0.439828008,True,False,Baseline,False,4,0.002,113,23560093[].aqua,3600,1,0,0,0.05,-1,-1,0,-1,inf,True,False,False,1,False,False,True,False,0,Chain,False,False,False,False,False,0.449748,3606,3575
47.8587962962963,46.875,2.8,4,5,0.8144444444444444,0.0126810073852539,33701,2.9794461727142334,0,0,0,0,0,0.999,0.0,0.0,0.997437005711661,0.255450963973999,0.1152854385354014,0.9970381822358276,0.4925169944763183,0.3959207212497685,BendWorstOCT,2026-07-09 19:11:07,car_evaluation,,,6,6,0,19,4,9,0.4637500001464377,0.994999999999978,1.1455525599693548,3600.001389980316,6953.0,-424238609,0.44189804,True,False,Baseline,False,4,0.001,114,23560093[].aqua,3600,1,0,0,0.05,-1,-1,0,-1,inf,True,False,False,1,False,False,True,False,0,Chain,False,False,False,False,False,0.49502,3606,3576
61.28472222222222,49.27536231884058,3.5,4,8,0.8154444444444444,0.0133223533630371,35166,3.413809537887573,0,0,0,0,0,0.9992,0.0,0.0,0.9978971905521896,0.272266149520874,0.0822618313914591,0.9977418099115192,0.4146831035614013,0.2244709579421802,BendWorstOCT,2026-07-09 19:11:07,car_evaluation,,,6,6,0,19,4,9,0.4863536231884059,0.9959828546973972,1.047857376219378,3600.003925085068,8170.0,1419354194,0.453269072,True,False,Baseline,False,4,0.0008,115,23560093[].aqua,3600,1,0,0,0.05,-1,-1,0,-1,inf,True,False,False,1,False,False,True,False,0,Chain,False,False,False,False,False,0.488792,3606,3576
55.844907407407405,49.27536231884058,3.142857142857143,4,7,0.8184444444444444,0.0141091346740722,34126,3.807469367980957,0,0,0,0,0,0.9998,0.0,0.0,0.9994581818181602,0.3015229701995849,0.1290501482892908,0.9994249999999784,0.5207381248474121,0.3395404280680524,BendWorstOCT,2026-07-09 19:11:08,car_evaluation,,,6,6,0,19,4,9,0.4913536231884102,0.9989124999999782,1.0329808367301767,3600.0014219284058,7629.0,-824353906,0.46824452,True,False,Baseline,False,4,0.0002,118,23560093[].aqua,3600,1,0,0,0.05,-1,-1,0,-1,inf,True,False,False,1,False,False,True,False,0,Chain,False,False,False,False,False,0.49496,3606,3576
50.63657407407408,49.27536231884058,3.5,4,10,0.8174444444444444,0.0141165256500244,32460,3.6062958240509033,0,0,0,0,0,0.9996,0.0,0.0,0.998916363636342,0.2893807888031006,0.1119075073034669,0.9988499999999768,0.5012807846069336,0.3431577138973044,BendWorstOCT,2026-07-09 19:11:08,car_evaluation,,,6,6,0,19,4,9,0.4887536231884082,0.9978999999999804,1.041723994781114,3600.0038509368896,7646.0,-1740044600,0.516965592,True,False,Baseline,False,4,0.0004,117,23560093[].aqua,3600,1,0,0,0.05,-1,-1,0,-1,inf,True,False,False,1,False,False,True,False,0,Chain,False,False,False,False,False,0.457816,3606,3576
60.47453703703704,56.52173913043478,3.75,4,12,0.8189444444444445,0.0135443210601806,34738,5.0513670444488525,0,0,0,0,0,0.9999,0.0,0.0,0.9997278260869348,0.3069708347320556,0.095130698371959,0.9997124999999782,0.5026137828826904,0.3305324783019605,BendWorstOCT,2026-07-09 19:11:08,car_evaluation,,,6,6,0,19,4,9,0.5640173913043479,0.9994920402718016,0.7720943638996203,3600.001625776291,7452.0,912052109,0.41231124,True,False,Baseline,False,4,0.0001,119,23560093[].aqua,3600,1,0,0,0.05,-1,-1,0,-1,inf,True,False,False,1,False,False,True,False,0,Chain,False,False,False,False,False,0.500472,3605,3580
71.81712962962963,49.27536231884058,3.1666666666666665,4,6,0.7994444444444444,0.0166339874267578,34893,3.2573046684265137,0,0,0,0,0,0.996,0.0,0.0,0.9894284972748468,0.2875699996948242,0.0899494697498866,0.9881666666666616,0.5926921367645264,0.4024063522132169,BendWorstOCT,2026-07-09 19:11:27,car_evaluation,,,6,6,0,19,4,9,0.4687536233352903,0.9799999999999942,1.0906505063941008,3600.001349210739,8666.0,69802347,0.416339392,True,False,Baseline,False,4,0.004,112,23560093[].aqua,3600,1,0,0,0.05,-1,-1,0,-1,inf,True,False,False,1,False,False,True,False,0,Chain,False,False,False,False,False,0.47536,3673,3578
47.8587962962963,46.875,2.8,4,5,0.7894444444444444,0.0159738063812255,31487,2.6784791946411133,0,0,0,0,0,0.994,0.0,0.0,0.9837287683414832,0.293842077255249,0.080339660238801,0.9827499999999956,0.5994701385498047,0.4576645360737887,BendWorstOCT,2026-07-09 19:11:27,car_evaluation,,,6,6,0,19,4,9,0.4387500055112895,0.9697630289180422,1.2102860780319449,3600.006411075592,7984.0,1971057696,0.440203376,True,False,Baseline,False,4,0.006,111,23560093[].aqua,3600,1,0,0,0.05,-1,-1,0,-1,inf,True,False,False,1,False,False,True,False,0,Chain,False,False,False,False,False,0.480912,3673,3580
58.7962962962963,56.52173913043478,3.4444444444444446,4,9,0.8164444444444444,0.0344254970550537,34009,4.639577627182007,0,0,0,0,0,0.9994,0.42,0.0,0.998374545454524,2.3523550033569336,0.0727082195298031,0.9982749999999784,2.9306671619415283,0.3682680868660773,BendWorstOCT,2026-07-09 19:12:18,car_evaluation,,,6,6,0,19,4,9,0.5598173913043478,0.996799999999978,0.7805806241165207,3600.001296043396,7909.0,-105860259,0.474615016,True,False,Baseline,False,4,0.0006,116,23560093[].aqua,3600,1,0,0,0.05,-1,-1,0,-1,inf,True,False,False,1,False,False,True,False,0,Chain,False,False,False,False,False,0.447256,3676,3587
69.38502673796792,66.29213483146067,1.6666666666666667,2,3,0.7420320855614974,0.0053777694702148,8052,0.6154391765594482,0,0,0,0,0,0.98,0.0,0.0,0.9343852577022772,0.114358901977539,0.0842618917311406,0.9201157148189648,0.3092730045318603,0.2106175899856314,BendWorstOCT,2026-07-09 19:26:43,transfusion,Quantile Thresholds,5.0,4,0,4,16,2,2,0.6029213483146252,0.6029213483146252,0.0,2848.7291798591614,344713.0,567102440,0.133068472,True,False,Baseline,False,3,0.02,183,23560093[].aqua,3600,1,0,0,0.05,-1,-1,0,-1,inf,True,False,False,1,False,False,True,False,0,Chain,False,False,False,False,False,0.257536,2854,2822
65.97938144329896,56.52173913043478,1.0,1,2,0.6828865979381443,0.027308702468872,2159,0.699772834777832,0,0,0,0,0,0.92,0.0,0.0,0.8290095776301805,0.1294629573822021,0.0301818177362144,0.7974696113819607,0.2410171031951904,0.1074520749277487,BendWorstOCT,2026-07-09 19:16:18,wpbc,Quantile Thresholds,5.0,32,0,32,127,2,9,0.405217660961524,0.5036956521739124,0.2430249238858793,3600.0008919239044,163470.0,110770885,0.239445872,True,False,Baseline,False,3,0.08,150,23560093[].aqua,3600,1,0,0,0.05,-1,-1,0,-1,inf,True,False,False,1,False,False,True,False,0,Chain,False,False,False,False,False,0.2927,3605,3574
63.91752577319588,62.83783783783784,1.6666666666666667,2,3,0.7028865979381442,0.0243055820465087,2390,0.8167245388031006,0,0,0,0,0,0.94,0.0,0.0,0.8690095776301803,0.1252589225769043,0.0290716928017629,0.8438929656367377,0.220674991607666,0.1041521263141352,BendWorstOCT,2026-07-09 19:16:41,wpbc,Quantile Thresholds,5.0,32,0,32,127,2,9,0.4483783912658686,0.6399999999999988,0.4273658420361008,3600.000595092773,289858.0,1056015015,0.393378952,True,False,Baseline,False,3,0.06,151,23560093[].aqua,3600,1,0,0,0.05,-1,-1,0,-1,inf,True,False,False,1,False,False,True,False,0,Chain,False,False,False,False,False,0.426816,3605,3577
71.64948453608247,69.56521739130434,2.0,2,4,0.7228865979381442,0.0241775512695312,2333,0.8586215972900391,0,0,0,0,0,0.96,0.0,0.0,0.90900957763018,0.1376440525054931,0.0255384451305689,0.8930219385556273,0.2130279541015625,0.0823442413137183,BendWorstOCT,2026-07-09 19:16:41,wpbc,Quantile Thresholds,5.0,32,0,32,127,2,9,0.5356525914910524,0.7599999999999993,0.4188300627547593,3600.0016651153564,311288.0,-1764894962,0.42420376,True,False,Baseline,False,3,0.04,152,23560093[].aqua,3600,1,0,0,0.05,-1,-1,0,-1,inf,True,False,False,1,False,False,True,False,0,Chain,False,False,False,False,False,0.460504,3605,3574
71.64948453608247,71.62162162162163,2.4,3,5,0.7428865979381443,0.0248637199401855,2396,1.1327879428863523,0,0,0,0,0,0.98,0.0,0.0,0.9521041549691198,0.112217903137207,0.0237501889607239,0.9462685998068542,0.1585619449615478,0.0571135736679993,BendWorstOCT,2026-07-09 19:17:04,wpbc,Quantile Thresholds,5.0,32,0,32,127,2,9,0.6162164224160686,0.8800000000000018,0.4280696975742508,3600.000702857971,317955.0,-1998641650,0.448873048,True,False,Baseline,False,3,0.02,153,23560093[].aqua,3600,1,0,0,0.05,-1,-1,0,-1,inf,True,False,False,1,False,False,True,False,0,Chain,False,False,False,False,False,0.523664,3606,3576
74.22680412371135,73.91304347826087,2.6666666666666665,3,6,0.7528865979381443,0.0261776447296142,2539,1.335322618484497,0,0,0,0,0,0.99,0.0,0.0,0.975213483752565,0.1688430309295654,0.0222885268157197,0.9732152554617252,0.2202889919281005,0.051099006261376,BendWorstOCT,2026-07-09 19:17:05,wpbc,Quantile Thresholds,5.0,32,0,32,127,2,9,0.6791304347826084,0.9399999999999984,0.3841229193341852,3600.0007688999176,228667.0,1300249659,0.383325816,True,False,Baseline,False,3,0.01,154,23560093[].aqua,3600,1,0,0,0.05,-1,-1,0,-1,inf,True,False,False,1,False,False,True,False,0,Chain,False,False,False,False,False,0.43774,3607,3576
72.68041237113403,72.29729729729729,2.6666666666666665,3,6,0.7566597938144329,0.0251846313476562,2512,1.2340168952941897,0,0,0,0,0,0.992,0.0,0.0,0.9800110809497096,0.1338300704956054,0.0218873307600822,0.9785979406929468,0.1721489429473877,0.0504152118226194,BendWorstOCT,2026-07-09 19:17:53,wpbc,Quantile Thresholds,5.0,32,0,32,127,2,9,0.6749730245229546,0.9519999999999994,0.4104267361985866,3600.000787973404,260330.0,104200035,0.430922576,True,False,Baseline,False,3,0.008,155,23560093[].aqua,3600,1,0,0,0.05,-1,-1,0,-1,inf,True,False,False,1,False,False,True,False,0,Chain,False,False,False,False,False,0.500264,3606,3579
76.80412371134021,76.35135135135135,3.0,3,8,0.7981237113402062,0.0273802280426025,2389,1.3062145709991455,0,0,0,0,0,0.999,0.0,0.0,0.9974860335195528,0.1483628749847412,0.0221465838802236,0.99727319708715,0.2285199165344238,0.0723772614054276,BendWorstOCT,2026-07-09 19:18:45,wpbc,Quantile Thresholds,5.0,32,0,32,127,2,9,0.7555135135135198,0.9938775127035978,0.3154993192399232,3600.000741958618,185634.0,-980465378,0.345014304,True,False,Baseline,False,3,0.001,159,23560093[].aqua,3600,1,0,0,0.05,-1,-1,0,-1,inf,True,False,False,1,False,False,True,False,0,Chain,False,False,False,False,False,0.387328,3606,3577
76.28865979381443,76.08695652173913,3.0,3,8,0.7921237113402062,0.0269064903259277,2402,1.3373808860778809,0,0,0,0,0,0.998,0.0,0.0,0.994972067039106,0.1468899250030517,0.022363271394429,0.994546394174301,0.2368171215057373,0.0756391997782236,BendWorstOCT,2026-07-09 19:18:45,wpbc,Quantile Thresholds,5.0,32,0,32,127,2,9,0.7448696066814905,0.987662222222222,0.3259531780634873,3600.0012929439545,233191.0,293173383,0.371973456,True,False,Baseline,False,3,0.002,158,23560093[].aqua,3600,1,0,0,0.05,-1,-1,0,-1,inf,True,False,False,1,False,False,True,False,0,Chain,False,False,False,False,False,0.41698,3606,3577
74.22680412371135,73.91304347826087,2.857142857142857,3,7,0.7801237113402062,0.0255932807922363,2422,1.2638068199157717,0,0,0,0,0,0.996,0.0,0.0,0.989944134078213,0.1472940444946289,0.0221712489683654,0.9890927883486024,0.2414619922637939,0.0792403952174931,BendWorstOCT,2026-07-09 19:18:46,wpbc,Quantile Thresholds,5.0,32,0,32,127,2,9,0.7111304347826083,0.9759999999999992,0.3724627048178037,3600.000810146332,206673.0,-1097472767,0.367224552,True,False,Baseline,False,3,0.004,157,23560093[].aqua,3600,1,0,0,0.05,-1,-1,0,-1,inf,True,False,False,1,False,False,True,False,0,Chain,False,False,False,False,False,0.417412,3607,3577
77.31958762886597,77.02702702702703,3.0,3,8,0.7681237113402062,0.0267901420593261,2429,1.421076774597168,0,0,0,0,0,0.994,0.0,0.0,0.98491620111732,0.1844398975372314,0.0204256497488415,0.983639182522908,0.2697091102600097,0.0755724238655058,BendWorstOCT,2026-07-09 19:18:46,wpbc,Quantile Thresholds,5.0,32,0,32,127,2,9,0.7222702702702707,0.963999999999998,0.3346804370603168,3600.014317035675,174116.0,-245635291,0.33636804,True,False,Baseline,False,3,0.006,156,23560093[].aqua,3600,1,0,0,0.05,-1,-1,0,-1,inf,True,False,False,1,False,False,True,False,0,Chain,False,False,False,False,False,0.359008,3608,3578
77.83505154639175,77.70270270270271,3.0,3,8,0.7993237113402062,0.0273621082305908,2364,1.330899715423584,0,0,0,0,0,0.9992,0.0,0.0,0.9979888268156422,0.1334400177001953,0.0224858956421306,0.99781855766972,0.2145938873291015,0.0728137678674955,BendWorstOCT,2026-07-09 19:19:10,wpbc,Quantile Thresholds,5.0,32,0,32,127,2,9,0.7706270785769934,0.9951999999999992,0.2914158192282738,3600.000904083252,138240.0,1622669368,0.29895864,True,False,Baseline,False,3,0.0008,160,23560093[].aqua,3600,1,0,0,0.05,-1,-1,0,-1,inf,True,False,False,1,False,False,True,False,0,Chain,False,False,False,False,False,0.317944,3605,3573
76.28865979381443,75.67567567567568,2.857142857142857,3,7,0.8017237113402063,0.0253310203552246,2439,1.4653985500335691,0,0,0,0,0,0.9996,0.0,0.0,0.9989944134078208,0.1737709045410156,0.0221194164258226,0.9989092788348598,0.2692108154296875,0.0794740605122698,BendWorstOCT,2026-07-09 19:19:36,wpbc,Quantile Thresholds,5.0,32,0,32,127,2,9,0.7539567825317416,0.9976198562840808,0.323179099117768,3600.000857830048,164502.0,1453498806,0.330956208,True,False,Baseline,False,3,0.0004,162,23560093[].aqua,3600,1,0,0,0.05,-1,-1,0,-1,inf,True,False,False,1,False,False,True,False,0,Chain,False,False,False,False,False,0.372788,3606,3578
73.71134020618557,73.64864864864865,3.0,3,8,0.8005237113402062,0.0253164768218994,2541,1.3086352348327637,0,0,0,0,0,0.9994,0.0,0.0,0.9984916201117314,0.1397690773010254,0.0225192228057248,0.9983605801548672,0.2380180358886718,0.0859985162278379,BendWorstOCT,2026-07-09 19:19:36,wpbc,Quantile Thresholds,5.0,32,0,32,127,2,9,0.731686499373979,0.9963999999999996,0.3617854106266902,3600.0009310245514,177275.0,563162392,0.389960912,True,False,Baseline,False,3,0.0006,161,23560093[].aqua,3600,1,0,0,0.05,-1,-1,0,-1,inf,True,False,False,1,False,False,True,False,0,Chain,False,False,False,False,False,0.40136,3606,3577
76.80412371134021,76.08695652173913,3.0,3,8,0.8029237113402062,0.0243053436279296,2426,1.19256591796875,0,0,0,0,0,0.9998,0.0,0.0,0.9994972067039102,0.1383121013641357,0.021993699127852,0.9994546394174296,0.1759741306304931,0.0514510567596693,BendWorstOCT,2026-07-09 19:20:30,wpbc,Quantile Thresholds,5.0,32,0,32,127,2,9,0.7592697310738159,0.9987999999999996,0.3154745397099157,3600.000683069229,171090.0,1002871231,0.317014784,True,False,Baseline,False,3,0.0002,163,23560093[].aqua,3600,1,0,0,0.05,-1,-1,0,-1,inf,True,False,False,1,False,False,True,False,0,Chain,False,False,False,False,False,0.374344,3605,3573
76.80412371134021,76.35135135135135,3.0,3,8,0.8035237113402062,0.0234639644622802,2380,1.192862033843994,0,0,0,0,0,0.9999,0.0,0.0,0.9997486033519548,0.1180028915405273,0.0224233598515683,0.9997259436327768,0.1776769161224365,0.0675626337882435,BendWorstOCT,2026-07-09 19:20:58,wpbc,Quantile Thresholds,5.0,32,0,32,127,2,9,0.7627137197133789,0.9993999999999994,0.3103212570708249,3600.000748872757,179196.0,531492637,0.338231144,True,False,Baseline,False,3,0.0001,164,23560093[].aqua,3600,1,0,0,0.05,-1,-1,0,-1,inf,True,False,False,1,False,False,True,False,0,Chain,False,False,False,False,False,0.374972,3605,3575
79.38144329896907,79.05405405405405,3.769230769230769,4,13,0.8182061855670103,0.049612283706665,3805,2.00695538520813,0,0,0,0,0,0.998,0.0,0.0,0.994972067039106,0.1330728530883789,0.0215986273290373,0.994972067039106,0.1923408508300781,0.0578305579061248,BendWorstOCT,2026-07-09 19:21:28,wpbc,Quantile Thresholds,5.0,32,0,32,127,2,9,0.7645405405405478,0.9879999999999994,0.2922794117646929,3600.0010180473328,166224.0,806930351,0.494576248,True,False,Baseline,False,4,0.002,173,23560093[].aqua,3600,1,0,0,0.05,-1,-1,0,-1,inf,True,False,False,1,False,False,True,False,0,Chain,False,False,False,False,False,0.511312,3605,3577
76.28865979381443,76.08695652173913,3.5454545454545454,4,11,0.7962061855670103,0.0522973537445068,3709,1.963479280471801,0,0,0,0,0,0.996,0.0,0.0,0.989944134078213,0.1443839073181152,0.0216253772472191,0.989944134078213,0.2027919292449951,0.05762695669056,BendWorstOCT,2026-07-09 19:21:29,wpbc,Quantile Thresholds,5.0,32,0,32,127,2,9,0.7168695652172034,0.9783591447042768,0.3647659102501372,3600.001871109009,134031.0,1405582715,0.455645744,True,False,Baseline,False,4,0.004,172,23560093[].aqua,3600,1,0,0,0.05,-1,-1,0,-1,inf,True,False,False,1,False,False,True,False,0,Chain,False,False,False,False,False,0.461996,3605,3571
83.50515463917526,83.10810810810811,3.933333333333333,4,15,0.8292061855670103,0.0502176284790039,3733,2.2813796997070312,0,0,0,0,0,0.999,0.0,0.0,0.9974860335195528,0.1415081024169922,0.0215967366108555,0.9974860335195528,0.2162270545959472,0.0565258490317863,BendWorstOCT,2026-07-09 19:21:59,wpbc,Quantile Thresholds,5.0,32,0,32,127,2,9,0.8160810810811922,0.9946595601436268,0.2188244320354092,3600.001209974289,137933.0,-719606763,0.44230052,True,False,Baseline,False,4,0.001,174,23560093[].aqua,3600,1,0,0,0.05,-1,-1,0,-1,inf,True,False,False,1,False,False,True,False,0,Chain,False,False,False,False,False,0.460332,3605,3575
69.0721649484536,68.91891891891892,2.0,2,4,0.7028865979381442,0.0552868843078613,3727,1.2159714698791504,0,0,0,0,0,0.94,0.0,0.0,0.8694150032826171,0.1798548698425293,0.1209051491654927,0.8386512175609595,0.2833199501037597,0.1805978880776749,BendWorstOCT,2026-07-09 19:22:04,wpbc,Quantile Thresholds,5.0,32,0,32,127,2,9,0.4491891891891892,0.6535666016168842,0.4549918327211017,3600.001166820526,141102.0,-239035057,0.67099572,True,False,Baseline,False,4,0.06,166,23560093[].aqua,3600,1,0,0,0.05,-1,-1,0,-1,inf,True,False,False,1,False,False,True,False,0,Chain,False,False,False,False,False,0.408352,3672,3577
71.64948453608247,71.62162162162163,2.4,3,5,0.7428865979381443,0.0514519214630126,4269,1.952223539352417,0,0,0,0,0,0.98,0.0,0.0,0.9522696283017296,0.1949470043182373,0.1321641410480474,0.9356321733770336,1.7301430702209473,1.8034647814029143,BendWorstOCT,2026-07-09 19:22:04,wpbc,Quantile Thresholds,5.0,32,0,32,127,2,9,0.6162162162162158,0.8800000000000022,0.428070175438601,3600.001585006714,152982.0,1117084448,0.45194032,True,False,Baseline,False,4,0.02,168,23560093[].aqua,3600,1,0,0,0.05,-1,-1,0,-1,inf,True,False,False,1,False,False,True,False,0,Chain,False,False,False,False,False,0.514,3671,3577
76.28865979381443,76.08695652173913,3.636363636363636,4,11,0.7612783505154639,0.0504319667816162,4324,2.292672872543335,0,0,0,0,0,0.992,0.0,0.0,0.9800485405239812,0.2081780433654785,0.1311261164848297,0.9769722222222232,0.2889440059661865,0.17199613902653,BendWorstOCT,2026-07-09 19:22:04,wpbc,Quantile Thresholds,5.0,32,0,32,127,2,9,0.6728695652174012,0.9519999999999992,0.4148358749030539,3600.005828857422,174565.0,1794254203,0.531107816,True,False,Baseline,False,4,0.008,170,23560093[].aqua,3600,1,0,0,0.05,-1,-1,0,-1,inf,True,False,False,1,False,False,True,False,0,Chain,False,False,False,False,False,0.524656,3671,3577
76.80412371134021,76.08695652173913,3.125,4,8,0.7528865979381443,0.0511074066162109,4319,2.133707046508789,0,0,0,0,0,0.99,0.0,0.0,0.9752676168816632,0.18902587890625,0.1311125727691122,0.9711856571139448,0.3037919998168945,0.1816534987488239,BendWorstOCT,2026-07-09 19:22:04,wpbc,Quantile Thresholds,5.0,32,0,32,127,2,9,0.6808695652173908,0.9400000000000022,0.380587484035764,3600.011698961258,155783.0,1154038888,0.475480192,True,False,Baseline,False,4,0.01,169,23560093[].aqua,3600,1,0,0,0.05,-1,-1,0,-1,inf,True,False,False,1,False,False,True,False,0,Chain,False,False,False,False,False,0.503524,3671,3577
63.91752577319588,62.83783783783784,1.6666666666666667,2,3,0.7228865979381442,0.0500097274780273,4074,1.3632159233093262,0,0,0,0,0,0.96,0.0,0.0,0.909415003282617,0.1803219318389892,0.1111569548814609,0.8882236636185477,0.287214994430542,0.1708115859649434,BendWorstOCT,2026-07-09 19:22:04,wpbc,Quantile Thresholds,5.0,32,0,32,127,2,9,0.5083783783783787,0.7721014665175596,0.5187535492370913,3600.001312017441,217073.0,-320484196,0.60600836,True,False,Baseline,False,4,0.04,167,23560093[].aqua,3600,1,0,0,0.05,-1,-1,0,-1,inf,True,False,False,1,False,False,True,False,0,Chain,False,False,False,False,False,0.543328,3671,3577
78.35051546391753,78.26086956521739,3.5,4,10,0.776742268041237,0.0513279438018798,4154,2.20521092414856,0,0,0,0,0,0.994,0.0,0.0,0.984994991652756,0.2009289264678955,0.1304969305139144,0.9821666666666684,0.3016917705535888,0.1802461125581736,BendWorstOCT,2026-07-09 19:22:04,wpbc,Quantile Thresholds,5.0,32,0,32,127,2,9,0.7226086956521658,0.9639999999999994,0.3340553549939973,3600.001413822174,166741.0,144978337,0.517597168,True,False,Baseline,False,4,0.006,171,23560093[].aqua,3600,1,0,0,0.05,-1,-1,0,-1,inf,True,False,False,1,False,False,True,False,0,Chain,False,False,False,False,False,0.580076,3671,3577
65.97938144329896,56.52173913043478,1.0,1,2,0.6828865979381443,0.0608768463134765,3863,1.174595594406128,0,0,0,0,0,0.92,0.26,0.0,0.8294150032826172,1.8553969860076904,0.1163785684894813,0.7903025769627853,2.1337380409240723,0.1788423524803314,BendWorstOCT,2026-07-09 19:22:05,wpbc,Quantile Thresholds,5.0,32,0,32,127,2,9,0.4052176406007355,0.5259033917111859,0.2978294600687514,3600.014147043228,87451.0,-770409243,0.363050824,True,False,Baseline,False,4,0.08,165,23560093[].aqua,3600,1,0,0,0.05,-1,-1,0,-1,inf,True,False,False,1,False,False,True,False,0,Chain,False,False,False,False,False,0.302424,3672,3585
85.05154639175258,84.78260869565217,3.857142857142857,4,14,0.8314061855670103,0.0517311096191406,3762,2.1862971782684326,0,0,0,0,0,0.9992,0.0,0.0,0.9979888268156422,0.1294798851013183,0.0215964829108555,0.9979888268156422,0.2016749382019043,0.0564860250179797,BendWorstOCT,2026-07-09 19:22:31,wpbc,Quantile Thresholds,5.0,32,0,32,127,2,9,0.8366260869565368,0.9952,0.1895397663492903,3600.00097489357,181670.0,-1423826792,0.781509688,True,False,Baseline,False,4,0.0008,175,23560093[].aqua,3600,1,0,0,0.05,-1,-1,0,-1,inf,True,False,False,1,False,False,True,False,0,Chain,False,False,False,False,False,0.502388,3606,3568
82.47422680412372,82.43243243243244,3.769230769230769,4,13,0.8336061855670103,0.0493590831756591,3951,2.3001821041107178,0,0,0,0,0,0.9994,0.0,0.0,0.9984916201117314,0.1217739582061767,0.0216091248654009,0.9984916201117314,0.1907019615173339,0.0565318629841231,BendWorstOCT,2026-07-09 19:23:01,wpbc,Quantile Thresholds,5.0,32,0,32,127,2,9,0.8165243243243427,0.9967970937579334,0.2207806480018371,3600.001293897629,146648.0,718816584,0.436761104,True,False,Baseline,False,4,0.0006,176,23560093[].aqua,3600,1,0,0,0.05,-1,-1,0,-1,inf,True,False,False,1,False,False,True,False,0,Chain,False,False,False,False,False,0.494232,3604,3575
81.44329896907216,81.08108108108108,3.636363636363636,4,11,0.8358061855670104,0.0498816967010498,3862,2.2965924739837646,0,0,0,0,0,0.9996,0.0,0.0,0.9989944134078208,0.1238131523132324,0.0216014368290373,0.9989944134078208,0.1938140392303466,0.056591727876982,BendWorstOCT,2026-07-09 19:23:01,wpbc,Quantile Thresholds,5.0,32,0,32,127,2,9,0.8064108365857948,0.9978813906209876,0.2374354923674468,3600.0026359558105,127106.0,-2128574312,0.41348888,True,False,Baseline,False,4,0.0004,177,23560093[].aqua,3600,1,0,0,0.05,-1,-1,0,-1,inf,True,False,False,1,False,False,True,False,0,Chain,False,False,False,False,False,0.443256,3604,3574
82.47422680412372,82.43243243243244,3.75,4,12,0.8380061855670103,0.0537800788879394,3805,2.543564796447754,0,0,0,0,0,0.9998,0.0,0.0,0.9994989840348326,0.1823089122772216,0.0217832678798781,0.9994972067039102,0.2710568904876709,0.0600154018870678,BendWorstOCT,2026-07-09 19:23:04,wpbc,Quantile Thresholds,5.0,32,0,32,127,2,9,0.821924375874288,0.9989032573289902,0.2153225852031073,3600.001928806305,124865.0,-238059869,0.42491128,True,False,Baseline,False,4,0.0002,178,23560093[].aqua,3600,1,0,0,0.05,-1,-1,0,-1,inf,True,False,False,1,False,False,True,False,0,Chain,False,False,False,False,False,0.430764,3607,3560
77.31958762886597,77.02702702702703,3.857142857142857,4,14,0.8391061855670103,0.051196813583374,3903,2.508943796157837,0,0,0,0,0,0.9999,0.0,0.0,0.999749492017416,0.1757619380950927,0.0214115676147949,0.9997494382022466,0.2477650642395019,0.0567964268112618,BendWorstOCT,2026-07-09 19:24:09,wpbc,Quantile Thresholds,5.0,32,0,32,127,2,9,0.7688702960452526,0.9994986465726604,0.2999574202744777,3600.001164913177,134550.0,1970077257,0.43850488,True,False,Baseline,False,4,0.0001,179,23560093[].aqua,3600,1,0,0,0.05,-1,-1,0,-1,inf,True,False,False,1,False,False,True,False,0,Chain,False,False,False,False,False,0.51154,3607,3578
67.9144385026738,67.41573033707866,2.25,3,4,0.7520320855614974,0.0053415298461914,7736,0.6090795993804932,0,0,0,0,0,0.99,0.0,0.0,0.9645580110497264,0.0852820873260498,0.0159531927894503,0.9645580110497264,0.1912260055541992,0.0394149153518077,BendWorstOCT,2026-07-09 19:26:43,transfusion,Quantile Thresholds,5.0,4,0,4,16,2,9,0.6341573033707878,0.7349122807017563,0.1588801024531569,3600.003616094589,453339.0,-832646082,0.279883656,True,False,Baseline,False,3,0.01,184,23560093[].aqua,3600,1,0,0,0.05,-1,-1,0,-1,inf,True,False,False,1,False,False,True,False,0,Chain,False,False,False,False,False,0.396328,3605,3568
67.37967914438502,67.19298245614036,2.25,3,4,0.7540320855614974,0.0051674842834472,8300,0.601140022277832,0,0,0,0,0,0.992,0.0,0.0,0.970850828729284,0.0897579193115234,0.0130185574819532,0.9627400000000026,0.210453987121582,0.0707462948160093,BendWorstOCT,2026-07-09 19:27:09,transfusion,Quantile Thresholds,5.0,4,0,4,16,2,9,0.6399298245614053,0.7402531572071424,0.1567723972147985,3600.000655889511,444341.0,-1530094967,0.308233896,True,False,Baseline,False,3,0.008,185,23560093[].aqua,3600,1,0,0,0.05,-1,-1,0,-1,inf,True,False,False,1,False,False,True,False,0,Chain,False,False,False,False,False,0.443856,3605,3575
68.18181818181819,68.0701754385965,2.6,3,5,0.7560320855614974,0.0052511692047119,8334,0.5642857551574707,0,0,0,0,0,0.994,0.0,0.0,0.977412520064208,0.0641989707946777,0.0116903621414709,0.9710456140350904,0.1532750129699707,0.0341667200847507,BendWorstOCT,2026-07-09 19:27:39,transfusion,Quantile Thresholds,5.0,4,0,4,16,2,9,0.6507017551378459,0.7669159043965783,0.1785981801049751,3600.0011010169983,462331.0,886899709,0.332245848,True,False,Baseline,False,3,0.006,186,23560093[].aqua,3600,1,0,0,0.05,-1,-1,0,-1,inf,True,False,False,1,False,False,True,False,0,Chain,False,False,False,False,False,0.471764,3607,3579
68.85026737967914,68.7719298245614,2.6666666666666665,3,6,0.7580320855614974,0.0049881935119628,8099,0.6535923480987549,0,0,0,0,0,0.996,0.0,0.0,0.9840000000000024,0.13673996925354,0.0239819306783896,0.9803574468085128,0.1752159595489502,0.0562858301055722,BendWorstOCT,2026-07-09 19:28:37,transfusion,Quantile Thresholds,5.0,4,0,4,16,2,9,0.6637192982456599,0.783893886010364,0.1810623679051507,3600.0010640621185,472971.0,-1181472999,0.324765144,True,False,Baseline,False,3,0.004,187,23560093[].aqua,3600,1,0,0,0.05,-1,-1,0,-1,inf,True,False,False,1,False,False,True,False,0,Chain,False,False,False,False,False,0.472016,3604,3578
69.6524064171123,69.10112359550561,2.857142857142857,3,7,0.7633903743315508,0.0051016807556152,8428,0.6868619918823242,0,0,0,0,0,0.998,0.0,0.0,0.9880000000000024,0.1478638648986816,0.0267165441001344,0.9880000000000024,0.1898868083953857,0.0611645551137472,BendWorstOCT,2026-07-09 19:29:32,transfusion,Quantile Thresholds,5.0,4,0,4,16,2,9,0.6770112387582425,0.7520635332025796,0.1108582696234055,3600.000890016556,534493.0,-1862163903,0.305637328,True,False,Baseline,False,3,0.002,188,23560093[].aqua,3600,1,0,0,0.05,-1,-1,0,-1,inf,True,False,False,1,False,False,True,False,0,Chain,False,False,False,False,False,0.417184,3605,3576
69.6524064171123,69.10112359550561,2.857142857142857,3,7,0.7673903743315508,0.0052676200866699,8158,0.7251746654510498,0,0,0,0,0,0.999,0.0,0.0,0.9940000000000028,0.1393589973449707,0.0145148364352436,0.9940000000000024,0.1706161499023437,0.0361996998070973,BendWorstOCT,2026-07-09 19:30:32,transfusion,Quantile Thresholds,5.0,4,0,4,16,2,9,0.6840112359550575,0.7995397130029063,0.1688985077657985,3600.0006489753723,369144.0,-936984240,0.238111408,True,False,Baseline,False,3,0.001,189,23560093[].aqua,3600,1,0,0,0.05,-1,-1,0,-1,inf,True,False,False,1,False,False,True,False,0,Chain,False,False,False,False,False,0.367216,3637,3579
69.25133689839572,69.10112359550561,2.857142857142857,3,7,0.7681903743315508,0.0055088996887207,8139,1.1994011402130127,0,0,0,0,0,0.9992,0.0,0.0,0.9952000000000026,0.1986150741577148,0.0144200527025791,0.9952000000000024,0.2253000736236572,0.0350533312266487,BendWorstOCT,2026-07-09 19:30:39,transfusion,Quantile Thresholds,5.0,4,0,4,16,2,9,0.685411236460681,0.7908843416673795,0.1538829531761681,3600.0015630722046,367890.0,-1708783081,0.235285904,True,False,Baseline,False,3,0.0008,190,23560093[].aqua,3600,1,0,0,0.05,-1,-1,0,-1,inf,True,False,False,1,False,False,True,False,0,Chain,False,False,False,False,False,0.35738,3608,3578
69.25133689839572,69.10112359550561,2.857142857142857,3,7,0.7689903743315508,0.0050694942474365,7901,0.6895432472229004,0,0,0,0,0,0.9994,0.0,0.0,0.974710612691468,0.2265729904174804,0.0806955940914854,0.974617286652081,0.282667875289917,0.1477011056780034,BendWorstOCT,2026-07-09 19:31:04,transfusion,Quantile Thresholds,5.0,4,0,4,16,2,9,0.6868112359550578,0.7865831718121123,0.1452683512352778,3600.000524044037,441731.0,2102030033,0.300032472,True,False,Baseline,False,3,0.0006,191,23560093[].aqua,3600,1,0,0,0.05,-1,-1,0,-1,inf,True,False,False,1,False,False,True,False,0,Chain,False,False,False,False,False,0.430332,3605,3576
69.6524064171123,69.10112359550561,2.857142857142857,3,7,0.7697903743315507,0.0051853656768798,7442,0.6695287227630615,0,0,0,0,0,0.9996,0.0,0.0,0.9976000000000012,0.1293730735778808,0.0118846852102588,0.9976000000000012,0.1683690547943115,0.0359783477292833,BendWorstOCT,2026-07-09 19:32:38,transfusion,Quantile Thresholds,5.0,4,0,4,16,2,9,0.6882112359550575,0.8062677604316655,0.1715411174779446,3600.0007090568542,409031.0,1825962291,0.251495608,True,False,Baseline,False,3,0.0004,192,23560093[].aqua,3600,1,0,0,0.05,-1,-1,0,-1,inf,True,False,False,1,False,False,True,False,0,Chain,False,False,False,False,False,0.367908,3605,3570
69.25133689839572,69.10112359550561,2.857142857142857,3,7,0.7705903743315508,0.0051925182342529,7718,0.7268476486206055,0,0,0,0,0,0.9998,0.0,0.0,0.9988000000000008,0.1343421936035156,0.0118360162102588,0.9988000000000008,0.1715841293334961,0.0359442438292833,BendWorstOCT,2026-07-09 19:33:11,transfusion,Quantile Thresholds,5.0,4,0,4,16,2,9,0.68961179775281,0.7868331859000152,0.1409798794974415,3600.0005280971527,447056.0,-1845901012,0.266165496,True,False,Baseline,False,3,0.0002,193,23560093[].aqua,3600,1,0,0,0.05,-1,-1,0,-1,inf,True,False,False,1,False,False,True,False,0,Chain,False,False,False,False,False,0.40278,3607,3576
69.6524064171123,69.10112359550561,2.857142857142857,3,7,0.7709903743315508,0.0048887729644775,7833,0.6005527973175049,0,0,0,0,0,0.9999,0.0,0.0,0.9994000000000004,0.1210420131683349,0.0118176142102588,0.9994000000000004,0.1574561595916748,0.0358995168292833,BendWorstOCT,2026-07-09 19:34:11,transfusion,Quantile Thresholds,5.0,4,0,4,16,2,9,0.6903112359550575,0.799919101311284,0.1587803582605491,3600.0004880428314,464754.0,883574154,0.273617824,True,False,Baseline,False,3,0.0001,194,23560093[].aqua,3600,1,0,0,0.05,-1,-1,0,-1,inf,True,False,False,1,False,False,True,False,0,Chain,False,False,False,False,False,0.401852,3605,3579
69.38502673796792,66.29213483146067,1.6666666666666667,2,3,0.7420320855614974,0.0109455585479736,15757,1.1862211227416992,0,0,0,0,0,0.98,0.0,0.0,0.9341088396199276,0.0836408138275146,0.0183380573372425,0.9201157148189644,0.2758247852325439,0.0855749926117649,BendWorstOCT,2026-07-09 19:34:12,transfusion,Quantile Thresholds,5.0,4,0,4,16,2,9,0.6029213487954841,0.7897464598523583,0.3098664716884105,3600.012281894684,144729.0,1769041432,0.392079048,True,False,Baseline,False,4,0.02,198,23560093[].aqua,3600,1,0,0,0.05,-1,-1,0,-1,inf,True,False,False,1,False,False,True,False,0,Chain,False,False,False,False,False,0.485448,3606,3577
69.38502673796792,66.29213483146067,1.6666666666666667,2,3,0.7220320855614973,0.0107231140136718,14342,1.5187926292419434,0,0,0,0,0,0.96,0.0,0.0,0.8752139037433181,0.3297910690307617,0.0427575064306226,0.8742807017543885,0.4332270622253418,0.0841740117270242,BendWorstOCT,2026-07-09 19:34:13,transfusion,Quantile Thresholds,5.0,4,0,4,16,2,9,0.542921348314608,0.6437201741827745,0.1856600890369783,3600.000864982605,100894.0,89534641,0.232846408,True,False,Baseline,False,4,0.04,197,23560093[].aqua,3600,1,0,0,0.05,-1,-1,0,-1,inf,True,False,False,1,False,False,True,False,0,Chain,False,False,False,False,False,0.319976,3608,3577
69.91978609625669,69.66292134831461,3.333333333333333,4,9,0.7797486631016043,0.0103719234466552,15571,1.604846715927124,0,0,0,0,0,0.9998,0.0,0.0,0.9988000000000008,0.1574161052703857,0.0230068538789411,0.9984000000000008,0.208266019821167,0.0581789862481748,BendWorstOCT,2026-07-09 19:35:44,transfusion,Quantile Thresholds,5.0,4,0,4,16,2,9,0.6948292134831473,0.9638650882825056,0.3871971263998728,3600.001230955124,230659.0,108510536,0.5705736,True,False,Baseline,False,4,0.0002,208,23560093[].aqua,3600,1,0,0,0.05,-1,-1,0,-1,inf,True,False,False,1,False,False,True,False,0,Chain,False,False,False,False,False,0.68778,3669,3579
69.25133689839572,69.10112359550561,3.125,4,8,0.7767486631016043,0.0102894306182861,16703,1.858826160430908,0,0,0,0,0,0.9992,0.0,0.0,0.9952000000000024,0.1853320598602295,0.0290813767760462,0.9936000000000026,0.2919869422912597,0.0697476357874798,BendWorstOCT,2026-07-09 19:35:44,transfusion,Quantile Thresholds,5.0,4,0,4,16,2,9,0.6846112359550576,0.9562726292134852,0.39681118128225,3600.0007379055023,205485.0,1131652367,0.565316984,True,False,Baseline,False,4,0.0008,205,23560093[].aqua,3600,1,0,0,0.05,-1,-1,0,-1,inf,True,False,False,1,False,False,True,False,0,Chain,False,False,False,False,False,0.619056,3669,3578
69.78609625668449,69.66292134831461,3.25,4,8,0.7802486631016043,0.0104851722717285,15871,1.6276330947875977,0,0,0,0,0,0.9999,0.0,0.0,0.9994000000000004,0.1608359813690185,0.022562405644945,0.9992000000000004,0.2086179256439209,0.0577116101744423,BendWorstOCT,2026-07-09 19:35:44,transfusion,Quantile Thresholds,5.0,4,0,4,16,2,9,0.6958292134831479,0.9652341189366972,0.3871710187403246,3600.0009598731995,258698.0,536945944,0.635210224,True,False,Baseline,False,4,0.0001,209,23560093[].aqua,3600,1,0,0,0.05,-1,-1,0,-1,inf,True,False,False,1,False,False,True,False,0,Chain,False,False,False,False,False,0.735536,3669,3579
69.5187165775401,69.47368421052632,3.6,4,10,0.7787486631016043,0.0103600025177001,15840,1.6756858825683594,0,0,0,0,0,0.9996,0.0,0.0,0.9976000000000016,0.1762080192565918,0.0226879992663736,0.9968000000000016,0.2208740711212158,0.0578685956356073,BendWorstOCT,2026-07-09 19:35:44,transfusion,Quantile Thresholds,5.0,4,0,4,16,2,9,0.6907368421052649,0.9574889867841432,0.386184909242508,3600.000801086426,269072.0,-521043786,0.633869232,True,False,Baseline,False,4,0.0004,207,23560093[].aqua,3600,1,0,0,0.05,-1,-1,0,-1,inf,True,False,False,1,False,False,True,False,0,Chain,False,False,False,False,False,0.753484,3669,3578
68.85026737967914,68.7719298245614,3.0,4,6,0.7607486631016043,0.0102214813232421,16576,1.670961618423462,0,0,0,0,0,0.996,0.0,0.0,0.9843472931562844,0.1061348915100097,0.014396963751802,0.9843472931562844,0.126688003540039,0.0369894474978057,BendWorstOCT,2026-07-09 19:35:44,transfusion,Quantile Thresholds,5.0,4,0,4,16,2,9,0.6637192982456154,0.9286741573033724,0.3991971602424435,3600.001590013504,200446.0,886512693,0.545197,True,False,Baseline,False,4,0.004,202,23560093[].aqua,3600,1,0,0,0.05,-1,-1,0,-1,inf,True,False,False,1,False,False,True,False,0,Chain,False,False,False,False,False,0.623828,3670,3575
68.58288770053476,67.41573033707866,2.4,3,5,0.7560320855614974,0.0112650394439697,16745,1.537527084350586,0,0,0,0,0,0.994,0.0,0.0,0.9774710144927562,0.171077013015747,0.0259983320038453,0.971412520064208,0.2304160594940185,0.0656367031247232,BendWorstOCT,2026-07-09 19:35:44,transfusion,Quantile Thresholds,5.0,4,0,4,16,2,9,0.644157303370803,0.9109477267201578,0.4141696786689685,3600.000771999359,214025.0,-1872880171,0.583989624,True,False,Baseline,False,4,0.006,201,23560093[].aqua,3600,1,0,0,0.05,-1,-1,0,-1,inf,True,False,False,1,False,False,True,False,0,Chain,False,False,False,False,False,0.673392,3670,3575
69.78609625668449,69.66292134831461,3.333333333333333,4,9,0.7777486631016043,0.0101215839385986,15784,1.5926733016967771,0,0,0,0,0,0.9994,0.0,0.0,0.9964000000000024,0.1870510578155517,0.0133371201602875,0.9964000000000024,0.2517931461334228,0.039631597744464,BendWorstOCT,2026-07-09 19:35:44,transfusion,Quantile Thresholds,5.0,4,0,4,16,2,9,0.6912292134831473,0.9537227106227129,0.3797488474435916,3600.0010271072388,244681.0,-1642085895,0.615285952,True,False,Baseline,False,4,0.0006,206,23560093[].aqua,3600,1,0,0,0.05,-1,-1,0,-1,inf,True,False,False,1,False,False,True,False,0,Chain,False,False,False,False,False,0.700752,3669,3580
67.37967914438502,67.19298245614036,2.0,2,4,0.7540320855614974,0.010711669921875,15326,1.314729928970337,0,0,0,0,0,0.992,0.0,0.0,0.9706114180478844,0.113887071609497,0.0141826363459492,0.9630718232044224,0.1988041400909423,0.0677656308286633,BendWorstOCT,2026-07-09 19:35:44,transfusion,Quantile Thresholds,5.0,4,0,4,16,2,9,0.6399298245614052,0.8910975548641065,0.3924926150689201,3600.000957965851,185801.0,757733416,0.502941472,True,False,Baseline,False,4,0.008,200,23560093[].aqua,3600,1,0,0,0.05,-1,-1,0,-1,inf,True,False,False,1,False,False,True,False,0,Chain,False,False,False,False,False,0.578724,3670,3575
69.78609625668449,69.64912280701755,3.4444444444444446,4,9,0.7707486631016043,0.0102207660675048,16428,1.8428986072540283,0,0,0,0,0,0.998,0.0,0.0,0.9880000000000024,0.1451020240783691,0.0269727198411344,0.986357446808513,0.1955330371856689,0.0694758280948406,BendWorstOCT,2026-07-09 19:35:44,transfusion,Quantile Thresholds,5.0,4,0,4,16,2,9,0.6784912280702065,0.9459478482859248,0.3941931879892242,3600.0030529499054,239478.0,-2069540354,0.620404032,True,False,Baseline,False,4,0.002,203,23560093[].aqua,3600,1,0,0,0.05,-1,-1,0,-1,inf,True,False,False,1,False,False,True,False,0,Chain,False,False,False,False,False,0.703952,3670,3575
68.58288770053476,67.41573033707866,2.4,3,5,0.7520320855614974,0.010082721710205,16717,1.2598683834075928,0,0,0,0,0,0.99,0.0,0.0,0.9645580110497264,0.1116831302642822,0.0157487199081343,0.9548479532163768,0.1838259696960449,0.0663408700925826,BendWorstOCT,2026-07-09 19:35:44,transfusion,Quantile Thresholds,5.0,4,0,4,16,2,9,0.6241573035332036,0.8663255521115867,0.3879923333549525,3600.000853061676,224438.0,1653102378,0.607645944,True,False,Baseline,False,4,0.01,199,23560093[].aqua,3600,1,0,0,0.05,-1,-1,0,-1,inf,True,False,False,1,False,False,True,False,0,Chain,False,False,False,False,False,0.682032,3670,3576
80.62770562770562,68.42105263157895,1.0,1,2,0.909155844155844,0.0940148830413818,16595,8.128908395767212,0,0,0,0,0,0.94,0.12,0.0,0.8640099479277867,2.705181837081909,2.395780290061042,0.862880604550249,3.8717198371887207,3.801834406302604,BendWorstOCT,2026-07-09 19:35:45,ozone-one,Quantile Thresholds,5.0,72,0,72,286,2,9,0.5642105263157893,0.7600000000000171,0.3470149253731651,3600.038236856461,3206.0,-1894436876,0.906450312,True,False,Baseline,False,3,0.06,211,23560093[].aqua,3600,1,0,0,0.05,-1,-1,0,-1,inf,True,False,False,1,False,False,True,False,0,Chain,False,False,False,False,False,0.68702,3670,3579
79.43722943722943,77.19298245614036,1.6666666666666667,2,3,0.8891558441558441,0.0989127159118652,17493,8.951282739639282,0,0,0,0,0,0.92,0.12,0.0,0.8221724524860854,3.097620010375977,2.58714012672436,0.818178608248963,7.643502950668335,10.466425542849075,BendWorstOCT,2026-07-09 19:35:45,ozone-one,Quantile Thresholds,5.0,72,0,72,286,2,9,0.5319298245614035,0.6800000000000171,0.2783641160950191,3600.03831410408,5361.0,65191652,1.03973484,True,False,Baseline,False,3,0.08,210,23560093[].aqua,3600,1,0,0,0.05,-1,-1,0,-1,inf,True,False,False,1,False,False,True,False,0,Chain,False,False,False,False,False,0.842928,3670,3579
79.491341991342,71.9298245614035,1.0,1,2,0.929155844155844,0.0840098857879638,17374,9.275286436080933,0,0,0,0,0,0.96,0.0,0.0,0.90726030908372,2.0923569202423096,1.8902439508492408,0.9069409000560616,3.985564947128296,3.8034695667731233,BendWorstOCT,2026-07-09 19:35:49,ozone-one,Quantile Thresholds,5.0,72,0,72,286,2,9,0.6392982456140354,0.84,0.3139407244785943,3600.006031036377,6638.0,270627693,1.025615336,True,False,Baseline,False,3,0.04,212,23560093[].aqua,3600,1,0,0,0.05,-1,-1,0,-1,inf,True,False,False,1,False,False,True,False,0,Chain,False,False,False,False,False,0.791016,3606,3576
80.46536796536796,73.6842105263158,2.25,3,4,0.959155844155844,0.0857195854187011,15908,11.04034686088562,0,0,0,0,0,0.99,0.0,0.0,0.9757831138197404,1.7796318531036377,0.8234520380710069,0.9757750689479004,3.8352248668670654,1.9155877215402155,BendWorstOCT,2026-07-09 19:37:20,ozone-one,Quantile Thresholds,5.0,72,0,72,286,2,9,0.6968421052631574,0.9600000000000172,0.3776435045317475,3600.002300977707,4361.0,-730069287,1.00828672,True,False,Baseline,False,3,0.01,214,23560093[].aqua,3600,1,0,0,0.05,-1,-1,0,-1,inf,True,False,False,1,False,False,True,False,0,Chain,False,False,False,False,False,0.891144,3607,3579
72.94372294372295,72.92015633724176,1.6666666666666667,2,3,0.949155844155844,0.0842275619506836,15709,8.652756214141846,0,0,0,0,0,0.98,0.0,0.0,0.9524023002548712,1.741804122924805,0.8434238902135899,0.9522692442433393,2.432202100753784,1.5577924952914006,BendWorstOCT,2026-07-09 19:37:20,ozone-one,Quantile Thresholds,5.0,72,0,72,286,2,9,0.6692015633724236,0.9273276323616236,0.3857224536182799,3600.002666950226,4877.0,675899222,1.10068464,True,False,Baseline,False,3,0.02,213,23560093[].aqua,3600,1,0,0,0.05,-1,-1,0,-1,inf,True,False,False,1,False,False,True,False,0,Chain,False,False,False,False,False,0.895256,3607,3579
71.21212121212122,71.1892797319933,2.6,3,5,0.963155844155844,0.0851697921752929,17487,14.543286561965942,0,0,0,0,0,0.994,0.0,0.0,0.98541313412569,1.7555058002471924,0.7576241513074761,0.985403948862256,3.5933868885040283,2.095229148493301,BendWorstOCT,2026-07-09 19:37:20,ozone-one,Quantile Thresholds,5.0,72,0,72,286,2,9,0.6818927973199425,0.977765963848194,0.4338998266166295,3600.004161834717,3548.0,1273556036,1.070203656,True,False,Baseline,False,3,0.006,216,23560093[].aqua,3600,1,0,0,0.05,-1,-1,0,-1,inf,True,False,False,1,False,False,True,False,0,Chain,False,False,False,False,False,0.888404,3607,3579
58.51063829787234,50.0,1.0,1,2,0.7710638297872341,0.0082204341888427,5827,0.5660288333892822,0,0,0,0,0,0.92,0.0,0.0,0.8350387596899164,0.0760409832000732,0.0553703194432367,0.8350387596899164,0.1477630138397216,0.0801400568912465,BendWorstOCT,2026-07-09 19:42:34,thoracic,Quantile Thresholds,5.0,16,13,3,36,2,2,0.3400000005360005,0.3400000005360005,0.0,3352.0694668293,195240.0,1826938896,0.110182376,True,False,Baseline,False,3,0.08,240,23560093[].aqua,3600,1,0,0,0.05,-1,-1,0,-1,inf,True,False,False,1,False,False,True,False,0,Chain,False,False,False,False,False,0.2279,3358,3333
78.03030303030303,75.43859649122807,2.25,3,4,0.968155844155844,0.077216625213623,15002,8.13285493850708,0,0,0,0,0,0.999,0.0,0.0,0.99756261503858,1.5829520225524902,0.654316554836519,0.9975599978195496,2.279536008834839,1.3201864883017356,BendWorstOCT,2026-07-09 19:38:57,ozone-one,Quantile Thresholds,5.0,72,0,72,286,2,9,0.7503859649122815,0.9964544861809216,0.3279226061982717,3600.0013060569763,3403.0,632632861,1.11775244,True,False,Baseline,False,3,0.001,219,23560093[].aqua,3600,1,0,0,0.05,-1,-1,0,-1,inf,True,False,False,1,False,False,True,False,0,Chain,False,False,False,False,False,1.02226,3606,3576
77.4891774891775,77.4427694025684,2.6666666666666665,3,6,0.967155844155844,0.083085298538208,16057,12.23770809173584,0,0,0,0,0,0.998,0.0,0.0,0.9951234001162226,1.6683578491210938,0.6770603556600466,0.9950584702732226,4.60767388343811,2.8868921389276445,BendWorstOCT,2026-07-09 19:38:57,ozone-one,Quantile Thresholds,5.0,72,0,72,286,2,9,0.7624276940256951,0.9931942155148415,0.3026733201028886,3600.002096891403,3662.0,-1656422600,1.236846152,True,False,Baseline,False,3,0.002,218,23560093[].aqua,3600,1,0,0,0.05,-1,-1,0,-1,inf,True,False,False,1,False,False,True,False,0,Chain,False,False,False,False,False,1.006344,3607,3579
77.86796536796537,77.83361250697934,2.857142857142857,3,7,0.968355844155844,0.0756688117980957,18053,13.902984142303469,0,0,0,0,0,0.9992,0.0,0.0,0.998050092030864,1.5830330848693848,0.6362763294813591,0.9980223688353562,3.4307761192321777,2.150498299984024,BendWorstOCT,2026-07-09 19:39:27,ozone-one,Quantile Thresholds,5.0,72,0,72,286,2,9,0.7727361250698039,0.9973263248880172,0.2906428113451084,3600.022030115128,4436.0,1010294234,1.157724744,True,False,Baseline,False,3,0.0008,220,23560093[].aqua,3600,1,0,0,0.05,-1,-1,0,-1,inf,True,False,False,1,False,False,True,False,0,Chain,False,False,False,False,False,1.004928,3606,3576
77.92207792207792,77.19298245614036,2.6666666666666665,3,6,0.9691792207792208,0.0841536521911621,17331,12.65068793296814,0,0,0,0,0,0.9996,0.0,0.0,0.999025015100268,1.6355128288269043,0.7170155681711844,0.9990187388193584,4.570878982543945,3.572902968505078,BendWorstOCT,2026-07-09 19:40:28,ozone-one,Quantile Thresholds,5.0,72,0,72,286,2,9,0.7695298245614074,0.9986,0.297675500191498,3600.0066800117493,7277.0,-1695519938,1.508557016,True,False,Baseline,False,3,0.0004,222,23560093[].aqua,3600,1,0,0,0.05,-1,-1,0,-1,inf,True,False,False,1,False,False,True,False,0,Chain,False,False,False,False,False,1.007392,3674,3582
77.92207792207792,75.43859649122807,2.6666666666666665,3,6,0.9703792207792208,0.0816755294799804,15840,9.568244457244871,0,0,0,0,0,0.9999,0.0,0.0,0.9997562583627844,1.631424903869629,0.6316579227393234,0.999755666658785,2.222511053085327,1.1066604810214555,BendWorstOCT,2026-07-09 19:40:28,ozone-one,Quantile Thresholds,5.0,72,0,72,286,2,9,0.7537859649122807,0.9996880776941992,0.3262227266469926,3600.0035269260406,1664.0,-176839843,1.16308004,True,False,Baseline,False,3,0.0001,224,23560093[].aqua,3600,1,0,0,0.05,-1,-1,0,-1,inf,True,False,False,1,False,False,True,False,0,Chain,False,False,False,False,False,1.001068,3674,3583
79.11255411255411,71.9298245614035,1.0,1,2,0.9699792207792208,0.0832307338714599,17771,10.47335171699524,0,0,0,0,0,0.9998,0.0,0.0,0.999512507550134,1.6735279560089111,0.9420276361091038,0.999511369005583,2.3149969577789307,1.4742090149148332,BendWorstOCT,2026-07-09 19:40:28,ozone-one,Quantile Thresholds,5.0,72,0,72,286,2,9,0.7188982456140358,0.9993609124261408,0.3901284618834369,3600.0044429302216,4585.0,-1959226194,1.161644632,True,False,Baseline,False,3,0.0002,223,23560093[].aqua,3600,1,0,0,0.05,-1,-1,0,-1,inf,True,False,False,1,False,False,True,False,0,Chain,False,False,False,False,False,0.959152,3674,3581
58.297872340425535,57.142857142857146,1.6666666666666667,2,3,0.7910638297872341,0.0082488059997558,6291,0.5781869888305664,0,0,0,0,0,0.94,0.0,0.0,0.8750387596899164,0.0760619640350341,0.0569302946408809,0.865297805642626,0.195228099822998,0.1413941209163214,BendWorstOCT,2026-07-09 19:42:34,thoracic,Quantile Thresholds,5.0,16,13,3,36,2,9,0.3914285717068625,0.5275042328163476,0.3476385500325484,3600.0007259845734,211020.0,773885603,0.196701504,True,False,Baseline,False,3,0.06,241,23560093[].aqua,3600,1,0,0,0.05,-1,-1,0,-1,inf,True,False,False,1,False,False,True,False,0,Chain,False,False,False,False,False,0.313936,3606,3579
79.87012987012987,71.9298245614035,1.0,1,2,0.959155844155844,0.1804046630859375,19332,11.544231414794922,0,0,0,0,0,0.99,0.0,0.0,0.9757831138197404,1.9966139793396,0.7480074812852916,0.9757742315648724,3.1369478702545166,1.644540073101876,BendWorstOCT,2026-07-09 19:42:35,ozone-one,Quantile Thresholds,5.0,72,0,72,286,2,9,0.6992982456140358,0.9633507280265524,0.377596374749459,3600.019077062607,4589.0,-1336930990,1.361420952,True,False,Baseline,False,4,0.01,229,23560093[].aqua,3600,1,0,0,0.05,-1,-1,0,-1,inf,True,False,False,1,False,False,True,False,0,Chain,False,False,False,False,False,0.91776,3606,3577
63.82978723404256,63.75,2.25,3,4,0.811063829787234,0.008453369140625,6076,0.8961799144744873,0,0,0,0,0,0.96,0.0,0.0,0.9150387596899164,0.0762050151824951,0.0532241159623803,0.9150387596899164,0.1577420234680175,0.0957858280430864,BendWorstOCT,2026-07-09 19:43:03,thoracic,Quantile Thresholds,5.0,16,13,3,36,2,9,0.4775000008864981,0.6764762847246678,0.416704258573324,3600.000678062439,192675.0,-1030992124,0.20216304,True,False,Baseline,False,3,0.04,242,23560093[].aqua,3600,1,0,0,0.05,-1,-1,0,-1,inf,True,False,False,1,False,False,True,False,0,Chain,False,False,False,False,False,0.326728,3605,3580
63.82978723404256,63.75,2.25,3,4,0.831063829787234,0.008500337600708,5781,0.7095530033111572,0,0,0,0,0,0.98,0.0,0.0,0.9566197183098514,0.1064748764038086,0.0219129223300528,0.9544008714596872,0.1917779445648193,0.0915430817560207,BendWorstOCT,2026-07-09 19:43:03,thoracic,Quantile Thresholds,5.0,16,13,3,36,2,9,0.5575000000000316,0.8139496307058921,0.4599993375889613,3600.0006330013275,197722.0,332515188,0.215230608,True,False,Baseline,False,3,0.02,243,23560093[].aqua,3600,1,0,0,0.05,-1,-1,0,-1,inf,True,False,False,1,False,False,True,False,0,Chain,False,False,False,False,False,0.342936,3605,3579
63.191489361702125,62.85714285714285,2.25,3,4,0.841063829787234,0.0086317062377929,6199,0.7013223171234131,0,0,0,0,0,0.99,0.0,0.0,0.9779999999999908,0.120697021484375,0.0200065301744607,0.9779999999999908,0.1711189746856689,0.0656584494591357,BendWorstOCT,2026-07-09 19:43:03,thoracic,Quantile Thresholds,5.0,16,13,3,36,2,9,0.5885714285714279,0.8852511415525098,0.5040674735115477,3600.0016429424286,201752.0,-894483711,0.237355344,True,False,Baseline,False,3,0.01,244,23560093[].aqua,3600,1,0,0,0.05,-1,-1,0,-1,inf,True,False,False,1,False,False,True,False,0,Chain,False,False,False,False,False,0.363644,3606,3577
67.02127659574468,67.0,3.0,3,8,0.847063829787234,0.0080933570861816,6147,1.0291895866394043,0,0,0,0,0,0.996,0.0,0.0,0.9909090909090804,0.0971558094024658,0.0192295637806284,0.9909090909090804,0.147655963897705,0.0572742521714451,BendWorstOCT,2026-07-09 19:43:32,thoracic,Quantile Thresholds,5.0,16,13,3,36,2,9,0.6379999999999968,0.9323764921946684,0.4614051601797382,3600.0012958049774,209378.0,1568330858,0.24931424,True,False,Baseline,False,3,0.004,247,23560093[].aqua,3600,1,0,0,0.05,-1,-1,0,-1,inf,True,False,False,1,False,False,True,False,0,Chain,False,False,False,False,False,0.364788,3605,3579
66.17021276595744,65.71428571428571,2.6666666666666665,3,6,0.843063829787234,0.0083956718444824,6020,0.8413107395172119,0,0,0,0,0,0.992,0.0,0.0,0.9823425414364548,0.0663790702819824,0.0187637212665394,0.9815085374907112,0.1788110733032226,0.077119311826219,BendWorstOCT,2026-07-09 19:43:32,thoracic,Quantile Thresholds,5.0,16,13,3,36,2,9,0.6091428574646843,0.8757074999999928,0.4376061202535938,3600.001219034195,223611.0,-1235143481,0.236898984,True,False,Baseline,False,3,0.008,245,23560093[].aqua,3600,1,0,0,0.05,-1,-1,0,-1,inf,True,False,False,1,False,False,True,False,0,Chain,False,False,False,False,False,0.362328,3605,3579
68.93617021276596,68.57142857142857,3.0,3,8,0.845063829787234,0.0087265968322753,6394,0.929283618927002,0,0,0,0,0,0.994,0.0,0.0,0.9865977011494156,0.0694501399993896,0.0176462844817074,0.9862560679611556,0.1966099739074707,0.057511997934393,BendWorstOCT,2026-07-09 19:43:32,thoracic,Quantile Thresholds,5.0,16,13,3,36,2,9,0.6377142857142851,0.9116422962503814,0.4295466115037356,3600.0004251003265,188378.0,1824984868,0.216792064,True,False,Baseline,False,3,0.006,246,23560093[].aqua,3600,1,0,0,0.05,-1,-1,0,-1,inf,True,False,False,1,False,False,True,False,0,Chain,False,False,False,False,False,0.342588,3605,3579
68.93617021276596,68.57142857142857,3.0,3,8,0.8518297872340426,0.0080647468566894,6260,0.8324720859527588,0,0,0,0,0,0.998,0.0,0.0,0.9954545454545352,0.0985760688781738,0.019988215068842,0.9954545454545352,0.1311409473419189,0.0458695861827363,BendWorstOCT,2026-07-09 19:44:44,thoracic,Quantile Thresholds,5.0,16,13,3,36,2,9,0.6697142857142858,0.953033609732439,0.4230450657267645,3600.001009941101,173230.0,1367815830,0.212645192,True,False,Baseline,False,3,0.002,248,23560093[].aqua,3600,1,0,0,0.05,-1,-1,0,-1,inf,True,False,False,1,False,False,True,False,0,Chain,False,False,False,False,False,0.332252,3604,3579
67.23404255319149,67.14285714285714,2.857142857142857,3,7,0.8578297872340426,0.0086336135864257,6230,0.9703941345214844,0,0,0,0,0,0.999,0.0,0.0,0.9977272727272624,0.1068179607391357,0.019959119830335,0.9977272727272624,0.1408398151397705,0.045873590919231,BendWorstOCT,2026-07-09 19:45:00,thoracic,Quantile Thresholds,5.0,16,13,3,36,2,9,0.6644285714285714,0.9592516420361212,0.443724251613169,3600.00066280365,184401.0,-1060829816,0.226694,True,False,Baseline,False,3,0.001,249,23560093[].aqua,3600,1,0,0,0.05,-1,-1,0,-1,inf,True,False,False,1,False,False,True,False,0,Chain,False,False,False,False,False,0.375024,3605,3579
67.02127659574468,67.0,3.0,3,8,0.8614297872340426,0.0082967281341552,6444,1.095930576324463,0,0,0,0,0,0.9996,0.0,0.0,0.9990909090908988,0.1022040843963623,0.0191532204545422,0.9990909090908988,0.1358470916748047,0.0450579850968362,BendWorstOCT,2026-07-09 19:46:22,thoracic,Quantile Thresholds,5.0,16,13,3,36,2,9,0.6667999999999977,0.964660366113235,0.4467012089280718,3600.001271009445,181257.0,995219138,0.229544728,True,False,Baseline,False,3,0.0004,252,23560093[].aqua,3600,1,0,0,0.05,-1,-1,0,-1,inf,True,False,False,1,False,False,True,False,0,Chain,False,False,False,False,False,0.359936,3605,3579
67.23404255319149,67.14285714285714,3.0,3,8,0.8626297872340426,0.0086410045623779,6161,0.9187560081481934,0,0,0,0,0,0.9998,0.0,0.0,0.9995454545454444,0.1103651523590087,0.0216009548956351,0.999541762452097,0.1693670749664306,0.0647988445451789,BendWorstOCT,2026-07-09 19:46:22,thoracic,Quantile Thresholds,5.0,16,13,3,36,2,9,0.6698285714285709,0.96796230450632,0.4450896032128149,3600.000747203827,178288.0,-1198367136,0.221782752,True,False,Baseline,False,3,0.0002,253,23560093[].aqua,3600,1,0,0,0.05,-1,-1,0,-1,inf,True,False,False,1,False,False,True,False,0,Chain,False,False,False,False,False,0.328096,3605,3576
68.08510638297872,67.14285714285714,2.857142857142857,3,7,0.8602297872340425,0.0131118297576904,6403,1.032909631729126,0,0,0,0,0,0.9994,0.01,0.0,0.9986363636363532,0.182790994644165,0.0199833055022642,0.9986363636363532,0.2310469150543213,0.0458603115695566,BendWorstOCT,2026-07-09 19:46:34,thoracic,Quantile Thresholds,5.0,16,13,3,36,2,9,0.6672285714285765,0.9706340538284988,0.454724955423166,3600.0007288455963,154735.0,986876529,0.208057848,True,False,Baseline,False,3,0.0006,251,23560093[].aqua,3600,1,0,0,0.05,-1,-1,0,-1,inf,True,False,False,1,False,False,True,False,0,Chain,False,False,False,False,False,0.3162,3670,3578
67.23404255319149,67.14285714285714,2.857142857142857,3,7,0.8590297872340426,0.0108809471130371,6556,1.2524244785308838,0,0,0,0,0,0.9992,0.0,0.0,0.9981818181818078,0.1855051517486572,0.019937059197152,0.9981818181818078,0.2392010688781738,0.045847676839446,BendWorstOCT,2026-07-09 19:46:34,thoracic,Quantile Thresholds,5.0,16,13,3,36,2,9,0.6658285714285711,0.9662240362811776,0.4511603703158784,3600.006208181381,143183.0,-1006737557,0.199820056,True,False,Baseline,False,3,0.0008,250,23560093[].aqua,3600,1,0,0,0.05,-1,-1,0,-1,inf,True,False,False,1,False,False,True,False,0,Chain,False,False,False,False,False,0.330028,3670,3579
64.0092879256966,63.33885666942833,1.0,1,2,0.8542105263157895,0.0158374309539794,29343,2.281010389328003,0,0,0,0,0,0.92,0.0,0.0,0.8348564717775445,0.5373280048370361,0.3267243903323911,0.8344811878586685,0.7944140434265137,0.63047882286588,BendWorstOCT,2026-07-09 19:46:54,seismic-bumps,Quantile Thresholds,5.0,15,5,10,39,2,9,0.4733885669894088,0.5706740709551973,0.2055087738694058,3600.0014610290527,7667.0,1514519712,0.724147064,True,False,Baseline,False,3,0.08,270,23560093[].aqua,3600,1,0,0,0.05,-1,-1,0,-1,inf,True,False,False,1,False,False,True,False,0,Chain,False,False,False,False,False,0.475812,3605,3579
69.57446808510639,69.5,3.6666666666666665,4,9,0.8523404255319149,0.0155863761901855,11614,2.0328376293182373,0,0,0,0,0,0.998,0.0,0.0,0.99559999999999,0.1145639419555664,0.0191269231330519,0.9954545454545356,0.1613059043884277,0.0571617666134294,BendWorstOCT,2026-07-09 19:46:54,thoracic,Quantile Thresholds,5.0,16,13,3,36,2,9,0.6769999999999962,0.987666666666665,0.4588872476612565,3600.0016849040985,83278.0,597731883,0.325187072,True,False,Baseline,False,4,0.002,263,23560093[].aqua,3600,1,0,0,0.05,-1,-1,0,-1,inf,True,False,False,1,False,False,True,False,0,Chain,False,False,False,False,False,0.398488,3605,3575
72.1749226006192,72.16238608119303,2.857142857142857,3,7,0.9332105263157896,0.0149946212768554,31805,5.005998134613037,0,0,0,0,0,0.999,0.0,0.0,0.9976666666667166,0.4926259517669678,0.0736808804978071,0.997666666666716,0.7382540702819824,0.2405562095124137,BendWorstOCT,2026-07-09 19:46:54,seismic-bumps,Quantile Thresholds,5.0,15,5,10,39,2,9,0.7146242336371372,0.9943674794331,0.3914550229736644,3600.004142999649,10324.0,1387493009,0.591709408,True,False,Baseline,False,3,0.001,279,23560093[].aqua,3600,1,0,0,0.05,-1,-1,0,-1,inf,True,False,False,1,False,False,True,False,0,Chain,False,False,False,False,False,0.562516,3605,3574
72.52321981424149,71.76470588235294,2.6,3,5,0.9334105263157896,0.0152623653411865,32229,3.943649053573608,0,0,0,0,0,0.9992,0.0,0.0,0.998133333333385,0.4333441257476806,0.0657983088703889,0.9981333333333846,0.5895309448242188,0.2130995913141504,BendWorstOCT,2026-07-09 19:46:54,seismic-bumps,Quantile Thresholds,5.0,15,5,10,39,2,9,0.7136470588235316,0.9948050225195008,0.3939734077506973,3600.0021481513977,14749.0,-86246969,0.564902952,True,False,Baseline,False,3,0.0008,280,23560093[].aqua,3600,1,0,0,0.05,-1,-1,0,-1,inf,True,False,False,1,False,False,True,False,0,Chain,False,False,False,False,False,0.527272,3606,3579
70.93653250773994,68.23529411764706,1.6666666666666667,2,3,0.9262105263157896,0.0245375633239746,56951,6.659244537353516,0,0,0,0,0,0.992,0.0,0.0,0.98191336069315,0.3725190162658691,0.0916043904026334,0.98191336069315,0.5258870124816895,0.2296959347690378,BendWorstOCT,2026-07-09 19:46:54,seismic-bumps,Quantile Thresholds,5.0,15,5,10,39,2,9,0.6583529411764796,0.9587790326110104,0.4563298386693131,3600.006091117859,7884.0,-1014442012,0.839442088,True,False,Baseline,False,4,0.008,290,23560093[].aqua,3600,1,0,0,0.05,-1,-1,0,-1,inf,True,False,False,1,False,False,True,False,0,Chain,False,False,False,False,False,0.752024,3604,3579
70.6656346749226,68.82352941176471,1.6666666666666667,2,3,0.9282105263157896,0.0242834091186523,54639,6.713231086730957,0,0,0,0,0,0.994,0.0,0.0,0.986440784313765,0.5285489559173584,0.1076144803890846,0.9862271782145448,0.8712289333343506,0.3593904611695389,BendWorstOCT,2026-07-09 19:46:54,seismic-bumps,Quantile Thresholds,5.0,15,5,10,39,2,9,0.6702352941176454,0.9697892466978708,0.4469384934056387,3600.0215108394623,8935.0,268360845,1.028650136,True,False,Baseline,False,4,0.006,291,23560093[].aqua,3600,1,0,0,0.05,-1,-1,0,-1,inf,True,False,False,1,False,False,True,False,0,Chain,False,False,False,False,False,0.87914,3604,3577
68.49845201238391,68.47555923777962,2.25,3,4,0.9242105263157896,0.0244169235229492,58302,6.962758302688599,0,0,0,0,0,0.99,0.0,0.0,0.9774622307939872,0.5234169960021973,0.1357198789573672,0.977284873588803,0.8847799301147461,0.4464536004115102,BendWorstOCT,2026-07-09 19:46:54,seismic-bumps,Quantile Thresholds,5.0,15,5,10,39,2,9,0.6447555923778154,0.950641264853208,0.4744211234326895,3600.0267448425293,7197.0,-2091047666,0.917389648,True,False,Baseline,False,4,0.01,289,23560093[].aqua,3600,1,0,0,0.05,-1,-1,0,-1,inf,True,False,False,1,False,False,True,False,0,Chain,False,False,False,False,False,0.87248,3604,3579
72.44582043343654,72.3529411764706,2.8,4,5,0.9302105263157896,0.0244886875152587,57629,8.518586874008179,0,0,0,0,0,0.996,0.0,0.0,0.9908183863709856,0.4275021553039551,0.0791752678394561,0.9908183863709856,0.6456921100616455,0.264966282767508,BendWorstOCT,2026-07-09 19:46:54,seismic-bumps,Quantile Thresholds,5.0,15,5,10,39,2,9,0.7035294117647165,0.9811394908841264,0.3945962663068474,3600.0112569332123,8268.0,-56044726,0.905712144,True,False,Baseline,False,4,0.004,292,23560093[].aqua,3600,1,0,0,0.05,-1,-1,0,-1,inf,True,False,False,1,False,False,True,False,0,Chain,False,False,False,False,False,0.832068,3604,3577
64.0092879256966,63.33885666942833,1.0,1,2,0.8742105263157895,0.0266163349151611,54808,5.746768236160278,0,0,0,0,0,0.94,0.0,0.0,0.8748779979450513,0.6207380294799805,0.2830188854794872,0.8741950464396829,0.8647890090942383,0.5857173831426713,BendWorstOCT,2026-07-09 19:46:54,seismic-bumps,Quantile Thresholds,5.0,15,5,10,39,2,9,0.5133885666942949,0.6970588235294093,0.3577607074847143,3600.002655982971,4859.0,1425124872,1.0086638,True,False,Baseline,False,4,0.06,286,23560093[].aqua,3600,1,0,0,0.05,-1,-1,0,-1,inf,True,False,False,1,False,False,True,False,0,Chain,False,False,False,False,False,0.735348,3605,3576
64.0092879256966,63.33885666942833,1.0,1,2,0.8542105263157895,0.0265314579010009,47451,5.0812742710113525,0,0,0,0,0,0.92,0.0,0.0,0.8348281147945784,0.5468389987945557,0.2967827236812596,0.8340445000862132,1.0178120136260986,0.6824245292865271,BendWorstOCT,2026-07-09 19:46:54,seismic-bumps,Quantile Thresholds,5.0,15,5,10,39,2,9,0.4733885666942962,0.5982728410513197,0.2638092322953609,3600.003226995468,4017.0,-1590820542,0.58846068,True,False,Baseline,False,4,0.08,285,23560093[].aqua,3600,1,0,0,0.05,-1,-1,0,-1,inf,True,False,False,1,False,False,True,False,0,Chain,False,False,False,False,False,0.639944,3605,3577
71.43962848297214,71.41673570836785,2.8,4,5,0.9322105263157896,0.024914264678955,57847,8.144153356552124,0,0,0,0,0,0.998,0.0,0.0,0.9954255045084226,0.5308029651641846,0.1027520821012111,0.995325422873065,0.6726319789886475,0.2539772037284477,BendWorstOCT,2026-07-09 19:46:54,seismic-bumps,Quantile Thresholds,5.0,15,5,10,39,2,9,0.7041673570839346,0.989820157362323,0.4056603837208821,3600.0171229839325,5858.0,1806596733,1.014274232,True,False,Baseline,False,4,0.002,293,23560093[].aqua,3600,1,0,0,0.05,-1,-1,0,-1,inf,True,False,False,1,False,False,True,False,0,Chain,False,False,False,False,False,0.862768,3605,3575
71.671826625387,71.6238608119304,2.25,3,4,0.9142105263157896,0.0264670848846435,55901,7.077152490615845,0,0,0,0,0,0.98,0.0,0.0,0.955593784683731,0.613955020904541,0.1397895552932343,0.9554544025981307,0.8652591705322266,0.512735993419461,BendWorstOCT,2026-07-09 19:46:55,seismic-bumps,Quantile Thresholds,5.0,15,5,10,39,2,9,0.6362386081193278,0.8997276589932892,0.4141355892450707,3600.00363612175,5380.0,27950328,0.933814728,True,False,Baseline,False,4,0.02,288,23560093[].aqua,3600,1,0,0,0.05,-1,-1,0,-1,inf,True,False,False,1,False,False,True,False,0,Chain,False,False,False,False,False,0.86158,3605,3576
73.33591331269349,73.32228666114334,3.25,4,8,0.9332105263157896,0.024982213973999,55624,10.07689332962036,0,0,0,0,0,0.999,0.0,0.0,0.9976666666667166,0.5513870716094971,0.1080427274247799,0.997666666666716,0.8095970153808594,0.3534520270734531,BendWorstOCT,2026-07-09 19:46:55,seismic-bumps,Quantile Thresholds,5.0,15,5,10,39,2,9,0.7252228666115956,0.9950059644137166,0.3720002639500437,3600.0079720020294,6838.0,-492366727,0.98510916,True,False,Baseline,False,4,0.001,294,23560093[].aqua,3600,1,0,0,0.05,-1,-1,0,-1,inf,True,False,False,1,False,False,True,False,0,Chain,False,False,False,False,False,0.7822,3605,3577
70.6656346749226,68.82352941176471,1.6666666666666667,2,3,0.8942105263157895,0.026475191116333,55513,5.583017110824585,0,0,0,0,0,0.96,0.0,0.0,0.9147755417957204,0.6054909229278564,0.4828150186825425,0.9144840359142156,0.906059980392456,0.8029385833561589,BendWorstOCT,2026-07-09 19:46:54,seismic-bumps,Quantile Thresholds,5.0,15,5,10,39,2,9,0.5682352941176457,0.794117647058821,0.3975155279503095,3600.0031309127808,5455.0,-1048588457,0.84097792,True,False,Baseline,False,4,0.04,287,23560093[].aqua,3600,1,0,0,0.05,-1,-1,0,-1,inf,True,False,False,1,False,False,True,False,0,Chain,False,False,False,False,False,0.731696,3605,3576
72.40712074303406,72.3529411764706,3.25,4,8,0.9334105263157896,0.0251984596252441,52579,10.734685897827148,0,0,0,0,0,0.9992,0.0,0.0,0.998133333333385,0.412261962890625,0.075601405044768,0.9981333333333846,0.6281049251556396,0.2205478104908031,BendWorstOCT,2026-07-09 19:46:55,seismic-bumps,Quantile Thresholds,5.0,15,5,10,39,2,9,0.7171294117647045,0.996242315675315,0.3892085575234913,3600.0089631080627,7708.0,1397836055,0.95457932,True,False,Baseline,False,4,0.0008,295,23560093[].aqua,3600,1,0,0,0.05,-1,-1,0,-1,inf,True,False,False,1,False,False,True,False,0,Chain,False,False,False,False,False,0.790844,3605,3577
72.56191950464397,72.53521126760563,3.0,3,8,0.9338105263157896,0.0162436962127685,30919,4.20207667350769,0,0,0,0,0,0.9996,0.0,0.0,0.9990333333333556,0.5768308639526367,0.1759754185617924,0.9990222222222526,0.7169690132141113,0.2909958768131138,BendWorstOCT,2026-07-09 19:46:55,seismic-bumps,Quantile Thresholds,5.0,15,5,10,39,2,9,0.7221521126760806,0.9975333333333892,0.3813340926703487,3600.00546002388,12355.0,-1744944820,0.562943104,True,False,Baseline,False,3,0.0004,282,23560093[].aqua,3600,1,0,0,0.05,-1,-1,0,-1,inf,True,False,False,1,False,False,True,False,0,Chain,False,False,False,False,False,0.498984,3606,3576
71.94272445820434,71.91383595691798,2.6666666666666665,3,6,0.9336105263157894,0.0159063339233398,33998,4.874326467514038,0,0,0,0,0,0.9994,0.0,0.0,0.9985523219814768,0.5812499523162842,0.1264951947638629,0.99853333333338,0.723747968673706,0.2444443171031826,BendWorstOCT,2026-07-09 19:46:55,seismic-bumps,Quantile Thresholds,5.0,15,5,10,39,2,9,0.7155383600838673,0.9963343750000566,0.3924262214024103,3600.00664806366,8889.0,-564149567,0.67405364,True,False,Baseline,False,3,0.0006,281,23560093[].aqua,3600,1,0,0,0.05,-1,-1,0,-1,inf,True,False,False,1,False,False,True,False,0,Chain,False,False,False,False,False,0.564312,3606,3576
70.62693498452012,70.58823529411765,2.6666666666666665,3,6,0.9340105263157896,0.0160362720489501,32364,5.121928215026856,0,0,0,0,0,0.9998,0.0,0.0,0.9995444444444584,0.5954501628875732,0.2830186916886249,0.999511111111125,0.7713100910186768,0.4118731250322248,BendWorstOCT,2026-07-09 19:46:55,seismic-bumps,Quantile Thresholds,5.0,15,5,10,39,2,9,0.7046823529411751,0.9986206521739494,0.4171216974654556,3600.005345106125,11958.0,1165321489,0.595785576,True,False,Baseline,False,3,0.0002,283,23560093[].aqua,3600,1,0,0,0.05,-1,-1,0,-1,inf,True,False,False,1,False,False,True,False,0,Chain,False,False,False,False,False,0.586084,3605,3576
72.36842105263158,72.3529411764706,2.857142857142857,3,7,0.9341105263157896,0.0157907009124755,31993,6.102382659912109,0,0,0,0,0,0.9999,0.0,0.0,0.9997555555555612,0.6036880016326904,0.2830541363300781,0.9997555555555612,0.7726559638977051,0.398433029841569,BendWorstOCT,2026-07-09 19:46:56,seismic-bumps,Quantile Thresholds,5.0,15,5,10,39,2,9,0.7228294117647159,0.9993388888889012,0.3825376674271111,3600.0016751289368,9822.0,1915473613,0.643545648,True,False,Baseline,False,3,0.0001,284,23560093[].aqua,3600,1,0,0,0.05,-1,-1,0,-1,inf,True,False,False,1,False,False,True,False,0,Chain,False,False,False,False,False,0.546332,3606,3577
72.02012383900929,71.996685998343,2.833333333333333,4,6,0.9341455108359134,0.0243542194366455,56335,7.910700559616089,0,0,0,0,0,0.9996,0.0,0.0,0.9990222222222428,0.4114348888397217,0.0966344873447596,0.9990222222222428,0.6742348670959473,0.2813212158828175,BendWorstOCT,2026-07-09 19:47:22,seismic-bumps,Quantile Thresholds,5.0,15,5,10,39,2,9,0.7175668599834537,0.9981697142857456,0.3910476778550812,3600.00354886055,6824.0,-1481237962,1.067207152,True,False,Baseline,False,4,0.0004,297,23560093[].aqua,3600,1,0,0,0.05,-1,-1,0,-1,inf,True,False,False,1,False,False,True,False,0,Chain,False,False,False,False,False,0.895592,3604,3575
71.28482972136223,70.0,3.0,4,7,0.9336105263157894,0.0256879329681396,53973,8.921406507492065,0,0,0,0,0,0.9994,0.0,0.0,0.9985523219814768,0.5631880760192871,0.0911084916732122,0.99853333333338,0.8222880363464355,0.3655416998767892,BendWorstOCT,2026-07-09 19:47:23,seismic-bumps,Quantile Thresholds,5.0,15,5,10,39,2,9,0.6957999999999986,0.9973496866901194,0.4333855801812609,3600.0109300613403,5796.0,1963491741,0.928846696,True,False,Baseline,False,4,0.0006,296,23560093[].aqua,3600,1,0,0,0.05,-1,-1,0,-1,inf,True,False,False,1,False,False,True,False,0,Chain,False,False,False,False,False,0.79834,3605,3576
68.92414860681114,68.88980944490473,3.2857142857142856,4,7,0.935332507739938,0.0268385410308837,58416,8.524113178253174,0,0,0,0,0,0.9998,0.0,0.0,0.9995444444444584,0.4572389125823974,0.1044912229294195,0.999511111111125,0.6762189865112305,0.2402062763827953,BendWorstOCT,2026-07-09 19:47:37,seismic-bumps,Quantile Thresholds,5.0,15,5,10,39,2,9,0.6874980944490668,0.999029001368037,0.4531371205743026,3600.012622833252,4379.0,1462244690,1.037213312,True,False,Baseline,False,4,0.0002,298,23560093[].aqua,3600,1,0,0,0.05,-1,-1,0,-1,inf,True,False,False,1,False,False,True,False,0,Chain,False,False,False,False,False,0.865308,3606,3579
72.9876160990712,72.94117647058823,3.5,4,10,0.935932507739938,0.0270886421203613,53976,8.207292556762695,0,0,0,0,0,0.9999,0.0,0.0,0.999772222222228,0.4646780490875244,0.0779073653926255,0.9997555555555612,0.6834709644317627,0.2134264051015592,BendWorstOCT,2026-07-09 19:47:37,seismic-bumps,Quantile Thresholds,5.0,15,5,10,39,2,9,0.7284117647058809,0.9994590735146228,0.3721072639706549,3600.029737949372,5482.0,217230924,1.094745936,True,False,Baseline,False,4,0.0001,299,23560093[].aqua,3600,1,0,0,0.05,-1,-1,0,-1,inf,True,False,False,1,False,False,True,False,0,Chain,False,False,False,False,False,0.880676,3606,3579
71.70212765957447,71.42857142857143,3.857142857142857,4,14,0.8663404255319149,0.0165145397186279,12337,2.686387300491333,0,0,0,0,0,0.9994,0.0,0.0,0.9986799999999896,0.1369471549987793,0.0189409526912818,0.9986363636363534,0.1860151290893554,0.0558801523997395,BendWorstOCT,2026-07-09 19:48:04,thoracic,Quantile Thresholds,5.0,16,13,3,36,2,9,0.7058857142857142,0.9960514521119992,0.4110661711292794,3600.0008721351624,89163.0,517983445,0.340486272,True,False,Baseline,False,4,0.0006,266,23560093[].aqua,3600,1,0,0,0.05,-1,-1,0,-1,inf,True,False,False,1,False,False,True,False,0,Chain,False,False,False,False,False,0.410136,3676,3577
71.86532507739938,71.83098591549296,2.25,3,4,0.9262105263157896,0.0148091316223144,31382,3.9222025871276855,0,0,0,0,0,0.992,0.0,0.0,0.9819133606931492,0.5007209777832031,0.0811703261631658,0.9819133606931492,0.7347898483276367,0.2527244403635331,BendWorstOCT,2026-07-09 19:48:04,seismic-bumps,Quantile Thresholds,5.0,15,5,10,39,2,9,0.6863098591549524,0.9485227652724388,0.3820619835482868,3600.004968881607,15622.0,481737322,0.487002448,True,False,Baseline,False,3,0.008,275,23560093[].aqua,3600,1,0,0,0.05,-1,-1,0,-1,inf,True,False,False,1,False,False,True,False,0,Chain,False,False,False,False,False,0.463408,3675,3575
70.6656346749226,68.82352941176471,1.6666666666666667,2,3,0.8942105263157895,0.0149188041687011,29630,2.962515354156494,0,0,0,0,0,0.96,0.0,0.0,0.9147755417957196,0.5215258598327637,0.2103128410645824,0.9141156353102666,0.903635025024414,0.5872465225581224,BendWorstOCT,2026-07-09 19:48:04,seismic-bumps,Quantile Thresholds,5.0,15,5,10,39,2,9,0.5682352941176457,0.7734602154058382,0.3611618697618302,3600.0014159679413,13365.0,675579389,0.59256504,True,False,Baseline,False,3,0.04,272,23560093[].aqua,3600,1,0,0,0.05,-1,-1,0,-1,inf,True,False,False,1,False,False,True,False,0,Chain,False,False,False,False,False,0.55722,3675,3574
67.02127659574468,67.0,3.0,3,8,0.8632297872340425,0.00840425491333,6443,0.8477985858917236,0,0,0,0,0,0.9999,0.0,0.0,0.9997727272727168,0.0998990535736084,0.0191262995405181,0.9997727272727168,0.1392741203308105,0.0451073310267626,BendWorstOCT,2026-07-09 19:48:04,thoracic,Quantile Thresholds,5.0,16,13,3,36,2,9,0.6691999999999994,0.9848918852458932,0.4717451961235717,3600.000814914704,139712.0,-2088926618,0.206048032,True,False,Baseline,False,3,0.0001,254,23560093[].aqua,3600,1,0,0,0.05,-1,-1,0,-1,inf,True,False,False,1,False,False,True,False,0,Chain,False,False,False,False,False,0.324776,3680,3579
72.36842105263158,72.3529411764706,2.6666666666666665,3,6,0.9302105263157896,0.0181725025177001,31971,3.814682960510254,0,0,0,0,0,0.996,0.0,0.0,0.9908359394391127,0.5464048385620117,0.0992465699104211,0.9907938192188304,0.7529518604278564,0.2493637276430279,BendWorstOCT,2026-07-09 19:48:04,seismic-bumps,Quantile Thresholds,5.0,15,5,10,39,2,9,0.6995294117647036,0.9734195046440172,0.3915347779135844,3600.006427049637,16599.0,-625611369,0.632631272,True,False,Baseline,False,3,0.004,277,23560093[].aqua,3600,1,0,0,0.05,-1,-1,0,-1,inf,True,False,False,1,False,False,True,False,0,Chain,False,False,False,False,False,0.510016,3675,3581
71.09133126934985,71.00248550124275,1.6666666666666667,2,3,0.8742105263157895,0.0148403644561767,29964,4.271718263626099,0,0,0,0,0,0.94,0.0,0.0,0.8748779979450513,0.6184301376342773,0.2735815848020425,0.8741950464396832,0.9605062007904052,0.5788480849019375,BendWorstOCT,2026-07-09 19:48:04,seismic-bumps,Quantile Thresholds,5.0,15,5,10,39,2,9,0.53002485501245,0.6822745801970099,0.2872501614683403,3600.0023980140686,9231.0,1972603724,0.584230576,True,False,Baseline,False,3,0.06,271,23560093[].aqua,3600,1,0,0,0.05,-1,-1,0,-1,inf,True,False,False,1,False,False,True,False,0,Chain,False,False,False,False,False,0.545516,3675,3574
71.09133126934985,71.00248550124275,1.6666666666666667,2,3,0.9242105263157896,0.014660358428955,30775,3.762598752975464,0,0,0,0,0,0.99,0.0,0.0,0.9774622307939872,0.4990828037261963,0.1081848378225885,0.977352609589534,0.7643499374389648,0.3396606574635867,BendWorstOCT,2026-07-09 19:48:04,seismic-bumps,Quantile Thresholds,5.0,15,5,10,39,2,9,0.6800248550124498,0.9386215024939986,0.3802752878449044,3600.001755952835,16523.0,1086069807,0.547695744,True,False,Baseline,False,3,0.01,274,23560093[].aqua,3600,1,0,0,0.05,-1,-1,0,-1,inf,True,False,False,1,False,False,True,False,0,Chain,False,False,False,False,False,0.499356,3675,3575
58.297872340425535,57.142857142857146,1.6666666666666667,2,3,0.7910638297872341,0.0165157318115234,10881,1.1349384784698486,0,0,0,0,0,0.94,0.0,0.0,0.8750387596899164,0.0771260261535644,0.0275135141312666,0.8750387596899164,0.1434521675109863,0.0586980731275016,BendWorstOCT,2026-07-09 19:48:04,thoracic,Quantile Thresholds,5.0,16,13,3,36,2,9,0.3914285724025718,0.6066666666666566,0.5498783416421612,3600.0012180805206,80979.0,-1141697123,0.274286864,True,False,Baseline,False,4,0.06,256,23560093[].aqua,3600,1,0,0,0.05,-1,-1,0,-1,inf,True,False,False,1,False,False,True,False,0,Chain,False,False,False,False,False,0.371328,3680,3578
70.0,70.0,3.933333333333333,4,15,0.8683404255319149,0.0168566703796386,12168,2.4395580291748047,0,0,0,0,0,0.9996,0.0,0.0,0.9991199999999898,0.1489059925079345,0.0186015880257755,0.9990909090908988,0.1984260082244873,0.0566844713408918,BendWorstOCT,2026-07-09 19:48:04,thoracic,Quantile Thresholds,5.0,16,13,3,36,2,9,0.6940000000000006,0.9972577946767964,0.4369708857014345,3600.000710964203,107230.0,-629073249,0.380560872,True,False,Baseline,False,4,0.0004,267,23560093[].aqua,3600,1,0,0,0.05,-1,-1,0,-1,inf,True,False,False,1,False,False,True,False,0,Chain,False,False,False,False,False,0.44608,3676,3577
71.09133126934985,71.00248550124275,1.6666666666666667,2,3,0.9142105263157896,0.0151782035827636,31638,3.3406107425689697,0,0,0,0,0,0.98,0.0,0.0,0.9556351952546188,0.5114290714263916,0.1485949611686766,0.9554292598607154,0.8535280227661133,0.4341420711501731,BendWorstOCT,2026-07-09 19:48:04,seismic-bumps,Quantile Thresholds,5.0,15,5,10,39,2,9,0.6500248550124499,0.884144341691323,0.3601700533041757,3600.008723974228,14625.0,-1569791750,0.496491304,True,False,Baseline,False,3,0.02,273,23560093[].aqua,3600,1,0,0,0.05,-1,-1,0,-1,inf,True,False,False,1,False,False,True,False,0,Chain,False,False,False,False,False,0.532752,3675,3575
68.72340425531915,68.57142857142857,3.2857142857142856,4,7,0.841063829787234,0.0161011219024658,11488,1.8248040676116943,0,0,0,0,0,0.99,0.0,0.0,0.977872340425523,0.0814099311828613,0.0225765047644357,0.9771374287523666,0.1891789436340332,0.0603034858284894,BendWorstOCT,2026-07-09 19:48:04,thoracic,Quantile Thresholds,5.0,16,13,3,36,2,9,0.6157142857142852,0.9325496688741683,0.5145818287979547,3600.0013048648834,101974.0,950394923,0.352257056,True,False,Baseline,False,4,0.01,259,23560093[].aqua,3600,1,0,0,0.05,-1,-1,0,-1,inf,True,False,False,1,False,False,True,False,0,Chain,False,False,False,False,False,0.425124,3680,3578
71.48936170212765,71.42857142857143,3.636363636363636,4,11,0.8623404255319149,0.0209760665893554,11851,2.406508684158325,0,0,0,0,0,0.999,0.0,0.0,0.9977999999999898,0.1348891258239746,0.0190404373754417,0.9977272727272626,0.1829972267150879,0.0579445788238269,BendWorstOCT,2026-07-09 19:48:04,thoracic,Quantile Thresholds,5.0,16,13,3,36,2,9,0.7032857142857143,0.9936093237032074,0.4128103323019402,3600.000988006592,81969.0,595801880,0.321762248,True,False,Baseline,False,4,0.001,264,23560093[].aqua,3600,1,0,0,0.05,-1,-1,0,-1,inf,True,False,False,1,False,False,True,False,0,Chain,False,False,False,False,False,0.376356,3676,3578
72.55319148936171,72.5,3.8461538461538463,4,13,0.8643404255319149,0.0164859294891357,12057,2.1834309101104736,0,0,0,0,0,0.9992,0.0,0.0,0.9982399999999898,0.1393580436706543,0.0186382632448824,0.998181818181808,0.1878929138183593,0.0564323978113777,BendWorstOCT,2026-07-09 19:48:04,thoracic,Quantile Thresholds,5.0,16,13,3,36,2,9,0.7146004999999994,0.9945733333333232,0.3917893051198874,3600.005306959152,99293.0,-301877621,0.357666008,True,False,Baseline,False,4,0.0008,265,23560093[].aqua,3600,1,0,0,0.05,-1,-1,0,-1,inf,True,False,False,1,False,False,True,False,0,Chain,False,False,False,False,False,0.42776,3676,3578
62.340425531914896,62.25,2.0,2,4,0.831063829787234,0.0160927772521972,11362,1.442462682723999,0,0,0,0,0,0.98,0.0,0.0,0.9566197183098516,0.0847699642181396,0.0258312428247443,0.9545297670405446,0.1993157863616943,0.0704387894846833,BendWorstOCT,2026-07-09 19:48:04,thoracic,Quantile Thresholds,5.0,16,13,3,36,2,9,0.5424999999999977,0.8688235294117558,0.6015180265654554,3600.00146484375,106462.0,825943995,0.3537118,True,False,Baseline,False,4,0.02,258,23560093[].aqua,3600,1,0,0,0.05,-1,-1,0,-1,inf,True,False,False,1,False,False,True,False,0,Chain,False,False,False,False,False,0.440292,3680,3578
70.2127659574468,70.0,3.769230769230769,4,13,0.8713404255319149,0.0164520740509033,12266,2.5498595237731934,0,0,0,0,0,0.9999,0.0,0.0,0.9997799999999896,0.1500930786132812,0.0184133996017488,0.9997715909090804,0.2329130172729492,0.0532452470079616,BendWorstOCT,2026-07-09 19:48:04,thoracic,Quantile Thresholds,5.0,16,13,3,36,2,9,0.6986999999999994,0.9993846616809946,0.430348735767848,3600.0018990039825,64765.0,2093905081,0.315453248,True,False,Baseline,False,4,0.0001,269,23560093[].aqua,3600,1,0,0,0.05,-1,-1,0,-1,inf,True,False,False,1,False,False,True,False,0,Chain,False,False,False,False,False,0.402288,3676,3577
62.97872340425532,61.42857142857143,2.25,3,4,0.811063829787234,0.0161855220794677,11594,1.2267708778381348,0,0,0,0,0,0.96,0.0,0.0,0.9156112852664514,0.073167085647583,0.0281617577914951,0.9097830018083108,0.1812350749969482,0.075942707563742,BendWorstOCT,2026-07-09 19:48:04,thoracic,Quantile Thresholds,5.0,16,13,3,36,2,9,0.4542857144311426,0.7459971025471729,0.6421319862133721,3600.0006580352783,87693.0,-474828967,0.315385064,True,False,Baseline,False,4,0.04,257,23560093[].aqua,3600,1,0,0,0.05,-1,-1,0,-1,inf,True,False,False,1,False,False,True,False,0,Chain,False,False,False,False,False,0.38092,3680,3578
72.97872340425532,72.85714285714286,3.857142857142857,4,14,0.8703404255319149,0.0164382457733154,12158,2.393518686294556,0,0,0,0,0,0.9998,0.0,0.0,0.9995599999999896,0.1506190299987793,0.0185423732935242,0.9995454545454444,0.1986351013183593,0.0560627749563623,BendWorstOCT,2026-07-09 19:48:04,thoracic,Quantile Thresholds,5.0,16,13,3,36,2,9,0.7257714285714287,0.9987207392197024,0.3760816421025735,3600.0010030269623,86138.0,-1183171587,0.336522664,True,False,Baseline,False,4,0.0002,268,23560093[].aqua,3600,1,0,0,0.05,-1,-1,0,-1,inf,True,False,False,1,False,False,True,False,0,Chain,False,False,False,False,False,0.39854,3676,3577
58.51063829787234,50.0,1.0,1,2,0.7710638297872341,0.0163414478302001,10387,1.0902988910675049,0,0,0,0,0,0.92,0.0,0.0,0.8350387596899165,0.0732238292694091,0.0288865233019668,0.8350387596899165,0.1389780044555664,0.060357080366933,BendWorstOCT,2026-07-09 19:48:04,thoracic,Quantile Thresholds,5.0,16,13,3,36,2,9,0.3400000001339985,0.4923217676213102,0.4480051983155283,3600.000783920288,65692.0,1964875128,0.217938992,True,False,Baseline,False,4,0.08,255,23560093[].aqua,3600,1,0,0,0.05,-1,-1,0,-1,inf,True,False,False,1,False,False,True,False,0,Chain,False,False,False,False,False,0.316268,3680,3579
71.86532507739938,71.17647058823529,2.857142857142857,3,7,0.9322105263157896,0.0198616981506347,30992,4.817007780075073,0,0,0,0,0,0.998,0.0,0.0,0.9954255045084226,0.5492830276489258,0.0891000259560994,0.9952815173420516,0.7534408569335938,0.2303641815572414,BendWorstOCT,2026-07-09 19:48:04,seismic-bumps,Quantile Thresholds,5.0,15,5,10,39,2,9,0.6977647058823515,0.9873670256835504,0.4150429469415266,3600.001183032989,13805.0,-147310676,0.596293616,True,False,Baseline,False,3,0.002,278,23560093[].aqua,3600,1,0,0,0.05,-1,-1,0,-1,inf,True,False,False,1,False,False,True,False,0,Chain,False,False,False,False,False,0.500252,3675,3581
72.34042553191489,72.25,3.75,4,12,0.847063829787234,0.0202348232269287,11584,1.8386130332946773,0,0,0,0,0,0.996,0.0,0.0,0.990850574712634,0.0869719982147216,0.0213953602416605,0.990850574712634,0.2506558895111084,0.0931103209674473,BendWorstOCT,2026-07-09 19:48:04,thoracic,Quantile Thresholds,5.0,16,13,3,36,2,9,0.6744999999999982,0.9744525547445178,0.4447035652253822,3600.0018470287323,96780.0,1009744782,0.336040704,True,False,Baseline,False,4,0.004,262,23560093[].aqua,3600,1,0,0,0.05,-1,-1,0,-1,inf,True,False,False,1,False,False,True,False,0,Chain,False,False,False,False,False,0.428224,3676,3577
72.02012383900929,71.76470588235294,2.0,2,4,0.9282105263157896,0.0146780014038085,30848,3.623779296875,0,0,0,0,0,0.994,0.0,0.0,0.9862909301652086,0.4977290630340576,0.0951481943357904,0.9862909301652086,0.7279560565948486,0.2310944629675927,BendWorstOCT,2026-07-09 19:48:04,seismic-bumps,Quantile Thresholds,5.0,15,5,10,39,2,9,0.6936470588235379,0.9616863650437564,0.3864203023866739,3600.006649017334,13872.0,-127893722,0.625339952,True,False,Baseline,False,3,0.006,276,23560093[].aqua,3600,1,0,0,0.05,-1,-1,0,-1,inf,True,False,False,1,False,False,True,False,0,Chain,False,False,False,False,False,0.518352,3675,3575
68.72340425531915,68.57142857142857,3.142857142857143,4,7,0.843063829787234,0.0165584087371826,11843,1.803343772888184,0,0,0,0,0,0.992,0.0,0.0,0.9823425414364548,0.0954089164733886,0.0236722230834844,0.981683741648098,0.2200570106506347,0.0598882920398343,BendWorstOCT,2026-07-09 19:48:04,thoracic,Quantile Thresholds,5.0,16,13,3,36,2,9,0.6297142857142856,0.9478826073524776,0.5052582240170926,3600.006854057312,98581.0,1591145584,0.344916856,True,False,Baseline,False,4,0.008,260,23560093[].aqua,3600,1,0,0,0.05,-1,-1,0,-1,inf,True,False,False,1,False,False,True,False,0,Chain,False,False,False,False,False,0.409952,3676,3580
68.29787234042553,68.25,3.25,4,8,0.845063829787234,0.0165920257568359,11397,1.7711658477783203,0,0,0,0,0,0.994,0.0,0.0,0.9865977011494156,0.0881340503692627,0.0228537877797354,0.9862857142857052,0.2164709568023681,0.077688409127076,BendWorstOCT,2026-07-09 19:48:04,thoracic,Quantile Thresholds,5.0,16,13,3,36,2,9,0.6345000000000005,0.9614012399765336,0.5152107801048589,3600.000986099243,114636.0,-1002696672,0.375512936,True,False,Baseline,False,4,0.006,261,23560093[].aqua,3600,1,0,0,0.05,-1,-1,0,-1,inf,True,False,False,1,False,False,True,False,0,Chain,False,False,False,False,False,0.476848,3676,3576
87.08333333333333,85.5421686746988,2.25,3,4,0.9316833333333334,0.0254755020141601,47279,5.537033557891846,0,0,0,0,0,0.9999,0.0,0.0,0.9997999999999234,0.7961959838867188,0.1259515669701995,0.9997081677703442,1.8511760234832764,0.8204174803052298,BendWorstOCT,2026-07-09 19:49:33,ann-thyroid,Quantile Thresholds,5.0,21,15,6,39,3,9,0.8550216867469865,0.9994997938349628,0.1689759561978566,3600.0023560523987,1862.0,397656253,0.978773944,True,False,Baseline,False,3,0.0001,314,23560093[].aqua,3600,1,0,0,0.05,-1,-1,0,-1,inf,True,False,False,1,False,False,True,False,0,Chain,False,False,False,False,False,0.817316,3606,3577
87.09722222222223,86.144578313253,3.1666666666666665,4,6,0.9346944444444444,0.0374369621276855,75932,10.039952993392944,0,0,0,0,0,0.999,0.0,0.0,0.9979999999999288,0.6669838428497314,0.128223619669063,0.9970803398179556,1.7142620086669922,0.865442599990052,BendWorstOCT,2026-07-09 19:54:32,ann-thyroid,Quantile Thresholds,5.0,21,15,6,39,3,9,0.8554457831325286,0.995862092740748,0.1641440198513033,3600.0128870010376,1430.0,1102746761,1.0228338,True,False,Baseline,False,4,0.001,324,23560093[].aqua,3600,1,0,0,0.05,-1,-1,0,-1,inf,True,False,False,1,False,False,True,False,0,Chain,False,False,False,False,False,0.999628,3605,3574
86.47222222222223,77.71739130434783,2.8,4,5,0.9358944444444444,0.0348246097564697,64080,8.359451055526733,0,0,0,0,0,0.9992,0.0,0.0,0.9983999999999276,0.6135449409484863,0.1279395174269268,0.9976659406831374,1.8253369331359863,0.903260204974654,BendWorstOCT,2026-07-09 19:54:32,ann-thyroid,Quantile Thresholds,5.0,21,15,6,39,3,9,0.7731739130434754,0.9967466666666578,0.2891623085718503,3600.00178194046,1105.0,-522980967,1.020639248,True,False,Baseline,False,4,0.0008,325,23560093[].aqua,3600,1,0,0,0.05,-1,-1,0,-1,inf,True,False,False,1,False,False,True,False,0,Chain,False,False,False,False,False,1.031444,3605,3577
69.25133689839572,69.10112359550561,2.833333333333333,4,6,0.7757486631016043,0.0095446109771728,15920,1.5665578842163086,0,0,0,0,0,0.999,0.0,0.0,0.9940000000000024,0.1607449054718017,0.0218976819021239,0.9920000000000024,0.2416539192199707,0.0544415350850325,BendWorstOCT,2026-07-09 21:10:46,transfusion,Quantile Thresholds,5.0,4,0,4,16,2,9,0.6850112359550671,0.956223646790062,0.3959240324822713,3600.001389980316,164427.0,-581658794,0.481869744,True,False,Baseline,False,4,0.001,0,23561633[].aqua,3600,1,0,0,0.05,-1,-1,0,-1,inf,True,False,False,1,False,False,True,False,0,Chain,False,False,False,False,False,0.576076,3627,3579
85.69444444444444,68.20652173913044,2.8,4,5,0.9178333333333332,0.0378687381744384,75356,9.810697078704834,0,0,0,0,0,0.992,0.0,0.0,0.9839999999999977,1.2428460121154783,0.082154475212417,0.9766657986784658,8.123411893844604,12.489117258747118,BendWorstOCT,2026-07-09 21:10:47,ann-thyroid,Quantile Thresholds,5.0,21,15,6,39,3,9,0.6420652173913044,0.9704384998892122,0.5114329099341038,3600.0465009212494,1250.0,-564863531,1.458660944,True,False,Baseline,False,4,0.008,1,23561633[].aqua,3600,1,0,0,0.05,-1,-1,0,-1,inf,True,False,False,1,False,False,True,False,0,Chain,False,False,False,False,False,1.242788,3627,3579
87.08333333333333,85.5421686746988,2.8,4,5,0.9198333333333332,0.0413439273834228,92263,12.210444688796995,0,0,0,0,0,0.994,0.0,0.0,0.9879999999999975,1.2256150245666504,0.0821985196498549,0.982615514831287,6.532414197921753,9.448839219511132,BendWorstOCT,2026-07-09 21:10:47,ann-thyroid,Quantile Thresholds,5.0,21,15,6,39,3,9,0.8254216867469865,0.9759999999999234,0.1824259232227964,3600.0203881263733,998.0,320373622,2.14564324,True,False,Baseline,False,4,0.006,2,23561633[].aqua,3600,1,0,0,0.05,-1,-1,0,-1,inf,True,False,False,1,False,False,True,False,0,Chain,False,False,False,False,False,1.644636,3627,3579
79.22077922077922,79.17364600781686,2.8,4,5,0.9691792207792208,0.1657118797302246,19654,15.258756160736084,0,0,0,0,0,0.9996,0.0,0.0,0.9990250405737926,1.5695788860321045,0.6732712781811606,0.9990246308449044,3.4573819637298584,1.6956074557764285,BendWorstOCT,2026-07-09 21:10:47,ozone-one,Quantile Thresholds,5.0,72,0,72,286,2,9,0.7897364600781802,0.9987566931185512,0.2646708663035249,3600.0142278671265,3106.0,-186871792,1.978626128,True,False,Baseline,False,4,0.0004,3,23561633[].aqua,3600,1,0,0,0.05,-1,-1,0,-1,inf,True,False,False,1,False,False,True,False,0,Chain,False,False,False,False,False,1.467548,3628,3580
72.5108225108225,72.41764377442769,3.125,4,8,0.967155844155844,0.1713712215423584,18510,18.61291265487671,0,0,0,0,0,0.998,0.0,0.0,0.9951223680104208,2.157989025115967,0.6975825501963026,0.9950714456940416,4.852303981781006,2.522524751172233,BendWorstOCT,2026-07-09 21:10:47,ozone-one,Quantile Thresholds,5.0,72,0,72,286,2,9,0.7081764377442867,0.992411368412808,0.4013617447847859,3600.021812915802,4982.0,-1093642907,1.929516408,True,False,Baseline,False,4,0.002,4,23561633[].aqua,3600,1,0,0,0.05,-1,-1,0,-1,inf,True,False,False,1,False,False,True,False,0,Chain,False,False,False,False,False,1.12624,3628,3577
86.875,84.93975903614458,2.25,3,4,0.9158333333333332,0.0249614715576171,64071,5.954790830612183,0,0,0,0,0,0.99,0.0,0.0,0.9799999999999952,0.563647985458374,0.1222311092953951,0.9724999999999976,4.586222887039185,7.572610844741704,BendWorstOCT,2026-07-09 21:10:51,ann-thyroid,Quantile Thresholds,5.0,21,15,6,39,3,9,0.8093975903614443,0.9600000000001044,0.1860672819292767,3600.004009008408,794.0,-502287626,1.3556012,True,False,Baseline,False,3,0.01,8,23561633[].aqua,3600,1,0,0,0.05,-1,-1,0,-1,inf,True,False,False,1,False,False,True,False,0,Chain,False,False,False,False,False,1.196172,3632,3577
85.75,57.06521739130435,3.142857142857143,4,7,0.9400944444444445,0.0358080863952636,86391,10.154393434524536,0,0,0,0,0,0.9999,0.0,0.0,0.9997999999999234,0.6418559551239014,0.1214153130530829,0.9997249999999236,2.2027509212493896,1.1671905714707822,BendWorstOCT,2026-07-09 21:10:52,ann-thyroid,Quantile Thresholds,5.0,21,15,6,39,3,9,0.5699521739130428,0.9995918829008648,0.7538171247564569,3600.017476797104,990.0,1562409689,1.200587792,True,False,Baseline,False,4,0.0001,22,23561633[].aqua,3600,1,0,0,0.05,-1,-1,0,-1,inf,True,False,False,1,False,False,True,False,0,Chain,False,False,False,False,False,1.249244,3631,3580
86.65277777777777,81.52173913043478,3.1666666666666665,4,6,0.9218333333333332,0.0368568897247314,76827,11.292952299118042,0,0,0,0,0,0.996,0.0,0.0,0.9919999999999936,1.2209692001342771,0.0815213411690277,0.9883313609467408,6.513363122940064,8.961560327108549,BendWorstOCT,2026-07-09 21:10:51,ann-thyroid,Quantile Thresholds,5.0,21,15,6,39,3,9,0.7912173913043443,0.983999999999996,0.2436531486976596,3600.0092141628265,589.0,1668817228,1.523984688,True,False,Baseline,False,4,0.004,19,23561633[].aqua,3600,1,0,0,0.05,-1,-1,0,-1,inf,True,False,False,1,False,False,True,False,0,Chain,False,False,False,False,False,1.243588,3631,3578
87.0,86.144578313253,3.1666666666666665,4,6,0.9394944444444444,0.0362031459808349,95447,11.586505889892578,0,0,0,0,0,0.9998,0.0,0.0,0.999599999999924,0.6368920803070068,0.1214824189530834,0.9994557622961898,1.3715379238128662,0.4946510537086403,BendWorstOCT,2026-07-09 21:10:52,ann-thyroid,Quantile Thresholds,5.0,21,15,6,39,3,9,0.8602457831325294,0.9991986357096188,0.1615269209121857,3600.003499031067,1003.0,1656758398,1.188669672,True,False,Baseline,False,4,0.0002,21,23561633[].aqua,3600,1,0,0,0.05,-1,-1,0,-1,inf,True,False,False,1,False,False,True,False,0,Chain,False,False,False,False,False,1.234436,3631,3581
77.40277777777777,77.17391304347827,2.6666666666666665,3,6,0.9178333333333332,0.0247089862823486,70082,8.074382066726685,0,0,0,0,0,0.992,0.0,0.0,0.9839999999999935,1.0461571216583252,0.194080099310281,0.978629820177368,3.1745901107788086,4.894627636363982,BendWorstOCT,2026-07-09 21:10:51,ann-thyroid,Quantile Thresholds,5.0,21,15,6,39,3,9,0.7237391304347798,0.967999999999934,0.3374984981376049,3600.005770921707,814.0,540348464,1.421275608,True,False,Baseline,False,3,0.008,9,23561633[].aqua,3600,1,0,0,0.05,-1,-1,0,-1,inf,True,False,False,1,False,False,True,False,0,Chain,False,False,False,False,False,1.280704,3631,3576
77.06944444444444,76.16261626162617,2.6666666666666665,3,6,0.9240833333333334,0.0266320705413818,67394,9.8184654712677,0,0,0,0,0,0.998,0.0,0.0,0.9959999999999352,0.8180758953094482,0.1250738152302022,0.9946167340839982,1.8654460906982424,1.3523704305313262,BendWorstOCT,2026-07-09 21:10:51,ann-thyroid,Quantile Thresholds,5.0,21,15,6,39,3,9,0.7496261626162055,0.9915032130697662,0.3226635655423318,3600.012938022613,1119.0,932155339,1.183509048,True,False,Baseline,False,3,0.002,20,23561633[].aqua,3600,1,0,0,0.05,-1,-1,0,-1,inf,True,False,False,1,False,False,True,False,0,Chain,False,False,False,False,False,1.003856,3631,3577
82.03463203463204,82.02121719709659,3.5,4,8,0.965155844155844,0.1363759040832519,21605,22.26809525489807,0,0,0,0,0,0.996,0.0,0.0,0.990264290619175,1.958500862121582,0.7134082254532288,0.9902542377936142,4.199341773986816,1.961561890892044,BendWorstOCT,2026-07-09 21:10:52,ozone-one,Quantile Thresholds,5.0,72,0,72,286,2,9,0.7882121719709799,0.986144030952689,0.2511149485128687,3600.054085969925,4177.0,-1810124941,1.618299656,True,False,Baseline,False,4,0.004,23,23561633[].aqua,3600,1,0,0,0.05,-1,-1,0,-1,inf,True,False,False,1,False,False,True,False,0,Chain,False,False,False,False,False,1.240384,3631,3575
70.30555555555556,69.56521739130434,3.6666666666666665,4,9,0.9382944444444444,0.034898042678833,87653,11.080992937088013,0,0,0,0,0,0.9996,0.0,0.0,0.9991999999999251,0.8318910598754883,0.1214784370530829,0.998899999999924,2.1162381172180176,0.8556565876981425,BendWorstOCT,2026-07-09 21:10:54,ann-thyroid,Quantile Thresholds,5.0,21,15,6,39,3,9,0.6920521739130445,0.9983624999999312,0.4426116088255714,3600.004414081573,1044.0,2101499453,1.202586448,True,False,Baseline,False,4,0.0004,12,23561633[].aqua,3600,1,0,0,0.05,-1,-1,0,-1,inf,True,False,False,1,False,False,True,False,0,Chain,False,False,False,False,False,1.246668,3634,3583
55.625,55.35553555355536,1.6666666666666667,2,3,0.8458333333333333,0.0283257961273193,63145,5.9781763553619385,0,0,0,0,0,0.92,0.0,0.0,0.8399999999999228,1.18949294090271,0.2948833035203787,0.7666659073530824,10.511259078979492,13.3538852335857,BendWorstOCT,2026-07-09 21:10:54,ann-thyroid,Quantile Thresholds,5.0,21,15,6,39,3,9,0.313555355537287,0.6879115737202882,1.1939079067602911,3600.0045940876007,733.0,870401541,1.386450432,True,False,Baseline,False,3,0.08,24,23561633[].aqua,3600,1,0,0,0.05,-1,-1,0,-1,inf,True,False,False,1,False,False,True,False,0,Chain,False,False,False,False,False,1.188064,3634,3577
87.08333333333333,85.5421686746988,2.6666666666666665,3,6,0.9218333333333332,0.031553030014038,78450,9.185988426208496,0,0,0,0,0,0.996,0.0,0.0,0.9919999999999936,1.151641845703125,0.1938808563086557,0.989274076968152,3.632098913192749,5.979098464951053,BendWorstOCT,2026-07-09 21:10:54,ann-thyroid,Quantile Thresholds,5.0,21,15,6,39,3,9,0.8314216867469865,0.983031309844864,0.1823498538883007,3600.005718946457,874.0,-1502105187,1.60510064,True,False,Baseline,False,3,0.004,27,23561633[].aqua,3600,1,0,0,0.05,-1,-1,0,-1,inf,True,False,False,1,False,False,True,False,0,Chain,False,False,False,False,False,1.419684,3634,3577
70.22222222222223,66.30434782608695,2.25,3,4,0.9058333333333332,0.034153938293457,68508,6.984486103057861,0,0,0,0,0,0.98,0.0,0.0,0.9599999999999936,1.062575101852417,0.1604002749686582,0.9466666666666538,4.220444917678833,7.1750161497835725,BendWorstOCT,2026-07-09 21:10:54,ann-thyroid,Quantile Thresholds,5.0,21,15,6,39,3,9,0.5830434782609211,0.9266666666666492,0.5893611732536206,3600.0082268714905,744.0,1021794235,1.431392576,True,False,Baseline,False,3,0.02,11,23561633[].aqua,3600,1,0,0,0.05,-1,-1,0,-1,inf,True,False,False,1,False,False,True,False,0,Chain,False,False,False,False,False,1.31954,3634,3583
85.73611111111111,69.29347826086956,2.6,3,5,0.9288833333333334,0.0256149768829345,57223,7.26413106918335,0,0,0,0,0,0.9992,0.0,0.0,0.9983999999999276,0.7590131759643555,0.125274804986712,0.9976581963804864,2.3327860832214355,0.9993206902908064,BendWorstOCT,2026-07-09 21:10:54,ann-thyroid,Quantile Thresholds,5.0,21,15,6,39,3,9,0.688934782608697,0.996513406906612,0.4464553569689836,3600.037178039551,986.0,-398840995,1.243835904,True,False,Baseline,False,3,0.0008,6,23561633[].aqua,3600,1,0,0,0.05,-1,-1,0,-1,inf,True,False,False,1,False,False,True,False,0,Chain,False,False,False,False,False,1.045652,3635,3573
42.86111111111112,34.93975903614458,2.833333333333333,4,6,0.9286944444444444,0.0383293628692626,72769,10.43447232246399,0,0,0,0,0,0.998,0.01,0.0,0.9959999999999352,0.7447600364685059,0.1282681967908532,0.9946666666665898,2.811251878738404,3.243106346044,BendWorstOCT,2026-07-09 21:10:54,ann-thyroid,Quantile Thresholds,5.0,21,15,6,39,3,9,0.3373975903614459,0.9922105309961692,1.9407753918255253,3600.0150878429413,755.0,-50890419,1.267244624,True,False,Baseline,False,4,0.002,44,23561633[].aqua,3600,1,0,0,0.05,-1,-1,0,-1,inf,True,False,False,1,False,False,True,False,0,Chain,False,False,False,False,False,1.180964,3634,3576
85.88888888888889,66.30434782608695,1.6666666666666667,2,3,0.8858333333333333,0.0245072841644287,68792,7.103097677230835,0,0,0,0,0,0.96,0.0,0.0,0.9199999999999954,0.7597730159759521,0.1278503002797088,0.8933145055014078,2.248342990875244,2.593474465094177,BendWorstOCT,2026-07-09 21:10:54,ann-thyroid,Quantile Thresholds,5.0,21,15,6,39,3,9,0.5430434782608685,0.8653598270487594,0.5935369112987593,3600.013825893402,820.0,-1568909418,1.446123352,True,False,Baseline,False,3,0.04,5,23561633[].aqua,3600,1,0,0,0.05,-1,-1,0,-1,inf,True,False,False,1,False,False,True,False,0,Chain,False,False,False,False,False,1.31668,3635,3574
85.88888888888889,66.30434782608695,2.6,3,5,0.9198333333333332,0.0291123390197753,72369,7.866901159286499,0,0,0,0,0,0.994,0.01,0.0,0.9879999999999936,1.0620691776275637,0.1827220106938403,0.9839952966036686,3.367065191268921,5.03759020894086,BendWorstOCT,2026-07-09 21:10:54,ann-thyroid,Quantile Thresholds,5.0,21,15,6,39,3,9,0.6330434782608685,0.9760009999999976,0.5417598214285704,3600.0100560188293,891.0,-1094497033,1.452539296,True,False,Baseline,False,3,0.006,7,23561633[].aqua,3600,1,0,0,0.05,-1,-1,0,-1,inf,True,False,False,1,False,False,True,False,0,Chain,False,False,False,False,False,1.241272,3635,3574
84.90277777777777,57.60869565217392,2.25,3,4,0.8658333333333332,0.0343391895294189,62733,8.527276039123535,0,0,0,0,0,0.94,0.01,0.0,0.8799999999999593,0.8248751163482666,0.308438156272847,0.8260594108803917,5.435030937194824,8.972361984603298,BendWorstOCT,2026-07-09 21:10:54,ann-thyroid,Quantile Thresholds,5.0,21,15,6,39,3,9,0.3360869565217395,0.784698140896483,1.334806887531577,3600.009715080261,814.0,-1421503584,1.323853336,True,False,Baseline,False,3,0.06,33,23561633[].aqua,3600,1,0,0,0.05,-1,-1,0,-1,inf,True,False,False,1,False,False,True,False,0,Chain,False,False,False,False,False,1.098684,3634,3576
85.75,57.06521739130435,1.6666666666666667,2,3,0.9058333333333332,0.0350477695465087,108661,13.490923643112184,0,0,0,0,0,0.98,0.0,0.0,0.9599999999999936,1.1011090278625488,0.0844698257305126,0.9425252766287638,8.896814107894897,16.132383191738377,BendWorstOCT,2026-07-09 21:10:54,ann-thyroid,Quantile Thresholds,5.0,21,15,6,39,3,9,0.5106521739130438,0.9290050552675868,0.819252130366495,3600.0269091129303,916.0,-2086146711,2.331993624,True,False,Baseline,False,4,0.02,10,23561633[].aqua,3600,1,0,0,0.05,-1,-1,0,-1,inf,True,False,False,1,False,False,True,False,0,Chain,False,False,False,False,False,1.858036,3635,3581
87.08333333333333,85.5421686746988,3.1666666666666665,4,6,0.8858333333333333,0.0360796451568603,89426,10.976942539215088,0,0,0,0,0,0.96,0.01,0.0,0.9199999999999976,1.1936240196228027,0.0884108258895739,0.8840128807121738,10.74156904220581,17.896487258848392,BendWorstOCT,2026-07-09 21:10:54,ann-thyroid,Quantile Thresholds,5.0,21,15,6,39,3,9,0.6154216867469865,0.8528040251066165,0.3857230635052728,3600.0764939785004,845.0,1346598743,2.036309032,True,False,Baseline,False,4,0.04,32,23561633[].aqua,3600,1,0,0,0.05,-1,-1,0,-1,inf,True,False,False,1,False,False,True,False,0,Chain,False,False,False,False,False,1.606056,3634,3576
70.22222222222223,66.30434782608695,1.6666666666666667,2,3,0.9304833333333332,0.0293066501617431,71773,9.189152240753174,0,0,0,0,0,0.9996,0.0,0.0,0.9991999999999251,0.9477510452270508,0.1260719549701995,0.9988888888888512,2.4002010822296143,0.8113534694081799,BendWorstOCT,2026-07-09 21:10:54,ann-thyroid,Quantile Thresholds,5.0,21,15,6,39,3,9,0.6618434782608985,0.9983246855232216,0.5083999741849574,3600.0056829452515,911.0,-839717334,1.393943648,True,False,Baseline,False,3,0.0004,30,23561633[].aqua,3600,1,0,0,0.05,-1,-1,0,-1,inf,True,False,False,1,False,False,True,False,0,Chain,False,False,False,False,False,1.168228,3634,3578
86.20833333333333,69.02173913043478,3.2857142857142856,4,7,0.9370944444444445,0.0413579940795898,78664,9.750500917434692,0,0,0,0,0,0.9994,0.0,0.0,0.9987999999999264,0.8709249496459961,0.1280146872219718,0.9982369828225408,2.5779330730438232,0.8680455280838003,BendWorstOCT,2026-07-09 21:10:54,ann-thyroid,Quantile Thresholds,5.0,21,15,6,39,3,9,0.6860173913043464,0.9975999999999238,0.4541905389645525,3600.2423598766327,613.0,1680821690,1.384029024,True,False,Baseline,False,4,0.0006,25,23561633[].aqua,3600,1,0,0,0.05,-1,-1,0,-1,inf,True,False,False,1,False,False,True,False,0,Chain,False,False,False,False,False,1.3649,3634,3581
87.13888888888889,86.97869786978698,2.6,3,5,0.9280833333333334,0.0274806022644042,56396,9.616583108901978,0,0,0,0,0,0.999,0.0,0.0,0.9979999999999288,0.8430099487304688,0.1250640930302022,0.9972857142856404,1.945188045501709,0.8073935560221202,BendWorstOCT,2026-07-09 21:10:54,ann-thyroid,Quantile Thresholds,5.0,21,15,6,39,3,9,0.8647869786978041,0.9953600011116434,0.1509886545822603,3600.058541059494,1145.0,149384421,1.161337408,True,False,Baseline,False,3,0.001,37,23561633[].aqua,3600,1,0,0,0.05,-1,-1,0,-1,inf,True,False,False,1,False,False,True,False,0,Chain,False,False,False,False,False,1.040764,3634,3581
79.87012987012987,71.9298245614035,1.0,1,2,0.909155844155844,0.1380679607391357,20185,11.148576259613035,0,0,0,0,0,0.94,0.0,0.0,0.8640099479277861,2.3971152305603027,2.3676868473710124,0.8600082216927429,5.376120090484619,7.095207541716127,BendWorstOCT,2026-07-09 21:10:55,ozone-one,Quantile Thresholds,5.0,72,0,72,286,2,9,0.5992982456140341,0.7600000000000171,0.2681498829040118,3600.0034341812134,3227.0,1054995691,1.567997296,True,False,Baseline,False,4,0.06,41,23561633[].aqua,3600,1,0,0,0.05,-1,-1,0,-1,inf,True,False,False,1,False,False,True,False,0,Chain,False,False,False,False,False,1.04336,3634,3576
82.95454545454545,82.45614035087719,3.0,4,6,0.961155844155844,0.1428587436676025,20606,19.83730721473694,0,0,0,0,0,0.992,0.0,0.0,0.9805934899962424,1.9713361263275144,0.7235087326713354,0.9803752368110312,4.383969068527222,2.5053545252781984,BendWorstOCT,2026-07-09 21:10:55,ozone-one,Quantile Thresholds,5.0,72,0,72,286,2,9,0.7765614035087709,0.9745305818084108,0.2549304889544437,3600.013242959976,6556.0,-1489700264,2.304458376,True,False,Baseline,False,4,0.008,31,23561633[].aqua,3600,1,0,0,0.05,-1,-1,0,-1,inf,True,False,False,1,False,False,True,False,0,Chain,False,False,False,False,False,1.197972,3634,3576
83.27922077922078,71.9298245614035,1.6666666666666667,2,3,0.929155844155844,0.1406276226043701,22066,12.128191709518433,0,0,0,0,0,0.96,0.0,0.0,0.90726030908372,2.469151973724365,1.8168669307910936,0.9053019235208308,5.267261981964111,5.273959452293225,BendWorstOCT,2026-07-09 21:10:55,ozone-one,Quantile Thresholds,5.0,72,0,72,286,2,9,0.5992982456140351,0.8400000000000171,0.4016393442623235,3600.00586104393,2484.0,-847619708,1.784818896,True,False,Baseline,False,4,0.04,17,23561633[].aqua,3600,1,0,0,0.05,-1,-1,0,-1,inf,True,False,False,1,False,False,True,False,0,Chain,False,False,False,False,False,1.028132,3634,3582
87.09722222222223,86.144578313253,2.6,3,5,0.9296833333333334,0.0516645908355712,54444,8.48962116241455,0,0,0,0,0,0.9994,0.01,0.0,0.9987999999999264,2.023993968963623,0.3840066114786932,0.9982449831221568,4.311943054199219,1.6146926816764653,BendWorstOCT,2026-07-09 21:10:54,ann-thyroid,Quantile Thresholds,5.0,21,15,6,39,3,9,0.8584457831325286,0.9974372452471496,0.1619105887006999,3600.011953115464,806.0,-1887768461,1.156997544,True,False,Baseline,False,3,0.0006,18,23561633[].aqua,3600,1,0,0,0.05,-1,-1,0,-1,inf,True,False,False,1,False,False,True,False,0,Chain,False,False,False,False,False,1.013632,3634,3579
72.94372294372295,72.92015633724176,1.6666666666666667,2,3,0.965155844155844,0.0995211601257324,16371,10.253872632980348,0,0,0,0,0,0.996,0.0,0.0,0.990264290619175,1.6246650218963623,0.6786147777975375,0.9902543930008616,2.9799249172210693,1.4852765454427443,BendWorstOCT,2026-07-09 21:10:55,ozone-one,Quantile Thresholds,5.0,72,0,72,286,2,9,0.7172015633724276,0.9855613890927268,0.3741762977459456,3600.009588956833,3503.0,-8417806,1.263397296,True,False,Baseline,False,3,0.004,36,23561633[].aqua,3600,1,0,0,0.05,-1,-1,0,-1,inf,True,False,False,1,False,False,True,False,0,Chain,False,False,False,False,False,1.064856,3634,3582
85.88888888888889,66.30434782608695,1.6666666666666667,2,3,0.8658333333333332,0.0528085231781005,94663,12.74375867843628,0,0,0,0,0,0.94,0.0,0.0,0.8799999999999593,1.597095012664795,0.3827590220280556,0.8280514239917165,6.623692989349365,8.7096105195246,BendWorstOCT,2026-07-09 21:10:54,ann-thyroid,Quantile Thresholds,5.0,21,15,6,39,3,9,0.483043478261942,0.7789151517280315,0.612515615635009,3600.0349111557007,702.0,-1992866682,2.199119128,True,False,Baseline,False,4,0.06,35,23561633[].aqua,3600,1,0,0,0.05,-1,-1,0,-1,inf,True,False,False,1,False,False,True,False,0,Chain,False,False,False,False,False,1.719488,3634,3583
83.06277056277057,71.9298245614035,1.6666666666666667,2,3,0.9699792207792208,0.1712150573730468,20827,12.880239963531494,0,0,0,0,0,0.9998,0.0,0.0,0.9995125230077174,1.6673989295959473,0.6300890156357468,0.9995046964419404,3.493842840194702,1.4685928740166394,BendWorstOCT,2026-07-09 21:10:55,ozone-one,Quantile Thresholds,5.0,72,0,72,286,2,9,0.7186982456140336,0.9993661646981444,0.3905226161284374,3600.023866891861,2906.0,-1297252404,1.6720486,True,False,Baseline,False,4,0.0002,15,23561633[].aqua,3600,1,0,0,0.05,-1,-1,0,-1,inf,True,False,False,1,False,False,True,False,0,Chain,False,False,False,False,False,1.215696,3634,3577
79.11255411255411,78.94736842105263,2.8,4,5,0.968355844155844,0.1576268672943115,20382,18.605756521224976,0,0,0,0,0,0.9992,0.01,0.0,0.998050092030864,2.088557004928589,0.6578419431765257,0.9980312239101468,4.21560001373291,2.054276792843256,BendWorstOCT,2026-07-09 21:10:55,ozone-one,Quantile Thresholds,5.0,72,0,72,286,2,9,0.7854736842105264,0.9975085503472064,0.2699452195521922,3600.0239169597626,2401.0,-481247580,1.66196516,True,False,Baseline,False,4,0.0008,34,23561633[].aqua,3600,1,0,0,0.05,-1,-1,0,-1,inf,True,False,False,1,False,False,True,False,0,Chain,False,False,False,False,False,1.293852,3634,3583
76.73160173160173,76.71691792294807,2.8,4,5,0.9703792207792208,0.1458315849304199,21833,15.296299457550049,0,0,0,0,0,0.9999,0.0,0.0,0.9997562614180796,1.5538930892944336,0.7266559553177901,0.99975279610442,3.1067559719085693,2.252949050049763,BendWorstOCT,2026-07-09 21:10:55,ozone-one,Quantile Thresholds,5.0,72,0,72,286,2,9,0.7666691792294917,0.9996951882983028,0.3039459722419047,3600.006767988205,1278.0,863733799,2.233333304,True,False,Baseline,False,4,0.0001,26,23561633[].aqua,3600,1,0,0,0.05,-1,-1,0,-1,inf,True,False,False,1,False,False,True,False,0,Chain,False,False,False,False,False,1.786124,3634,3578
79.491341991342,71.9298245614035,1.0,1,2,0.949155844155844,0.1390461921691894,23735,17.138835191726685,0,0,0,0,0,0.98,0.0,0.0,0.9524023002548714,1.969573974609375,0.8400622680336283,0.952208038852902,2.919750928878784,1.825457398622496,BendWorstOCT,2026-07-09 21:10:55,ozone-one,Quantile Thresholds,5.0,72,0,72,286,2,9,0.6792982456140351,0.920000000000001,0.3543388429752082,3600.017796993256,2768.0,2095408566,1.928469864,True,False,Baseline,False,4,0.02,42,23561633[].aqua,3600,1,0,0,0.05,-1,-1,0,-1,inf,True,False,False,1,False,False,True,False,0,Chain,False,False,False,False,False,1.21392,3634,3576
81.76406926406926,81.74204355108878,2.8,4,5,0.968555844155844,0.1458864212036132,23442,21.544788360595703,0,0,0,0,0,0.9994,0.01,0.0,0.9985375690231484,2.148955821990967,0.6613406665341212,0.9985234179326103,4.094596862792969,2.067240432402608,BendWorstOCT,2026-07-09 21:10:55,ozone-one,Quantile Thresholds,5.0,72,0,72,286,2,9,0.8144204355108988,0.997600000000017,0.224920147508586,3600.029845952988,2816.0,-1277355009,2.34557524,True,False,Baseline,False,4,0.0006,39,23561633[].aqua,3600,1,0,0,0.05,-1,-1,0,-1,inf,True,False,False,1,False,False,True,False,0,Chain,False,False,False,False,False,1.195224,3634,3580
79.11255411255411,71.9298245614035,1.0,1,2,0.8891558441558441,0.1785035133361816,17426,12.83086395263672,0,0,0,0,0,0.92,0.01,0.0,0.8221724524860854,2.5458991527557373,2.538292605543976,0.8185742958927517,6.90106201171875,10.159452487318804,BendWorstOCT,2026-07-09 21:10:55,ozone-one,Quantile Thresholds,5.0,72,0,72,286,2,9,0.5592982790762918,0.6796060842630132,0.215104908574751,3600.023138999939,5004.0,-634360602,2.078763744,True,False,Baseline,False,4,0.08,14,23561633[].aqua,3600,1,0,0,0.05,-1,-1,0,-1,inf,True,False,False,1,False,False,True,False,0,Chain,False,False,False,False,False,0.956788,3634,3574
70.22222222222223,66.30434782608695,1.6666666666666667,2,3,0.9158333333333332,0.0493397712707519,66876,10.594863176345823,0,0,0,0,0,0.99,0.0,0.0,0.9799999999999952,1.2916338443756104,0.1315204270945701,0.9708189414748204,4.670446872711182,4.720868931975224,BendWorstOCT,2026-07-09 21:10:54,ann-thyroid,Quantile Thresholds,5.0,21,15,6,39,3,9,0.6330434782608723,0.9649496607087382,0.5243023486470387,3600.201807975769,619.0,-1953011851,1.158187376,True,False,Baseline,False,4,0.01,38,23561633[].aqua,3600,1,0,0,0.05,-1,-1,0,-1,inf,True,False,False,1,False,False,True,False,0,Chain,False,False,False,False,False,1.112668,3634,3580
86.93055555555556,85.8695652173913,2.8,4,5,0.8458333333333333,0.0385429859161376,67140,7.18552041053772,0,0,0,0,0,0.92,0.01,0.0,0.8399999999999228,0.8919529914855957,0.2075441205668629,0.7666644459965366,7.748644828796387,12.182171616443071,BendWorstOCT,2026-07-09 21:10:54,ann-thyroid,Quantile Thresholds,5.0,21,15,6,39,3,9,0.4586956521739088,0.6992803601745444,0.5244974676791155,3600.574234008789,706.0,1311307966,1.170653472,True,False,Baseline,False,4,0.08,43,23561633[].aqua,3600,1,0,0,0.05,-1,-1,0,-1,inf,True,False,False,1,False,False,True,False,0,Chain,False,False,False,False,False,1.2204,3634,3577
81.38528138528139,81.35120044667784,2.8,4,5,0.963155844155844,0.1668901443481445,23991,18.12657880783081,0,0,0,0,0,0.994,0.27,0.0,0.98541313412569,3.490746021270752,0.8045879536623556,0.9854101628768211,5.347052097320557,3.322311842976661,BendWorstOCT,2026-07-09 21:10:55,ozone-one,Quantile Thresholds,5.0,72,0,72,286,2,9,0.7835120044667905,0.9770115908360932,0.2469644182426872,3600.043393135071,2012.0,1880845769,3.38658676,True,False,Baseline,False,4,0.006,40,23561633[].aqua,3600,1,0,0,0.05,-1,-1,0,-1,inf,True,False,False,1,False,False,True,False,0,Chain,False,False,False,False,False,1.42646,3634,3587
77.59740259740259,77.55443886097153,2.25,3,4,0.961155844155844,0.2147130966186523,17943,13.819121360778809,0,0,0,0,0,0.992,0.27,0.0,0.9805934899962424,3.2132699489593506,0.7760285089585833,0.98057459693423,5.523963928222656,2.20098548623195,BendWorstOCT,2026-07-09 21:10:55,ozone-one,Quantile Thresholds,5.0,72,0,72,286,2,9,0.7435443928696344,0.9706211887319434,0.3053977651366976,3600.054007768631,4732.0,817691138,1.22041556,True,False,Baseline,False,3,0.008,13,23561633[].aqua,3600,1,0,0,0.05,-1,-1,0,-1,inf,True,False,False,1,False,False,True,False,0,Chain,False,False,False,False,False,0.8626,3635,3586
76.67748917748918,76.6610831937465,1.6666666666666667,2,3,0.968155844155844,0.1731221675872802,28399,24.666755199432373,0,0,0,0,0,0.999,0.0,0.0,0.9975626014344898,2.230043888092041,0.6985326174250251,0.9975559853469412,3.516441822052002,1.890916240256779,BendWorstOCT,2026-07-09 21:10:55,ozone-one,Quantile Thresholds,5.0,72,0,72,286,2,9,0.763610831937476,0.9965454158642056,0.3050435826528481,3600.7124660015106,2663.0,33321146,3.077967216,True,False,Baseline,False,4,0.001,16,23561633[].aqua,3600,1,0,0,0.05,-1,-1,0,-1,inf,True,False,False,1,False,False,True,False,0,Chain,False,False,False,False,False,1.670772,3635,3575
78.24675324675324,78.22445561139028,2.25,3,4,0.968555844155844,0.1533451080322265,16873,12.052006483078005,0,0,0,0,0,0.9994,0.33,0.0,0.998537522650398,4.095844984054565,0.7287729177961266,0.9985359986917304,7.268326044082642,2.669418003171509,BendWorstOCT,2026-07-09 21:10:57,ozone-one,Quantile Thresholds,5.0,72,0,72,286,2,9,0.7798445561139146,0.9980034969648186,0.2797466996987497,3600.016710042953,3055.0,-1777525259,1.298983064,True,False,Baseline,False,3,0.0006,29,23561633[].aqua,3600,1,0,0,0.05,-1,-1,0,-1,inf,True,False,False,1,False,False,True,False,0,Chain,False,False,False,False,False,1.264108,3636,3586
86.38888888888889,76.08695652173913,2.25,3,4,0.9312833333333334,0.058422565460205,63109,11.37352728843689,0,0,0,0,0,0.9998,0.72,0.0,0.999599999999924,4.639967203140259,0.1251304970499351,0.9994133333332602,6.740001201629639,0.7947756157374722,BendWorstOCT,2026-07-09 21:10:57,ann-thyroid,Quantile Thresholds,5.0,21,15,6,39,3,9,0.7600695652174171,0.9991603409341524,0.3145643328691154,3600.0450580120087,912.0,647765017,1.35334148,True,False,Baseline,False,3,0.0002,28,23561633[].aqua,3600,1,0,0,0.05,-1,-1,0,-1,inf,True,False,False,1,False,False,True,False,0,Chain,False,False,False,False,False,1.115032,3637,3593
