Accuracy,Worst Class Accuracy,Average Leaf Depth,Max Leaf Depth,Leaves Used,CART Obj,CART Runtime,Benders Cuts - Cuts Added,Benders Cuts - Time,Minimum Node Support - Cuts Added,Minimum Node Support - Time,Solution Polishing - Solutions Found,Solution Polishing - Time,Path Bound Cutting Planes - Cuts Added,Path Bound Cutting Planes - Time,Cut Set Callback - Cuts Added,Cut Set Callback - Time,Cut Set Initial Cuts - Cuts,Cut Set Initial Cuts - Time,EQP Initial Cuts - Auxiliary Vars,EQP Initial Cuts - Cuts,EQP Initial Cuts - Time,Initial Root Relaxation - Obj,Initial Root Relaxation - Time,Initial Root Relaxation - Work,Presolve Relaxation - Obj,Presolve Relaxation - Time,Presolve Relaxation - Work,Final Root Relaxation - Obj,Final Root Relaxation - Time,Final Root Relaxation - Work,Model,Begin Opt Time,Dataset,Encoding,Buckets,|F|,|F^C|,|F^N|,|F^B|,|K|,Model Status,Objective,Bound,Gap,Solve Time,Node Count,Fingerprint,Memory Usage,Warmstart,Polish Warmstart,Results Directory,Compare Relaxations,depth,lambda,Subjob id,Array Job id,TimeLimit,Threads,MIPGap,MIPFocus,Heuristics,NodeMethod,Method,Seed,Presolve,NodeLimit,Benders Cuts-Enabled,Benders Cuts-Enhanced Cuts,Benders Cuts-Relax w,Benders Cuts-EC Level,Minimum Node Support-Enabled,Solution Polishing-Enabled,Solution Polishing-Check Validity,Leaf Bound-Enabled,Leaf Bound-EQP Bound,Leaf Bound-FlowOCT Bound,Leaf Bound-BendOCT Bound,Path Bound Cutting Planes-Enabled,Path Bound Cutting Planes-Endpoint Only,Path Bound Cutting Planes-Cut Type,Path Bound Cutting Planes-Bound Negative Samples,Path Bound Cutting Planes-Bound Structure,Path Bound Cutting Planes-Cut Focus,Cut Set Callback-Enabled,Cut Set Callback-Solution Method,Cut Set Callback-Cut Type,Cut Set Initial Cuts-Enabled,Cut Set Initial Cuts-Solution Method,EQP Initial Cuts-Enabled,EQP Initial Cuts-Features Removed,EQP Initial Cuts-H Variant,EQP Initial Cuts-Disaggregate Alpha,EQP Initial Cuts-Group Selection,EQP Initial Cuts-Ignore Dataset Check,EQP Initial Cuts-Filter Dominated,EQP Initial Cuts-Beta Dependence,Memory,Walltime,CPUtime
70.7581227436823,0.0,0.0,0,1,0.6275812274368231,0.0087220668792724,478,0.0188312530517578,0,0,0,0.0009427070617675,6,0.0013926029205322,0,0,0,0,1032,1514,0.0284953117370605,0.8008664,0.01,0.01,0.7321480144404372,0.0826821327209472,0.080383056897794,0.6548268135253024,0.2159721851348877,0.2372405904396143,BendRegOCT,2026-07-09 12:49:40,breast-cancer,,,9,9,0,38,2,2,0.6275812274368231,0.6275812274368231,0.0,0.2275960445404052,1.0,-1764164227,0.013904672,True,True,WorstCaseBaseline,False,3,0.08,0,23549190[].aqua,3600,1,0,0,0.05,-1,-1,0,-1,inf,True,True,False,1,False,True,False,False,False,False,False,True,False,Lazy,True,True,Samples,False,LP,Lazy,False,LP,True,2,Recursive,True,True,True,True,True,0.0,5,4
70.7581227436823,0.0,0.0,0,1,0.6475812274368231,0.0085821151733398,918,0.0485861301422119,0,0,0,0.004767894744873,1372,0.2729814052581787,0,0,0,0,1032,1514,0.0286457538604736,0.8208664,0.01,0.02,0.7721480144404376,0.0903639793395996,0.0882479705826599,0.6747111913357429,0.4794859886169433,0.5079863947637043,BendRegOCT,2026-07-09 12:49:40,breast-cancer,,,9,9,0,38,2,2,0.6475812274368231,0.6475812274368231,0.0,6.215780019760132,838.0,-1615979823,0.037449488,True,True,WorstCaseBaseline,False,3,0.06,1,23549190[].aqua,3600,1,0,0,0.05,-1,-1,0,-1,inf,True,True,False,1,False,True,False,False,False,False,False,True,False,Lazy,True,True,Samples,False,LP,Lazy,False,LP,True,2,Recursive,True,True,True,True,True,0.144248,11,10
77.61732851985559,33.333333333333336,1.6666666666666667,2,3,0.752173285198556,0.0086746215820312,1438,0.1953556537628173,0,0,0,0.0154340267181396,1246,0.3287460803985595,0,0,0,0,1032,1514,0.0283594131469726,0.8890868,0.05,0.06,0.8890867796920032,0.1436190605163574,0.1552823567154408,0.8859989101847241,0.662121057510376,0.6144237406075501,BendRegOCT,2026-07-09 12:49:40,breast-cancer,,,9,9,0,38,2,2,0.7521732851985559,0.7521732851985559,0.0,9.806159019470217,640.0,72104131,0.073440232,True,True,WorstCaseBaseline,False,3,0.008,5,23549190[].aqua,3600,1,0,0,0.05,-1,-1,0,-1,inf,True,True,False,1,False,True,False,False,False,False,False,True,False,Lazy,True,True,Samples,False,LP,Lazy,False,LP,True,2,Recursive,True,True,True,True,True,0.156732,15,13
79.06137184115524,37.03703703703704,2.6,3,5,0.758173285198556,0.0087814331054687,1403,0.1857681274414062,0,0,2,0.0156590938568115,1276,0.310762882232666,0,0,0,0,1032,1514,0.0288527011871337,0.9041025,0.05,0.08,0.9041025145887218,0.1682169437408447,0.1887573028923995,0.902245390625087,0.6956229209899902,0.6649056288932685,BendRegOCT,2026-07-09 12:49:40,breast-cancer,,,9,9,0,38,2,2,0.7606137184115522,0.7606137184115522,0.0,9.692460060119627,644.0,-1268299666,0.070141832,True,True,WorstCaseBaseline,False,3,0.006,6,23549190[].aqua,3600,1,0,0,0.05,-1,-1,0,-1,inf,True,True,False,1,False,True,False,False,False,False,False,True,False,Lazy,True,True,Samples,False,LP,Lazy,False,LP,True,2,Recursive,True,True,True,True,True,0.165644,15,13
70.7581227436823,0.0,0.0,0,1,0.667581227436823,0.0087316036224365,1352,0.12492036819458,0,0,0,0.0122408866882324,1780,0.4029152393341064,0,0,0,0,1032,1514,0.029076337814331,0.8408664,0.02,0.02,0.8121480144404377,0.0844318866729736,0.0861293570232579,0.7483169367118955,0.6046998500823975,0.6465480649802188,BendRegOCT,2026-07-09 12:49:40,breast-cancer,,,9,9,0,38,2,2,0.6675812274368231,0.6675812274368231,0.0,11.439455032348633,1224.0,568428547,0.042510144,True,True,WorstCaseBaseline,False,3,0.04,2,23549190[].aqua,3600,1,0,0,0.05,-1,-1,0,-1,inf,True,True,False,1,False,True,False,False,False,False,False,True,False,Lazy,True,True,Samples,False,LP,Lazy,False,LP,True,2,Recursive,True,True,True,True,True,0.150672,16,15
77.61732851985559,33.333333333333336,1.6666666666666667,2,3,0.716173285198556,0.0087354183197021,1920,0.1980175971984863,0,0,0,0.0186600685119628,2062,0.4781684875488281,0,0,0,0,1032,1514,0.0285987854003906,0.8608664,0.02,0.03,0.852148014440438,0.0895121097564697,0.0895089298038132,0.8325530469735057,0.5862259864807129,0.5363802609930304,BendRegOCT,2026-07-09 12:49:40,breast-cancer,,,9,9,0,38,2,2,0.7161732851985558,0.7161732851985558,0.0,18.272620916366577,1431.0,-112110096,0.060134688,True,True,WorstCaseBaseline,False,3,0.02,3,23549190[].aqua,3600,1,0,0,0.05,-1,-1,0,-1,inf,True,True,False,1,False,True,False,False,False,False,False,True,False,Lazy,True,True,Samples,False,LP,Lazy,False,LP,True,2,Recursive,True,True,True,True,True,0.159584,23,21
77.61732851985559,33.333333333333336,1.6666666666666667,2,3,0.746173285198556,0.0086705684661865,1455,0.205775499343872,0,0,0,0.0217647552490234,2058,0.5564231872558594,0,0,0,0,1032,1514,0.0286238193511962,0.8764079,0.04,0.05,0.8764079422382722,0.1142110824584961,0.1255701466758697,0.8717535629562112,0.5715999603271484,0.551228625021034,BendRegOCT,2026-07-09 12:49:40,breast-cancer,,,9,9,0,38,2,2,0.7461732851985559,0.7461732851985559,0.0,20.498302936553955,1388.0,-70924472,0.069325576,True,True,WorstCaseBaseline,False,3,0.01,4,23549190[].aqua,3600,1,0,0,0.05,-1,-1,0,-1,inf,True,True,False,1,False,True,False,False,False,False,False,True,False,Lazy,True,True,Samples,False,LP,Lazy,False,LP,True,2,Recursive,True,True,True,True,True,0.160684,25,24
70.7581227436823,0.0,0.0,0,1,0.6275812274368231,0.0161118507385253,474,0.0190911293029785,0,0,0,0.0010058879852294,6,0.0018284320831298,0,0,0,0,2120,3146,0.0492238998413085,0.8008664,0.03,0.03,0.7321480144404372,0.1473791599273681,0.1804084023932595,0.6716666666666694,0.2837560176849365,0.346898077898926,BendRegOCT,2026-07-09 12:50:56,breast-cancer,,,9,9,0,38,2,2,0.6275812274368231,0.6275812274368231,0.0,0.2969131469726562,1.0,1476465308,0.026608616,True,True,WorstCaseBaseline,False,4,0.08,15,23549190[].aqua,3600,1,0,0,0.05,-1,-1,0,-1,inf,True,True,False,1,False,True,False,False,False,False,False,True,False,Lazy,True,True,Samples,False,LP,Lazy,False,LP,True,2,Recursive,True,True,True,True,True,0.111344,82,5
70.7581227436823,0.0,0.0,0,1,0.6475812274368231,0.0161809921264648,849,0.0780680179595947,0,0,0,0.0047221183776855,332,0.0809605121612548,0,0,0,0,2120,3146,0.0497777462005615,0.8208664,0.02,0.02,0.7721480144404376,0.153541088104248,0.1923722859434326,0.6673553666000868,1.2787861824035645,1.4007654441841648,BendRegOCT,2026-07-09 12:50:56,breast-cancer,,,9,9,0,38,2,2,0.6475812274368231,0.6475812274368231,0.0,2.168241024017334,258.0,1288727592,0.041387608,True,True,WorstCaseBaseline,False,4,0.06,16,23549190[].aqua,3600,1,0,0,0.05,-1,-1,0,-1,inf,True,True,False,1,False,True,False,False,False,False,False,True,False,Lazy,True,True,Samples,False,LP,Lazy,False,LP,True,2,Recursive,True,True,True,True,True,0.147664,83,7
80.50541516245487,43.20987654320987,3.0,3,8,0.7890541516245487,0.0089502334594726,1272,0.186460256576538,0,0,0,0.0124504566192626,1242,0.311136245727539,0,0,0,0,1032,1514,0.0289313793182373,0.9361025,0.06,0.08,0.9361025145887224,0.1939678192138672,0.2141758150121691,0.9340964244777902,0.6842329502105713,0.6149703319973605,BendRegOCT,2026-07-09 12:50:56,breast-cancer,,,9,9,0,38,2,2,0.7890541516245486,0.7890541516245486,0.0,7.932312965393066,630.0,136933397,0.073616808,True,True,WorstCaseBaseline,False,3,0.002,8,23549190[].aqua,3600,1,0,0,0.05,-1,-1,0,-1,inf,True,True,False,1,False,True,False,False,False,False,False,True,False,Lazy,True,True,Samples,False,LP,Lazy,False,LP,True,2,Recursive,True,True,True,True,True,0.14702,89,13
80.50541516245487,43.20987654320987,3.0,3,8,0.8002541516245487,0.0090382099151611,1389,0.23101806640625,0,0,0,0.0135943889617919,1314,0.3432393074035644,0,0,0,0,1032,1514,0.0298807621002197,0.9473025,0.08,0.11,0.9473025145887224,0.2193500995635986,0.2421550213669707,0.9453968967775492,0.8018150329589844,0.741441924169424,BendRegOCT,2026-07-09 12:50:56,breast-cancer,,,9,9,0,38,2,2,0.8002541516245485,0.8002541516245485,0.0,9.257508993148804,714.0,293504732,0.054774024,True,True,WorstCaseBaseline,False,3,0.0006,11,23549190[].aqua,3600,1,0,0,0.05,-1,-1,0,-1,inf,True,True,False,1,False,True,False,False,False,False,False,True,False,Lazy,True,True,Samples,False,LP,Lazy,False,LP,True,2,Recursive,True,True,True,True,True,0.16226,90,14
80.50541516245487,43.20987654320987,3.0,3,8,0.8034541516245487,0.0099425315856933,1367,0.2290210723876953,0,0,0,0.015822410583496,1340,0.4106154441833496,0,0,0,0,1032,1514,0.0291700363159179,0.9505025,0.07,0.09,0.9505025145887224,0.3107819557189941,0.2579240175910875,0.9488069731378328,0.8336889743804932,0.7275507825976022,BendRegOCT,2026-07-09 12:50:56,breast-cancer,,,9,9,0,38,2,2,0.8034541516245486,0.8034541516245486,0.0,9.40884494781494,767.0,323932868,0.047737368,True,True,WorstCaseBaseline,False,3,0.0002,13,23549190[].aqua,3600,1,0,0,0.05,-1,-1,0,-1,inf,True,True,False,1,False,True,False,False,False,False,False,True,False,Lazy,True,True,Samples,False,LP,Lazy,False,LP,True,2,Recursive,True,True,True,True,True,0.149792,90,15
80.50541516245487,43.20987654320987,3.0,3,8,0.7986541516245488,0.0088958740234375,1448,0.2331860065460205,0,0,0,0.0148749351501464,1354,0.3510372638702392,0,0,0,0,1032,1514,0.0309357643127441,0.9457025,0.08,0.11,0.9457025145887225,0.2173709869384765,0.2421550183669707,0.9437968967775492,0.7994999885559082,0.7414580113674348,BendRegOCT,2026-07-09 12:50:56,breast-cancer,,,9,9,0,38,2,2,0.7986541516245484,0.7986541516245486,0.0,10.845956802368164,782.0,332006342,0.078000288,True,True,WorstCaseBaseline,False,3,0.0008,10,23549190[].aqua,3600,1,0,0,0.05,-1,-1,0,-1,inf,True,True,False,1,False,True,False,False,False,False,False,True,False,Lazy,True,True,Samples,False,LP,Lazy,False,LP,True,2,Recursive,True,True,True,True,True,0.16138,92,16
80.14440433212997,40.74074074074074,2.857142857142857,3,7,0.764173285198556,0.0091195106506347,1492,0.1980712413787841,0,0,2,0.0207767486572265,1514,0.3265993595123291,0,0,0,0,1032,1514,0.0282075405120849,0.9201025,0.06,0.08,0.920102514588722,0.2123050689697265,0.2259600182409527,0.918816112348052,0.6105010509490967,0.5966782419445348,BendRegOCT,2026-07-09 12:50:56,breast-cancer,,,9,9,0,38,2,2,0.7734440433212995,0.7734440433212995,0.0,10.86699891090393,961.0,-1520852595,0.047463192,True,True,WorstCaseBaseline,False,3,0.004,7,23549190[].aqua,3600,1,0,0,0.05,-1,-1,0,-1,inf,True,True,False,1,False,True,False,False,False,False,False,True,False,Lazy,True,True,Samples,False,LP,Lazy,False,LP,True,2,Recursive,True,True,True,True,True,0.157836,92,16
80.50541516245487,43.20987654320987,3.0,3,8,0.7970541516245487,0.0091228485107421,1507,0.2345137596130371,0,0,0,0.0155470371246337,2058,0.5712122917175293,0,0,0,0,1032,1514,0.0297410488128662,0.9441025,0.08,0.11,0.9441025145887224,0.2177419662475586,0.2421550183669707,0.9421968967775494,0.7997829914093018,0.7371157120832231,BendRegOCT,2026-07-09 12:50:56,breast-cancer,,,9,9,0,38,2,2,0.7970541516245486,0.7970541516245486,0.0,15.798643112182615,1391.0,226983580,0.07727256,True,True,WorstCaseBaseline,False,3,0.001,9,23549190[].aqua,3600,1,0,0,0.05,-1,-1,0,-1,inf,True,True,False,1,False,True,False,False,False,False,False,True,False,Lazy,True,True,Samples,False,LP,Lazy,False,LP,True,2,Recursive,True,True,True,True,True,0.159272,97,21
80.50541516245487,43.20987654320987,3.0,3,8,0.8018541516245488,0.0088419914245605,1483,0.2345890998840332,0,0,0,0.0152621269226074,1938,0.5379683971405029,0,0,0,0,1032,1514,0.0296792984008789,0.9489025,0.08,0.11,0.9489025145887224,0.217879056930542,0.2421551133669707,0.9469968967775494,0.8000750541687012,0.7414450319271599,BendRegOCT,2026-07-09 12:50:56,breast-cancer,,,9,9,0,38,2,2,0.8018541516245485,0.8018541516245485,0.0,16.670035123825073,1285.0,1091551468,0.07475132,True,True,WorstCaseBaseline,False,3,0.0004,12,23549190[].aqua,3600,1,0,0,0.05,-1,-1,0,-1,inf,True,True,False,1,False,True,False,False,False,False,False,True,False,Lazy,True,True,Samples,False,LP,Lazy,False,LP,True,2,Recursive,True,True,True,True,True,0.161164,97,22
80.50541516245487,43.20987654320987,3.0,3,8,0.8042541516245487,0.0089144706726074,1523,0.2278764247894287,0,0,0,0.018045425415039,2098,0.4787743091583252,0,0,0,0,1032,1514,0.0289559364318847,0.9513025,0.07,0.09,0.9513025145887224,0.2033069133758545,0.2228551897911175,0.9496253650917872,0.7542538642883301,0.6961383644441109,BendRegOCT,2026-07-09 12:50:56,breast-cancer,,,9,9,0,38,2,2,0.8042541516245485,0.8042541516245485,0.0,17.717705011367798,1428.0,-1778425936,0.069967624,True,True,WorstCaseBaseline,False,3,0.0001,14,23549190[].aqua,3600,1,0,0,0.05,-1,-1,0,-1,inf,True,True,False,1,False,True,False,False,False,False,False,True,False,Lazy,True,True,Samples,False,LP,Lazy,False,LP,True,2,Recursive,True,True,True,True,True,0.168992,98,22
79.40074906367042,0.0,0.0,0,1,0.7340074906367042,0.0055766105651855,322,0.010333776473999,0,0,0,0.0006415843963623,4,0.0007305145263671,0,0,0,0,1234,1813,0.0326011180877685,0.7944997,0.01,0.02,0.7606556133182334,0.0813369750976562,0.075872419625435,0.7526980539046028,0.0930111408233642,0.0912238634802806,BendRegOCT,2026-07-09 12:51:33,spect,,,22,22,0,22,2,2,0.7340074906367039,0.7340074906367039,0.0,0.0953819751739502,1.0,1117360138,0.010782512,True,True,WorstCaseBaseline,False,3,0.06,61,23549190[].aqua,3600,1,0,0,0.05,-1,-1,0,-1,inf,True,True,False,1,False,True,False,False,False,False,False,True,False,Lazy,True,True,Samples,False,LP,Lazy,False,LP,True,2,Recursive,True,True,True,True,True,0.0,5,3
79.40074906367042,0.0,0.0,0,1,0.7540074906367041,0.0055222511291503,200,0.0056827068328857,0,0,0,0.0004920959472656,4,0.0008022785186767,0,0,0,0,1234,1813,0.0321078300476074,0.8145054,0.02,0.02,0.8145054159457418,0.0634551048278808,0.0673072195574438,0.7746014001927706,0.1072959899902343,0.1248626152506201,BendRegOCT,2026-07-09 12:51:33,spect,,,22,22,0,22,2,2,0.7540074906367039,0.7540074906367039,0.0,0.1141810417175293,1.0,-1129385969,0.01104064,True,True,WorstCaseBaseline,False,3,0.04,62,23549190[].aqua,3600,1,0,0,0.05,-1,-1,0,-1,inf,True,True,False,1,False,True,False,False,False,False,False,True,False,Lazy,True,True,Samples,False,LP,Lazy,False,LP,True,2,Recursive,True,True,True,True,True,0.0,5,3
79.40074906367042,0.0,0.0,0,1,0.7740074906367042,0.0055224895477294,440,0.0213527679443359,0,0,0,0.0025348663330078,324,0.0575635433197021,0,0,0,0,1234,1813,0.0324251651763916,0.8405554,0.02,0.03,0.840555386477858,0.0949378013610839,0.0929441562579383,0.8021228299380938,0.6227619647979736,0.6116159184645059,BendRegOCT,2026-07-09 12:51:33,spect,,,22,22,0,22,2,2,0.7740074906367039,0.7740074906367039,0.0,1.3589389324188232,262.0,1380006752,0.020957944,True,True,WorstCaseBaseline,False,3,0.02,63,23549190[].aqua,3600,1,0,0,0.05,-1,-1,0,-1,inf,True,True,False,1,False,True,False,False,False,False,False,True,False,Lazy,True,True,Samples,False,LP,Lazy,False,LP,True,2,Recursive,True,True,True,True,True,0.132064,6,5
79.40074906367042,0.0,0.0,0,1,0.7860074906367042,0.0063123703002929,572,0.0387663841247558,0,0,0,0.0062446594238281,414,0.0806009769439697,0,0,0,0,1234,1813,0.0366113185882568,0.8703661,0.02,0.02,0.870366068388542,0.1102080345153808,0.0892749691987052,0.8368311631588616,0.6427700519561768,0.5816525321552735,BendRegOCT,2026-07-09 12:51:34,spect,,,22,22,0,22,2,2,0.7860074906367038,0.7860074906367038,0.0,1.8192901611328125,310.0,702967158,0.022019032,True,True,WorstCaseBaseline,False,3,0.008,65,23549190[].aqua,3600,1,0,0,0.05,-1,-1,0,-1,inf,True,True,False,1,False,True,False,False,False,False,False,True,False,Lazy,True,True,Samples,False,LP,Lazy,False,LP,True,2,Recursive,True,True,True,True,True,0.132184,8,5
81.64794007490637,63.63636363636363,2.25,3,4,0.8084794007490637,0.0064985752105712,630,0.10764741897583,0,0,0,0.006960391998291,606,0.1176602840423584,0,0,0,0,1234,1813,0.0357229709625244,0.9060006,0.03,0.04,0.9060005599980762,0.1249527931213378,0.1143104532402031,0.8804698067527876,0.6941869258880615,0.6030599307610056,BendRegOCT,2026-07-09 12:51:34,spect,,,22,22,0,22,2,2,0.8084794007490634,0.8084794007490634,0.0,2.72478985786438,495.0,1555911314,0.02511444,True,True,WorstCaseBaseline,False,3,0.002,68,23549190[].aqua,3600,1,0,0,0.05,-1,-1,0,-1,inf,True,True,False,1,False,True,False,False,False,False,False,True,False,Lazy,True,True,Samples,False,LP,Lazy,False,LP,True,2,Recursive,True,True,True,True,True,0.136536,8,6
81.64794007490637,63.63636363636363,2.25,3,4,0.8004794007490637,0.0065956115722656,681,0.1120336055755615,0,0,0,0.0062940120697021,582,0.1117784976959228,0,0,0,0,1234,1813,0.03574800491333,0.8912439,0.02,0.03,0.8912439262020486,0.1238319873809814,0.1071065874713371,0.8626005627857827,0.7065949440002441,0.5892978414946355,BendRegOCT,2026-07-09 12:51:34,spect,,,22,22,0,22,2,2,0.8004794007490634,0.8004794007490634,0.0,2.773470878601074,483.0,-1619696312,0.024448,True,True,WorstCaseBaseline,False,3,0.004,67,23549190[].aqua,3600,1,0,0,0.05,-1,-1,0,-1,inf,True,True,False,1,False,True,False,False,False,False,False,True,False,Lazy,True,True,Samples,False,LP,Lazy,False,LP,True,2,Recursive,True,True,True,True,True,0.135472,8,6
81.64794007490637,63.63636363636363,2.25,3,4,0.7924794007490636,0.0062742233276367,563,0.0748021602630615,0,0,0,0.0042841434478759,778,0.1498453617095947,0,0,0,0,1234,1813,0.0360713005065918,0.8800563,0.03,0.03,0.8800563103057015,0.1215989589691162,0.1082673468466239,0.8456250877358589,0.6386749744415283,0.5989624714319226,BendRegOCT,2026-07-09 12:51:34,spect,,,22,22,0,22,2,2,0.7924794007490634,0.7924794007490634,0.0,2.8821709156036377,666.0,598592763,0.023218432,True,True,WorstCaseBaseline,False,3,0.006,66,23549190[].aqua,3600,1,0,0,0.05,-1,-1,0,-1,inf,True,True,False,1,False,True,False,False,False,False,False,True,False,Lazy,True,True,Samples,False,LP,Lazy,False,LP,True,2,Recursive,True,True,True,True,True,0.135312,8,6
70.7581227436823,0.0,0.0,0,1,0.667581227436823,0.0163054466247558,1673,0.1468777656555175,0,0,0,0.0134379863739013,6824,1.5207467079162598,0,0,0,0,2120,3146,0.0500457286834716,0.8408664,0.06,0.06,0.8121480144404377,0.1769909858703613,0.2230706205881157,0.7483430508489765,0.9622859954833984,1.1592564288696117,BendRegOCT,2026-07-09 12:50:56,breast-cancer,,,9,9,0,38,2,2,0.6675812274368231,0.6675812274368231,0.0,66.13247489929199,5053.0,471749734,0.085252168,True,True,WorstCaseBaseline,False,4,0.04,17,23549190[].aqua,3600,1,0,0,0.05,-1,-1,0,-1,inf,True,True,False,1,False,True,False,False,False,False,False,True,False,Lazy,True,True,Samples,False,LP,Lazy,False,LP,True,2,Recursive,True,True,True,True,True,0.194676,147,70
79.40074906367042,0.0,0.0,0,1,0.7140074906367042,0.006058931350708,234,0.0069906711578369,0,0,0,0.0006265640258789,4,0.0007703304290771,0,0,0,0,1234,1813,0.0344030857086181,0.7744997,0.01,0.01,0.7223883463387364,0.0557470321655273,0.0593542642227115,0.7223883463387364,0.0569009780883789,0.0598799520227115,BendRegOCT,2026-07-09 12:53:05,spect,,,22,22,0,22,2,2,0.7140074906367039,0.714007490636704,0.0,0.0592591762542724,1.0,1949249545,0.006941968,True,True,WorstCaseBaseline,False,3,0.08,60,23549190[].aqua,3600,1,0,0,0.05,-1,-1,0,-1,inf,True,True,False,1,False,True,False,False,False,False,False,True,False,Lazy,True,True,Samples,False,LP,Lazy,False,LP,True,2,Recursive,True,True,True,True,True,0.0,5,3
79.40074906367042,0.0,0.0,0,1,0.7140074906367042,0.0111835002899169,234,0.0072801113128662,0,0,0,0.0007896423339843,4,0.0010871887207031,0,0,0,0,2450,3637,0.0531935691833496,0.7744997,0.02,0.02,0.7223883463387365,0.08856201171875,0.1175442554049688,0.7223883463387365,0.0903210639953613,0.1185892434049688,BendRegOCT,2026-07-09 12:53:05,spect,,,22,22,0,22,2,2,0.7140074906367039,0.714007490636704,0.0,0.0935230255126953,1.0,-846650453,0.013972944,True,True,WorstCaseBaseline,False,4,0.08,75,23549190[].aqua,3600,1,0,0,0.05,-1,-1,0,-1,inf,True,True,False,1,False,True,False,False,False,False,False,True,False,Lazy,True,True,Samples,False,LP,Lazy,False,LP,True,2,Recursive,True,True,True,True,True,0.011712,5,4
79.40074906367042,0.0,0.0,0,1,0.7340074906367042,0.0112733840942382,272,0.0097386837005615,0,0,0,0.0008573532104492,4,0.0011765956878662,0,0,0,0,2450,3637,0.0544042587280273,0.7944997,0.02,0.03,0.7606556133182334,0.1478438377380371,0.1504180878204778,0.7527150882388811,0.1690139770507812,0.1760372665990713,BendRegOCT,2026-07-09 12:53:05,spect,,,22,22,0,22,2,2,0.7340074906367039,0.7340074906367039,0.0,0.1763780117034912,1.0,496475792,0.022971592,True,True,WorstCaseBaseline,False,4,0.06,76,23549190[].aqua,3600,1,0,0,0.05,-1,-1,0,-1,inf,True,True,False,1,False,True,False,False,False,False,False,True,False,Lazy,True,True,Samples,False,LP,Lazy,False,LP,True,2,Recursive,True,True,True,True,True,0.137652,5,4
79.40074906367042,0.0,0.0,0,1,0.7540074906367041,0.0111546516418457,197,0.0079185962677001,0,0,0,0.000645637512207,8,0.0025579929351806,0,0,0,0,2450,3637,0.052933931350708,0.8145054,0.05,0.07,0.8145054159457416,0.1217169761657714,0.1473995564956068,0.7550488879768177,0.3080601692199707,0.3626997943124119,BendRegOCT,2026-07-09 12:53:05,spect,,,22,22,0,22,2,2,0.7540074906367039,0.7540074906367039,0.0,0.3124630451202392,1.0,-457342081,0.023581016,True,True,WorstCaseBaseline,False,4,0.04,77,23549190[].aqua,3600,1,0,0,0.05,-1,-1,0,-1,inf,True,True,False,1,False,True,False,False,False,False,False,True,False,Lazy,True,True,Samples,False,LP,Lazy,False,LP,True,2,Recursive,True,True,True,True,True,0.137216,5,4
82.02247191011236,60.0,2.6666666666666665,3,6,0.8148794007490636,0.0056331157684326,451,0.0667240619659423,0,0,1,0.0038027763366699,482,0.0786623954772949,0,0,0,0,1234,1813,0.0322766304016113,0.9188006,0.03,0.04,0.9188005599980762,0.1246008872985839,0.1251106289938251,0.8893876247299344,0.5763339996337891,0.602060138033556,BendRegOCT,2026-07-09 12:53:05,spect,,,22,22,0,22,2,2,0.8178247191011233,0.8178247191011233,0.0,1.952949047088623,373.0,-1127553791,0.022377728,True,True,WorstCaseBaseline,False,3,0.0004,72,23549190[].aqua,3600,1,0,0,0.05,-1,-1,0,-1,inf,True,True,False,1,False,True,False,False,False,False,False,True,False,Lazy,True,True,Samples,False,LP,Lazy,False,LP,True,2,Recursive,True,True,True,True,True,0.136132,6,5
82.02247191011236,60.0,2.6666666666666665,3,6,0.8124794007490637,0.0060224533081054,572,0.1084165573120117,0,0,1,0.0047528743743896,490,0.0944459438323974,0,0,0,0,1234,1813,0.0331759452819824,0.9140006,0.03,0.04,0.9140005599980762,0.1271378993988037,0.1274705763533646,0.8878792657569227,0.6840970516204834,0.6552414156481304,BendRegOCT,2026-07-09 12:53:05,spect,,,22,22,0,22,2,2,0.8142247191011234,0.8142247191011233,0.0,2.3474810123443604,377.0,1091200316,0.024906608,True,True,WorstCaseBaseline,False,3,0.001,69,23549190[].aqua,3600,1,0,0,0.05,-1,-1,0,-1,inf,True,True,False,1,False,True,False,False,False,False,False,True,False,Lazy,True,True,Samples,False,LP,Lazy,False,LP,True,2,Recursive,True,True,True,True,True,0.13146,7,6
82.02247191011236,60.0,2.6666666666666665,3,6,0.8140794007490637,0.0060122013092041,551,0.0866765975952148,0,0,1,0.0060892105102539,632,0.109302282333374,0,0,0,0,1234,1813,0.0330300331115722,0.9172006,0.03,0.03,0.917200559998076,0.1382710933685302,0.136632720752193,0.8897479139324518,0.64021897315979,0.6312178455353097,BendRegOCT,2026-07-09 12:53:05,spect,,,22,22,0,22,2,2,0.8166247191011233,0.8166247191011232,0.0,2.4615941047668457,500.0,-973856934,0.024603808,True,True,WorstCaseBaseline,False,3,0.0006,71,23549190[].aqua,3600,1,0,0,0.05,-1,-1,0,-1,inf,True,True,False,1,False,True,False,False,False,False,False,True,False,Lazy,True,True,Samples,False,LP,Lazy,False,LP,True,2,Recursive,True,True,True,True,True,0.134448,7,6
82.02247191011236,60.0,2.6666666666666665,3,6,0.8156794007490636,0.0058209896087646,651,0.0898823738098144,0,0,2,0.0069305896759033,540,0.0953996181488037,0,0,0,0,1234,1813,0.0327672958374023,0.9204006,0.02,0.03,0.920400559998076,0.1156580448150634,0.123927189935726,0.9003098185926371,0.5305500030517578,0.5541606460166103,BendRegOCT,2026-07-09 12:53:05,spect,,,22,22,0,22,2,2,0.8190247191011233,0.8190247191011233,0.0,2.320777177810669,421.0,-1963723440,0.025797552,True,True,WorstCaseBaseline,False,3,0.0002,73,23549190[].aqua,3600,1,0,0,0.05,-1,-1,0,-1,inf,True,True,False,1,False,True,False,False,False,False,False,True,False,Lazy,True,True,Samples,False,LP,Lazy,False,LP,True,2,Recursive,True,True,True,True,True,0.143828,8,6
82.02247191011236,60.0,2.6666666666666665,3,6,0.8132794007490637,0.0075936317443847,654,0.105236530303955,0,0,1,0.0077602863311767,448,0.101252794265747,0,0,0,0,1234,1813,0.041020393371582,0.9156006,0.03,0.03,0.915600559998076,0.1483769416809082,0.1208118491318701,0.8866603102049322,0.7245209217071533,0.6467004592049794,BendRegOCT,2026-07-09 12:53:05,spect,,,22,22,0,22,2,2,0.8154247191011215,0.8154247191011214,0.0,2.6581571102142334,326.0,-2116646485,0.0259196,True,True,WorstCaseBaseline,False,3,0.0008,70,23549190[].aqua,3600,1,0,0,0.05,-1,-1,0,-1,inf,True,True,False,1,False,True,False,False,False,False,False,True,False,Lazy,True,True,Samples,False,LP,Lazy,False,LP,True,2,Recursive,True,True,True,True,True,0.135344,8,6
82.02247191011236,60.0,2.6666666666666665,3,6,0.8160794007490637,0.0058264732360839,495,0.0744366645812988,0,0,1,0.0062556266784667,548,0.1063158512115478,0,0,0,0,1234,1813,0.0332646369934082,0.9212006,0.03,0.04,0.9212005599980762,0.1153199672698974,0.1204159308530321,0.8932339934432776,0.7151470184326172,0.7443946194022675,BendRegOCT,2026-07-09 12:53:05,spect,,,22,22,0,22,2,2,0.8196247191011232,0.8196247191011232,0.0,2.327929973602295,423.0,-2137258522,0.023327208,True,True,WorstCaseBaseline,False,3,0.0001,74,23549190[].aqua,3600,1,0,0,0.05,-1,-1,0,-1,inf,True,True,False,1,False,True,False,False,False,False,False,True,False,Lazy,True,True,Samples,False,LP,Lazy,False,LP,True,2,Recursive,True,True,True,True,True,0.133428,8,6
68.16,0.0,1.6666666666666667,2,3,0.4416,0.0060381889343261,751,0.0297162532806396,0,0,0,0.00429368019104,94,0.060192584991455,0,0,0,0,26820,39336,0.6361939907073975,0.5152,0.28,0.34,0.5099999999999991,4.52000617980957,8.54574947788794,0.4660927152317879,102.46442914009094,197.9940631902826,BendRegOCT,2026-07-09 12:50:56,balance-scale,,,4,4,0,20,3,2,0.4416000000000001,0.4416000000000001,0.0,133.2371301651001,59.0,-956442903,0.230293128,True,True,WorstCaseBaseline,False,3,0.08,30,23549190[].aqua,3600,1,0,0,0.05,-1,-1,0,-1,inf,True,True,False,1,False,True,False,False,False,False,False,True,False,Lazy,True,True,Samples,False,LP,Lazy,False,LP,True,2,Recursive,True,True,True,True,True,0.317992,214,137
79.40074906367042,0.0,0.0,0,1,0.7740074906367042,0.0115656852722167,514,0.0335786342620849,0,0,0,0.0047354698181152,2870,0.6700339317321777,0,0,0,0,2450,3637,0.0543460845947265,0.8405554,0.08,0.12,0.840555386477858,0.1669461727142334,0.2131514334175706,0.8060467071178643,0.9983830451965332,0.8886633623646711,BendRegOCT,2026-07-09 12:53:06,spect,,,22,22,0,22,2,2,0.7740074906367039,0.7740074906367039,0.0,12.995891094207764,1429.0,-310437604,0.056072104,True,True,WorstCaseBaseline,False,4,0.02,78,23549190[].aqua,3600,1,0,0,0.05,-1,-1,0,-1,inf,True,True,False,1,False,True,False,False,False,False,False,True,False,Lazy,True,True,Samples,False,LP,Lazy,False,LP,True,2,Recursive,True,True,True,True,True,0.158864,18,17
79.40074906367042,0.0,0.0,0,1,0.7840074906367042,0.0418872833251953,588,0.2325758934020996,0,0,0,0.0128819942474365,1062,0.6556441783905029,0,0,0,0,1234,1813,0.0496373176574707,0.8637937,1.48,0.03,0.8637936581158779,5.65886378288269,0.0961522954815505,0.8278197719863207,7.9690868854522705,0.5694773267595976,BendRegOCT,2026-07-09 12:53:17,spect,,,22,22,0,22,2,2,0.7840074906367038,0.7840074906367038,0.0,13.04778814315796,948.0,2003634355,0.022976344,True,True,WorstCaseBaseline,False,3,0.01,64,23549190[].aqua,3600,1,0,0,0.05,-1,-1,0,-1,inf,True,True,False,1,False,True,False,False,False,False,False,True,False,Lazy,True,True,Samples,False,LP,Lazy,False,LP,True,2,Recursive,True,True,True,True,True,0.135236,124,45
68.16,0.0,1.6666666666666667,2,3,0.5016,0.00604248046875,0,0.0081477165222167,0,0,0,0.0007379055023193,206,0.1261472702026367,0,0,0,0,26820,39336,0.6454672813415527,0.5596,0.32,0.47,0.559600000000005,1.23409104347229,1.6696278627808925,0.559600000000005,1.987462043762207,2.8774301549640904,BendRegOCT,2026-07-09 12:50:56,balance-scale,,,4,4,0,20,3,2,0.5016,0.5016,0.0,162.43699312210083,191.0,-1213762068,0.215671392,True,True,WorstCaseBaseline,False,3,0.06,31,23549190[].aqua,3600,1,0,0,0.05,-1,-1,0,-1,inf,True,True,False,1,False,True,False,False,False,False,False,True,False,Lazy,True,True,Samples,False,LP,Lazy,False,LP,True,2,Recursive,True,True,True,True,True,0.300024,243,166
68.16,0.0,1.6666666666666667,2,3,0.5616,0.0060679912567138,0,0.0083351135253906,0,0,0,0.0007381439208984,356,0.231297492980957,0,0,0,0,26820,39336,0.6389560699462891,0.6232,0.36,0.5,0.623200000000001,2.0624101161956787,2.2730692865031843,0.6203102506747128,27.473247051239014,49.50335302564232,BendRegOCT,2026-07-09 12:50:56,balance-scale,,,4,4,0,20,3,2,0.5616,0.5616,0.0,164.6032280921936,323.0,-1925553786,0.206692304,True,True,WorstCaseBaseline,False,3,0.04,32,23549190[].aqua,3600,1,0,0,0.05,-1,-1,0,-1,inf,True,True,False,1,False,True,False,False,False,False,False,True,False,Lazy,True,True,Samples,False,LP,Lazy,False,LP,True,2,Recursive,True,True,True,True,True,0.310624,245,169
83.89513108614233,54.54545454545455,2.8,4,5,0.7989513108614232,0.0115902423858642,1010,0.1115808486938476,0,0,0,0.044309377670288,15276,2.6597213745117188,0,0,0,0,2450,3637,0.0540752410888671,0.8703661,0.08,0.11,0.870366068388542,0.2354731559753418,0.2354419183018228,0.8505122134746544,1.2725830078125,1.2820468353995365,BendRegOCT,2026-07-09 12:53:05,spect,,,22,22,0,22,2,2,0.798951310861423,0.798951310861423,0.0,61.458306074142456,7683.0,-770016233,0.066027696,True,True,WorstCaseBaseline,False,4,0.008,80,23549190[].aqua,3600,1,0,0,0.05,-1,-1,0,-1,inf,True,True,False,1,False,True,False,False,False,False,False,True,False,Lazy,True,True,Samples,False,LP,Lazy,False,LP,True,2,Recursive,True,True,True,True,True,0.175976,66,64
83.89513184643111,54.54545454545455,2.8,4,5,0.7889513108614232,0.0118024349212646,810,0.1429126262664795,0,0,0,0.0153427124023437,14282,2.5367064476013184,0,0,0,0,2450,3637,0.0533614158630371,0.8637937,0.09,0.13,0.8637936581158779,0.1962981224060058,0.2422449530121033,0.8347745799931908,0.8939042091369629,0.951587364093758,BendRegOCT,2026-07-09 12:53:05,spect,,,22,22,0,22,2,2,0.788951318464311,0.7889513184643109,0.0,65.26418209075928,7732.0,-993585972,0.063711216,True,True,WorstCaseBaseline,False,4,0.01,79,23549190[].aqua,3600,1,0,0,0.05,-1,-1,0,-1,inf,True,True,False,1,False,True,False,False,False,False,False,True,False,Lazy,True,True,Samples,False,LP,Lazy,False,LP,True,2,Recursive,True,True,True,True,True,0.178344,70,68
70.02314814814815,0.0,0.0,0,1,0.6202314814814816,0.0085515975952148,0,0.0040915012359619,0,0,0,0.0013825893402099,0,0.0,0,0,0,0,34329,50093,0.8210246562957764,,,,,,,,,,BendRegOCT,2026-07-09 12:54:20,car_evaluation,,,6,6,0,19,4,2,0.6202314814814831,0.6202314814814831,0.0,3.1587929725646973,1.0,544305124,0.125816088,True,True,WorstCaseBaseline,False,3,0.08,90,23549190[].aqua,3600,1,0,0,0.05,-1,-1,0,-1,inf,True,True,False,1,False,True,False,False,False,False,False,True,False,Lazy,True,True,Samples,False,LP,Lazy,False,LP,True,2,Recursive,True,True,True,True,True,0.173908,83,9
70.02314814814815,0.0,0.0,0,1,0.6402314814814816,0.0085213184356689,0,0.0044302940368652,0,0,0,0.0014417171478271,4,0.0037503242492675,0,0,0,0,34329,50093,0.8432352542877197,0.6472029,2.57,3.04,0.6472029320987811,3.1281659603118896,3.8362923711033696,0.6463107638889141,3.2941489219665527,4.121471293376259,BendRegOCT,2026-07-09 12:54:20,car_evaluation,,,6,6,0,19,4,2,0.640231481481483,0.6402314814814851,0.0,3.449119806289673,1.0,-1621732628,0.176235648,True,True,WorstCaseBaseline,False,3,0.06,91,23549190[].aqua,3600,1,0,0,0.05,-1,-1,0,-1,inf,True,True,False,1,False,True,False,False,False,False,False,True,False,Lazy,True,True,Samples,False,LP,Lazy,False,LP,True,2,Recursive,True,True,True,True,True,0.270912,83,9
83.89513108614233,54.54545454545455,2.8,4,5,0.8089513108614232,0.0115299224853515,1430,0.1793570518493652,0,0,0,0.0160391330718994,25546,4.612548351287842,0,0,0,0,2450,3637,0.0532484054565429,0.8808159,0.09,0.13,0.8808158551810255,0.2295501232147216,0.272892395501948,0.858664591866898,1.231431007385254,1.3744149567561723,BendRegOCT,2026-07-09 12:53:05,spect,,,22,22,0,22,2,2,0.808951310861423,0.808951310861423,0.0,128.27009892463684,14834.0,-1155926494,0.073107808,True,True,WorstCaseBaseline,False,4,0.006,81,23549190[].aqua,3600,1,0,0,0.05,-1,-1,0,-1,inf,True,True,False,1,False,True,False,False,False,False,False,True,False,Lazy,True,True,Samples,False,LP,Lazy,False,LP,True,2,Recursive,True,True,True,True,True,0.200088,133,131
70.02314814814815,0.0,0.0,0,1,0.6202314814814816,0.0132315158843994,0,0.006331443786621,0,0,0,0.0014810562133789,0,0.0,0,0,0,0,69961,103541,1.5354828834533691,,,,,,,,,,BendRegOCT,2026-07-09 12:54:38,car_evaluation,,,6,6,0,19,4,2,0.6202314814814831,0.6202314814814831,0.0,62.14400815963745,1.0,-936593952,0.274372688,True,True,WorstCaseBaseline,False,4,0.08,105,23549190[].aqua,3600,1,0,0,0.05,-1,-1,0,-1,inf,True,True,False,1,False,True,False,False,False,False,False,True,False,Lazy,True,True,Samples,False,LP,Lazy,False,LP,True,2,Recursive,True,True,True,True,True,0.374644,69,67
70.02314814814815,0.0,0.0,0,1,0.6402314814814816,0.0133900642395019,0,0.0064892768859863,0,0,0,0.0014774799346923,4,0.0079162120819091,0,0,0,0,69961,103541,1.585862636566162,0.6472029,53.8,78.83,0.6472029320987711,55.72152304649353,81.23519513372737,0.6464759241575284,68.76602506637573,108.3626406971004,BendRegOCT,2026-07-09 12:54:38,car_evaluation,,,6,6,0,19,4,2,0.640231481481483,0.640231481481483,0.0,71.95268988609314,1.0,351963156,0.402213752,True,True,WorstCaseBaseline,False,4,0.06,106,23549190[].aqua,3600,1,0,0,0.05,-1,-1,0,-1,inf,True,True,False,1,False,True,False,False,False,False,False,True,False,Lazy,True,True,Samples,False,LP,Lazy,False,LP,True,2,Recursive,True,True,True,True,True,0.442164,79,76
80.55555555555556,0.0,2.25,3,4,0.7975555555555556,0.0096604824066162,0,0.0354375839233398,0,0,0,0.0019478797912597,198,0.1954755783081054,0,0,0,0,34329,50093,1.003758430480957,0.8769398,7.23,10.91,0.8769398148148307,20.760838985443115,30.68412226465465,0.876258895248727,70.15188884735107,96.90719660198964,BendRegOCT,2026-07-09 12:53:09,car_evaluation,,,6,6,0,19,4,2,0.7975555555555577,0.7975555555555577,0.0,175.71346998214722,107.0,-91858255,0.249301968,True,True,WorstCaseBaseline,False,3,0.002,98,23549190[].aqua,3600,1,0,0,0.05,-1,-1,0,-1,inf,True,True,False,1,False,True,False,False,False,False,False,True,False,Lazy,True,True,Samples,False,LP,Lazy,False,LP,True,2,Recursive,True,True,True,True,True,0.352536,182,179
79.40074906367042,0.0,0.0,0,1,0.7140074906367042,0.0055515766143798,234,0.0066316127777099,0,0,0,0.0005362033843994,4,0.0006594657897949,0,0,0,0,1234,1813,0.0322892665863037,0.7744997,0.01,0.01,0.7223883463387364,0.0523569583892822,0.0593542642227115,0.7223883463387364,0.0533399581909179,0.0598799520227115,BendRegOCT,2026-07-09 12:56:08,spect,,,22,22,0,22,2,2,0.7140074906367039,0.714007490636704,0.0,0.0555489063262939,1.0,1949249545,0.006941952,True,True,WorstCaseBaseline,False,3,0.08,120,23549190[].aqua,3600,1,0,0,0.05,-1,-1,0,-1,inf,True,True,False,1,False,True,False,False,False,False,False,True,False,Lazy,True,True,Samples,False,LP,Lazy,False,LP,True,2,Recursive,True,True,True,True,True,0.124768,5,3
79.40074906367042,0.0,0.0,0,1,0.7540074906367041,0.0056054592132568,200,0.0055508613586425,0,0,0,0.0004899501800537,4,0.0008080005645751,0,0,0,0,1234,1813,0.0325174331665039,0.8145054,0.02,0.02,0.8145054159457418,0.0613601207733154,0.0673072195574438,0.7746014001927706,0.103611946105957,0.1248626152506201,BendRegOCT,2026-07-09 12:56:08,spect,,,22,22,0,22,2,2,0.7540074906367039,0.7540074906367039,0.0,0.1103670597076416,1.0,-1129385969,0.01104072,True,True,WorstCaseBaseline,False,3,0.04,122,23549190[].aqua,3600,1,0,0,0.05,-1,-1,0,-1,inf,True,True,False,1,False,True,False,False,False,False,False,True,False,Lazy,True,True,Samples,False,LP,Lazy,False,LP,True,2,Recursive,True,True,True,True,True,0.0,5,3
79.40074906367042,0.0,0.0,0,1,0.7340074906367042,0.0055634975433349,322,0.0097138881683349,0,0,0,0.0005977153778076,4,0.0007145404815673,0,0,0,0,1234,1813,0.0319640636444091,0.7944997,0.01,0.02,0.7606556133182334,0.0781140327453613,0.075872419625435,0.7526980539046028,0.0897490978240966,0.0912238634802806,BendRegOCT,2026-07-09 12:56:08,spect,,,22,22,0,22,2,2,0.7340074906367039,0.7340074906367039,0.0,0.0920600891113281,1.0,1117360138,0.010782656,True,True,WorstCaseBaseline,False,3,0.06,121,23549190[].aqua,3600,1,0,0,0.05,-1,-1,0,-1,inf,True,True,False,1,False,True,False,False,False,False,False,True,False,Lazy,True,True,Samples,False,LP,Lazy,False,LP,True,2,Recursive,True,True,True,True,True,0.003044,5,3
79.40074906367042,0.0,0.0,0,1,0.7740074906367042,0.0096156597137451,440,0.0335543155670166,0,0,0,0.0058083534240722,324,0.1822450160980224,0,0,0,0,1234,1813,0.0468428134918212,0.8405554,0.03,0.03,0.840555386477858,0.121701955795288,0.0929441562579383,0.8021228299380938,0.8929719924926758,0.6116159184645059,BendRegOCT,2026-07-09 12:56:15,spect,,,22,22,0,22,2,2,0.7740074906367039,0.7740074906367039,0.0,2.222702980041504,262.0,1380006752,0.02095756,True,True,WorstCaseBaseline,False,3,0.02,123,23549190[].aqua,3600,1,0,0,0.05,-1,-1,0,-1,inf,True,True,False,1,False,True,False,False,False,False,False,True,False,Lazy,True,True,Samples,False,LP,Lazy,False,LP,True,2,Recursive,True,True,True,True,True,0.132396,16,13
80.55555555555556,0.0,2.25,3,4,0.8015555555555556,0.0096945762634277,0,0.0352921485900878,0,0,0,0.0016984939575195,206,0.2042438983917236,0,0,0,0,34329,50093,1.0039193630218506,0.8849398,7.4,11.11,0.8849398148148309,18.37534189224243,24.147034987397053,0.8841373209558886,75.2053599357605,91.84634589495946,BendRegOCT,2026-07-09 12:53:09,car_evaluation,,,6,6,0,19,4,2,0.8015555555555577,0.8015555555555577,0.0,189.51858282089236,99.0,-1607588387,0.275770688,True,True,WorstCaseBaseline,False,3,0.001,99,23549190[].aqua,3600,1,0,0,0.05,-1,-1,0,-1,inf,True,True,False,1,False,True,False,False,False,False,False,True,False,Lazy,True,True,Samples,False,LP,Lazy,False,LP,True,2,Recursive,True,True,True,True,True,0.354212,196,193
80.55555555555556,0.0,2.25,3,4,0.8023555555555556,0.0101516246795654,0,0.0348601341247558,0,0,0,0.0019030570983886,228,0.2362070083618164,0,0,0,0,34329,50093,1.014126539230347,0.8865398,7.15,10.65,0.886539814814831,18.43047499656677,24.877206924436447,0.885775196969515,77.77805209159851,94.0443488789635,BendRegOCT,2026-07-09 12:53:09,car_evaluation,,,6,6,0,19,4,2,0.8023555555555577,0.8023555555555577,0.0,209.64455604553223,122.0,2104264443,0.278053176,True,True,WorstCaseBaseline,False,3,0.0008,100,23549190[].aqua,3600,1,0,0,0.05,-1,-1,0,-1,inf,True,True,False,1,False,True,False,False,False,False,False,True,False,Lazy,True,True,Samples,False,LP,Lazy,False,LP,True,2,Recursive,True,True,True,True,True,0.354708,216,213
70.02314814814815,0.0,0.0,0,1,0.6602314814814815,0.0083966255187988,0,0.0044012069702148,0,0,0,0.0014138221740722,120,0.1151530742645263,0,0,0,0,34329,50093,0.843559741973877,0.6828803,3.61,5.21,0.6828803168402966,4.434494018554688,6.335230875362712,0.6629168672223331,164.6726438999176,215.4258283706139,BendRegOCT,2026-07-09 12:54:20,car_evaluation,,,6,6,0,19,4,2,0.660231481481483,0.6602314814814858,0.0,171.92259287834167,22.0,-1561547963,0.330835136,True,True,WorstCaseBaseline,False,3,0.04,92,23549190[].aqua,3600,1,0,0,0.05,-1,-1,0,-1,inf,True,True,False,1,False,True,False,False,False,False,False,True,False,Lazy,True,True,Samples,False,LP,Lazy,False,LP,True,2,Recursive,True,True,True,True,True,0.419252,251,176
80.55555555555556,0.0,2.25,3,4,0.8031555555555556,0.0112590789794921,1333,0.1505873203277588,0,0,0,0.0033662319183349,188,0.1704320907592773,0,0,0,0,34329,50093,0.9635238647460938,0.8881398,7.39,10.8,0.8881398148148307,17.37991213798523,21.477375619463068,0.887678110292969,69.8181140422821,84.5774247327521,BendRegOCT,2026-07-09 12:54:20,car_evaluation,,,6,6,0,19,4,2,0.8031555555555576,0.8031555555555576,0.0,177.10931301116943,75.0,1147259440,0.275549464,True,True,WorstCaseBaseline,False,3,0.0006,101,23549190[].aqua,3600,1,0,0,0.05,-1,-1,0,-1,inf,True,True,False,1,False,True,False,False,False,False,False,True,False,Lazy,True,True,Samples,False,LP,Lazy,False,LP,True,2,Recursive,True,True,True,True,True,0.37956,256,184
85.01872671204877,60.0,3.2857142857142856,4,7,0.8189513108614233,0.011545181274414,1293,0.198376178741455,0,0,1,0.0204336643218994,40932,6.391141414642334,0,0,0,0,2450,3637,0.0552480220794677,0.893117,0.09,0.12,0.8931170280846439,0.2383348941802978,0.2911356260213123,0.8779812326146497,1.348119020462036,1.5700625564807822,BendRegOCT,2026-07-09 12:54:19,spect,,,22,22,0,22,2,2,0.8221872671204875,0.8221872671204875,0.0,183.1110849380493,18458.0,1030293394,0.072922088,True,True,WorstCaseBaseline,False,4,0.004,82,23549190[].aqua,3600,1,0,0,0.05,-1,-1,0,-1,inf,True,True,False,1,False,True,False,False,False,False,False,True,False,Lazy,True,True,Samples,False,LP,Lazy,False,LP,True,2,Recursive,True,True,True,True,True,0.205124,262,186
79.40074906367042,0.0,0.0,0,1,0.7140074906367042,0.011228322982788,234,0.0069284439086914,0,0,0,0.0006167888641357,4,0.0008726119995117,0,0,0,0,2450,3637,0.052748680114746,0.7744997,0.02,0.02,0.7223883463387365,0.086620807647705,0.1175442554049688,0.7223883463387365,0.0881209373474121,0.1185892434049688,BendRegOCT,2026-07-09 12:57:23,spect,,,22,22,0,22,2,2,0.7140074906367039,0.714007490636704,0.0,0.0911219120025634,1.0,-846650453,0.013972864,True,True,WorstCaseBaseline,False,4,0.08,135,23549190[].aqua,3600,1,0,0,0.05,-1,-1,0,-1,inf,True,True,False,1,False,True,False,False,False,False,False,True,False,Lazy,True,True,Samples,False,LP,Lazy,False,LP,True,2,Recursive,True,True,True,True,True,0.116716,80,5
79.40074906367042,0.0,0.0,0,1,0.7340074906367042,0.0111305713653564,272,0.0090234279632568,0,0,0,0.000636339187622,4,0.0009160041809082,0,0,0,0,2450,3637,0.0524263381958007,0.7944997,0.02,0.03,0.7606556133182334,0.1439480781555175,0.1504180878204778,0.7527150882388811,0.1641521453857422,0.1760372665990713,BendRegOCT,2026-07-09 12:57:23,spect,,,22,22,0,22,2,2,0.7340074906367039,0.7340074906367039,0.0,0.1708390712738037,1.0,496475792,0.022971288,True,True,WorstCaseBaseline,False,4,0.06,136,23549190[].aqua,3600,1,0,0,0.05,-1,-1,0,-1,inf,True,True,False,1,False,True,False,False,False,False,False,True,False,Lazy,True,True,Samples,False,LP,Lazy,False,LP,True,2,Recursive,True,True,True,True,True,0.11678,80,5
79.40074906367042,0.0,0.0,0,1,0.7540074906367041,0.0110678672790527,197,0.0073697566986083,0,0,0,0.0004887580871582,8,0.0021319389343261,0,0,0,0,2450,3637,0.0525577068328857,0.8145054,0.05,0.07,0.8145054159457416,0.1215038299560546,0.1473995564956068,0.7550488879768177,0.304499864578247,0.3626997943124119,BendRegOCT,2026-07-09 12:57:23,spect,,,22,22,0,22,2,2,0.7540074906367039,0.7540074906367039,0.0,0.3086869716644287,1.0,-457342081,0.023580904,True,True,WorstCaseBaseline,False,4,0.04,137,23549190[].aqua,3600,1,0,0,0.05,-1,-1,0,-1,inf,True,True,False,1,False,True,False,False,False,False,False,True,False,Lazy,True,True,Samples,False,LP,Lazy,False,LP,True,2,Recursive,True,True,True,True,True,0.138044,80,5
79.40074906367042,0.0,0.0,0,1,0.7860074906367042,0.0055258274078369,572,0.0343844890594482,0,0,0,0.0052707195281982,414,0.0704739093780517,0,0,0,0,1234,1813,0.0335125923156738,0.8703661,0.02,0.02,0.870366068388542,0.0992159843444824,0.0892749691987052,0.8368311631588616,0.5735690593719482,0.5816525321552735,BendRegOCT,2026-07-09 12:57:23,spect,,,22,22,0,22,2,2,0.7860074906367038,0.7860074906367038,0.0,1.6361019611358645,310.0,702967158,0.022019304,True,True,WorstCaseBaseline,False,3,0.008,125,23549190[].aqua,3600,1,0,0,0.05,-1,-1,0,-1,inf,True,True,False,1,False,True,False,False,False,False,False,True,False,Lazy,True,True,Samples,False,LP,Lazy,False,LP,True,2,Recursive,True,True,True,True,True,0.135352,81,6
82.02247191011236,60.0,2.6666666666666665,3,6,0.8148794007490636,0.0056898593902587,451,0.0795502662658691,0,0,1,0.0039370059967041,482,0.08182954788208,0,0,0,0,1234,1813,0.0340425968170166,0.9188006,0.03,0.04,0.9188005599980762,0.1256499290466308,0.1251106289938251,0.8893876247299344,0.5980679988861084,0.602060138033556,BendRegOCT,2026-07-09 12:57:23,spect,,,22,22,0,22,2,2,0.8178247191011233,0.8178247191011233,0.0,2.0071070194244385,373.0,-1127553791,0.02237776,True,True,WorstCaseBaseline,False,3,0.0004,132,23549190[].aqua,3600,1,0,0,0.05,-1,-1,0,-1,inf,True,True,False,1,False,True,False,False,False,False,False,True,False,Lazy,True,True,Samples,False,LP,Lazy,False,LP,True,2,Recursive,True,True,True,True,True,0.134556,82,7
82.02247191011236,60.0,2.6666666666666665,3,6,0.8124794007490637,0.0057358741760253,572,0.0802752971649169,0,0,1,0.0041871070861816,490,0.0836803913116455,0,0,0,0,1234,1813,0.0318892002105712,0.9140006,0.03,0.04,0.9140005599980762,0.1220359802246093,0.1274705763533646,0.8878792657569227,0.6351339817047119,0.6552414156481304,BendRegOCT,2026-07-09 12:57:23,spect,,,22,22,0,22,2,2,0.8142247191011234,0.8142247191011233,0.0,2.208579063415528,377.0,1091200316,0.024905656,True,True,WorstCaseBaseline,False,3,0.001,129,23549190[].aqua,3600,1,0,0,0.05,-1,-1,0,-1,inf,True,True,False,1,False,True,False,False,False,False,False,True,False,Lazy,True,True,Samples,False,LP,Lazy,False,LP,True,2,Recursive,True,True,True,True,True,0.138824,82,7
82.02247191011236,60.0,2.6666666666666665,3,6,0.8160794007490637,0.0057344436645507,495,0.0821690559387207,0,0,1,0.0058610439300537,548,0.0956218242645263,0,0,0,0,1234,1813,0.0329566001892089,0.9212006,0.03,0.04,0.9212005599980762,0.1142029762268066,0.1204159308530321,0.8932339934432776,0.724323034286499,0.7443946194022675,BendRegOCT,2026-07-09 12:57:23,spect,,,22,22,0,22,2,2,0.8196247191011232,0.8196247191011232,0.0,2.312917947769165,423.0,-2137258522,0.023327776,True,True,WorstCaseBaseline,False,3,0.0001,134,23549190[].aqua,3600,1,0,0,0.05,-1,-1,0,-1,inf,True,True,False,1,False,True,False,False,False,False,False,True,False,Lazy,True,True,Samples,False,LP,Lazy,False,LP,True,2,Recursive,True,True,True,True,True,0.136644,82,7
82.02247191011236,60.0,2.6666666666666665,3,6,0.8156794007490636,0.0056445598602294,651,0.0839576721191406,0,0,2,0.006397008895874,540,0.0896117687225341,0,0,0,0,1234,1813,0.0326964855194091,0.9204006,0.02,0.03,0.920400559998076,0.1169309616088867,0.123927189935726,0.9003098185926371,0.5541081428527832,0.5541606460166103,BendRegOCT,2026-07-09 12:57:23,spect,,,22,22,0,22,2,2,0.8190247191011233,0.8190247191011233,0.0,2.3540849685668945,421.0,-1963723440,0.025797968,True,True,WorstCaseBaseline,False,3,0.0002,133,23549190[].aqua,3600,1,0,0,0.05,-1,-1,0,-1,inf,True,True,False,1,False,True,False,False,False,False,False,True,False,Lazy,True,True,Samples,False,LP,Lazy,False,LP,True,2,Recursive,True,True,True,True,True,0.136204,82,7
82.02247191011236,60.0,2.6666666666666665,3,6,0.8140794007490637,0.0057177543640136,551,0.0813052654266357,0,0,1,0.005627155303955,632,0.1023952960968017,0,0,0,0,1234,1813,0.0315113067626953,0.9172006,0.03,0.03,0.917200559998076,0.1361060142517089,0.136632720752193,0.8897479139324518,0.6179258823394775,0.6312178455353097,BendRegOCT,2026-07-09 12:57:23,spect,,,22,22,0,22,2,2,0.8166247191011233,0.8166247191011232,0.0,2.364593982696533,500.0,-973856934,0.024603984,True,True,WorstCaseBaseline,False,3,0.0006,131,23549190[].aqua,3600,1,0,0,0.05,-1,-1,0,-1,inf,True,True,False,1,False,True,False,False,False,False,False,True,False,Lazy,True,True,Samples,False,LP,Lazy,False,LP,True,2,Recursive,True,True,True,True,True,0.1353,82,7
82.02247191011236,60.0,2.6666666666666665,3,6,0.8132794007490637,0.0056936740875244,654,0.0914835929870605,0,0,1,0.00557541847229,448,0.0773975849151611,0,0,0,0,1234,1813,0.032503604888916,0.9156006,0.02,0.03,0.915600559998076,0.1230638027191162,0.1208118491318701,0.8866603102049322,0.6515319347381592,0.6467004592049794,BendRegOCT,2026-07-09 12:57:23,spect,,,22,22,0,22,2,2,0.8154247191011215,0.8154247191011214,0.0,2.381067991256714,326.0,-2116646485,0.025915832,True,True,WorstCaseBaseline,False,3,0.0008,130,23549190[].aqua,3600,1,0,0,0.05,-1,-1,0,-1,inf,True,True,False,1,False,True,False,False,False,False,False,True,False,Lazy,True,True,Samples,False,LP,Lazy,False,LP,True,2,Recursive,True,True,True,True,True,0.139644,82,7
81.64794007490637,63.63636363636363,2.25,3,4,0.8084794007490637,0.0059053897857666,630,0.0849313735961914,0,0,0,0.0060312747955322,606,0.1036841869354248,0,0,0,0,1234,1813,0.0329763889312744,0.9060006,0.03,0.04,0.9060005599980762,0.1148891448974609,0.1143104532402031,0.8804698067527876,0.6114470958709717,0.6030599307610056,BendRegOCT,2026-07-09 12:57:23,spect,,,22,22,0,22,2,2,0.8084794007490634,0.8084794007490634,0.0,2.4553439617156982,495.0,1555911314,0.025114376,True,True,WorstCaseBaseline,False,3,0.002,128,23549190[].aqua,3600,1,0,0,0.05,-1,-1,0,-1,inf,True,True,False,1,False,True,False,False,False,False,False,True,False,Lazy,True,True,Samples,False,LP,Lazy,False,LP,True,2,Recursive,True,True,True,True,True,0.140196,82,7
81.64794007490637,63.63636363636363,2.25,3,4,0.8004794007490637,0.005782127380371,681,0.0789504051208496,0,0,0,0.0053040981292724,582,0.0972611904144287,0,0,0,0,1234,1813,0.0330498218536376,0.8912439,0.02,0.03,0.8912439262020486,0.1138479709625244,0.1071065874713371,0.8626005627857827,0.6118969917297363,0.5892978414946355,BendRegOCT,2026-07-09 12:57:23,spect,,,22,22,0,22,2,2,0.8004794007490634,0.8004794007490634,0.0,2.471451997756958,483.0,-1619696312,0.024448064,True,True,WorstCaseBaseline,False,3,0.004,127,23549190[].aqua,3600,1,0,0,0.05,-1,-1,0,-1,inf,True,True,False,1,False,True,False,False,False,False,False,True,False,Lazy,True,True,Samples,False,LP,Lazy,False,LP,True,2,Recursive,True,True,True,True,True,0.137768,82,7
81.64794007490637,63.63636363636363,2.25,3,4,0.7924794007490636,0.0056269168853759,563,0.0682065486907959,0,0,0,0.0036556720733642,778,0.1289987564086914,0,0,0,0,1234,1813,0.0338246822357177,0.8800563,0.03,0.03,0.8800563103057015,0.1151449680328369,0.1082673468466239,0.8456250877358589,0.5917201042175293,0.5989624714319226,BendRegOCT,2026-07-09 12:57:23,spect,,,22,22,0,22,2,2,0.7924794007490634,0.7924794007490634,0.0,2.619035005569458,666.0,598592763,0.023218624,True,True,WorstCaseBaseline,False,3,0.006,126,23549190[].aqua,3600,1,0,0,0.05,-1,-1,0,-1,inf,True,True,False,1,False,True,False,False,False,False,False,True,False,Lazy,True,True,Samples,False,LP,Lazy,False,LP,True,2,Recursive,True,True,True,True,True,0.134056,82,7
79.40074906367042,0.0,0.0,0,1,0.7840074906367042,0.0055010318756103,588,0.0343241691589355,0,0,0,0.0056920051574707,1062,0.16740083694458,0,0,0,0,1234,1813,0.0322709083557128,0.8637937,0.02,0.03,0.8637936581158779,0.1033110618591308,0.0961522954815505,0.8278197719863207,0.5590858459472656,0.5694773267595976,BendRegOCT,2026-07-09 12:57:23,spect,,,22,22,0,22,2,2,0.7840074906367038,0.7840074906367038,0.0,2.994964838027954,948.0,2003634355,0.022976184,True,True,WorstCaseBaseline,False,3,0.01,124,23549190[].aqua,3600,1,0,0,0.05,-1,-1,0,-1,inf,True,True,False,1,False,True,False,False,False,False,False,True,False,Lazy,True,True,Samples,False,LP,Lazy,False,LP,True,2,Recursive,True,True,True,True,True,0.136296,83,8
80.55555555555556,0.0,2.25,3,4,0.8051555555555556,0.0086255073547363,1156,0.1322789192199707,0,0,0,0.0033843517303466,202,0.1766669750213623,0,0,0,0,34329,50093,0.8514583110809326,0.8921398,7.62,12.2,0.8921398148148308,17.63540506362915,25.1943579905015,0.8910107811016428,63.83925700187683,80.48421116192448,BendRegOCT,2026-07-09 12:54:37,car_evaluation,,,6,6,0,19,4,2,0.8051555555555576,0.8051555555555576,0.0,170.13909697532654,101.0,-823309017,0.290787392,True,True,WorstCaseBaseline,False,3,0.0001,104,23549190[].aqua,3600,1,0,0,0.05,-1,-1,0,-1,inf,True,True,False,1,False,True,False,False,False,False,False,True,False,Lazy,True,True,Samples,False,LP,Lazy,False,LP,True,2,Recursive,True,True,True,True,True,0.393136,176,173
86.14232212650853,72.72727272727273,3.636363636363636,4,11,0.842241947565543,0.011512279510498,1495,0.3064737319946289,0,0,7,0.0300312042236328,38900,6.028057813644409,0,0,0,0,2450,3637,0.0554728507995605,0.9273873,0.08,0.11,0.9273873012306064,0.2475929260253906,0.2686544045350951,0.9101110147142482,1.4908020496368408,1.7769205365302452,BendRegOCT,2026-07-09 12:54:19,spect,,,22,22,0,22,2,2,0.854823221265085,0.8548232212650849,0.0,191.787584066391,16592.0,-1981867480,0.08109808,True,True,WorstCaseBaseline,False,4,0.0006,86,23549190[].aqua,3600,1,0,0,0.05,-1,-1,0,-1,inf,True,True,False,1,False,True,False,False,False,False,False,True,False,Lazy,True,True,Samples,False,LP,Lazy,False,LP,True,2,Recursive,True,True,True,True,True,0.207124,270,195
76.28865979381443,0.0,0.0,0,1,0.6828865979381443,0.026090383529663,481,0.0779817104339599,0,0,0,0.0035698413848876,4,0.0009548664093017,0,0,0,0,0,0,0.0058114528656005,0.92,0.0,0.0,0.830549828178692,0.1052570343017578,0.0187729281372689,0.799876852833287,0.1170060634613037,0.0344606732409353,BendRegOCT,2026-07-09 12:57:35,wpbc,Quantile Thresholds,5.0,32,0,32,127,2,2,0.6828865979381442,0.6828865979381442,0.0,0.1716361045837402,1.0,-1777288508,0.01607388,True,True,WorstCaseBaseline,False,3,0.08,150,23549190[].aqua,3600,1,0,0,0.05,-1,-1,0,-1,inf,True,True,False,1,False,True,False,False,False,False,False,True,False,Lazy,True,True,Samples,False,LP,Lazy,False,LP,True,2,Recursive,True,True,True,True,True,0.0,5,3
79.40074906367042,0.0,0.0,0,1,0.7740074906367042,0.0120775699615478,514,0.0374953746795654,0,0,0,0.0055034160614013,2870,0.5793540477752686,0,0,0,0,2450,3637,0.0544345378875732,0.8405554,0.08,0.12,0.840555386477858,0.173163890838623,0.2131514334175706,0.8060467071178643,1.075303077697754,0.8886633623646711,BendRegOCT,2026-07-09 12:57:24,spect,,,22,22,0,22,2,2,0.7740074906367039,0.7740074906367039,0.0,13.018526077270508,1429.0,-310437604,0.05607212,True,True,WorstCaseBaseline,False,4,0.02,138,23549190[].aqua,3600,1,0,0,0.05,-1,-1,0,-1,inf,True,True,False,1,False,True,False,False,False,False,False,True,False,Lazy,True,True,Samples,False,LP,Lazy,False,LP,True,2,Recursive,True,True,True,True,True,0.154884,93,19
80.55555555555556,0.0,2.25,3,4,0.8039555555555555,0.014284610748291,696,0.0666451454162597,0,0,0,0.0019998550415039,236,0.2461409568786621,0,0,0,0,34329,50093,0.9649286270141602,0.8897398,6.7,9.98,0.8897398148148309,17.294911861419678,23.502513014401583,0.8892126913093295,54.75454592704773,70.34692469780724,BendRegOCT,2026-07-09 12:54:20,car_evaluation,,,6,6,0,19,4,2,0.8039555555555578,0.8039555555555578,0.0,198.2220268249512,143.0,1285450054,0.246691344,True,True,WorstCaseBaseline,False,3,0.0004,102,23549190[].aqua,3600,1,0,0,0.05,-1,-1,0,-1,inf,True,True,False,1,False,True,False,False,False,False,False,True,False,Lazy,True,True,Samples,False,LP,Lazy,False,LP,True,2,Recursive,True,True,True,True,True,0.36372,277,204
80.55555555555556,0.0,2.25,3,4,0.7815555555555556,0.0107059478759765,696,0.0698411464691162,0,0,0,0.0021562576293945,278,0.2955946922302246,0,0,0,0,34329,50093,0.9897847175598145,0.8449398,6.11,8.88,0.8449398148148306,17.672922134399414,23.837966929426237,0.8441346201373866,63.8791880607605,73.21008211014863,BendRegOCT,2026-07-09 12:53:10,car_evaluation,,,6,6,0,19,4,2,0.7815555555555576,0.7815555555555576,0.0,270.4312791824341,196.0,-2145073017,0.2869924,True,True,WorstCaseBaseline,False,3,0.006,96,23549190[].aqua,3600,1,0,0,0.05,-1,-1,0,-1,inf,True,True,False,1,False,True,False,False,False,False,False,True,False,Lazy,True,True,Samples,False,LP,Lazy,False,LP,True,2,Recursive,True,True,True,True,True,0.377492,278,274
76.28865979381443,0.0,0.0,0,1,0.7028865979381442,0.0301923751831054,1242,0.3725178241729736,0,0,0,0.0330302715301513,472,0.263303279876709,0,0,0,0,0,0,0.0069203376770019,0.94,0.0,0.0,0.870549828178692,0.2290618419647216,0.0187322486580461,0.8508746512267632,0.2802498340606689,0.0615286836545129,BendRegOCT,2026-07-09 12:57:36,wpbc,Quantile Thresholds,5.0,32,0,32,127,2,2,0.7028865979381442,0.7028865979381442,0.0,3.0588300228118896,386.0,-1371618760,0.105737096,True,True,WorstCaseBaseline,False,3,0.06,151,23549190[].aqua,3600,1,0,0,0.05,-1,-1,0,-1,inf,True,True,False,1,False,True,False,False,False,False,False,True,False,Lazy,True,True,Samples,False,LP,Lazy,False,LP,True,2,Recursive,True,True,True,True,True,0.051312,11,8
80.55555555555556,0.0,2.25,3,4,0.8047555555555556,0.0090682506561279,1905,0.1607415676116943,0,0,0,0.0037298202514648,208,0.1904139518737793,0,0,0,0,34329,50093,0.947800636291504,0.8913398,7.38,12.08,0.8913398148148307,21.672147035598755,35.095725768598584,0.8904516801716283,74.20960211753845,101.0824765156802,BendRegOCT,2026-07-09 12:54:38,car_evaluation,,,6,6,0,19,4,2,0.8047555555555577,0.8047555555555577,0.0,192.3520860671997,115.0,277875301,0.247814776,True,True,WorstCaseBaseline,False,3,0.0002,103,23549190[].aqua,3600,1,0,0,0.05,-1,-1,0,-1,inf,True,True,False,1,False,True,False,False,False,False,False,True,False,Lazy,True,True,Samples,False,LP,Lazy,False,LP,True,2,Recursive,True,True,True,True,True,0.381824,198,195
86.14232209737828,72.72727272727273,3.636363636363636,4,11,0.845741947565543,0.0116727352142333,1390,0.2424573898315429,0,0,4,0.0206499099731445,40806,6.258322954177856,0,0,0,0,2450,3637,0.0558323860168457,0.9330937,0.07,0.1,0.9330937299357964,0.2488100528717041,0.2742682415871927,0.9153794936944808,1.362844944000244,1.5629445201839711,BendRegOCT,2026-07-09 12:54:19,spect,,,22,22,0,22,2,2,0.8603232209737824,0.8603232209737826,0.0,210.88310599327087,16639.0,-569032677,0.087946608,True,True,WorstCaseBaseline,False,4,0.0001,89,23549190[].aqua,3600,1,0,0,0.05,-1,-1,0,-1,inf,True,True,False,1,False,True,False,False,False,False,False,True,False,Lazy,True,True,Samples,False,LP,Lazy,False,LP,True,2,Recursive,True,True,True,True,True,0.20106,289,214
86.14232222222222,72.72727272727273,3.636363636363636,4,11,0.832441947565543,0.0114045143127441,1301,0.2714481353759765,0,0,4,0.0233662128448486,37450,5.871731519699097,0,0,0,0,2450,3637,0.0555396080017089,0.9118073,0.09,0.13,0.911807341067174,0.2885971069335937,0.3265452031047955,0.8944307764218189,1.5161190032958984,1.8743620175763516,BendRegOCT,2026-07-09 12:54:19,spect,,,22,22,0,22,2,2,0.839423222222222,0.839423222222222,0.0,215.685809135437,17255.0,-1420578492,0.080533824,True,True,WorstCaseBaseline,False,4,0.002,83,23549190[].aqua,3600,1,0,0,0.05,-1,-1,0,-1,inf,True,True,False,1,False,True,False,False,False,False,False,True,False,Lazy,True,True,Samples,False,LP,Lazy,False,LP,True,2,Recursive,True,True,True,True,True,0.201748,294,218
80.55555555555556,0.0,2.25,3,4,0.7255555555555556,0.0086429119110107,1976,0.1696007251739502,0,0,0,0.0039503574371337,202,0.199275255203247,0,0,0,0,34329,50093,0.8341219425201416,0.7526647,6.71,10.34,0.752664689429027,27.88973999023437,38.79195956035698,0.7510115969376948,86.29644107818604,126.8830512335972,BendRegOCT,2026-07-09 12:54:20,car_evaluation,,,6,6,0,19,4,2,0.7255555555555573,0.7255555555555573,0.0,215.093297958374,135.0,-1332495106,0.357043528,True,True,WorstCaseBaseline,False,3,0.02,93,23549190[].aqua,3600,1,0,0,0.05,-1,-1,0,-1,inf,True,True,False,1,False,True,False,False,False,False,False,True,False,Lazy,True,True,Samples,False,LP,Lazy,False,LP,True,2,Recursive,True,True,True,True,True,0.433356,294,219
86.14232209737828,72.72727272727273,3.636363636363636,4,11,0.839441947565543,0.0115425586700439,1461,0.2636160850524902,0,0,6,0.0220584869384765,37258,5.741312265396118,0,0,0,0,2450,3637,0.0562372207641601,0.9228388,0.07,0.09,0.9228387675782648,0.2351000308990478,0.2513598465424642,0.905357341509856,1.365259885787964,1.5296878245869494,BendRegOCT,2026-07-09 12:54:19,spect,,,22,22,0,22,2,2,0.8504232209737825,0.8504232209737825,0.0,218.1353440284729,14990.0,184269188,0.086240536,True,True,WorstCaseBaseline,False,4,0.001,84,23549190[].aqua,3600,1,0,0,0.05,-1,-1,0,-1,inf,True,True,False,1,False,True,False,False,False,False,False,True,False,Lazy,True,True,Samples,False,LP,Lazy,False,LP,True,2,Recursive,True,True,True,True,True,0.202016,296,221
86.14232209737828,72.72727272727273,3.636363636363636,4,11,0.8450419475655431,0.0112748146057128,1380,0.2510454654693603,0,0,5,0.0223853588104248,41298,6.616459369659424,0,0,0,0,2450,3637,0.0553565025329589,0.9319399,0.08,0.1,0.9319398726591778,0.2382919788360595,0.2684555780657758,0.9114965798669452,1.263983964920044,1.3970782870280165,BendRegOCT,2026-07-09 12:54:19,spect,,,22,22,0,22,2,2,0.8592232209737825,0.8592232209737825,0.0,223.53977298736567,19253.0,-462200713,0.088884784,True,True,WorstCaseBaseline,False,4,0.0002,88,23549190[].aqua,3600,1,0,0,0.05,-1,-1,0,-1,inf,True,True,False,1,False,True,False,False,False,False,False,True,False,Lazy,True,True,Samples,False,LP,Lazy,False,LP,True,2,Recursive,True,True,True,True,True,0.210064,302,226
83.89513184643111,54.54545454545455,2.8,4,5,0.7889513108614232,0.012965440750122,810,0.2711684703826904,0,0,0,0.0199518203735351,14282,3.10208797454834,0,0,0,0,2450,3637,0.0541675090789794,0.8637937,0.09,0.13,0.8637936581158779,0.2135159969329834,0.2422449530121033,0.8347745799931908,1.094985008239746,0.951587364093758,BendRegOCT,2026-07-09 12:57:24,spect,,,22,22,0,22,2,2,0.788951318464311,0.7889513184643109,0.0,71.04338502883911,7732.0,-993585972,0.06371096,True,True,WorstCaseBaseline,False,4,0.01,139,23549190[].aqua,3600,1,0,0,0.05,-1,-1,0,-1,inf,True,True,False,1,False,True,False,False,False,False,False,True,False,Lazy,True,True,Samples,False,LP,Lazy,False,LP,True,2,Recursive,True,True,True,True,True,0.175032,151,76
83.89513108614233,54.54545454545455,2.8,4,5,0.7989513108614232,0.0116019248962402,1010,0.1124536991119384,0,0,0,0.0492000579833984,15276,2.6924479007720947,0,0,0,0,2450,3637,0.0568044185638427,0.8703661,0.08,0.11,0.870366068388542,0.2431731224060058,0.2354419183018228,0.8505122134746544,1.3195431232452393,1.2820468353995365,BendRegOCT,2026-07-09 12:57:34,spect,,,22,22,0,22,2,2,0.798951310861423,0.798951310861423,0.0,63.18567514419556,7683.0,-770016233,0.066027648,True,True,WorstCaseBaseline,False,4,0.008,140,23549190[].aqua,3600,1,0,0,0.05,-1,-1,0,-1,inf,True,True,False,1,False,True,False,False,False,False,False,True,False,Lazy,True,True,Samples,False,LP,Lazy,False,LP,True,2,Recursive,True,True,True,True,True,0.173756,68,66
80.55555555555556,0.0,2.25,3,4,0.7735555555555556,0.0086302757263183,0,0.0224761962890625,0,0,0,0.0015363693237304,286,0.2591376304626465,0,0,0,0,34329,50093,0.8319931030273438,0.8289398,3.06,4.98,0.8289398148148308,13.266645908355711,19.38886242829232,0.8282303033825686,60.39251494407654,85.43111717568804,BendRegOCT,2026-07-09 12:54:20,car_evaluation,,,6,6,0,19,4,2,0.7735555555555576,0.7735555555555576,0.0,265.6527318954468,219.0,1828760857,0.277418008,True,True,WorstCaseBaseline,False,3,0.008,95,23549190[].aqua,3600,1,0,0,0.05,-1,-1,0,-1,inf,True,True,False,1,False,True,False,False,False,False,False,True,False,Lazy,True,True,Samples,False,LP,Lazy,False,LP,True,2,Recursive,True,True,True,True,True,0.378584,343,269
76.28865979381443,0.0,0.0,0,1,0.6828865979381443,0.056387186050415,412,0.1069750785827636,0,0,0,0.0040788650512695,46,0.0287823677062988,0,0,0,0,0,0,0.0671298503875732,0.92,0.0,0.0,0.8306314193015779,0.1939179897308349,0.1020068387350361,0.7522700619577405,0.2549049854278564,0.1580612275022765,BendRegOCT,2026-07-09 12:58:53,wpbc,Quantile Thresholds,5.0,32,0,32,127,2,2,0.6828865979381442,0.6828865979381442,0.0,0.3005530834197998,13.0,-389203642,0.00837136,True,True,WorstCaseBaseline,False,4,0.08,165,23549190[].aqua,3600,1,0,0,0.05,-1,-1,0,-1,inf,True,True,False,1,False,True,False,False,False,False,False,True,False,Lazy,True,True,Samples,False,LP,Lazy,False,LP,True,2,Recursive,True,True,True,True,True,0.10406,83,5
73.92,0.0,3.0,3,8,0.7272,0.0072646141052246,0,0.0216336250305175,0,0,1,0.0029354095458984,414,0.3185174465179443,0,0,0,0,26820,39336,0.7867660522460938,0.8551579,0.71,1.15,0.8551578947368436,9.903676986694336,12.40603798408107,0.854253462293002,42.70324897766113,57.65720526031855,BendRegOCT,2026-07-09 12:50:56,balance-scale,,,4,4,0,20,3,2,0.7328000000000003,0.7328000000000002,0.0,477.708594083786,319.0,-1018827598,0.232339216,True,True,WorstCaseBaseline,False,3,0.0008,40,23549190[].aqua,3600,1,0,0,0.05,-1,-1,0,-1,inf,True,True,False,1,False,True,False,False,False,False,False,True,False,Lazy,True,True,Samples,False,LP,Lazy,False,LP,True,2,Recursive,True,True,True,True,True,0.326912,558,481
86.14232209737828,72.72727272727273,3.636363636363636,4,11,0.840841947565543,0.0112831592559814,1409,0.2663323879241943,0,0,4,0.0243012905120849,48802,7.677054643630981,0,0,0,0,2450,3637,0.0543756484985351,0.925111,0.08,0.11,0.9251110155163206,0.234616994857788,0.2685840687513393,0.907409676500867,1.3533828258514404,1.5444364590073776,BendRegOCT,2026-07-09 12:54:19,spect,,,22,22,0,22,2,2,0.8526232209737825,0.8526232209737825,0.0,276.5072798728943,21868.0,2021463768,0.083698616,True,True,WorstCaseBaseline,False,4,0.0008,85,23549190[].aqua,3600,1,0,0,0.05,-1,-1,0,-1,inf,True,True,False,1,False,True,False,False,False,False,False,True,False,Lazy,True,True,Samples,False,LP,Lazy,False,LP,True,2,Recursive,True,True,True,True,True,0.217044,355,279
76.28865979381443,0.0,0.0,0,1,0.7028865979381442,0.0544896125793457,1531,0.3758900165557861,0,0,0,0.0484490394592285,498,0.2174825668334961,0,0,0,0,0,0,0.0674018859863281,0.94,0.0,0.0,0.8706314193015778,0.193674087524414,0.1019630036543573,0.8111436593747362,0.2826621532440185,0.164097532953039,BendRegOCT,2026-07-09 12:58:53,wpbc,Quantile Thresholds,5.0,32,0,32,127,2,2,0.7028865979381442,0.7028865979381442,0.0,3.162893056869507,413.0,1645274373,0.085423,True,True,WorstCaseBaseline,False,4,0.06,166,23549190[].aqua,3600,1,0,0,0.05,-1,-1,0,-1,inf,True,True,False,1,False,True,False,False,False,False,False,True,False,Lazy,True,True,Samples,False,LP,Lazy,False,LP,True,2,Recursive,True,True,True,True,True,0.170952,87,8
76.20320855614973,0.0,0.0,0,1,0.6820320855614974,0.0056807994842529,0,0.0012876987457275,0,0,0,0.0006196498870849,0,0.0,0,0,0,0,2955,4346,0.0759153366088867,,,,,,,,,,BendRegOCT,2026-07-09 12:59:02,transfusion,Quantile Thresholds,5.0,4,0,4,16,2,2,0.6820320855614979,0.6820320855614979,0.0,0.0433349609375,1.0,665256646,0.012498432,True,True,WorstCaseBaseline,False,3,0.08,180,23549190[].aqua,3600,1,0,0,0.05,-1,-1,0,-1,inf,True,True,False,1,False,True,False,False,False,False,False,True,False,Lazy,True,True,Samples,False,LP,Lazy,False,LP,True,2,Recursive,True,True,True,True,True,0.009468,4,3
76.20320855614973,0.0,0.0,0,1,0.7020320855614974,0.0056045055389404,0,0.0012919902801513,0,0,0,0.0006122589111328,0,0.0,0,0,0,0,2955,4346,0.0741827487945556,,,,,,,,,,BendRegOCT,2026-07-09 12:59:02,transfusion,Quantile Thresholds,5.0,4,0,4,16,2,2,0.7020320855614978,0.7020320855614978,0.0,0.0422608852386474,1.0,1074420478,0.0124984,True,True,WorstCaseBaseline,False,3,0.06,181,23549190[].aqua,3600,1,0,0,0.05,-1,-1,0,-1,inf,True,True,False,1,False,True,False,False,False,False,False,True,False,Lazy,True,True,Samples,False,LP,Lazy,False,LP,True,2,Recursive,True,True,True,True,True,0.129204,5,3
76.20320855614973,0.0,0.0,0,1,0.7220320855614973,0.0056502819061279,0,0.0013093948364257,0,0,0,0.00059175491333,0,0.0,0,0,0,0,2955,4346,0.0742561817169189,,,,,,,,,,BendRegOCT,2026-07-09 12:59:03,transfusion,Quantile Thresholds,5.0,4,0,4,16,2,2,0.7220320855614977,0.7220320855614977,0.0,0.0429940223693847,1.0,-99974358,0.012498416,True,True,WorstCaseBaseline,False,3,0.04,182,23549190[].aqua,3600,1,0,0,0.05,-1,-1,0,-1,inf,True,True,False,1,False,True,False,False,False,False,False,True,False,Lazy,True,True,Samples,False,LP,Lazy,False,LP,True,2,Recursive,True,True,True,True,True,0.0,5,3
76.20320855614973,0.0,0.0,0,1,0.7420320855614974,0.0057272911071777,0,0.0013055801391601,0,0,0,0.0006411075592041,4,0.0013716220855712,0,0,0,0,2955,4346,0.0751452445983886,0.7426937,0.04,0.06,0.7426936755947421,0.1174321174621582,0.1329241630312809,0.7423857038079028,0.1238441467285156,0.1396328596596399,BendRegOCT,2026-07-09 12:59:03,transfusion,Quantile Thresholds,5.0,4,0,4,16,2,2,0.7420320855614979,0.7420320855614979,0.0,0.1368451118469238,1.0,833278800,0.01820072,True,True,WorstCaseBaseline,False,3,0.02,183,23549190[].aqua,3600,1,0,0,0.05,-1,-1,0,-1,inf,True,True,False,1,False,True,False,False,False,False,False,True,False,Lazy,True,True,Samples,False,LP,Lazy,False,LP,True,2,Recursive,True,True,True,True,True,0.134812,5,3
76.20320855614973,0.0,0.0,0,1,0.6820320855614974,0.010002851486206,0,0.0015232563018798,0,0,0,0.0006284713745117,0,0.0,0,0,0,0,5723,8498,0.1510758399963379,,,,,,,,,,BendRegOCT,2026-07-09 12:59:03,transfusion,Quantile Thresholds,5.0,4,0,4,16,2,2,0.6820320855614979,0.6820320855614979,0.0,0.0888640880584716,1.0,-60522619,0.024074936,True,True,WorstCaseBaseline,False,4,0.08,195,23549190[].aqua,3600,1,0,0,0.05,-1,-1,0,-1,inf,True,True,False,1,False,True,False,False,False,False,False,True,False,Lazy,True,True,Samples,False,LP,Lazy,False,LP,True,2,Recursive,True,True,True,True,True,0.136136,5,3
76.20320855614973,0.0,0.0,0,1,0.7220320855614973,0.010693073272705,0,0.0016770362854003,0,0,0,0.0007545948028564,0,0.0,0,0,0,0,5723,8498,0.1869239807128906,,,,,,,,,,BendRegOCT,2026-07-09 12:59:03,transfusion,Quantile Thresholds,5.0,4,0,4,16,2,2,0.7220320855614977,0.7220320855614977,0.0,0.0891129970550537,1.0,1428093279,0.024074904,True,True,WorstCaseBaseline,False,4,0.04,197,23549190[].aqua,3600,1,0,0,0.05,-1,-1,0,-1,inf,True,True,False,1,False,True,False,False,False,False,False,True,False,Lazy,True,True,Samples,False,LP,Lazy,False,LP,True,2,Recursive,True,True,True,True,True,0.0,6,4
76.20320855614973,0.0,0.0,0,1,0.7520320855614974,0.0057330131530761,0,0.0013263225555419,0,0,0,0.0006384849548339,154,0.0448794364929199,0,0,0,0,2955,4346,0.0743052959442138,0.7632295,0.04,0.06,0.7632295239566435,0.1832020282745361,0.1737984568180667,0.7582382471411598,0.8234410285949707,0.731384949364862,BendRegOCT,2026-07-09 12:59:03,transfusion,Quantile Thresholds,5.0,4,0,4,16,2,2,0.7520320855614979,0.7520320855614979,0.0,1.0979480743408203,103.0,-1961810717,0.029396856,True,True,WorstCaseBaseline,False,3,0.01,184,23549190[].aqua,3600,1,0,0,0.05,-1,-1,0,-1,inf,True,True,False,1,False,True,False,False,False,False,False,True,False,Lazy,True,True,Samples,False,LP,Lazy,False,LP,True,2,Recursive,True,True,True,True,True,0.141464,6,4
76.20320855614973,0.0,0.0,0,1,0.7020320855614974,0.0107765197753906,0,0.0017294883728027,0,0,0,0.0007762908935546,0,0.0,0,0,0,0,5723,8498,0.241605520248413,,,,,,,,,,BendRegOCT,2026-07-09 12:59:04,transfusion,Quantile Thresholds,5.0,4,0,4,16,2,2,0.7020320855614978,0.7020320855614978,0.0,0.0984640121459961,1.0,1897884400,0.024074968,True,True,WorstCaseBaseline,False,4,0.06,196,23549190[].aqua,3600,1,0,0,0.05,-1,-1,0,-1,inf,True,True,False,1,False,True,False,False,False,False,False,True,False,Lazy,True,True,Samples,False,LP,Lazy,False,LP,True,2,Recursive,True,True,True,True,True,0.135988,6,4
76.20320855614973,0.0,0.0,0,1,0.7420320855614974,0.0104951858520507,0,0.0017638206481933,0,0,0,0.0008096694946289,4,0.0021693706512451,0,0,0,0,5723,8498,0.1796512603759765,0.7426937,0.12,0.16,0.7426936755947421,0.3106191158294678,0.3548500982049131,0.7425128056998475,0.3276190757751465,0.3763999477282091,BendRegOCT,2026-07-09 12:59:03,transfusion,Quantile Thresholds,5.0,4,0,4,16,2,2,0.7420320855614979,0.7420320855614979,0.0,0.3562490940093994,1.0,-2094138898,0.034522088,True,True,WorstCaseBaseline,False,4,0.02,198,23549190[].aqua,3600,1,0,0,0.05,-1,-1,0,-1,inf,True,True,False,1,False,True,False,False,False,False,False,True,False,Lazy,True,True,Samples,False,LP,Lazy,False,LP,True,2,Recursive,True,True,True,True,True,0.144672,5,4
76.20320855614973,0.0,0.0,0,1,0.7540320855614974,0.0056161880493164,0,0.0013103485107421,0,0,0,0.0006299018859863,254,0.0727472305297851,0,0,0,0,2955,4346,0.0747678279876709,0.7688055,0.03,0.04,0.7688054766090322,0.170969009399414,0.1544801222614556,0.7616707038767755,0.8027169704437256,0.7371801786287736,BendRegOCT,2026-07-09 12:59:03,transfusion,Quantile Thresholds,5.0,4,0,4,16,2,2,0.7540320855614979,0.7540320855614979,0.0,1.326103925704956,189.0,1687400343,0.028996856,True,True,WorstCaseBaseline,False,3,0.008,185,23549190[].aqua,3600,1,0,0,0.05,-1,-1,0,-1,inf,True,True,False,1,False,True,False,False,False,False,False,True,False,Lazy,True,True,Samples,False,LP,Lazy,False,LP,True,2,Recursive,True,True,True,True,True,0.142928,6,5
78.87700534759358,23.59550561797753,2.6666666666666665,3,6,0.7791486631016042,0.0055935382843017,561,0.0714335441589355,0,0,3,0.0038192272186279,334,0.1036794185638427,0,0,0,0,2955,4346,0.078864574432373,0.798707,0.03,0.03,0.7987069670164745,0.1395990848541259,0.1586981938437454,0.7963832022648659,0.742434024810791,0.728016256363244,BendRegOCT,2026-07-09 12:59:03,transfusion,Quantile Thresholds,5.0,4,0,4,16,2,2,0.7863700534759366,0.7863700534759366,0.0,1.6392500400543213,230.0,95428162,0.04005024,True,True,WorstCaseBaseline,False,3,0.0004,192,23549190[].aqua,3600,1,0,0,0.05,-1,-1,0,-1,inf,True,True,False,1,False,True,False,False,False,False,False,True,False,Lazy,True,True,Samples,False,LP,Lazy,False,LP,True,2,Recursive,True,True,True,True,True,0.15084,6,5
78.87700534759358,23.59550561797753,2.6666666666666665,3,6,0.7783486631016043,0.0056290626525878,0,0.0470645427703857,0,0,2,0.0017840862274169,468,0.139749526977539,0,0,0,0,2955,4346,0.0778627395629882,0.7976594,0.03,0.03,0.7976593810059937,0.140078067779541,0.1587140163432675,0.7947832022648658,0.6053061485290527,0.6339284634723845,BendRegOCT,2026-07-09 12:59:03,transfusion,Quantile Thresholds,5.0,4,0,4,16,2,2,0.7851700534759365,0.7851700534759364,0.0,1.7170970439910889,345.0,1659116570,0.028515192,True,True,WorstCaseBaseline,False,3,0.0006,191,23549190[].aqua,3600,1,0,0,0.05,-1,-1,0,-1,inf,True,True,False,1,False,True,False,False,False,False,False,True,False,Lazy,True,True,Samples,False,LP,Lazy,False,LP,True,2,Recursive,True,True,True,True,True,0.14128,7,5
78.87700534759358,23.59550561797753,2.6666666666666665,3,6,0.7727486631016043,0.0057337284088134,102,0.0487747192382812,0,0,3,0.0020637512207031,422,0.1276066303253173,0,0,0,0,2955,4346,0.0746850967407226,0.7907637,0.03,0.04,0.7907637052874679,0.2016370296478271,0.1690009802326236,0.7852575674979849,0.7761609554290771,0.6930259230002234,BendRegOCT,2026-07-09 12:59:03,transfusion,Quantile Thresholds,5.0,4,0,4,16,2,2,0.7767700534759365,0.7767700534759365,0.0,1.7699990272521973,323.0,1517459838,0.029781304,True,True,WorstCaseBaseline,False,3,0.002,188,23549190[].aqua,3600,1,0,0,0.05,-1,-1,0,-1,inf,True,True,False,1,False,True,False,False,False,False,False,True,False,Lazy,True,True,Samples,False,LP,Lazy,False,LP,True,2,Recursive,True,True,True,True,True,0.144068,7,5
78.87700534759358,23.59550561797753,2.6666666666666665,3,6,0.7767486631016043,0.0056695938110351,355,0.058351993560791,0,0,3,0.0028402805328369,574,0.1709189414978027,0,0,0,0,2955,4346,0.0746600627899169,0.7955642,0.03,0.03,0.7955642089850322,0.139509916305542,0.1583422644336189,0.7916417112299493,0.5733249187469482,0.564717290873641,BendRegOCT,2026-07-09 12:59:03,transfusion,Quantile Thresholds,5.0,4,0,4,16,2,2,0.7827700534759364,0.7827700534759365,0.0,1.9129579067230225,465.0,557117679,0.037378184,True,True,WorstCaseBaseline,False,3,0.001,189,23549190[].aqua,3600,1,0,0,0.05,-1,-1,0,-1,inf,True,True,False,1,False,True,False,False,False,False,False,True,False,Lazy,True,True,Samples,False,LP,Lazy,False,LP,True,2,Recursive,True,True,True,True,True,0.148244,7,5
78.87700534759358,23.59550561797753,2.6666666666666665,3,6,0.7799486631016043,0.0055885314941406,504,0.0651619434356689,0,0,2,0.001878023147583,514,0.1582305431365966,0,0,0,0,2955,4346,0.0742783546447753,0.7997546,0.03,0.03,0.7997545530269552,0.1388869285583496,0.1586806256431238,0.797983202264866,0.6577398777008057,0.6303661700355276,BendRegOCT,2026-07-09 12:59:03,transfusion,Quantile Thresholds,5.0,4,0,4,16,2,2,0.7875700534759366,0.7875700534759366,0.0,2.009511947631836,395.0,-1210328848,0.037421304,True,True,WorstCaseBaseline,False,3,0.0002,193,23549190[].aqua,3600,1,0,0,0.05,-1,-1,0,-1,inf,True,True,False,1,False,True,False,False,False,False,False,True,False,Lazy,True,True,Samples,False,LP,Lazy,False,LP,True,2,Recursive,True,True,True,True,True,0.149908,7,5
78.87700534759358,23.59550561797753,2.6666666666666665,3,6,0.7775486631016043,0.0056560039520263,487,0.0602431297302246,0,0,2,0.0017962455749511,610,0.1829719543457031,0,0,0,0,2955,4346,0.0762038230895996,0.7966118,0.03,0.03,0.7966117949955129,0.1394901275634765,0.1583695481028365,0.7932064171123022,0.5230400562286377,0.5432645906384869,BendRegOCT,2026-07-09 12:59:03,transfusion,Quantile Thresholds,5.0,4,0,4,16,2,2,0.7839700534759366,0.7839700534759365,0.0,2.13244104385376,498.0,1456623472,0.034758344,True,True,WorstCaseBaseline,False,3,0.0008,190,23549190[].aqua,3600,1,0,0,0.05,-1,-1,0,-1,inf,True,True,False,1,False,True,False,False,False,False,False,True,False,Lazy,True,True,Samples,False,LP,Lazy,False,LP,True,2,Recursive,True,True,True,True,True,0.146028,7,5
78.34224598930481,19.10112359550562,2.25,3,4,0.7560320855614974,0.0055892467498779,355,0.0460124015808105,0,0,2,0.0023419857025146,704,0.1947324275970459,0,0,0,0,2955,4346,0.0744507312774658,0.7753364,0.03,0.04,0.7753363847506636,0.1884901523590088,0.1645187458115752,0.7660451152204872,0.7315671443939209,0.6261718258430058,BendRegOCT,2026-07-09 12:59:03,transfusion,Quantile Thresholds,5.0,4,0,4,16,2,2,0.7594224598930488,0.7594224598930488,0.0,2.643097162246704,598.0,1127562364,0.034265816,True,True,WorstCaseBaseline,False,3,0.006,186,23549190[].aqua,3600,1,0,0,0.05,-1,-1,0,-1,inf,True,True,False,1,False,True,False,False,False,False,False,True,False,Lazy,True,True,Samples,False,LP,Lazy,False,LP,True,2,Recursive,True,True,True,True,True,0.151776,7,6
78.87700534759358,23.59550561797753,2.6666666666666665,3,6,0.7803486631016043,0.0056638717651367,272,0.0586552619934082,0,0,4,0.0031728744506835,964,0.2794535160064697,0,0,0,0,2955,4346,0.0783607959747314,0.8002783,0.03,0.03,0.8002783460321956,0.1377639770507812,0.1586805512431238,0.7987832022648659,0.6166050434112549,0.6544210711188524,BendRegOCT,2026-07-09 12:59:03,transfusion,Quantile Thresholds,5.0,4,0,4,16,2,2,0.7881700534759366,0.7881700534759366,0.0,2.7072319984436035,775.0,-1063740809,0.034628096,True,True,WorstCaseBaseline,False,3,0.0001,194,23549190[].aqua,3600,1,0,0,0.05,-1,-1,0,-1,inf,True,True,False,1,False,True,False,False,False,False,False,True,False,Lazy,True,True,Samples,False,LP,Lazy,False,LP,True,2,Recursive,True,True,True,True,True,0.14956,8,6
78.34224598930481,19.10112359550562,2.25,3,4,0.7580534759358288,0.0056183338165283,552,0.057002305984497,0,0,2,0.0022540092468261,698,0.2113633155822754,0,0,0,0,2955,4346,0.0745549201965332,0.7825969,0.03,0.04,0.782596889185384,0.1944270133972168,0.1763914071824441,0.7770507015904456,0.6939799785614014,0.6906008907611957,BendRegOCT,2026-07-09 12:59:03,transfusion,Quantile Thresholds,5.0,4,0,4,16,2,2,0.7674224598930488,0.7674224598930488,0.0,2.7911629676818848,597.0,-1258497491,0.033425312,True,True,WorstCaseBaseline,False,3,0.004,187,23549190[].aqua,3600,1,0,0,0.05,-1,-1,0,-1,inf,True,True,False,1,False,True,False,False,False,False,False,True,False,Lazy,True,True,Samples,False,LP,Lazy,False,LP,True,2,Recursive,True,True,True,True,True,0.14512,8,6
76.28865979381443,0.0,0.0,0,1,0.7228865979381442,0.0275073051452636,1600,0.322563886642456,0,0,0,0.0496912002563476,1692,0.7141158580780029,0,0,0,0,0,0,0.0582811832427978,0.96,0.0,0.0,0.9105498281786918,0.1213600635528564,0.0188807508556291,0.8970226603849284,0.1592411994934082,0.0560452931109847,BendRegOCT,2026-07-09 12:58:53,wpbc,Quantile Thresholds,5.0,32,0,32,127,2,2,0.7228865979381442,0.7228865979381442,0.0,18.50736117362976,830.0,-1608313320,0.139712224,True,True,WorstCaseBaseline,False,3,0.04,152,23549190[].aqua,3600,1,0,0,0.05,-1,-1,0,-1,inf,True,True,False,1,False,True,False,False,False,False,False,True,False,Lazy,True,True,Samples,False,LP,Lazy,False,LP,True,2,Recursive,True,True,True,True,True,0.219584,102,23
73.92,0.0,3.0,3,8,0.7188,0.0065863132476806,0,0.0209345817565917,0,0,1,0.0022833347320556,462,0.3151290416717529,0,0,0,0,26820,39336,0.748126745223999,0.8462741,0.72,1.24,0.8462740740740746,12.51573085784912,17.678683409301776,0.8437238454881489,57.51844000816345,89.3703796266392,BendRegOCT,2026-07-09 12:50:56,balance-scale,,,4,4,0,20,3,2,0.7232000000000003,0.7232000000000003,0.0,507.6307039260864,367.0,-2044238196,0.221502776,True,True,WorstCaseBaseline,False,3,0.002,38,23549190[].aqua,3600,1,0,0,0.05,-1,-1,0,-1,inf,True,True,False,1,False,True,False,False,False,False,False,True,False,Lazy,True,True,Samples,False,LP,Lazy,False,LP,True,2,Recursive,True,True,True,True,True,0.321536,588,510
73.92,0.0,3.0,3,8,0.7258,0.0069615840911865,392,0.0416996479034423,0,0,1,0.0038204193115234,316,0.2410380840301513,0,0,0,0,26820,39336,0.900831699371338,0.8536053,0.79,1.26,0.8536052631578965,10.366504907608032,12.729367315088885,0.8511110834362609,54.08667302131653,71.99373392620069,BendRegOCT,2026-07-09 12:50:56,balance-scale,,,4,4,0,20,3,2,0.7312000000000003,0.7312000000000002,0.0,510.4603068828583,221.0,1808748127,0.23218088,True,True,WorstCaseBaseline,False,3,0.001,39,23549190[].aqua,3600,1,0,0,0.05,-1,-1,0,-1,inf,True,True,False,1,False,True,False,False,False,False,False,True,False,Lazy,True,True,Samples,False,LP,Lazy,False,LP,True,2,Recursive,True,True,True,True,True,0.34296,591,513
86.14232209737828,72.72727272727273,3.636363636363636,4,11,0.843641947565543,0.0144708156585693,1369,0.2557909488677978,0,0,10,0.0261950492858886,50868,8.26045846939087,0,0,0,0,2450,3637,0.0551216602325439,0.9296636,0.08,0.11,0.929663586944892,0.2565040588378906,0.28113360226743,0.914073384252797,1.527911901473999,1.773426852365544,BendRegOCT,2026-07-09 12:54:19,spect,,,22,22,0,22,2,2,0.8570232209737824,0.8570232209737825,0.0,312.2250609397888,24778.0,-1714790562,0.083103272,True,True,WorstCaseBaseline,False,4,0.0004,87,23549190[].aqua,3600,1,0,0,0.05,-1,-1,0,-1,inf,True,True,False,1,False,True,False,False,False,False,False,True,False,Lazy,True,True,Samples,False,LP,Lazy,False,LP,True,2,Recursive,True,True,True,True,True,0.218112,391,314
76.28865979381443,0.0,0.0,0,1,0.7428865979381443,0.0274746417999267,1981,0.5030348300933838,0,0,0,0.0743980407714843,2288,1.1850295066833496,0,0,0,0,0,0,0.0661911964416503,0.98,0.0,0.0,0.9521851344531734,0.1596198081970214,0.0192464002400673,0.9263537475302775,0.2454869747161865,0.0799923792371252,BendRegOCT,2026-07-09 12:58:53,wpbc,Quantile Thresholds,5.0,32,0,32,127,2,2,0.7428865979381443,0.7428865979381443,0.0,51.776301860809326,1295.0,-1720263108,0.176580704,True,True,WorstCaseBaseline,False,3,0.02,153,23549190[].aqua,3600,1,0,0,0.05,-1,-1,0,-1,inf,True,True,False,1,False,True,False,False,False,False,False,True,False,Lazy,True,True,Samples,False,LP,Lazy,False,LP,True,2,Recursive,True,True,True,True,True,0.25242,136,57
83.89513108614233,54.54545454545455,2.8,4,5,0.8089513108614232,0.0124998092651367,1430,0.1918888092041015,0,0,0,0.017158031463623,25546,5.264716863632202,0,0,0,0,2450,3637,0.0540008544921875,0.8808159,0.09,0.13,0.8808158551810255,0.2397620677947998,0.272892395501948,0.858664591866898,1.311446189880371,1.3744149567561723,BendRegOCT,2026-07-09 12:57:34,spect,,,22,22,0,22,2,2,0.808951310861423,0.808951310861423,0.0,137.4213261604309,14834.0,-1155926494,0.073110968,True,True,WorstCaseBaseline,False,4,0.006,141,23549190[].aqua,3600,1,0,0,0.05,-1,-1,0,-1,inf,True,True,False,1,False,True,False,False,False,False,False,True,False,Lazy,True,True,Samples,False,LP,Lazy,False,LP,True,2,Recursive,True,True,True,True,True,0.186636,142,139
80.55555555555556,0.0,2.25,3,4,0.7895555555555556,0.009526252746582,820,0.1706809997558593,0,0,0,0.0027987957000732,484,0.5651888847351074,0,0,0,0,34329,50093,1.0168402194976809,0.8609398,4.19,6.03,0.8609398148148307,17.616485834121704,22.149351828064287,0.8605154066706021,95.69736790657043,114.25576380603432,BendRegOCT,2026-07-09 12:53:09,car_evaluation,,,6,6,0,19,4,2,0.7895555555555576,0.7895555555555576,0.0,425.27020597457886,403.0,-1939337460,0.277358688,True,True,WorstCaseBaseline,False,3,0.004,97,23549190[].aqua,3600,1,0,0,0.05,-1,-1,0,-1,inf,True,True,False,1,False,True,False,False,False,False,False,True,False,Lazy,True,True,Samples,False,LP,Lazy,False,LP,True,2,Recursive,True,True,True,True,True,0.378172,432,427
76.20320855614973,0.0,0.0,0,1,0.7520320855614974,0.0103304386138916,0,0.0016765594482421,0,0,0,0.0006725788116455,28,0.0111753940582275,0,0,0,0,5723,8498,0.1689095497131347,0.7632295,0.13,0.17,0.7632295239566433,0.6533348560333252,0.5178548258716106,0.7526779020167403,1.5639119148254397,1.3486055716825025,BendRegOCT,2026-07-09 13:00:18,transfusion,Quantile Thresholds,5.0,4,0,4,16,2,2,0.7520320855614979,0.7520320855614979,0.0,1.5814769268035889,1.0,-211798334,0.044907264,True,True,WorstCaseBaseline,False,4,0.01,199,23549190[].aqua,3600,1,0,0,0.05,-1,-1,0,-1,inf,True,True,False,1,False,True,False,False,False,False,False,True,False,Lazy,True,True,Samples,False,LP,Lazy,False,LP,True,2,Recursive,True,True,True,True,True,0.103896,81,6
96.91558441558442,0.0,0.0,0,1,0.8891558441558441,0.2642781734466553,1848,0.2421963214874267,0,0,0,0.1886119842529297,0,0.0,0,0,0,0,0,0,0.7311172485351562,0.92,0.0,0.0,,,,,,,BendRegOCT,2026-07-09 13:00:19,ozone-one,Quantile Thresholds,5.0,72,0,72,286,2,2,0.8891558441558415,0.8891558441558415,0.0,0.4479079246520996,1.0,673616014,0.006812016,True,True,WorstCaseBaseline,False,3,0.08,210,23549190[].aqua,3600,1,0,0,0.05,-1,-1,0,-1,inf,True,True,False,1,False,True,False,False,False,False,False,True,False,Lazy,True,True,Samples,False,LP,Lazy,False,LP,True,2,Recursive,True,True,True,True,True,0.104236,81,6
96.91558441558442,0.0,0.0,0,1,0.929155844155844,0.264573335647583,1848,0.2450370788574218,0,0,0,0.1907095909118652,0,0.0,0,0,0,0,0,0,0.7424724102020264,0.96,0.0,0.0,,,,,,,BendRegOCT,2026-07-09 13:00:19,ozone-one,Quantile Thresholds,5.0,72,0,72,286,2,2,0.9291558441558416,0.9291558441558416,0.0,0.4526560306549072,1.0,-1219578100,0.006812144,True,True,WorstCaseBaseline,False,3,0.04,212,23549190[].aqua,3600,1,0,0,0.05,-1,-1,0,-1,inf,True,True,False,1,False,True,False,False,False,False,False,True,False,Lazy,True,True,Samples,False,LP,Lazy,False,LP,True,2,Recursive,True,True,True,True,True,0.104292,81,6
96.91558441558442,0.0,0.0,0,1,0.909155844155844,0.2643942832946777,1848,0.2398087978363037,0,0,0,0.1901307106018066,0,0.0,0,0,0,0,0,0,0.7441027164459229,0.94,0.0,0.0,,,,,,,BendRegOCT,2026-07-09 13:00:19,ozone-one,Quantile Thresholds,5.0,72,0,72,286,2,2,0.9091558441558416,0.9091558441558416,0.0,0.4468839168548584,1.0,-1779243152,0.006812064,True,True,WorstCaseBaseline,False,3,0.06,211,23549190[].aqua,3600,1,0,0,0.05,-1,-1,0,-1,inf,True,True,False,1,False,True,False,False,False,False,False,True,False,Lazy,True,True,Samples,False,LP,Lazy,False,LP,True,2,Recursive,True,True,True,True,True,0.104204,81,6
96.91558441558442,0.0,0.0,0,1,0.949155844155844,0.2699427604675293,3696,0.7523500919342041,0,0,0,0.1915254592895507,6,0.004561424255371,0,0,0,0,0,0,0.7415182590484619,0.98,0.0,0.0,0.9561602389079008,1.3690788745880127,0.5687051857507521,0.9561602389079008,1.538774013519287,0.7709522613112482,BendRegOCT,2026-07-09 13:00:19,ozone-one,Quantile Thresholds,5.0,72,0,72,286,2,2,0.9491558441558412,0.9491558441558412,0.0,1.5445609092712402,1.0,117687123,0.1254272,True,True,WorstCaseBaseline,False,3,0.02,213,23549190[].aqua,3600,1,0,0,0.05,-1,-1,0,-1,inf,True,True,False,1,False,True,False,False,False,False,False,True,False,Lazy,True,True,Samples,False,LP,Lazy,False,LP,True,2,Recursive,True,True,True,True,True,0.156872,82,8
76.20320855614973,0.0,0.0,0,1,0.7540320855614974,0.0104117393493652,0,0.0016310214996337,0,0,0,0.000669240951538,584,0.182077407836914,0,0,0,0,5723,8498,0.1667783260345459,0.7688055,0.13,0.18,0.7688054766090322,0.6248970031738281,0.4850483332035364,0.7630016516867464,2.573982954025269,2.209949029395743,BendRegOCT,2026-07-09 13:00:18,transfusion,Quantile Thresholds,5.0,4,0,4,16,2,2,0.7540320855614979,0.7540320855614979,0.0,4.369602918624878,362.0,1035921538,0.056529384,True,True,WorstCaseBaseline,False,4,0.008,200,23549190[].aqua,3600,1,0,0,0.05,-1,-1,0,-1,inf,True,True,False,1,False,True,False,False,False,False,False,True,False,Lazy,True,True,Samples,False,LP,Lazy,False,LP,True,2,Recursive,True,True,True,True,True,0.166388,83,9
78.34224598930481,19.10112359550562,2.25,3,4,0.7560320855614974,0.0104992389678955,50,0.0116128921508789,0,0,2,0.0024604797363281,2982,0.8259861469268799,0,0,0,0,5723,8498,0.1610388755798339,0.7753364,0.11,0.17,0.7753363847506636,0.393852949142456,0.4282709386108049,0.766773634250524,1.89709997177124,1.6969960856825788,BendRegOCT,2026-07-09 13:00:18,transfusion,Quantile Thresholds,5.0,4,0,4,16,2,2,0.7594224598930488,0.7594224598930488,0.0,8.509665966033936,1730.0,-3049524,0.055217144,True,True,WorstCaseBaseline,False,4,0.006,201,23549190[].aqua,3600,1,0,0,0.05,-1,-1,0,-1,inf,True,True,False,1,False,True,False,False,False,False,False,True,False,Lazy,True,True,Samples,False,LP,Lazy,False,LP,True,2,Recursive,True,True,True,True,True,0.171756,87,13
73.92,0.0,3.0,3,8,0.7286,0.0072252750396728,0,0.0245361328125,0,0,1,0.0028953552246093,404,0.3262529373168945,0,0,0,0,26820,39336,0.903461456298828,0.8567125,0.83,1.21,0.8567125000000013,14.998322010040283,16.293956940439266,0.8548219290909704,45.60484790802002,52.15930857787613,BendRegOCT,2026-07-09 12:50:56,balance-scale,,,4,4,0,20,3,2,0.7344000000000003,0.7344000000000002,0.0,570.0904140472412,315.0,1596926617,0.242373632,True,True,WorstCaseBaseline,False,3,0.0006,41,23549190[].aqua,3600,1,0,0,0.05,-1,-1,0,-1,inf,True,True,False,1,False,True,False,False,False,False,False,True,False,Lazy,True,True,Samples,False,LP,Lazy,False,LP,True,2,Recursive,True,True,True,True,True,0.314176,651,572
85.01872671204877,60.0,3.2857142857142856,4,7,0.8189513108614233,0.0113368034362792,1293,0.1992437839508056,0,0,1,0.0208637714385986,40932,6.20521092414856,0,0,0,0,2450,3637,0.0533952713012695,0.893117,0.09,0.12,0.8931170280846439,0.2416329383850097,0.2911356260213123,0.8779812326146497,1.3565690517425537,1.5700625564807822,BendRegOCT,2026-07-09 12:57:34,spect,,,22,22,0,22,2,2,0.8221872671204875,0.8221872671204875,0.0,182.4783809185028,18458.0,1030293394,0.072922136,True,True,WorstCaseBaseline,False,4,0.004,142,23549190[].aqua,3600,1,0,0,0.05,-1,-1,0,-1,inf,True,True,False,1,False,True,False,False,False,False,False,True,False,Lazy,True,True,Samples,False,LP,Lazy,False,LP,True,2,Recursive,True,True,True,True,True,0.195352,187,184
79.54545454545455,35.95505617977528,3.2857142857142856,4,7,0.7754331550802139,0.0109961032867431,360,0.0367450714111328,0,0,4,0.003901720046997,6150,1.9597866535186768,0,0,0,0,5723,8498,0.1819250583648681,0.7907637,0.09,0.11,0.7907637052874679,0.3909499645233154,0.3855531298592817,0.7881716829627224,1.945343017578125,1.7433927450929922,BendRegOCT,2026-07-09 13:00:18,transfusion,Quantile Thresholds,5.0,4,0,4,16,2,2,0.7814545454545462,0.7814545454545462,0.0,44.17557907104492,3033.0,2068169270,0.093416256,True,True,WorstCaseBaseline,False,4,0.002,203,23549190[].aqua,3600,1,0,0,0.05,-1,-1,0,-1,inf,True,True,False,1,False,True,False,False,False,False,False,True,False,Lazy,True,True,Samples,False,LP,Lazy,False,LP,True,2,Recursive,True,True,True,True,True,0.20478,123,49
85.05154639175258,50.0,3.0,3,8,0.8386061855670103,0.0276644229888916,2232,0.6083543300628662,0,0,3,0.0905978679656982,5344,2.447281837463379,0,0,0,0,0,0,0.0698170661926269,0.9998,0.0,0.0,0.9994972067039082,0.1176221370697021,0.01586696758025,0.99947175368139,0.1662211418151855,0.0466550696366871,BendRegOCT,2026-07-09 12:58:53,wpbc,Quantile Thresholds,5.0,32,0,32,127,2,2,0.8489154639175256,0.8489154639175256,0.0,130.72399711608887,4251.0,1196507130,0.17906184,True,True,WorstCaseBaseline,False,3,0.0002,163,23549190[].aqua,3600,1,0,0,0.05,-1,-1,0,-1,inf,True,True,False,1,False,True,False,False,False,False,False,True,False,Lazy,True,True,Samples,False,LP,Lazy,False,LP,True,2,Recursive,True,True,True,True,True,0.274576,213,134
85.05154639175258,50.0,3.0,3,8,0.8338061855670104,0.0263731479644775,2160,0.5376784801483154,0,0,3,0.0757508277893066,4784,2.1856954097747803,0,0,0,0,0,0,0.010970115661621,0.9992,0.0,0.0,0.99798882681564,0.1002907752990722,0.0160657569928052,0.9978860922659404,0.1505777835845947,0.0460662976805459,BendRegOCT,2026-07-09 12:58:53,wpbc,Quantile Thresholds,5.0,32,0,32,127,2,2,0.8441154639175256,0.8441154639175256,0.0,133.54386496543884,3699.0,1887806114,0.196315296,True,True,WorstCaseBaseline,False,3,0.0008,160,23549190[].aqua,3600,1,0,0,0.05,-1,-1,0,-1,inf,True,True,False,1,False,True,False,False,False,False,False,True,False,Lazy,True,True,Samples,False,LP,Lazy,False,LP,True,2,Recursive,True,True,True,True,True,0.244244,216,137
86.14232209737828,72.72727272727273,3.636363636363636,4,11,0.845741947565543,0.011432409286499,1390,0.2485222816467285,0,0,4,0.0215921401977539,40806,6.751132726669312,0,0,0,0,2450,3637,0.0531771183013916,0.9330937,0.07,0.1,0.9330937299357964,0.2489700317382812,0.2742682415871927,0.9153794936944808,1.3731110095977783,1.5629445201839711,BendRegOCT,2026-07-09 12:57:34,spect,,,22,22,0,22,2,2,0.8603232209737824,0.8603232209737826,0.0,215.19701600074768,16639.0,-569032677,0.087949904,True,True,WorstCaseBaseline,False,4,0.0001,149,23549190[].aqua,3600,1,0,0,0.05,-1,-1,0,-1,inf,True,True,False,1,False,True,False,False,False,False,False,True,False,Lazy,True,True,Samples,False,LP,Lazy,False,LP,True,2,Recursive,True,True,True,True,True,0.200048,220,216
86.14232212650853,72.72727272727273,3.636363636363636,4,11,0.842241947565543,0.0122828483581542,1495,0.3792755603790283,0,0,7,0.0372791290283203,38900,8.489506721496582,0,0,0,0,2450,3637,0.0540544986724853,0.9273873,0.08,0.11,0.9273873012306064,0.2495779991149902,0.2686544045350951,0.9101110147142482,1.5929100513458252,1.7769205365302452,BendRegOCT,2026-07-09 12:57:35,spect,,,22,22,0,22,2,2,0.854823221265085,0.8548232212650849,0.0,215.0439169406891,16592.0,-1981867480,0.08109808,True,True,WorstCaseBaseline,False,4,0.0006,146,23549190[].aqua,3600,1,0,0,0.05,-1,-1,0,-1,inf,True,True,False,1,False,True,False,False,False,False,False,True,False,Lazy,True,True,Samples,False,LP,Lazy,False,LP,True,2,Recursive,True,True,True,True,True,0.200876,220,217
86.14232222222222,72.72727272727273,3.636363636363636,4,11,0.832441947565543,0.0115637779235839,1301,0.2846181392669678,0,0,4,0.0250749588012695,37450,6.256344795227051,0,0,0,0,2450,3637,0.0524790287017822,0.9118073,0.09,0.13,0.911807341067174,0.2904038429260254,0.3265452031047955,0.8944307764218189,1.537911891937256,1.8743620175763516,BendRegOCT,2026-07-09 12:57:34,spect,,,22,22,0,22,2,2,0.839423222222222,0.839423222222222,0.0,218.5733461380005,17255.0,-1420578492,0.080533888,True,True,WorstCaseBaseline,False,4,0.002,143,23549190[].aqua,3600,1,0,0,0.05,-1,-1,0,-1,inf,True,True,False,1,False,True,False,False,False,False,False,True,False,Lazy,True,True,Samples,False,LP,Lazy,False,LP,True,2,Recursive,True,True,True,True,True,0.200444,223,220
86.14232209737828,72.72727272727273,3.636363636363636,4,11,0.839441947565543,0.011540412902832,1461,0.2770822048187256,0,0,6,0.0230035781860351,37258,6.095049858093262,0,0,0,0,2450,3637,0.0527906417846679,0.9228388,0.07,0.09,0.9228387675782648,0.2317259311676025,0.2513598465424642,0.905357341509856,1.372596025466919,1.5296878245869494,BendRegOCT,2026-07-09 12:57:34,spect,,,22,22,0,22,2,2,0.8504232209737825,0.8504232209737825,0.0,218.87945795059204,14990.0,184269188,0.086240696,True,True,WorstCaseBaseline,False,4,0.001,144,23549190[].aqua,3600,1,0,0,0.05,-1,-1,0,-1,inf,True,True,False,1,False,True,False,False,False,False,False,True,False,Lazy,True,True,Samples,False,LP,Lazy,False,LP,True,2,Recursive,True,True,True,True,True,0.197556,223,221
86.14232209737828,72.72727272727273,3.636363636363636,4,11,0.8450419475655431,0.0117170810699462,1380,0.2515735626220703,0,0,5,0.0234229564666748,41298,6.6998677253723145,0,0,0,0,2450,3637,0.052316665649414,0.9319399,0.07,0.1,0.9319398726591778,0.2356801033020019,0.2684555780657758,0.9114965798669452,1.1995198726654053,1.3970782870280165,BendRegOCT,2026-07-09 12:57:34,spect,,,22,22,0,22,2,2,0.8592232209737825,0.8592232209737825,0.0,223.54982900619507,19253.0,-462200713,0.088884208,True,True,WorstCaseBaseline,False,4,0.0002,148,23549190[].aqua,3600,1,0,0,0.05,-1,-1,0,-1,inf,True,True,False,1,False,True,False,False,False,False,False,True,False,Lazy,True,True,Samples,False,LP,Lazy,False,LP,True,2,Recursive,True,True,True,True,True,0.203556,228,225
96.91558441558442,0.0,0.0,0,1,0.959155844155844,0.2804644107818603,12543,4.431908130645752,0,0,0,1.956881523132324,286,2.1080689430236816,0,0,0,0,0,0,0.7263345718383789,0.99,0.0,0.0,0.9766793337440356,1.5360221862792969,0.5976502273653025,0.9763924799922912,1.8216090202331543,0.9641835713231918,BendRegOCT,2026-07-09 13:00:19,ozone-one,Quantile Thresholds,5.0,72,0,72,286,2,2,0.9591558441558412,0.9591558441558412,0.0,60.27836513519287,245.0,489575591,0.780156672,True,True,WorstCaseBaseline,False,3,0.01,214,23549190[].aqua,3600,1,0,0,0.05,-1,-1,0,-1,inf,True,True,False,1,False,True,False,False,False,False,False,True,False,Lazy,True,True,Samples,False,LP,Lazy,False,LP,True,2,Recursive,True,True,True,True,True,0.67294,141,66
73.92,0.0,3.0,3,8,0.7314,0.0128092765808105,325,0.0360684394836425,0,0,1,0.0023837089538574,474,0.320275068283081,0,0,0,0,26820,39336,0.6798224449157715,0.85988,0.78,1.16,0.8598800000000004,11.684816122055054,14.219913201183164,0.857200773688822,60.83577108383179,86.66052092961573,BendRegOCT,2026-07-09 12:50:56,balance-scale,,,4,4,0,20,3,2,0.7376000000000003,0.7376000000000003,0.0,624.1719410419464,384.0,530087429,0.221043712,True,True,WorstCaseBaseline,False,3,0.0002,43,23549190[].aqua,3600,1,0,0,0.05,-1,-1,0,-1,inf,True,True,False,1,False,True,False,False,False,False,False,True,False,Lazy,True,True,Samples,False,LP,Lazy,False,LP,True,2,Recursive,True,True,True,True,True,0.316348,705,625
84.5360824742268,45.65217391304348,2.857142857142857,3,7,0.7586597938144329,0.028205394744873,2291,0.7632300853729248,0,0,5,0.0979757308959961,5490,3.0145187377929688,0,0,0,0,0,0,0.0681774616241455,0.99,0.0,0.0,0.9752246490207772,0.1765830516815185,0.0167726597519313,0.9728940875445466,0.2140450477600097,0.0488704877490826,BendRegOCT,2026-07-09 12:58:53,wpbc,Quantile Thresholds,5.0,32,0,32,127,2,2,0.7753608247422679,0.7753608247422679,0.0,147.58639907836914,4369.0,-1778089903,0.1622216,True,True,WorstCaseBaseline,False,3,0.01,154,23549190[].aqua,3600,1,0,0,0.05,-1,-1,0,-1,inf,True,True,False,1,False,True,False,False,False,False,False,True,False,Lazy,True,True,Samples,False,LP,Lazy,False,LP,True,2,Recursive,True,True,True,True,True,0.265612,231,152
79.54545462977178,35.95505617977528,3.2857142857142856,4,7,0.7634331550802139,0.0104560852050781,77,0.0293905735015869,0,0,2,0.0036382675170898,10196,3.3068034648895264,0,0,0,0,5723,8498,0.1587092876434326,0.7825969,0.11,0.16,0.782596889185384,0.3906707763671875,0.4106898117080071,0.7785832301669942,2.254759788513184,2.016079929887938,BendRegOCT,2026-07-09 13:00:18,transfusion,Quantile Thresholds,5.0,4,0,4,16,2,2,0.7674545462977183,0.7674545462977183,0.0,68.99891686439514,6847.0,-566485948,0.097645848,True,True,WorstCaseBaseline,False,4,0.004,202,23549190[].aqua,3600,1,0,0,0.05,-1,-1,0,-1,inf,True,True,False,1,False,True,False,False,False,False,False,True,False,Lazy,True,True,Samples,False,LP,Lazy,False,LP,True,2,Recursive,True,True,True,True,True,0.216232,148,73
84.5360824742268,45.65217391304348,2.857142857142857,3,7,0.7795876288659793,0.0272052288055419,2248,0.6013479232788086,0,0,3,0.0763168334960937,7196,2.937145471572876,0,0,0,0,0,0,0.067352294921875,0.992,0.0,0.0,0.980021971134018,0.1097259521484375,0.0169691929648875,0.9783152700356368,0.1428680419921875,0.049306299379517,BendRegOCT,2026-07-09 12:58:53,wpbc,Quantile Thresholds,5.0,32,0,32,127,2,2,0.7893608247422679,0.7893608247422679,0.0,159.78634309768677,6044.0,1813534816,0.17689528,True,True,WorstCaseBaseline,False,3,0.008,155,23549190[].aqua,3600,1,0,0,0.05,-1,-1,0,-1,inf,True,True,False,1,False,True,False,False,False,False,False,True,False,Lazy,True,True,Samples,False,LP,Lazy,False,LP,True,2,Recursive,True,True,True,True,True,0.25234,243,163
85.05154639175258,50.0,3.0,3,8,0.8242061855670103,0.0270898342132568,2308,0.6441736221313477,0,0,4,0.0811829566955566,4748,2.261796474456787,0,0,0,0,0,0,0.0568649768829345,0.998,0.0,0.0,0.9949720670391038,0.114772081375122,0.0166227177322677,0.9945788175089074,0.1612560749053955,0.0454906099804172,BendRegOCT,2026-07-09 12:58:53,wpbc,Quantile Thresholds,5.0,32,0,32,127,2,2,0.8345154639175256,0.8345154639175256,0.0,160.13029098510742,3708.0,2124367403,0.193732728,True,True,WorstCaseBaseline,False,3,0.002,158,23549190[].aqua,3600,1,0,0,0.05,-1,-1,0,-1,inf,True,True,False,1,False,True,False,False,False,False,False,True,False,Lazy,True,True,Samples,False,LP,Lazy,False,LP,True,2,Recursive,True,True,True,True,True,0.277764,243,164
68.16,0.0,1.6666666666666667,2,3,0.5016,0.0113763809204101,0,0.0109615325927734,0,0,0,0.0007929801940917,256,0.2847237586975097,0,0,0,0,55428,82248,1.2487590312957764,0.5596,0.94,1.29,0.5596000000000054,4.458132028579712,4.796032993579146,0.5596000000000054,4.78781795501709,5.059485585483558,BendRegOCT,2026-07-09 12:50:57,balance-scale,,,4,4,0,20,3,2,0.5016,0.5016,0.0,655.3876738548279,249.0,-1904024755,0.49150828,True,True,WorstCaseBaseline,False,4,0.06,46,23549190[].aqua,3600,1,0,0,0.05,-1,-1,0,-1,inf,True,True,False,1,False,True,False,False,False,False,False,True,False,Lazy,True,True,Samples,False,LP,Lazy,False,LP,True,2,Recursive,True,True,True,True,True,0.46832,736,656
84.5360824742268,45.65217391304348,2.857142857142857,3,7,0.7930515463917526,0.0271177291870117,2360,0.6873195171356201,0,0,5,0.0873126983642578,7262,2.978440046310425,0,0,0,0,0,0,0.0545630455017089,0.994,0.0,0.0,0.984916201117316,0.1114728450775146,0.0163056861047401,0.9837364525267268,0.1772518157958984,0.0478895856296469,BendRegOCT,2026-07-09 12:58:53,wpbc,Quantile Thresholds,5.0,32,0,32,127,2,2,0.8033608247422678,0.8033608247422678,0.0,189.25134682655332,6166.0,723305849,0.184886792,True,True,WorstCaseBaseline,False,3,0.006,156,23549190[].aqua,3600,1,0,0,0.05,-1,-1,0,-1,inf,True,True,False,1,False,True,False,False,False,False,False,True,False,Lazy,True,True,Samples,False,LP,Lazy,False,LP,True,2,Recursive,True,True,True,True,True,0.283736,273,193
85.05154639175258,50.0,3.0,3,8,0.8394061855670103,0.025832176208496,2227,0.6187362670898438,0,0,3,0.0943732261657714,7596,3.805174350738525,0,0,0,0,0,0,0.0109643936157226,0.9999,0.0,0.0,0.9997486033519528,0.102006196975708,0.0160703097017129,0.9997358768406936,0.1531291007995605,0.0485881546110565,BendRegOCT,2026-07-09 12:58:53,wpbc,Quantile Thresholds,5.0,32,0,32,127,2,2,0.8497154639175256,0.8497154639175256,0.0,192.62354803085327,6330.0,244284710,0.170777224,True,True,WorstCaseBaseline,False,3,0.0001,164,23549190[].aqua,3600,1,0,0,0.05,-1,-1,0,-1,inf,True,True,False,1,False,True,False,False,False,False,False,True,False,Lazy,True,True,Samples,False,LP,Lazy,False,LP,True,2,Recursive,True,True,True,True,True,0.262264,275,196
85.05154639175258,50.0,3.0,3,8,0.8354061855670103,0.0274012088775634,2085,0.6219882965087891,0,0,3,0.0718064308166503,7842,3.446470022201538,0,0,0,0,0,0,0.051563024520874,0.9994,0.0,0.0,0.9984916201117292,0.1068770885467529,0.0160656704928052,0.998414582811323,0.1554789543151855,0.0461770620750367,BendRegOCT,2026-07-09 12:58:53,wpbc,Quantile Thresholds,5.0,32,0,32,127,2,2,0.8457154639175256,0.8457154639175255,0.0,193.1002988815308,6686.0,-1482046480,0.18400788,True,True,WorstCaseBaseline,False,3,0.0006,161,23549190[].aqua,3600,1,0,0,0.05,-1,-1,0,-1,inf,True,True,False,1,False,True,False,False,False,False,False,True,False,Lazy,True,True,Samples,False,LP,Lazy,False,LP,True,2,Recursive,True,True,True,True,True,0.26792,275,196
73.92,0.0,3.0,3,8,0.7321,0.006387710571289,463,0.0549042224884033,0,0,2,0.0046248435974121,510,0.348987340927124,0,0,0,0,26820,39336,0.6888740062713623,0.86068,0.79,1.28,0.8606800000000006,12.22906494140625,16.134996937907076,0.8587790768133162,48.8327260017395,67.52014596696444,BendRegOCT,2026-07-09 12:50:56,balance-scale,,,4,4,0,20,3,2,0.7384000000000002,0.7384000000000002,0.0,673.6538879871368,423.0,-2114517089,0.219297256,True,True,WorstCaseBaseline,False,3,0.0001,44,23549190[].aqua,3600,1,0,0,0.05,-1,-1,0,-1,inf,True,True,False,1,False,True,False,False,False,False,False,True,False,Lazy,True,True,Samples,False,LP,Lazy,False,LP,True,2,Recursive,True,True,True,True,True,0.332572,754,674
85.05154639175258,50.0,3.0,3,8,0.8082061855670103,0.027240514755249,2368,0.6700780391693115,0,0,3,0.0784111022949218,6270,2.972938776016236,0,0,0,0,0,0,0.0671782493591308,0.996,0.0,0.0,0.9899441340782098,0.1149690151214599,0.0164146158285576,0.9891576350178172,0.1617040634155273,0.0450391157899057,BendRegOCT,2026-07-09 12:58:53,wpbc,Quantile Thresholds,5.0,32,0,32,127,2,2,0.8185154639175256,0.8185154639175256,0.0,198.6484880447388,5156.0,42467875,0.19433976,True,True,WorstCaseBaseline,False,3,0.004,157,23549190[].aqua,3600,1,0,0,0.05,-1,-1,0,-1,inf,True,True,False,1,False,True,False,False,False,False,False,True,False,Lazy,True,True,Samples,False,LP,Lazy,False,LP,True,2,Recursive,True,True,True,True,True,0.236396,282,202
86.14232209737828,72.72727272727273,3.636363636363636,4,11,0.840841947565543,0.0114343166351318,1409,0.2859690189361572,0,0,4,0.026036262512207,48802,8.16342544555664,0,0,0,0,2450,3637,0.0521988868713378,0.925111,0.08,0.11,0.9251110155163206,0.226863145828247,0.2685840687513393,0.907409676500867,1.3521440029144287,1.5444364590073776,BendRegOCT,2026-07-09 12:57:34,spect,,,22,22,0,22,2,2,0.8526232209737825,0.8526232209737825,0.0,279.2153949737549,21868.0,2021463768,0.083697512,True,True,WorstCaseBaseline,False,4,0.0008,145,23549190[].aqua,3600,1,0,0,0.05,-1,-1,0,-1,inf,True,True,False,1,False,True,False,False,False,False,False,True,False,Lazy,True,True,Samples,False,LP,Lazy,False,LP,True,2,Recursive,True,True,True,True,True,0.216076,284,281
73.28,0.0,2.6666666666666665,3,6,0.6964,0.0061886310577392,0,0.0181653499603271,0,0,0,0.0011126995086669,578,0.3928706645965576,0,0,0,0,26820,39336,0.6784801483154297,0.8194,0.71,1.41,0.8193999999999998,13.286365032196043,20.356688140502094,0.8164156431348265,58.32321882247925,91.63906246669931,BendRegOCT,2026-07-09 12:50:56,balance-scale,,,4,4,0,20,3,2,0.6968000000000002,0.6968000000000001,0.0,708.3420758247375,479.0,853984272,0.225722144,True,True,WorstCaseBaseline,False,3,0.006,36,23549190[].aqua,3600,1,0,0,0.05,-1,-1,0,-1,inf,True,True,False,1,False,True,False,False,False,False,False,True,False,Lazy,True,True,Samples,False,LP,Lazy,False,LP,True,2,Recursive,True,True,True,True,True,0.321784,789,708
79.67914450272156,37.640449438202246,3.5,4,8,0.7814331550802139,0.0109336376190185,498,0.0666048526763916,0,0,6,0.0070040225982666,30324,9.627429246902466,0,0,0,0,5723,8498,0.1812350749969482,0.7955642,0.08,0.1,0.7955642089850322,0.4184598922729492,0.4334464992474055,0.7936514915048408,2.3217358589172363,2.0634518231756966,BendRegOCT,2026-07-09 13:00:18,transfusion,Quantile Thresholds,5.0,4,0,4,16,2,2,0.7887914450272162,0.7887914450272161,0.0,153.62276482582092,17741.0,-576436881,0.117105144,True,True,WorstCaseBaseline,False,4,0.001,204,23549190[].aqua,3600,1,0,0,0.05,-1,-1,0,-1,inf,True,True,False,1,False,True,False,False,False,False,False,True,False,Lazy,True,True,Samples,False,LP,Lazy,False,LP,True,2,Recursive,True,True,True,True,True,0.238328,232,157
85.05154639175258,50.0,3.0,3,8,0.8370061855670103,0.0276932716369628,2305,0.6562783718109131,0,0,3,0.0983250141143798,7462,3.258394956588745,0,0,0,0,0,0,0.0688340663909912,0.9996,0.0,0.0,0.9989944134078188,0.1079771518707275,0.0160936959969821,0.998943055207548,0.1554710865020752,0.0437067738894809,BendRegOCT,2026-07-09 12:58:53,wpbc,Quantile Thresholds,5.0,32,0,32,127,2,2,0.8473154639175255,0.8473154639175254,0.0,263.41090202331543,6328.0,325582844,0.182474792,True,True,WorstCaseBaseline,False,3,0.0004,162,23549190[].aqua,3600,1,0,0,0.05,-1,-1,0,-1,inf,True,True,False,1,False,True,False,False,False,False,False,True,False,Lazy,True,True,Samples,False,LP,Lazy,False,LP,True,2,Recursive,True,True,True,True,True,0.285064,346,266
85.05154639175258,50.0,3.0,3,8,0.8322061855670103,0.0268664360046386,2302,0.6830692291259766,0,0,4,0.0734734535217285,7350,3.2328920364379883,0,0,0,0,0,0,0.0656943321228027,0.999,0.0,0.0,0.9974860335195508,0.1200599670410156,0.0166227437322677,0.9972894087544524,0.167097806930542,0.0458583533437755,BendRegOCT,2026-07-09 12:58:53,wpbc,Quantile Thresholds,5.0,32,0,32,127,2,2,0.8425154639175256,0.8425154639175256,0.0,268.81847500801086,6167.0,834146380,0.1858908,True,True,WorstCaseBaseline,False,3,0.001,159,23549190[].aqua,3600,1,0,0,0.05,-1,-1,0,-1,inf,True,True,False,1,False,True,False,False,False,False,False,True,False,Lazy,True,True,Samples,False,LP,Lazy,False,LP,True,2,Recursive,True,True,True,True,True,0.285304,352,272
86.14232209737828,72.72727272727273,3.636363636363636,4,11,0.843641947565543,0.0118956565856933,1369,0.322129487991333,0,0,10,0.0324704647064209,50868,12.094649314880373,0,0,0,0,2450,3637,0.0551230907440185,0.9296636,0.08,0.11,0.929663586944892,0.2720401287078857,0.28113360226743,0.914073384252797,1.5792090892791748,1.773426852365544,BendRegOCT,2026-07-09 12:57:35,spect,,,22,22,0,22,2,2,0.8570232209737824,0.8570232209737825,0.0,349.183452129364,24778.0,-1714790562,0.083103128,True,True,WorstCaseBaseline,False,4,0.0004,147,23549190[].aqua,3600,1,0,0,0.05,-1,-1,0,-1,inf,True,True,False,1,False,True,False,False,False,False,False,True,False,Lazy,True,True,Samples,False,LP,Lazy,False,LP,True,2,Recursive,True,True,True,True,True,0.20134,354,350
79.67914438502673,37.640449438202246,3.5,4,8,0.7826331550802139,0.0110883712768554,422,0.0297636985778808,0,0,2,0.0032320022583007,31096,9.8447847366333,0,0,0,0,5723,8498,0.1812753677368164,0.7966118,0.08,0.1,0.7966117949955129,0.4179308414459228,0.4334463341040724,0.795047346184362,2.077514886856079,1.9535361963507685,BendRegOCT,2026-07-09 13:00:18,transfusion,Quantile Thresholds,5.0,4,0,4,16,2,2,0.7903914438502682,0.7903914438502682,0.0,189.15515780448916,17914.0,143211505,0.108891128,True,True,WorstCaseBaseline,False,4,0.0008,205,23549190[].aqua,3600,1,0,0,0.05,-1,-1,0,-1,inf,True,True,False,1,False,True,False,False,False,False,False,True,False,Lazy,True,True,Samples,False,LP,Lazy,False,LP,True,2,Recursive,True,True,True,True,True,0.24156,268,193
68.16,0.0,1.6666666666666667,2,3,0.4416,0.0115156173706054,741,0.0459218025207519,0,0,0,0.005000352859497,80,0.0844347476959228,0,0,0,0,55428,82248,1.2356796264648438,0.5152,0.83,0.93,0.5099999999999991,30.77313804626465,62.31030218917985,0.4765642028399367,456.8090589046478,816.0791983161101,BendRegOCT,2026-07-09 12:50:57,balance-scale,,,4,4,0,20,3,2,0.4416000000000001,0.4416000000000001,0.0,758.9699409008026,59.0,685739322,0.492061928,True,True,WorstCaseBaseline,False,4,0.08,45,23549190[].aqua,3600,1,0,0,0.05,-1,-1,0,-1,inf,True,True,False,1,False,True,False,False,False,False,False,True,False,Lazy,True,True,Samples,False,LP,Lazy,False,LP,True,2,Recursive,True,True,True,True,True,0.500656,840,759
73.92,0.0,3.0,3,8,0.73,0.0076134204864501,377,0.0551884174346923,0,0,1,0.0043087005615234,598,0.5069096088409424,0,0,0,0,26820,39336,0.9323148727416992,0.85828,0.8,1.16,0.8582800000000007,10.65656304359436,11.443978283923071,0.8555780558809344,46.62900686264038,58.41106871121125,BendRegOCT,2026-07-09 12:50:56,balance-scale,,,4,4,0,20,3,2,0.7360000000000002,0.7360000000000004,0.0,788.8017530441284,500.0,944231662,0.216248712,True,True,WorstCaseBaseline,False,3,0.0004,42,23549190[].aqua,3600,1,0,0,0.05,-1,-1,0,-1,inf,True,True,False,1,False,True,False,False,False,False,False,True,False,Lazy,True,True,Samples,False,LP,Lazy,False,LP,True,2,Recursive,True,True,True,True,True,0.331312,870,790
79.67914438502673,37.640449438202246,3.5,4,8,0.7838331550802139,0.0111894607543945,1056,0.1281142234802246,0,0,4,0.0087130069732666,50532,16.754856824874878,0,0,0,0,5723,8498,0.1865403652191162,0.7976594,0.08,0.09,0.7976593810059937,0.3614530563354492,0.3644114583230129,0.7961137718224466,1.9749901294708248,1.9299834261334583,BendRegOCT,2026-07-09 13:00:18,transfusion,Quantile Thresholds,5.0,4,0,4,16,2,2,0.7919914438502681,0.7919914438502681,0.0,264.66402196884155,30425.0,-1162662156,0.136093392,True,True,WorstCaseBaseline,False,4,0.0006,206,23549190[].aqua,3600,1,0,0,0.05,-1,-1,0,-1,inf,True,True,False,1,False,True,False,False,False,False,False,True,False,Lazy,True,True,Samples,False,LP,Lazy,False,LP,True,2,Recursive,True,True,True,True,True,0.262708,343,268
70.88,0.0,2.25,3,4,0.6215999999999999,0.0063040256500244,511,0.0658628940582275,0,0,2,0.0057871341705322,1154,0.8642420768737793,0,0,0,0,26820,39336,0.6849625110626221,0.7284533,0.7,1.38,0.7284533333333344,18.27277684211731,30.312910299989905,0.7249072051210986,54.99640202522278,86.63934036728416,BendRegOCT,2026-07-09 12:50:56,balance-scale,,,4,4,0,20,3,2,0.6288,0.6288,0.0,875.4483349323273,1108.0,-427839042,0.221904936,True,True,WorstCaseBaseline,False,3,0.02,33,23549190[].aqua,3600,1,0,0,0.05,-1,-1,0,-1,inf,True,True,False,1,False,True,False,False,False,False,False,True,False,Lazy,True,True,Samples,False,LP,Lazy,False,LP,True,2,Recursive,True,True,True,True,True,0.359192,956,874
73.28,0.0,2.6666666666666665,3,6,0.7064,0.0061225891113281,413,0.0405850410461425,0,0,1,0.0024783611297607,746,0.4875876903533935,0,0,0,0,26820,39336,0.6371569633483887,0.8325867,0.68,1.34,0.8325866666666678,8.222804069519043,12.416930548591557,0.8308400386494755,38.8725700378418,63.66015906692897,BendRegOCT,2026-07-09 12:50:56,balance-scale,,,4,4,0,20,3,2,0.7088000000000003,0.7088000000000002,0.0,902.879014968872,655.0,1505446740,0.23802404,True,True,WorstCaseBaseline,False,3,0.004,37,23549190[].aqua,3600,1,0,0,0.05,-1,-1,0,-1,inf,True,True,False,1,False,True,False,False,False,False,False,True,False,Lazy,True,True,Samples,False,LP,Lazy,False,LP,True,2,Recursive,True,True,True,True,True,0.342952,983,902
80.55555555555556,0.0,2.25,3,4,0.7655555555555555,0.0085532665252685,0,0.0251483917236328,0,0,0,0.0015530586242675,654,0.6246418952941895,0,0,0,0,34329,50093,0.8472754955291748,0.8136806,6.77,10.89,0.8136805555555718,18.6853711605072,23.854275225299883,0.8136805555555718,47.77157998085022,70.0975346571399,BendRegOCT,2026-07-09 12:54:20,car_evaluation,,,6,6,0,19,4,2,0.7655555555555575,0.7655555555555575,0.0,723.7761471271515,623.0,1008419269,0.284921128,True,True,WorstCaseBaseline,False,3,0.01,94,23549190[].aqua,3600,1,0,0,0.05,-1,-1,0,-1,inf,True,True,False,1,False,True,False,False,False,False,False,True,False,Lazy,True,True,Samples,False,LP,Lazy,False,LP,True,2,Recursive,True,True,True,True,True,0.410056,803,724
72.64,0.0,2.6,3,5,0.6516,0.0060853958129882,727,0.0886611938476562,0,0,5,0.0099275112152099,1062,0.7764334678649902,0,0,0,0,26820,39336,0.6746625900268555,0.7934,0.75,1.45,0.7933999999999973,10.657180786132812,16.48717772093682,0.790105727198078,29.82277584075928,44.60803929582547,BendRegOCT,2026-07-09 12:50:56,balance-scale,,,4,4,0,20,3,2,0.6764000000000001,0.6764000000000001,0.0,1068.61803483963,989.0,1657441728,0.271245192,True,True,WorstCaseBaseline,False,3,0.01,34,23549190[].aqua,3600,1,0,0,0.05,-1,-1,0,-1,inf,True,True,False,1,False,True,False,False,False,False,False,True,False,Lazy,True,True,Samples,False,LP,Lazy,False,LP,True,2,Recursive,True,True,True,True,True,0.369532,1149,1066
70.02314814814815,0.0,0.0,0,1,0.6602314814814815,0.013134479522705,0,0.0064871311187744,0,0,0,0.0014448165893554,188,0.2873661518096924,0,0,0,0,69961,103541,1.5347440242767334,0.6828803,97.25,152.1,0.6828803168402898,99.64544582366943,155.1259091550577,0.6607133544126904,888.2187829017639,1179.6768526362407,BendRegOCT,2026-07-09 12:54:38,car_evaluation,,,6,6,0,19,4,2,0.660231481481483,0.660231481481483,0.0,895.1938369274139,21.0,-283423972,0.623679656,True,True,WorstCaseBaseline,False,4,0.04,107,23549190[].aqua,3600,1,0,0,0.05,-1,-1,0,-1,inf,True,True,False,1,False,True,False,False,False,False,False,True,False,Lazy,True,True,Samples,False,LP,Lazy,False,LP,True,2,Recursive,True,True,True,True,True,0.705668,902,894
79.67914448760502,37.640449438202246,3.5,4,8,0.785033155080214,0.0112898349761962,492,0.0725789070129394,0,0,5,0.0065200328826904,133068,40.54095959663391,0,0,0,0,5723,8498,0.1851639747619629,0.798707,0.07,0.08,0.7987069670164745,0.3760790824890136,0.3640939016891862,0.7979937939871925,1.525949001312256,1.435569827115055,BendRegOCT,2026-07-09 13:00:18,transfusion,Quantile Thresholds,5.0,4,0,4,16,2,2,0.7935914448760509,0.793591444876051,0.0,586.4559230804443,77038.0,1072737626,0.166960056,True,True,WorstCaseBaseline,False,4,0.0004,207,23549190[].aqua,3600,1,0,0,0.05,-1,-1,0,-1,inf,True,True,False,1,False,True,False,False,False,False,False,True,False,Lazy,True,True,Samples,False,LP,Lazy,False,LP,True,2,Recursive,True,True,True,True,True,0.320544,665,587
72.64,0.0,2.6,3,5,0.6576,0.0061380863189697,567,0.0647165775299072,0,0,3,0.0065424442291259,974,0.7025008201599121,0,0,0,0,26820,39336,0.6699888706207275,0.8064,0.69,1.31,0.8064000000000006,13.702242851257324,20.44227914780313,0.8029329009009022,47.38617777824402,71.47044862421158,BendRegOCT,2026-07-09 12:50:56,balance-scale,,,4,4,0,20,3,2,0.6864000000000001,0.6864000000000001,0.0,1164.351628780365,870.0,-1513999208,0.223346088,True,True,WorstCaseBaseline,False,3,0.008,35,23549190[].aqua,3600,1,0,0,0.05,-1,-1,0,-1,inf,True,True,False,1,False,True,False,False,False,False,False,True,False,Lazy,True,True,Samples,False,LP,Lazy,False,LP,True,2,Recursive,True,True,True,True,True,0.357536,1245,1159
79.67914438502673,37.640449438202246,3.5,4,8,0.786233155080214,0.0105941295623779,617,0.0807838439941406,0,0,6,0.0068800449371337,132358,55.386767864227295,0,0,0,0,5723,8498,0.1577885150909423,0.7997546,0.07,0.08,0.7997545530269553,0.3533618450164795,0.3555627031171248,0.7991696603915464,2.3816239833831787,2.103830194272541,BendRegOCT,2026-07-09 13:00:18,transfusion,Quantile Thresholds,5.0,4,0,4,16,2,2,0.7951914438502682,0.7951914438502682,0.0,659.1548309326172,85729.0,2063569636,0.162532544,True,True,WorstCaseBaseline,False,4,0.0002,208,23549190[].aqua,3600,1,0,0,0.05,-1,-1,0,-1,inf,True,True,False,1,False,True,False,False,False,False,False,True,False,Lazy,True,True,Samples,False,LP,Lazy,False,LP,True,2,Recursive,True,True,True,True,True,0.306452,738,660
79.67914438502673,37.640449438202246,3.5,4,8,0.7868331550802139,0.0104415416717529,680,0.0547282695770263,0,0,6,0.0060803890228271,150112,44.62122464179993,0,0,0,0,5723,8498,0.1550323963165283,0.8002783,0.09,0.11,0.8002783460321956,0.4102599620819092,0.4287954921739312,0.7999307604627455,2.40927791595459,2.3244343798524847,BendRegOCT,2026-07-09 13:00:18,transfusion,Quantile Thresholds,5.0,4,0,4,16,2,2,0.7959914438502682,0.7959914438502682,0.0,683.1714479923248,87951.0,-1023386838,0.18049928,True,True,WorstCaseBaseline,False,4,0.0001,209,23549190[].aqua,3600,1,0,0,0.05,-1,-1,0,-1,inf,True,True,False,1,False,True,False,False,False,False,False,True,False,Lazy,True,True,Samples,False,LP,Lazy,False,LP,True,2,Recursive,True,True,True,True,True,0.333348,762,683
77.617328700361,33.333333333333336,1.6666666666666667,2,3,0.716173285198556,0.0160694122314453,2975,0.3581347465515136,0,0,0,0.0357053279876709,190290,43.124908447265625,0,0,0,0,2120,3146,0.0492105484008789,0.8608664,0.12,0.17,0.852148014440438,0.2451109886169433,0.323857917951261,0.8279622142759837,1.117840051651001,1.3318672435359042,BendRegOCT,2026-07-09 12:50:56,breast-cancer,,,9,9,0,38,2,2,0.7161732870036099,0.7161732870036099,0.0,1658.8726661205292,118041.0,-338732542,0.15485016,True,True,WorstCaseBaseline,False,4,0.02,18,23549190[].aqua,3600,1,0,0,0.05,-1,-1,0,-1,inf,True,True,False,1,False,True,False,False,False,False,False,True,False,Lazy,True,True,Samples,False,LP,Lazy,False,LP,True,2,Recursive,True,True,True,True,True,0.292292,1740,1653
96.91558441558442,0.0,0.0,0,1,0.965155844155844,0.2788360118865967,12133,5.753889083862305,0,0,0,3.4347519874572754,4226,56.57965850830078,0,0,0,0,0,0,0.4174396991729736,0.996,0.0,0.0,0.9902919201905512,1.6030089855194092,0.641477462790015,0.9902919201905512,1.843963861465454,0.8989386065363094,BendRegOCT,2026-07-09 13:00:36,ozone-one,Quantile Thresholds,5.0,72,0,72,286,2,2,0.9651558441558412,0.9651558441558412,0.0,1110.1988928318024,2959.0,1997392078,1.047324824,True,True,WorstCaseBaseline,False,3,0.004,217,23549190[].aqua,3600,1,0,0,0.05,-1,-1,0,-1,inf,True,True,False,1,False,True,False,False,False,False,False,True,False,Lazy,True,True,Samples,False,LP,Lazy,False,LP,True,2,Recursive,True,True,True,True,True,0.70974,1117,1107
96.91558441558442,0.0,0.0,0,1,0.961155844155844,0.264615535736084,14743,5.759428262710571,0,0,0,2.4653477668762207,4008,22.0236074924469,0,0,0,0,0,0,0.3858418464660644,0.992,0.0,0.0,0.9811057100998064,1.5080080032348633,0.6342290689944855,0.9809637263990948,1.8114781379699707,0.9667414255946551,BendRegOCT,2026-07-09 13:01:43,ozone-one,Quantile Thresholds,5.0,72,0,72,286,2,2,0.9611558441558412,0.9611558441558412,0.0,1255.7009630203247,3159.0,-1798490242,1.085820728,True,True,WorstCaseBaseline,False,3,0.008,215,23549190[].aqua,3600,1,0,0,0.05,-1,-1,0,-1,inf,True,True,False,1,False,True,False,False,False,False,False,True,False,Lazy,True,True,Samples,False,LP,Lazy,False,LP,True,2,Recursive,True,True,True,True,True,0.914696,1333,1255
96.91558441558442,0.0,0.0,0,1,0.909155844155844,0.3246362209320068,1848,0.2739899158477783,0,0,0,0.1851842403411865,0,0.0,0,0,0,0,0,0,0.3816967010498047,0.94,0.0,0.0,,,,,,,BendRegOCT,2026-07-09 13:23:14,ozone-one,Quantile Thresholds,5.0,72,0,72,286,2,2,0.9091558441558416,0.9091558441558416,0.0,0.4826798439025879,1.0,-451965679,0.008639936,True,True,WorstCaseBaseline,False,4,0.06,226,23549190[].aqua,3600,1,0,0,0.05,-1,-1,0,-1,inf,True,True,False,1,False,True,False,False,False,False,False,True,False,Lazy,True,True,Samples,False,LP,Lazy,False,LP,True,2,Recursive,True,True,True,True,True,0.153508,7,5
96.91558441558442,0.0,0.0,0,1,0.8891558441558441,0.3347322940826416,1848,0.2684452533721924,0,0,0,0.1832723617553711,0,0.0,0,0,0,0,0,0,0.3913891315460205,0.92,0.0,0.0,,,,,,,BendRegOCT,2026-07-09 13:23:14,ozone-one,Quantile Thresholds,5.0,72,0,72,286,2,2,0.8891558441558415,0.8891558441558415,0.0,0.4759211540222168,1.0,-1487828968,0.008639952,True,True,WorstCaseBaseline,False,4,0.08,225,23549190[].aqua,3600,1,0,0,0.05,-1,-1,0,-1,inf,True,True,False,1,False,True,False,False,False,False,False,True,False,Lazy,True,True,Samples,False,LP,Lazy,False,LP,True,2,Recursive,True,True,True,True,True,0.158896,7,5
96.91558441558442,0.0,0.0,0,1,0.929155844155844,0.3351478576660156,1848,0.2818217277526855,0,0,0,0.3320069313049316,0,0.0,0,0,0,0,0,0,0.3954412937164306,0.96,0.0,0.0,,,,,,,BendRegOCT,2026-07-09 13:23:15,ozone-one,Quantile Thresholds,5.0,72,0,72,286,2,2,0.9291558441558416,0.9291558441558416,0.0,0.6383249759674072,1.0,-574560573,0.008640112,True,True,WorstCaseBaseline,False,4,0.04,227,23549190[].aqua,3600,1,0,0,0.05,-1,-1,0,-1,inf,True,True,False,1,False,True,False,False,False,False,False,True,False,Lazy,True,True,Samples,False,LP,Lazy,False,LP,True,2,Recursive,True,True,True,True,True,0.15706,7,6
96.91558441558442,0.0,0.0,0,1,0.949155844155844,0.3392033576965332,3696,0.7176864147186279,0,0,0,0.1846475601196289,6,0.0059113502502441,0,0,0,0,0,0,0.3848295211791992,0.98,0.0,0.0,0.9561602389079008,1.3101317882537842,0.5237447024413542,0.9561602389079008,1.4709529876708984,0.7223939635737213,BendRegOCT,2026-07-09 13:24:07,ozone-one,Quantile Thresholds,5.0,72,0,72,286,2,2,0.9491558441558412,0.9491558441558412,0.0,1.4852190017700195,2.0,-1014442405,0.086556376,True,True,WorstCaseBaseline,False,4,0.02,228,23549190[].aqua,3600,1,0,0,0.05,-1,-1,0,-1,inf,True,True,False,1,False,True,False,False,False,False,False,True,False,Lazy,True,True,Samples,False,LP,Lazy,False,LP,True,2,Recursive,True,True,True,True,True,0.195396,8,6
96.91558441558442,0.0,0.0,0,1,0.959155844155844,0.3223731517791748,10261,3.998354434967041,0,0,0,0.9041974544525146,636,4.54706335067749,0,0,0,0,0,0,0.3812985420227051,0.99,0.0,0.0,0.9766793337440356,1.413388967514038,0.5935701192650685,0.9599999999999812,22.323503971099854,37.74648469950499,BendRegOCT,2026-07-09 13:24:07,ozone-one,Quantile Thresholds,5.0,72,0,72,286,2,2,0.9591558441558412,0.9591558441558412,0.0,172.15357303619385,559.0,1599401460,0.954860512,True,True,WorstCaseBaseline,False,4,0.01,229,23549190[].aqua,3600,1,0,0,0.05,-1,-1,0,-1,inf,True,True,False,1,False,True,False,False,False,False,False,True,False,Lazy,True,True,Samples,False,LP,Lazy,False,LP,True,2,Recursive,True,True,True,True,True,0.512388,179,176
96.91558441558442,0.0,0.0,0,1,0.967155844155844,0.2889621257781982,13150,7.6444220542907715,0,0,0,3.687613725662232,5324,52.32270884513855,0,0,0,0,0,0,0.3888180255889892,0.998,0.0,0.0,0.9951226796011275,1.5964419841766355,0.6322695038072709,0.99299999999998,3.22678804397583,1.9202890650090791,BendRegOCT,2026-07-09 13:00:36,ozone-one,Quantile Thresholds,5.0,72,0,72,286,2,2,0.9671558441558412,0.9671558441558412,0.0,1725.9644179344175,3823.0,1576713255,1.132646472,True,True,WorstCaseBaseline,False,3,0.002,218,23549190[].aqua,3600,1,0,0,0.05,-1,-1,0,-1,inf,True,True,False,1,False,True,False,False,False,False,False,True,False,Lazy,True,True,Samples,False,LP,Lazy,False,LP,True,2,Recursive,True,True,True,True,True,0.669624,1733,1719
96.91558441558442,0.0,0.0,0,1,0.963155844155844,0.2649719715118408,11866,5.267921447753906,0,0,0,2.865556478500366,7450,53.39732336997986,0,0,0,0,0,0,0.3889694213867187,0.994,0.0,0.0,0.9856497722585564,1.508039951324463,0.605476063564997,0.9855977190684936,2.561846971511841,1.053708681935991,BendRegOCT,2026-07-09 13:01:43,ozone-one,Quantile Thresholds,5.0,72,0,72,286,2,2,0.9631558441558412,0.9631558441558412,0.0,1736.7551138401031,5983.0,1524917961,0.87263312,True,True,WorstCaseBaseline,False,3,0.006,216,23549190[].aqua,3600,1,0,0,0.05,-1,-1,0,-1,inf,True,True,False,1,False,True,False,False,False,False,False,True,False,Lazy,True,True,Samples,False,LP,Lazy,False,LP,True,2,Recursive,True,True,True,True,True,0.651668,1810,1716
85.1063829787234,0.0,0.0,0,1,0.7710638297872341,0.0195076465606689,426,0.047356367111206,0,0,0,0.0059776306152343,0,0.0,0,0,0,0,2338,3433,0.076507568359375,0.8242553,0.3,0.02,,,,,,,BendRegOCT,2026-07-09 13:33:58,thoracic,Quantile Thresholds,5.0,16,13,3,36,2,2,0.7710638297872348,0.7710638297872348,0.0,1.4114608764648438,1.0,1483943549,0.013723616,True,True,WorstCaseBaseline,False,3,0.08,240,23549190[].aqua,3600,1,0,0,0.05,-1,-1,0,-1,inf,True,True,False,1,False,True,False,False,False,False,False,True,False,Lazy,True,True,Samples,False,LP,Lazy,False,LP,True,2,Recursive,True,True,True,True,True,0.125964,82,14
85.1063829787234,0.0,0.0,0,1,0.811063829787234,0.0184381008148193,461,0.0526537895202636,0,0,0,0.0056347846984863,2,0.0008502006530761,0,0,0,0,2338,3433,0.1094856262207031,0.8642553,0.34,0.05,0.8338297872340341,2.0297060012817383,0.1800690298690873,,,,BendRegOCT,2026-07-09 13:33:59,thoracic,Quantile Thresholds,5.0,16,13,3,36,2,2,0.8110638297872348,0.8110638297872348,0.0,2.0810978412628174,1.0,1810012367,0.022782848,True,True,WorstCaseBaseline,False,3,0.04,242,23549190[].aqua,3600,1,0,0,0.05,-1,-1,0,-1,inf,True,True,False,1,False,True,False,False,False,False,False,True,False,Lazy,True,True,Samples,False,LP,Lazy,False,LP,True,2,Recursive,True,True,True,True,True,0.115644,82,14
85.1063829787234,0.0,0.0,0,1,0.7910638297872341,0.0255327224731445,461,0.0709438323974609,0,0,0,0.0073177814483642,4,0.0021541118621826,0,0,0,0,2338,3433,0.0841650962829589,0.8442553,0.64,0.03,0.7938297872340347,2.958423852920532,0.116797226094606,0.7930932896890266,2.964251041412353,0.1195741271929679,BendRegOCT,2026-07-09 13:33:59,thoracic,Quantile Thresholds,5.0,16,13,3,36,2,2,0.7910638297872348,0.7910638297872348,0.0,2.9691998958587646,1.0,-747733223,0.023296744,True,True,WorstCaseBaseline,False,3,0.06,241,23549190[].aqua,3600,1,0,0,0.05,-1,-1,0,-1,inf,True,True,False,1,False,True,False,False,False,False,False,True,False,Lazy,True,True,Samples,False,LP,Lazy,False,LP,True,2,Recursive,True,True,True,True,True,0.12326,84,20
97.18614718614718,10.526315789473683,2.25,3,4,0.968555844155844,0.3112013339996338,10391,7.610301971435547,0,0,0,4.738439083099365,4776,58.54536414146423,0,0,0,0,0,0,0.4431071281433105,0.9994,0.0,0.0,0.9985375690231266,1.7000811100006104,0.6035680458435401,0.9978999999999796,2.817455053329468,1.8589704728517809,BendRegOCT,2026-07-09 13:06:18,ozone-one,Quantile Thresholds,5.0,72,0,72,286,2,2,0.9694614718614688,0.969461471861469,0.0,1664.1355669498444,3241.0,1256691427,1.000789992,True,True,WorstCaseBaseline,False,3,0.0006,221,23549190[].aqua,3600,1,0,0,0.05,-1,-1,0,-1,inf,True,True,False,1,False,True,False,False,False,False,False,True,False,Lazy,True,True,Samples,False,LP,Lazy,False,LP,True,2,Recursive,True,True,True,True,True,0.6045,1672,1658
85.1063829787234,0.0,0.0,0,1,0.831063829787234,0.020580768585205,1255,0.1511650085449218,0,0,0,0.0091063976287841,390,0.1206634044647216,0,0,0,0,2338,3433,0.0733380317687988,0.8842553,0.38,0.09,0.8738297872340337,2.1167240142822266,0.1730761811882797,0.8454111307256265,3.240816116333008,0.8520089353589088,BendRegOCT,2026-07-09 13:33:58,thoracic,Quantile Thresholds,5.0,16,13,3,36,2,2,0.8310638297872348,0.8310638297872348,0.0,4.815103054046631,327.0,-1140105818,0.041869552,True,True,WorstCaseBaseline,False,3,0.02,243,23549190[].aqua,3600,1,0,0,0.05,-1,-1,0,-1,inf,True,True,False,1,False,True,False,False,False,False,False,True,False,Lazy,True,True,Samples,False,LP,Lazy,False,LP,True,2,Recursive,True,True,True,True,True,0.145208,85,17
85.1063829787234,0.0,0.0,0,1,0.841063829787234,0.0211458206176757,1595,0.2709596157073974,0,0,0,0.0163614749908447,500,0.2012584209442138,0,0,0,0,2338,3433,0.1149170398712158,0.8945745,0.37,0.11,0.8945744680850971,2.057155132293701,0.1783764266942031,0.884562544336714,3.44675612449646,0.9036325817681315,BendRegOCT,2026-07-09 13:33:59,thoracic,Quantile Thresholds,5.0,16,13,3,36,2,2,0.8410638297872348,0.8410638297872348,0.0,6.887400150299072,383.0,-2085264705,0.05781104,True,True,WorstCaseBaseline,False,3,0.01,244,23549190[].aqua,3600,1,0,0,0.05,-1,-1,0,-1,inf,True,True,False,1,False,True,False,False,False,False,False,True,False,Lazy,True,True,Samples,False,LP,Lazy,False,LP,True,2,Recursive,True,True,True,True,True,0.150484,87,22
85.1063829787234,0.0,0.0,0,1,0.843063829787234,0.0284721851348876,1507,0.3286206722259521,0,0,0,0.022249698638916,512,0.2180311679840088,0,0,0,0,2338,3433,0.0844056606292724,0.8978298,0.87,0.11,0.8978297872340334,5.032332181930542,0.1725882323756825,0.8928422621110177,6.976103067398071,0.846147011063194,BendRegOCT,2026-07-09 13:33:59,thoracic,Quantile Thresholds,5.0,16,13,3,36,2,2,0.8430638297872348,0.8430638297872348,0.0,10.29075813293457,375.0,-961012790,0.071332352,True,True,WorstCaseBaseline,False,3,0.008,245,23549190[].aqua,3600,1,0,0,0.05,-1,-1,0,-1,inf,True,True,False,1,False,True,False,False,False,False,False,True,False,Lazy,True,True,Samples,False,LP,Lazy,False,LP,True,2,Recursive,True,True,True,True,True,0.126096,91,26
85.1063829787234,0.0,0.0,0,1,0.845063829787234,0.0094282627105712,1708,0.2220594882965088,0,0,0,0.0211856365203857,756,0.2051260471343994,0,0,0,0,2338,3433,0.069972276687622,0.9034735,0.17,0.15,0.9034735085523482,0.491128921508789,0.2593326512456559,0.9025306064293744,1.1629269123077393,0.7068204771894125,BendRegOCT,2026-07-09 13:34:35,thoracic,Quantile Thresholds,5.0,16,13,3,36,2,2,0.8450638297872348,0.8450638297872348,0.0,5.313616037368774,613.0,-932331407,0.084396032,True,True,WorstCaseBaseline,False,3,0.006,246,23549190[].aqua,3600,1,0,0,0.05,-1,-1,0,-1,inf,True,True,False,1,False,True,False,False,False,False,False,True,False,Lazy,True,True,Samples,False,LP,Lazy,False,LP,True,2,Recursive,True,True,True,True,True,0.11194,69,11
85.1063829787234,0.0,0.0,0,1,0.847063829787234,0.0099458694458007,1397,0.2673370838165283,0,0,0,0.0175158977508544,622,0.262686014175415,0,0,0,0,2338,3433,0.0672450065612793,0.9169362,0.17,0.22,0.916936170212756,0.6138410568237305,0.5486426196161339,0.916551229709892,1.159255027770996,1.046484152060117,BendRegOCT,2026-07-09 13:34:35,thoracic,Quantile Thresholds,5.0,16,13,3,36,2,2,0.8470638297872348,0.8470638297872348,0.0,8.431761980056763,481.0,-979126078,0.066433008,True,True,WorstCaseBaseline,False,3,0.004,247,23549190[].aqua,3600,1,0,0,0.05,-1,-1,0,-1,inf,True,True,False,1,False,True,False,False,False,False,False,True,False,Lazy,True,True,Samples,False,LP,Lazy,False,LP,True,2,Recursive,True,True,True,True,True,0.174572,72,14
87.23404255319149,20.0,3.0,3,8,0.8519574468085106,0.009972333908081,1970,0.3296644687652588,0,0,3,0.0221927165985107,1200,0.421027660369873,0,0,0,0,2338,3433,0.0675232410430908,0.9329362,0.17,0.25,0.932936170212756,0.493859052658081,0.5338525158511822,0.932936170212756,1.2423889636993408,1.5296026609387956,BendRegOCT,2026-07-09 13:34:35,thoracic,Quantile Thresholds,5.0,16,13,3,36,2,2,0.8563404255319157,0.8563404255319157,0.0,14.511571884155272,584.0,-1060706838,0.132433064,True,True,WorstCaseBaseline,False,3,0.002,248,23549190[].aqua,3600,1,0,0,0.05,-1,-1,0,-1,inf,True,True,False,1,False,True,False,False,False,False,False,True,False,Lazy,True,True,Samples,False,LP,Lazy,False,LP,True,2,Recursive,True,True,True,True,True,0.223416,78,20
87.23404255319149,18.571428571428573,3.0,3,8,0.8603574468085106,0.0098574161529541,2115,0.3049523830413818,0,0,4,0.0196282863616943,1288,0.4582657814025879,0,0,0,0,2338,3433,0.0667281150817871,0.9425362,0.17,0.23,0.9425361702127556,0.5552489757537842,0.5951473186074627,0.9421362307431012,1.247891902923584,1.3049121272838342,BendRegOCT,2026-07-09 13:34:35,thoracic,Quantile Thresholds,5.0,16,13,3,36,2,2,0.8659404255319157,0.8659404255319157,0.0,15.57920503616333,724.0,239820171,0.08979056,True,True,WorstCaseBaseline,False,3,0.0008,250,23549190[].aqua,3600,1,0,0,0.05,-1,-1,0,-1,inf,True,True,False,1,False,True,False,False,False,False,False,True,False,Lazy,True,True,Samples,False,LP,Lazy,False,LP,True,2,Recursive,True,True,True,True,True,0.177756,79,21
87.23404255319149,18.571428571428573,3.0,3,8,0.8589574468085106,0.0109591484069824,2056,0.3883795738220215,0,0,4,0.0171785354614257,1234,0.6721129417419434,0,0,0,0,2338,3433,0.0703868865966796,0.9409362,0.17,0.23,0.9409361702127556,0.6149260997772217,0.5951476044074627,0.9405362307431012,1.388052225112915,1.304912716939259,BendRegOCT,2026-07-09 13:34:35,thoracic,Quantile Thresholds,5.0,16,13,3,36,2,2,0.8643404255319157,0.8643404255319157,0.0,18.729098081588745,653.0,-1386367914,0.080810224,True,True,WorstCaseBaseline,False,3,0.001,249,23549190[].aqua,3600,1,0,0,0.05,-1,-1,0,-1,inf,True,True,False,1,False,True,False,False,False,False,False,True,False,Lazy,True,True,Samples,False,LP,Lazy,False,LP,True,2,Recursive,True,True,True,True,True,0.176468,82,25
80.55555555555556,0.0,2.25,3,4,0.7255555555555556,0.0135624408721923,1276,0.0936050415039062,0,0,0,0.0036616325378417,2294,2.329308271408081,0,0,0,0,69961,103541,1.5079760551452637,0.7526647,86.54,143.7,0.7526646894290224,121.70886707305908,216.8222346930933,0.7523591369250301,426.1266369819641,802.4250223426428,BendRegOCT,2026-07-09 12:54:38,car_evaluation,,,6,6,0,19,4,2,0.7255555555555573,0.7255555555555573,0.0,2416.583818912506,1378.0,-1842664168,0.608317544,True,True,WorstCaseBaseline,False,4,0.02,108,23549190[].aqua,3600,1,0,0,0.05,-1,-1,0,-1,inf,True,True,False,1,False,True,False,False,False,False,False,True,False,Lazy,True,True,Samples,False,LP,Lazy,False,LP,True,2,Recursive,True,True,True,True,True,0.63266,2423,2403
87.23404255319149,18.571428571428573,3.0,3,8,0.8617574468085106,0.010230541229248,2161,0.3627316951751709,0,0,4,0.0215754508972167,1352,0.5001463890075684,0,0,0,0,2338,3433,0.0676028728485107,0.9441362,0.17,0.23,0.9441361702127556,0.5593559741973877,0.5951474748074627,0.9437362307431012,1.2547709941864014,1.3049264504136584,BendRegOCT,2026-07-09 13:34:35,thoracic,Quantile Thresholds,5.0,16,13,3,36,2,2,0.8675404255319158,0.8675404255319158,0.0,20.996175050735477,749.0,-1664597100,0.176836352,True,True,WorstCaseBaseline,False,3,0.0006,251,23549190[].aqua,3600,1,0,0,0.05,-1,-1,0,-1,inf,True,True,False,1,False,True,False,False,False,False,False,True,False,Lazy,True,True,Samples,False,LP,Lazy,False,LP,True,2,Recursive,True,True,True,True,True,0.22252,84,26
87.23404255319149,20.0,3.0,3,8,0.8631574468085106,0.0099451541900634,2232,0.3477187156677246,0,0,3,0.0227601528167724,2738,1.1399469375610352,0,0,0,0,2338,3433,0.0672817230224609,0.9457362,0.17,0.23,0.9457361702127556,0.5561749935150146,0.5951686786074624,0.9453362307431012,1.2588541507720947,1.3049478714534195,BendRegOCT,2026-07-09 13:34:35,thoracic,Quantile Thresholds,5.0,16,13,3,36,2,2,0.8691404255319157,0.8691404255319157,0.0,41.62232708930969,2058.0,-172568659,0.145958872,True,True,WorstCaseBaseline,False,3,0.0004,252,23549190[].aqua,3600,1,0,0,0.05,-1,-1,0,-1,inf,True,True,False,1,False,True,False,False,False,False,False,True,False,Lazy,True,True,Samples,False,LP,Lazy,False,LP,True,2,Recursive,True,True,True,True,True,0.225032,105,46
85.1063829787234,0.0,0.0,0,1,0.7710638297872341,0.018871784210205,426,0.0145578384399414,0,0,0,0.0014300346374511,0,0.0,0,0,0,0,4706,6985,0.1172351837158203,0.8242553,0.04,0.04,,,,,,,BendRegOCT,2026-07-09 13:36:14,thoracic,Quantile Thresholds,5.0,16,13,3,36,2,2,0.7710638297872348,0.7710638297872348,0.0,0.1841721534729004,1.0,-855341561,0.026757528,True,True,WorstCaseBaseline,False,4,0.08,255,23549190[].aqua,3600,1,0,0,0.05,-1,-1,0,-1,inf,True,True,False,1,False,True,False,False,False,False,False,True,False,Lazy,True,True,Samples,False,LP,Lazy,False,LP,True,2,Recursive,True,True,True,True,True,0.02078,5,4
85.1063829787234,0.0,0.0,0,1,0.811063829787234,0.018090009689331,856,0.1149873733520507,0,0,0,0.0019803047180175,4,0.0018274784088134,0,0,0,0,4706,6985,0.1219339370727539,0.8642553,0.07,0.07,0.8338297872340342,0.4362587928771972,0.4025420307304799,0.8223758865248153,0.6719968318939209,0.7588193779750738,BendRegOCT,2026-07-09 13:36:14,thoracic,Quantile Thresholds,5.0,16,13,3,36,2,2,0.8110638297872348,0.8110638297872348,0.0,0.7340428829193115,1.0,1323524035,0.059268896,True,True,WorstCaseBaseline,False,4,0.04,257,23549190[].aqua,3600,1,0,0,0.05,-1,-1,0,-1,inf,True,True,False,1,False,True,False,False,False,False,False,True,False,Lazy,True,True,Samples,False,LP,Lazy,False,LP,True,2,Recursive,True,True,True,True,True,0.1583,6,5
85.1063829787234,0.0,0.0,0,1,0.7910638297872341,0.0179569721221923,855,0.1284809112548828,0,0,0,0.0027627944946289,2,0.0008699893951416,0,0,0,0,4706,6985,0.1188225746154785,0.8442553,0.05,0.05,0.7938297872340347,0.4463958740234375,0.3660820285523626,,,,BendRegOCT,2026-07-09 13:36:15,thoracic,Quantile Thresholds,5.0,16,13,3,36,2,2,0.7910638297872348,0.7910638297872348,0.0,0.4538090229034424,1.0,313996306,0.051428384,True,True,WorstCaseBaseline,False,4,0.06,256,23549190[].aqua,3600,1,0,0,0.05,-1,-1,0,-1,inf,True,True,False,1,False,True,False,False,False,False,False,True,False,Lazy,True,True,Samples,False,LP,Lazy,False,LP,True,2,Recursive,True,True,True,True,True,0.142336,7,6
85.1063829787234,0.0,0.0,0,1,0.831063829787234,0.0179240703582763,1806,0.1787810325622558,0,0,0,0.0088121891021728,726,0.3271605968475342,0,0,0,0,4706,6985,0.1200349330902099,0.8842553,0.23,0.26,0.8738297872340337,0.5579211711883545,0.5487483073022447,0.8436068406107775,7.264266014099121,7.592105616043316,BendRegOCT,2026-07-09 13:36:14,thoracic,Quantile Thresholds,5.0,16,13,3,36,2,2,0.8310638297872348,0.8310638297872348,0.0,12.763822078704834,612.0,968167507,0.078005048,True,True,WorstCaseBaseline,False,4,0.02,258,23549190[].aqua,3600,1,0,0,0.05,-1,-1,0,-1,inf,True,True,False,1,False,True,False,False,False,False,False,True,False,Lazy,True,True,Samples,False,LP,Lazy,False,LP,True,2,Recursive,True,True,True,True,True,0.193772,18,16
87.23404255319149,20.0,3.0,3,8,0.8645574468085107,0.0101354122161865,1946,0.2553715705871582,0,0,6,0.0184319019317626,1306,0.4430596828460693,0,0,0,0,2338,3433,0.0669612884521484,0.9473362,0.15,0.22,0.9473361702127556,0.4881300926208496,0.5052548354668751,0.9470707525856578,0.9760689735412598,1.0024340281604105,BendRegOCT,2026-07-09 13:36:14,thoracic,Quantile Thresholds,5.0,16,13,3,36,2,2,0.8707404255319158,0.8707404255319158,0.0,14.791660070419312,733.0,972637839,0.078690272,True,True,WorstCaseBaseline,False,3,0.0002,253,23549190[].aqua,3600,1,0,0,0.05,-1,-1,0,-1,inf,True,True,False,1,False,True,False,False,False,False,False,True,False,Lazy,True,True,Samples,False,LP,Lazy,False,LP,True,2,Recursive,True,True,True,True,True,0.187464,20,18
87.23404255319149,17.142857142857142,3.0,3,8,0.8652574468085106,0.0102696418762207,1964,0.3614671230316162,0,0,6,0.0222864151000976,1296,0.7154650688171387,0,0,0,0,2338,3433,0.0680806636810302,0.9481362,0.18,0.25,0.948136170212756,0.702733039855957,0.6764684369368891,0.9480020267741152,1.342116117477417,1.3013827646513954,BendRegOCT,2026-07-09 13:36:14,thoracic,Quantile Thresholds,5.0,16,13,3,36,2,2,0.8715404255319157,0.8715404255319157,0.0,21.189325094223022,707.0,-1635002631,0.151731272,True,True,WorstCaseBaseline,False,3,0.0001,254,23549190[].aqua,3600,1,0,0,0.05,-1,-1,0,-1,inf,True,True,False,1,False,True,False,False,False,False,False,True,False,Lazy,True,True,Samples,False,LP,Lazy,False,LP,True,2,Recursive,True,True,True,True,True,0.180028,26,25
96.91558441558442,0.0,0.0,0,1,0.968155844155844,0.2740461826324463,13249,8.173008918762207,0,0,0,4.488927602767944,6398,53.2222068309784,0,0,0,0,0,0,0.3896217346191406,0.999,0.0,0.0,0.997562615038558,1.5785598754882812,0.5890642503630518,0.9964999999999796,2.631309986114502,1.7823932171497114,BendRegOCT,2026-07-09 13:00:36,ozone-one,Quantile Thresholds,5.0,72,0,72,286,2,2,0.9681558441558412,0.9681558441558412,0.0,2212.773090839386,4645.0,760627586,1.089985608,True,True,WorstCaseBaseline,False,3,0.001,219,23549190[].aqua,3600,1,0,0,0.05,-1,-1,0,-1,inf,True,True,False,1,False,True,False,False,False,False,False,True,False,Lazy,True,True,Samples,False,LP,Lazy,False,LP,True,2,Recursive,True,True,True,True,True,0.697732,2219,2203
93.42105263157896,0.0,0.0,0,1,0.9142105263157896,0.0246400833129882,2444,0.0872354507446289,0,0,0,0.0069301128387451,0,0.0,0,0,0,0,11408,16755,0.5777873992919922,0.9258204,0.15,0.15,,,,,,,BendRegOCT,2026-07-09 13:39:38,seismic-bumps,Quantile Thresholds,5.0,15,5,10,39,2,2,0.9142105263157928,0.9142105263157928,0.0,0.5392968654632568,1.0,-784626657,0.072075816,True,True,WorstCaseBaseline,False,3,0.02,273,23549190[].aqua,3600,1,0,0,0.05,-1,-1,0,-1,inf,True,True,False,1,False,True,False,False,False,False,False,True,False,Lazy,True,True,Samples,False,LP,Lazy,False,LP,True,2,Recursive,True,True,True,True,True,0.007388,7,6
93.42105263157896,0.0,0.0,0,1,0.9242105263157896,0.0196356773376464,2495,0.0943734645843505,0,0,0,0.0062501430511474,2,0.0016882419586181,0,0,0,0,11408,16755,0.5057199001312256,0.9358204,0.51,0.63,0.928117936140858,1.5319509506225586,1.8437838667351831,,,,BendRegOCT,2026-07-09 13:39:37,seismic-bumps,Quantile Thresholds,5.0,15,5,10,39,2,2,0.924210526315793,0.924210526315793,0.0,1.6127560138702393,1.0,1351852679,0.12366156,True,True,WorstCaseBaseline,False,3,0.01,274,23549190[].aqua,3600,1,0,0,0.05,-1,-1,0,-1,inf,True,True,False,1,False,True,False,False,False,False,False,True,False,Lazy,True,True,Samples,False,LP,Lazy,False,LP,True,2,Recursive,True,True,True,True,True,0.177016,7,6
93.42105263157896,0.0,0.0,0,1,0.8942105263157895,0.0195746421813964,2444,0.0735232830047607,0,0,0,0.0058178901672363,0,0.0,0,0,0,0,11408,16755,0.4664092063903808,0.9058204,0.09,0.09,,,,,,,BendRegOCT,2026-07-09 13:40:09,seismic-bumps,Quantile Thresholds,5.0,15,5,10,39,2,2,0.8942105263157927,0.8942105263157927,0.0,0.4197840690612793,1.0,401591933,0.07162096,True,True,WorstCaseBaseline,False,3,0.04,272,23549190[].aqua,3600,1,0,0,0.05,-1,-1,0,-1,inf,True,True,False,1,False,True,False,False,False,False,False,True,False,Lazy,True,True,Samples,False,LP,Lazy,False,LP,True,2,Recursive,True,True,True,True,True,0.077852,39,5
93.42105263157896,0.0,0.0,0,1,0.8742105263157895,0.0334730148315429,2444,0.1076405048370361,0,0,0,0.0098252296447753,0,0.0,0,0,0,0,11408,16755,0.5278449058532715,0.8858204,0.51,0.09,,,,,,,BendRegOCT,2026-07-09 13:40:42,seismic-bumps,Quantile Thresholds,5.0,15,5,10,39,2,2,0.8742105263157924,0.8742105263157924,0.0,1.9282419681549072,1.0,-1689214918,0.073047056,True,True,WorstCaseBaseline,False,3,0.06,271,23549190[].aqua,3600,1,0,0,0.05,-1,-1,0,-1,inf,True,True,False,1,False,True,False,False,False,False,False,True,False,Lazy,True,True,Samples,False,LP,Lazy,False,LP,True,2,Recursive,True,True,True,True,True,0.099292,74,15
93.42105263157896,0.0,0.0,0,1,0.8542105263157895,0.0367650985717773,2446,0.1134672164916992,0,0,0,0.0121912956237792,0,0.0,0,0,0,0,11408,16755,0.5843892097473145,0.8658204,0.25,0.0,,,,,,,BendRegOCT,2026-07-09 13:40:42,seismic-bumps,Quantile Thresholds,5.0,15,5,10,39,2,2,0.8542105263157926,0.8542105263157932,0.0,1.7921059131622314,1.0,1267215219,0.03747708,True,True,WorstCaseBaseline,False,3,0.08,270,23549190[].aqua,3600,1,0,0,0.05,-1,-1,0,-1,inf,True,True,False,1,False,True,False,False,False,False,False,True,False,Lazy,True,True,Samples,False,LP,Lazy,False,LP,True,2,Recursive,True,True,True,True,True,0.127776,74,16
93.42105263157896,0.0,0.0,0,1,0.9262105263157896,0.0213220119476318,2519,0.1672885417938232,0,0,0,0.0068466663360595,4,0.0035626888275146,0,0,0,0,11408,16755,0.5198230743408203,0.9378204,0.24,0.25,0.9321179361408582,1.018104076385498,0.9550152466511492,0.9320146903258298,1.163740873336792,1.1348687471484178,BendRegOCT,2026-07-09 13:43:05,seismic-bumps,Quantile Thresholds,5.0,15,5,10,39,2,2,0.926210526315793,0.926210526315793,0.0,1.6419188976287842,1.0,205505431,0.128110104,True,True,WorstCaseBaseline,False,3,0.008,275,23549190[].aqua,3600,1,0,0,0.05,-1,-1,0,-1,inf,True,True,False,1,False,True,False,False,False,False,False,True,False,Lazy,True,True,Samples,False,LP,Lazy,False,LP,True,2,Recursive,True,True,True,True,True,0.0,7,6
93.42105263157896,0.0,0.0,0,1,0.9282105263157896,0.0206310749053955,2519,0.1524078845977783,0,0,0,0.0073533058166503,212,0.1781847476959228,0,0,0,0,11408,16755,0.4921884536743164,0.9398204,0.6,0.77,0.936117936140858,1.4466149806976318,1.6238368188454144,0.9286995347972694,4.990461111068726,5.7167685981130845,BendRegOCT,2026-07-09 13:43:51,seismic-bumps,Quantile Thresholds,5.0,15,5,10,39,2,2,0.9282105263157931,0.9282105263157931,0.0,8.624068021774292,185.0,-1080623456,0.137236168,True,True,WorstCaseBaseline,False,3,0.006,276,23549190[].aqua,3600,1,0,0,0.05,-1,-1,0,-1,inf,True,True,False,1,False,True,False,False,False,False,False,True,False,Lazy,True,True,Samples,False,LP,Lazy,False,LP,True,2,Recursive,True,True,True,True,True,0.249384,14,12
76.28865979381443,0.0,0.0,0,1,0.7228865979381442,0.0536088943481445,2897,0.8682534694671631,0,0,0,0.0937912464141845,154052,49.39484786987305,0,0,0,0,0,0,0.0057106018066406,0.96,0.0,0.0,0.9106314193015776,0.1474189758300781,0.1019582032336175,0.8694063361983503,0.308223009109497,0.1870955506890206,BendRegOCT,2026-07-09 12:57:35,wpbc,Quantile Thresholds,5.0,32,0,32,127,2,2,0.7228865979381442,0.7228865979381442,0.0,2806.450066804886,83156.0,-409939367,0.634057832,True,True,WorstCaseBaseline,False,4,0.04,167,23549190[].aqua,3600,1,0,0,0.05,-1,-1,0,-1,inf,True,True,False,1,False,True,False,False,False,False,False,True,False,Lazy,True,True,Samples,False,LP,Lazy,False,LP,True,2,Recursive,True,True,True,True,True,0.384588,2811,2787
93.42105263157896,0.0,0.0,0,1,0.9302105263157896,0.0202851295471191,7306,0.4472689628601074,0,0,0,0.0299432277679443,796,0.8275105953216553,0,0,0,0,11408,16755,0.4771273136138916,0.9418204,0.54,0.69,0.9401179361408584,1.1743099689483645,1.3455800006564202,0.9362884961400926,6.952560901641846,8.579655076166004,BendRegOCT,2026-07-09 13:45:34,seismic-bumps,Quantile Thresholds,5.0,15,5,10,39,2,2,0.9302105263157932,0.9302105263157932,0.0,40.207683801651,666.0,1055808886,0.193311072,True,True,WorstCaseBaseline,False,3,0.004,277,23549190[].aqua,3600,1,0,0,0.05,-1,-1,0,-1,inf,True,True,False,1,False,True,False,False,False,False,False,True,False,Lazy,True,True,Samples,False,LP,Lazy,False,LP,True,2,Recursive,True,True,True,True,True,0.320848,46,44
93.42105263157896,0.0,0.0,0,1,0.8542105263157895,0.0301363468170166,2446,0.0723249912261962,0,0,0,0.0064470767974853,0,0.0,0,0,0,0,22832,33891,0.7929868698120117,0.8658204,0.0,0.0,,,,,,,BendRegOCT,2026-07-09 13:46:23,seismic-bumps,Quantile Thresholds,5.0,15,5,10,39,2,2,0.8542105263157926,0.8542105263157932,0.0,0.5127348899841309,1.0,-1283008099,0.077733056,True,True,WorstCaseBaseline,False,4,0.08,285,23549190[].aqua,3600,1,0,0,0.05,-1,-1,0,-1,inf,True,True,False,1,False,True,False,False,False,False,False,True,False,Lazy,True,True,Samples,False,LP,Lazy,False,LP,True,2,Recursive,True,True,True,True,True,0.148756,6,5
93.42105263157896,0.0,0.0,0,1,0.9334105263157896,0.0200588703155517,5695,0.571934700012207,0,0,0,0.0503528118133544,532,0.5229620933532715,0,0,0,0,11408,16755,0.492990493774414,0.9548636,4.29,6.36,0.9548636274265354,7.233536958694458,9.914336993875407,0.9548377935537942,11.904139995574951,16.997097514112305,BendRegOCT,2026-07-09 13:46:23,seismic-bumps,Quantile Thresholds,5.0,15,5,10,39,2,2,0.9334105263157932,0.9334105263157932,0.0,44.4866259098053,387.0,1818745585,0.216683032,True,True,WorstCaseBaseline,False,3,0.0008,280,23549190[].aqua,3600,1,0,0,0.05,-1,-1,0,-1,inf,True,True,False,1,False,True,False,False,False,False,False,True,False,Lazy,True,True,Samples,False,LP,Lazy,False,LP,True,2,Recursive,True,True,True,True,True,0.315696,50,48
93.57585139318886,2.9411764705882355,2.25,3,4,0.9338105263157896,0.0194735527038574,3809,0.5524766445159912,0,0,0,0.0483081340789794,674,0.6534507274627686,0,0,0,0,11408,16755,0.5074944496154785,0.9580636,3.55,5.27,0.9580636274265356,6.856544017791748,9.106147830652825,0.9579755360373688,9.899102926254272,12.635141976677826,BendRegOCT,2026-07-09 13:46:23,seismic-bumps,Quantile Thresholds,5.0,15,5,10,39,2,2,0.9341585139318922,0.9341585139318922,0.0,49.05890011787415,519.0,511064248,0.194133112,True,True,WorstCaseBaseline,False,3,0.0004,282,23549190[].aqua,3600,1,0,0,0.05,-1,-1,0,-1,inf,True,True,False,1,False,True,False,False,False,False,False,True,False,Lazy,True,True,Samples,False,LP,Lazy,False,LP,True,2,Recursive,True,True,True,True,True,0.325556,54,53
93.42105263157896,0.0,0.0,0,1,0.8742105263157895,0.0305507183074951,2444,0.0757937431335449,0,0,0,0.0063097476959228,0,0.0,0,0,0,0,22832,33891,0.7934985160827637,0.8858204,0.11,0.12,,,,,,,BendRegOCT,2026-07-09 13:47:13,seismic-bumps,Quantile Thresholds,5.0,15,5,10,39,2,2,0.8742105263157924,0.8742105263157924,0.0,0.6310760974884033,1.0,-1014140619,0.145877112,True,True,WorstCaseBaseline,False,4,0.06,286,23549190[].aqua,3600,1,0,0,0.05,-1,-1,0,-1,inf,True,True,False,1,False,True,False,False,False,False,False,True,False,Lazy,True,True,Samples,False,LP,Lazy,False,LP,True,2,Recursive,True,True,True,True,True,0.22414,6,5
93.42105263157896,0.0,0.0,0,1,0.9332105263157896,0.0207765102386474,4721,0.6041240692138672,0,0,0,0.0561873912811279,842,0.7832527160644531,0,0,0,0,11408,16755,0.4833810329437256,0.9532636,3.91,5.81,0.9532636274265353,6.393803119659424,8.473820581225292,0.9532636274265353,12.110542058944702,17.370615966226687,BendRegOCT,2026-07-09 13:46:23,seismic-bumps,Quantile Thresholds,5.0,15,5,10,39,2,2,0.9332105263157932,0.9332105263157932,0.0,54.856914043426514,701.0,1065201685,0.206607424,True,True,WorstCaseBaseline,False,3,0.001,279,23549190[].aqua,3600,1,0,0,0.05,-1,-1,0,-1,inf,True,True,False,1,False,True,False,False,False,False,False,True,False,Lazy,True,True,Samples,False,LP,Lazy,False,LP,True,2,Recursive,True,True,True,True,True,0.333048,60,58
93.42105263157896,0.0,0.0,0,1,0.9336105263157894,0.0201237201690673,6557,0.9760830402374268,0,0,0,0.0795714855194091,820,0.7504053115844727,0,0,0,0,11408,16755,0.5121588706970215,0.9564636,3.45,5.09,0.9564636274265352,6.656311988830566,8.790238395979832,0.9564216838542656,11.685857057571411,16.375144411402903,BendRegOCT,2026-07-09 13:46:23,seismic-bumps,Quantile Thresholds,5.0,15,5,10,39,2,2,0.9336105263157932,0.9336105263157932,0.0,59.80077600479126,670.0,-386841578,0.214217088,True,True,WorstCaseBaseline,False,3,0.0006,281,23549190[].aqua,3600,1,0,0,0.05,-1,-1,0,-1,inf,True,True,False,1,False,True,False,False,False,False,False,True,False,Lazy,True,True,Samples,False,LP,Lazy,False,LP,True,2,Recursive,True,True,True,True,True,0.34448,65,64
96.91558441558442,0.0,0.0,0,1,0.961155844155844,0.3353502750396728,13318,5.972581386566162,0,0,0,2.266850709915161,4086,16.081974744796753,0,0,0,0,0,0,0.3890190124511719,0.992,0.0,0.0,0.9811057100998064,1.4651739597320557,0.636037293419363,0.9809633874070413,1.726619005203247,0.9677389852496168,BendRegOCT,2026-07-09 13:24:07,ozone-one,Quantile Thresholds,5.0,72,0,72,286,2,2,0.9611558441558412,0.9611558441558412,0.0,1399.9459731578827,2872.0,-1456439611,1.164113824,True,True,WorstCaseBaseline,False,4,0.008,230,23549190[].aqua,3600,1,0,0,0.05,-1,-1,0,-1,inf,True,True,False,1,False,True,False,False,False,False,False,True,False,Lazy,True,True,Samples,False,LP,Lazy,False,LP,True,2,Recursive,True,True,True,True,True,0.898008,1406,1394
93.61455108359134,3.5294117647058822,2.6,3,5,0.9340105263157896,0.0194478034973144,5118,0.9895122051239014,0,0,2,0.0745205879211425,1106,1.0218875408172607,0,0,0,0,11408,16755,0.5120537281036377,0.9596636,3.54,5.24,0.9596636274265354,6.404256105422974,8.487149033607519,0.9595736028686744,11.903428077697754,16.782011914795707,BendRegOCT,2026-07-09 13:46:23,seismic-bumps,Quantile Thresholds,5.0,15,5,10,39,2,2,0.935145510835917,0.935145510835917,0.0,72.67327499389648,923.0,54768099,0.286515304,True,True,WorstCaseBaseline,False,3,0.0002,283,23549190[].aqua,3600,1,0,0,0.05,-1,-1,0,-1,inf,True,True,False,1,False,True,False,False,False,False,False,True,False,Lazy,True,True,Samples,False,LP,Lazy,False,LP,True,2,Recursive,True,True,True,True,True,0.362064,78,76
93.42105263157896,0.0,0.0,0,1,0.9322105263157896,0.0201315879821777,6867,0.6615421772003174,0,0,0,0.0594644546508789,1430,1.4854631423950195,0,0,0,0,11408,16755,0.4718608856201172,0.9452636,2.34,3.6,0.9452636274265352,5.036526918411255,6.532897539364333,0.9452182826685132,7.912578105926514,9.697500785763417,BendRegOCT,2026-07-09 13:45:34,seismic-bumps,Quantile Thresholds,5.0,15,5,10,39,2,2,0.9322105263157932,0.9322105263157932,0.0,136.7464098930359,808.0,377364943,0.349531296,True,True,WorstCaseBaseline,False,3,0.002,278,23549190[].aqua,3600,1,0,0,0.05,-1,-1,0,-1,inf,True,True,False,1,False,True,False,False,False,False,False,True,False,Lazy,True,True,Samples,False,LP,Lazy,False,LP,True,2,Recursive,True,True,True,True,True,0.462756,142,140
93.6532507739938,5.294117647058823,2.857142857142857,3,7,0.9342975232198144,0.0202670097351074,5450,1.1874399185180664,0,0,2,0.0731141567230224,1512,1.460702657699585,0,0,0,0,11408,16755,0.5112159252166748,0.9604636,2.96,4.32,0.9604636274265352,5.790785074234009,7.263813971551203,0.9604214682873554,10.226331949234009,13.74889366880334,BendRegOCT,2026-07-09 13:46:23,seismic-bumps,Quantile Thresholds,5.0,15,5,10,39,2,2,0.935832507739942,0.935832507739942,0.0,104.86817407608032,1323.0,-541485478,0.30831024,True,True,WorstCaseBaseline,False,3,0.0001,284,23549190[].aqua,3600,1,0,0,0.05,-1,-1,0,-1,inf,True,True,False,1,False,True,False,False,False,False,False,True,False,Lazy,True,True,Samples,False,LP,Lazy,False,LP,True,2,Recursive,True,True,True,True,True,0.382904,110,108
97.18614718614718,10.526315789473683,2.25,3,4,0.968355844155844,0.2723608016967773,12602,8.488092184066772,0,0,0,5.783761978149414,6198,57.97752332687378,0,0,0,0,0,0,0.413301944732666,0.9992,0.0,0.0,0.9980500920308424,1.6273350715637207,0.6060607532583427,0.9971999999999795,2.951677083969116,2.190676230370173,BendRegOCT,2026-07-09 13:03:26,ozone-one,Quantile Thresholds,5.0,72,0,72,286,2,2,0.9686614718614688,0.9686614718614688,0.0,2686.071869134903,4544.0,-527415263,1.319786976,True,True,WorstCaseBaseline,False,3,0.0008,220,23549190[].aqua,3600,1,0,0,0.05,-1,-1,0,-1,inf,True,True,False,1,False,True,False,False,False,False,False,True,False,Lazy,True,True,Samples,False,LP,Lazy,False,LP,True,2,Recursive,True,True,True,True,True,0.925992,2693,2673
93.42105263157896,0.0,0.0,0,1,0.8942105263157895,0.0300824642181396,2444,0.076730728149414,0,0,0,0.0062391757965087,0,0.0,0,0,0,0,22832,33891,0.7248551845550537,0.9058204,0.11,0.15,,,,,,,BendRegOCT,2026-07-09 13:48:35,seismic-bumps,Quantile Thresholds,5.0,15,5,10,39,2,2,0.8942105263157927,0.8942105263157927,0.0,0.7117571830749512,1.0,1152043765,0.145877272,True,True,WorstCaseBaseline,False,4,0.04,287,23549190[].aqua,3600,1,0,0,0.05,-1,-1,0,-1,inf,True,True,False,1,False,True,False,False,False,False,False,True,False,Lazy,True,True,Samples,False,LP,Lazy,False,LP,True,2,Recursive,True,True,True,True,True,0.142592,6,5
93.42105263157896,0.0,0.0,0,1,0.9142105263157896,0.0292203426361084,2444,0.0768382549285888,0,0,0,0.0061476230621337,0,0.0,0,0,0,0,22832,33891,0.7252295017242432,0.9258204,0.32,0.41,,,,,,,BendRegOCT,2026-07-09 13:48:34,seismic-bumps,Quantile Thresholds,5.0,15,5,10,39,2,2,0.9142105263157928,0.9142105263157928,0.0,1.8747999668121336,1.0,425849609,0.146510224,True,True,WorstCaseBaseline,False,4,0.02,288,23549190[].aqua,3600,1,0,0,0.05,-1,-1,0,-1,inf,True,True,False,1,False,True,False,False,False,False,False,True,False,Lazy,True,True,Samples,False,LP,Lazy,False,LP,True,2,Recursive,True,True,True,True,True,0.226552,8,6
93.42105263157896,0.0,0.0,0,1,0.9242105263157896,0.0315570831298828,4849,0.1879048347473144,0,0,0,0.0069155693054199,4,0.0043785572052001,0,0,0,0,22832,33891,0.7838048934936523,0.9358204,1.88,2.46,0.928117936140858,5.794954061508179,7.361268683924092,0.928077108128896,6.366361856460571,8.177143437056085,BendRegOCT,2026-07-09 13:48:35,seismic-bumps,Quantile Thresholds,5.0,15,5,10,39,2,2,0.924210526315793,0.924210526315793,0.0,7.458338022232056,1.0,902012910,0.252466784,True,True,WorstCaseBaseline,False,4,0.01,289,23549190[].aqua,3600,1,0,0,0.05,-1,-1,0,-1,inf,True,True,False,1,False,True,False,False,False,False,False,True,False,Lazy,True,True,Samples,False,LP,Lazy,False,LP,True,2,Recursive,True,True,True,True,True,0.2282,12,12
93.42105263157896,0.0,0.0,0,1,0.9262105263157896,0.0314619541168212,4845,0.1890387535095214,0,0,0,0.0065839290618896,6,0.0065016746520996,0,0,0,0,22832,33891,0.7878072261810303,0.9378204,4.33,6.26,0.932117936140858,8.228101015090942,10.918095790582608,0.9278410631690946,12.095569133758543,16.215555620762032,BendRegOCT,2026-07-09 13:48:35,seismic-bumps,Quantile Thresholds,5.0,15,5,10,39,2,2,0.926210526315793,0.926210526315793,0.0,12.22516417503357,1.0,1711892697,0.251189632,True,True,WorstCaseBaseline,False,4,0.008,290,23549190[].aqua,3600,1,0,0,0.05,-1,-1,0,-1,inf,True,True,False,1,False,True,False,False,False,False,False,True,False,Lazy,True,True,Samples,False,LP,Lazy,False,LP,True,2,Recursive,True,True,True,True,True,0.294124,17,16
93.42105263157896,0.0,0.0,0,1,0.9282105263157896,0.0306746959686279,4898,0.2058782577514648,0,0,0,0.0070741176605224,14,0.0157637596130371,0,0,0,0,22832,33891,0.788524866104126,0.9398204,7.02,10.55,0.936117936140858,11.188635110855104,15.650761867798572,0.9284900014592472,20.433604955673218,28.8356566791666,BendRegOCT,2026-07-09 13:48:35,seismic-bumps,Quantile Thresholds,5.0,15,5,10,39,2,2,0.9282105263157931,0.9282105263157931,0.0,20.939999103546143,1.0,-1530334918,0.269848024,True,True,WorstCaseBaseline,False,4,0.006,291,23549190[].aqua,3600,1,0,0,0.05,-1,-1,0,-1,inf,True,True,False,1,False,True,False,False,False,False,False,True,False,Lazy,True,True,Samples,False,LP,Lazy,False,LP,True,2,Recursive,True,True,True,True,True,0.30444,26,25
83.39350300370074,48.14814814814815,3.636363636363636,4,11,0.7618339350180505,0.0173912048339843,3598,0.7272837162017822,0,0,3,0.0675249099731445,414308,95.09600973129272,0,0,0,0,2120,3146,1.8585069179534912,0.9060491,0.21,0.32,0.9060491247586312,0.4488208293914795,0.5787254486577794,0.9049296114338506,1.7328770160675049,1.9410493007347271,BendRegOCT,2026-07-09 12:49:43,breast-cancer,,,9,9,0,38,2,9,0.7679350300370071,0.866341039225112,0.1281436649443672,3600.0037648677826,131986.0,-140836058,0.347967144,True,True,WorstCaseBaseline,False,4,0.006,21,23549190[].aqua,3600,1,0,0,0.05,-1,-1,0,-1,inf,True,True,False,1,False,True,False,False,False,False,False,True,False,Lazy,True,True,Samples,False,LP,Lazy,False,LP,True,2,Recursive,True,True,True,True,True,0.557216,3607,3579
85.5595667870036,61.72839506172839,4.0,4,16,0.8189148014440433,0.0168063640594482,3344,0.744312047958374,0,0,8,0.1002299785614013,487054,112.3059709072113,0,0,0,0,2120,3146,1.8657221794128416,0.9705394,0.17,0.24,0.9705393501805116,0.4751238822937011,0.5682024308197613,0.9703960426254848,1.92270302772522,2.3122717733362554,BendRegOCT,2026-07-09 12:49:43,breast-cancer,,,9,9,0,38,2,9,0.8459956678700358,0.902158786342778,0.0663870048107268,3600.0022180080414,171134.0,654926947,0.322449488,True,True,WorstCaseBaseline,False,4,0.0006,26,23549190[].aqua,3600,1,0,0,0.05,-1,-1,0,-1,inf,True,True,False,1,False,True,False,False,False,False,False,True,False,Lazy,True,True,Samples,False,LP,Lazy,False,LP,True,2,Recursive,True,True,True,True,True,0.5123,3607,3574
77.61732851985559,33.333333333333336,1.6666666666666667,2,3,0.746173285198556,0.0170083045959472,3312,0.509117841720581,0,0,0,0.0468900203704834,491532,113.92498016357422,0,0,0,0,2120,3146,1.869035482406616,0.8764079,0.16,0.23,0.8764079422382721,0.3580331802368164,0.3947958389454448,0.8727251684180035,1.3250081539154053,1.4988292014997129,BendRegOCT,2026-07-09 12:49:43,breast-cancer,,,9,9,0,38,2,9,0.7461732851985559,0.7921693901699164,0.0616426584598522,3600.002831220627,183461.0,-885193988,0.339301808,True,True,WorstCaseBaseline,False,4,0.01,19,23549190[].aqua,3600,1,0,0,0.05,-1,-1,0,-1,inf,True,True,False,1,False,True,False,False,False,False,False,True,False,Lazy,True,True,Samples,False,LP,Lazy,False,LP,True,2,Recursive,True,True,True,True,True,0.547988,3608,3578
85.5595667870036,61.72839506172839,4.0,4,16,0.8007148014440433,0.0169014930725097,2964,0.8102364540100098,0,0,9,0.1013088226318359,454362,125.93887567520142,0,0,0,0,2120,3146,1.866114616394043,0.9523394,0.2,0.29,0.9523393501805114,0.542269229888916,0.6327192170380523,0.9523393501805112,2.210901021957397,2.766256390117572,BendRegOCT,2026-07-09 12:49:43,breast-cancer,,,9,9,0,38,2,9,0.8235956678700359,0.8908324949674794,0.0816381505154462,3600.0053131580357,151619.0,976658719,0.347583264,True,True,WorstCaseBaseline,False,4,0.002,23,23549190[].aqua,3600,1,0,0,0.05,-1,-1,0,-1,inf,True,True,False,1,False,True,False,False,False,False,False,True,False,Lazy,True,True,Samples,False,LP,Lazy,False,LP,True,2,Recursive,True,True,True,True,True,0.54518,3607,3575
77.61732879061371,33.333333333333336,1.6666666666666667,2,3,0.752173285198556,0.0166552066802978,3570,0.6383323669433594,0,0,0,0.0592625141143798,305090,74.1047785282135,0,0,0,0,2120,3146,1.8666956424713133,0.8892599,0.2,0.3,0.8892599497838818,0.4027490615844726,0.5014824124022002,0.8874256490100358,2.829284191131592,3.0774373510439297,BendRegOCT,2026-07-09 12:49:43,breast-cancer,,,9,9,0,38,2,9,0.7521732879061371,0.8483545696072177,0.1278711744321913,3600.001304149628,109689.0,135419582,0.309251776,True,True,WorstCaseBaseline,False,4,0.008,20,23549190[].aqua,3600,1,0,0,0.05,-1,-1,0,-1,inf,True,True,False,1,False,True,False,False,False,False,False,True,False,Lazy,True,True,Samples,False,LP,Lazy,False,LP,True,2,Recursive,True,True,True,True,True,0.486688,3607,3578
85.5595667870036,61.72839506172839,4.0,4,16,0.8215148014440433,0.0174343585968017,2983,0.7772998809814453,0,0,12,0.1409821510314941,604828,145.62664222717285,0,0,0,0,2120,3146,1.867537498474121,0.9731394,0.18,0.24,0.9731393501805118,0.5190110206604004,0.5397639479738178,0.9730053156200308,1.2189369201660156,1.3831678125553606,BendRegOCT,2026-07-09 12:49:43,breast-cancer,,,9,9,0,38,2,9,0.8491956678700359,0.9093935666018748,0.0708881368681826,3600.000955820084,168782.0,-418655096,0.34986656,True,True,WorstCaseBaseline,False,4,0.0004,27,23549190[].aqua,3600,1,0,0,0.05,-1,-1,0,-1,inf,True,True,False,1,False,True,False,False,False,False,False,True,False,Lazy,True,True,Samples,False,LP,Lazy,False,LP,True,2,Recursive,True,True,True,True,True,0.563728,3607,3575
85.55956695524505,61.72839506172839,4.0,4,16,0.8137148014440433,0.0169465541839599,3284,0.7776901721954346,0,0,11,0.1014597415924072,540128,121.6775860786438,0,0,0,0,2120,3146,1.866030216217041,0.9653394,0.16,0.22,0.9653393501805116,0.4581208229064941,0.542465336607305,0.9650206431452624,1.6544477939605713,2.012465215260884,BendRegOCT,2026-07-09 12:49:43,breast-cancer,,,9,9,0,38,2,9,0.8395956695524504,0.9002747667921643,0.0722718082527262,3600.0008568763733,179556.0,1733535618,0.357075224,True,True,WorstCaseBaseline,False,4,0.001,24,23549190[].aqua,3600,1,0,0,0.05,-1,-1,0,-1,inf,True,True,False,1,False,True,False,False,False,False,False,True,False,Lazy,True,True,Samples,False,LP,Lazy,False,LP,True,2,Recursive,True,True,True,True,True,0.517484,3607,3575
85.1985559566787,66.66666666666667,4.0,4,16,0.8163148014440433,0.0171155929565429,3192,0.809168815612793,0,0,11,0.1060073375701904,589464,129.77374839782715,0,0,0,0,2120,3146,1.866258144378662,0.9679394,0.16,0.23,0.9679393501805116,0.4665310382843017,0.5230726219273996,0.9679393501805116,1.3871219158172607,1.942643461235104,BendRegOCT,2026-07-09 12:49:43,breast-cancer,,,9,9,0,38,2,9,0.8391855595667868,0.904503773286181,0.077835245107308,3600.0009100437164,174957.0,555226546,0.389108384,True,True,WorstCaseBaseline,False,4,0.0008,25,23549190[].aqua,3600,1,0,0,0.05,-1,-1,0,-1,inf,True,True,False,1,False,True,False,False,False,False,False,True,False,Lazy,True,True,Samples,False,LP,Lazy,False,LP,True,2,Recursive,True,True,True,True,True,0.578104,3607,3573
84.47653429602889,59.25925925925926,3.769230769230769,4,13,0.7791046931407942,0.0167479515075683,3279,0.9774456024169922,0,0,10,0.075303316116333,372850,105.98703908920288,0,0,0,0,2120,3146,1.86562180519104,0.9271163,0.23,0.36,0.9271163082718624,0.5159571170806885,0.6184514830387694,0.9264952277636942,2.287919044494629,2.5745547744436537,BendRegOCT,2026-07-09 12:49:43,breast-cancer,,,9,9,0,38,2,9,0.792765342960293,0.8721623903148614,0.1001520160531855,3600.001986026764,123493.0,1221538279,0.327477456,True,True,WorstCaseBaseline,False,4,0.004,22,23549190[].aqua,3600,1,0,0,0.05,-1,-1,0,-1,inf,True,True,False,1,False,True,False,False,False,False,False,True,False,Lazy,True,True,Samples,False,LP,Lazy,False,LP,True,2,Recursive,True,True,True,True,True,0.531904,3607,3572
85.5595667870036,61.72839506172839,4.0,4,16,0.8254148014440433,0.017155647277832,2691,0.6691148281097412,0,0,9,0.0792012214660644,565590,141.48061609268188,0,0,0,0,2120,3146,0.0491037368774414,0.9770394,0.18,0.26,0.9770393501805118,0.478126049041748,0.5760094600910608,0.9770393501805118,1.316645860671997,1.707834091482436,BendRegOCT,2026-07-09 12:50:56,breast-cancer,,,9,9,0,38,2,9,0.8539956678700358,0.9294324413208828,0.0883339064693326,3600.000781059265,182036.0,729301853,0.35865972,True,True,WorstCaseBaseline,False,4,0.0001,29,23549190[].aqua,3600,1,0,0,0.05,-1,-1,0,-1,inf,True,True,False,1,False,True,False,False,False,False,False,True,False,Lazy,True,True,Samples,False,LP,Lazy,False,LP,True,2,Recursive,True,True,True,True,True,0.550724,3680,3579
85.1985559566787,51.851851851851855,4.0,4,16,0.8241148014440433,0.0170490741729736,3340,0.8104650974273682,0,0,7,0.0906708240509033,479110,122.05263447761536,0,0,0,0,2120,3146,0.0494139194488525,0.9757394,0.2,0.29,0.9757393501805116,0.6018450260162354,0.7599693111018657,0.9757393501805116,1.8473849296569824,2.532602534248532,BendRegOCT,2026-07-09 12:50:56,breast-cancer,,,9,9,0,38,2,9,0.8487855595667868,0.9162667538882552,0.0795032308936903,3600.0015728473663,147335.0,-2064664797,0.311516192,True,True,WorstCaseBaseline,False,4,0.0002,28,23549190[].aqua,3600,1,0,0,0.05,-1,-1,0,-1,inf,True,True,False,1,False,True,False,False,False,False,False,True,False,Lazy,True,True,Samples,False,LP,Lazy,False,LP,True,2,Recursive,True,True,True,True,True,0.532584,3680,3578
73.76,0.0,2.8,4,5,0.6215999999999999,0.0116322040557861,856,0.1221594810485839,0,0,4,0.0130212306976318,1410,1.2840611934661863,0,0,0,0,55428,82248,1.2444002628326416,0.7595692,2.59,4.62,0.7595692307692097,52.94275593757629,70.96163376213273,0.75650079965676,219.0833549499512,339.7497253174706,BendRegOCT,2026-07-09 12:50:57,balance-scale,,,4,4,0,20,3,9,0.6376000000000002,0.7537717538086586,0.1822016214063023,3600.003894805908,623.0,561588272,0.741119472,True,True,WorstCaseBaseline,False,4,0.02,48,23549190[].aqua,3600,1,0,0,0.05,-1,-1,0,-1,inf,True,True,False,1,False,True,False,False,False,False,False,True,False,Lazy,True,True,Samples,False,LP,Lazy,False,LP,True,2,Recursive,True,True,True,True,True,0.852824,3680,3579
73.76,0.0,2.8,4,5,0.6516,0.0116810798645019,577,0.096750259399414,0,0,4,0.0123226642608642,548,0.5476677417755127,0,0,0,0,55428,82248,1.247631549835205,0.8495692,2.56,4.52,0.8495692307692332,48.26358604431152,71.62631485079041,0.847139582655643,287.8105080127716,460.7159699029696,BendRegOCT,2026-07-09 12:50:57,balance-scale,,,4,4,0,20,3,9,0.6876000000000002,0.847139582655643,0.2320238258517201,3600.00550198555,267.0,-1674809637,0.478423496,True,True,WorstCaseBaseline,False,4,0.01,49,23549190[].aqua,3600,1,0,0,0.05,-1,-1,0,-1,inf,True,True,False,1,False,True,False,False,False,False,False,True,False,Lazy,True,True,Samples,False,LP,Lazy,False,LP,True,2,Recursive,True,True,True,True,True,0.568076,3680,3579
68.16,0.0,1.6666666666666667,2,3,0.5616,0.0117683410644531,0,0.0109243392944335,0,0,0,0.0008189678192138,714,0.6602246761322021,0,0,0,0,55428,82248,1.251293659210205,0.6232,2.05,3.21,0.6232000000000003,12.081107139587402,16.4109696467828,0.6206000000000004,186.2266750335693,335.96045265641504,BendRegOCT,2026-07-09 12:50:57,balance-scale,,,4,4,0,20,3,9,0.5616,0.6043991427270461,0.0762092997276462,3600.003966093064,398.0,1996956962,0.508708888,True,True,WorstCaseBaseline,False,4,0.04,47,23549190[].aqua,3600,1,0,0,0.05,-1,-1,0,-1,inf,True,True,False,1,False,True,False,False,False,False,False,True,False,Lazy,True,True,Samples,False,LP,Lazy,False,LP,True,2,Recursive,True,True,True,True,True,0.5423,3680,3578
73.12,0.0,2.8,4,5,0.6576,0.011857271194458,580,0.0672216415405273,0,0,2,0.0066502094268798,1940,1.2632601261138916,0,0,0,0,55428,82248,1.2420480251312256,0.86785,2.52,4.38,0.8678500000000035,49.74140286445618,72.62201804915419,0.8664340026994848,243.0920648574829,420.2114238085991,BendRegOCT,2026-07-09 12:50:57,balance-scale,,,4,4,0,20,3,9,0.6912000000000001,0.8653939203958303,0.2520166672393375,3600.0153629779816,568.0,-1548977744,0.500697728,True,True,WorstCaseBaseline,False,4,0.008,50,23549190[].aqua,3600,1,0,0,0.05,-1,-1,0,-1,inf,True,True,False,1,False,True,False,False,False,False,False,True,False,Lazy,True,True,Samples,False,LP,Lazy,False,LP,True,2,Recursive,True,True,True,True,True,0.579672,3680,3577
77.44,2.0408163265306123,3.857142857142857,4,14,0.7575999999999999,0.0207467079162597,324,0.050053596496582,0,0,2,0.0079073905944824,568,0.4247746467590332,0,0,0,0,55428,82248,1.2603662014007568,0.9418535,1.91,3.07,0.941853521126766,50.90434002876282,68.26860349694385,0.9405476487650006,241.1823711395264,346.04198269055445,BendRegOCT,2026-07-09 12:50:57,balance-scale,,,4,4,0,20,3,9,0.7688000000000004,0.9403474290120204,0.2231366142195887,3600.0040311813354,154.0,-1561039881,0.494626056,True,True,WorstCaseBaseline,False,4,0.0004,57,23549190[].aqua,3600,1,0,0,0.05,-1,-1,0,-1,inf,True,True,False,1,False,True,False,False,False,False,False,True,False,Lazy,True,True,Samples,False,LP,Lazy,False,LP,True,2,Recursive,True,True,True,True,True,0.553964,3680,3579
76.32,2.0408163265306123,3.857142857142857,4,14,0.7618,0.0118675231933593,0,0.0174920558929443,0,0,0,0.0012927055358886,100,0.1082086563110351,0,0,0,0,55428,82248,1.308532953262329,0.9448706,1.87,2.81,0.9448705882353018,47.7465660572052,61.40598741342274,0.9437191771498564,307.27374601364136,438.18444438947256,BendRegOCT,2026-07-09 12:50:57,balance-scale,,,4,4,0,20,3,9,0.7618000000000003,0.9437191771498564,0.2388017552505329,3600.0036799907684,42.0,-1794758506,0.54554128,True,True,WorstCaseBaseline,False,4,0.0001,59,23549190[].aqua,3600,1,0,0,0.05,-1,-1,0,-1,inf,True,True,False,1,False,True,False,False,False,False,False,True,False,Lazy,True,True,Samples,False,LP,Lazy,False,LP,True,2,Recursive,True,True,True,True,True,0.570704,3680,3580
76.32,2.0408163265306123,3.857142857142857,4,14,0.7604,0.0115783214569091,0,0.0180137157440185,0,0,0,0.0013022422790527,444,0.3511598110198974,0,0,0,0,55428,82248,1.2945325374603271,0.9438588,1.87,2.98,0.9438588235294196,49.21387100219727,65.47612832938621,0.9434338391649828,198.78097105026245,274.1948438307771,BendRegOCT,2026-07-09 12:50:57,balance-scale,,,4,4,0,20,3,9,0.7604000000000003,0.9427793569973832,0.2398466031001879,3600.0041739940643,139.0,1168981888,0.546771,True,True,WorstCaseBaseline,False,4,0.0002,58,23549190[].aqua,3600,1,0,0,0.05,-1,-1,0,-1,inf,True,True,False,1,False,True,False,False,False,False,False,True,False,Lazy,True,True,Samples,False,LP,Lazy,False,LP,True,2,Recursive,True,True,True,True,True,0.552552,3680,3579
72.64,0.0,2.6,3,5,0.6964,0.0123710632324218,0,0.0159459114074707,0,0,0,0.001171588897705,168,0.1770534515380859,0,0,0,0,55428,82248,1.448641061782837,0.8869,2.24,3.75,0.8869000000000026,42.05913996696472,61.57308681246122,0.8864413420597853,483.9731240272522,898.4163097653155,BendRegOCT,2026-07-09 12:50:57,balance-scale,,,4,4,0,20,3,9,0.6964000000000001,0.8864413420597853,0.2728910713092836,3600.0045828819275,69.0,1591135968,0.523920968,True,True,WorstCaseBaseline,False,4,0.006,51,23549190[].aqua,3600,1,0,0,0.05,-1,-1,0,-1,inf,True,True,False,1,False,True,False,False,False,False,False,True,False,Lazy,True,True,Samples,False,LP,Lazy,False,LP,True,2,Recursive,True,True,True,True,True,0.541748,3680,3580
74.24,0.0,3.2857142857142856,4,7,0.7143999999999999,0.0124800205230712,0,0.0148191452026367,0,0,0,0.0013141632080078,122,0.1298575401306152,0,0,0,0,55428,82248,1.478569269180298,0.9064,2.13,3.51,0.9064000000000004,45.82103896141052,63.69298968480731,0.902325155279498,235.77606916427607,355.76852868271226,BendRegOCT,2026-07-09 12:50:57,balance-scale,,,4,4,0,20,3,9,0.7144000000000003,0.902325155279498,0.2630531288906741,3600.003746032715,50.0,798153160,0.522839824,True,True,WorstCaseBaseline,False,4,0.004,52,23549190[].aqua,3600,1,0,0,0.05,-1,-1,0,-1,inf,True,True,False,1,False,True,False,False,False,False,False,True,False,Lazy,True,True,Samples,False,LP,Lazy,False,LP,True,2,Recursive,True,True,True,True,True,0.541764,3680,3581
77.76,2.0408163265306123,3.933333333333333,4,15,0.7492,0.013230562210083,442,0.0834579467773437,0,0,2,0.0084290504455566,836,0.691270112991333,0,0,0,0,55428,82248,1.48640775680542,0.9358451,1.97,2.82,0.9358450704225394,41.03813409805298,41.47216044921074,0.9357860849111548,172.86319303512573,244.25555927084747,BendRegOCT,2026-07-09 12:50:57,balance-scale,,,4,4,0,20,3,9,0.7626000000000004,0.9345902702702752,0.2255314322977638,3600.0040321350098,244.0,237388969,0.472811168,True,True,WorstCaseBaseline,False,4,0.001,54,23549190[].aqua,3600,1,0,0,0.05,-1,-1,0,-1,inf,True,True,False,1,False,True,False,False,False,False,False,True,False,Lazy,True,True,Samples,False,LP,Lazy,False,LP,True,2,Recursive,True,True,True,True,True,0.542712,3680,3582
76.16,0.0,3.769230769230769,4,13,0.7356,0.0124750137329101,0,0.018444538116455,0,0,0,0.0015480518341064,422,0.3571996688842773,0,0,0,0,55428,82248,1.4492101669311523,0.9259,2.07,3.37,0.9259000000000022,41.50163292884827,59.80262843863402,0.9245846647646234,168.8114938735962,268.4953963519252,BendRegOCT,2026-07-09 12:50:57,balance-scale,,,4,4,0,20,3,9,0.7356000000000003,0.9240636398669348,0.2562039693677738,3600.006922006607,146.0,621490652,0.524195856,True,True,WorstCaseBaseline,False,4,0.002,53,23549190[].aqua,3600,1,0,0,0.05,-1,-1,0,-1,inf,True,True,False,1,False,True,False,False,False,False,False,True,False,Lazy,True,True,Samples,False,LP,Lazy,False,LP,True,2,Recursive,True,True,True,True,True,0.540652,3680,3584
77.92,2.0408163265306123,3.857142857142857,4,14,0.752,0.0137989521026611,278,0.0571117401123046,0,0,2,0.0082123279571533,78,0.0929231643676757,0,0,0,0,55428,82248,1.5063042640686035,0.9378479,2.19,2.98,0.9378478873239428,53.9616060256958,61.78740635026784,0.9364718741138937,220.29771494865415,249.33106471518013,BendRegOCT,2026-07-09 12:50:57,balance-scale,,,4,4,0,20,3,9,0.7680000000000003,0.9359135411575722,0.2186374233822549,3600.004434108734,33.0,1693036942,0.551599624,True,True,WorstCaseBaseline,False,4,0.0008,55,23549190[].aqua,3600,1,0,0,0.05,-1,-1,0,-1,inf,True,True,False,1,False,True,False,False,False,False,False,True,False,Lazy,True,True,Samples,False,LP,Lazy,False,LP,True,2,Recursive,True,True,True,True,True,0.577648,3680,3580
76.32,2.0408163265306123,3.857142857142857,4,14,0.7548,0.0119032859802246,0,0.0182340145111084,0,0,0,0.0015101432800292,70,0.0779409408569336,0,0,0,0,55428,82248,1.6045124530792236,0.9398507,2.17,3.01,0.9398507042253548,67.43459010124207,65.31330484296065,0.9391556240601616,308.9052081108093,361.7016187859609,BendRegOCT,2026-07-09 12:50:57,balance-scale,,,4,4,0,20,3,9,0.7548000000000004,0.9390514363765098,0.2441063015057092,3600.003925085068,27.0,-499534554,0.54737396,True,True,WorstCaseBaseline,False,4,0.0006,56,23549190[].aqua,3600,1,0,0,0.05,-1,-1,0,-1,inf,True,True,False,1,False,True,False,False,False,False,False,True,False,Lazy,True,True,Samples,False,LP,Lazy,False,LP,True,2,Recursive,True,True,True,True,True,0.57136,3680,3580
92.58333333333331,0.0,0.0,0,1,0.8658333333333332,0.0459659099578857,6798,0.254587173461914,0,0,0,0.0202753543853759,0,0.0,0,0,0,0,43295,63277,3.2546820640563965,0.8710633,1.48,1.49,,,,,,,BendRegOCT,2026-07-09 13:51:14,ann-thyroid,Quantile Thresholds,5.0,21,15,6,39,3,2,0.8658333333333192,0.8658333333333192,0.0,3.231040000915528,1.0,-759412339,0.26131932,True,True,WorstCaseBaseline,False,3,0.06,301,23549190[].aqua,3600,1,0,0,0.05,-1,-1,0,-1,inf,True,True,False,1,False,True,False,False,False,False,False,True,False,Lazy,True,True,Samples,False,LP,Lazy,False,LP,True,2,Recursive,True,True,True,True,True,0.281252,13,11
92.58333333333331,0.0,0.0,0,1,0.8858333333333333,0.0444498062133789,6799,0.2471354007720947,0,0,0,0.020571231842041,0,0.0,0,0,0,0,43295,63277,3.278076171875,0.8910633,1.69,1.73,,,,,,,BendRegOCT,2026-07-09 13:51:13,ann-thyroid,Quantile Thresholds,5.0,21,15,6,39,3,2,0.8858333333333186,0.8858333333333186,0.0,4.459644079208374,1.0,-987301971,0.260009424,True,True,WorstCaseBaseline,False,3,0.04,302,23549190[].aqua,3600,1,0,0,0.05,-1,-1,0,-1,inf,True,True,False,1,False,True,False,False,False,False,False,True,False,Lazy,True,True,Samples,False,LP,Lazy,False,LP,True,2,Recursive,True,True,True,True,True,0.251688,14,12
92.58333333333331,0.0,0.0,0,1,0.9058333333333332,0.0428895950317382,6790,0.2346792221069336,0,0,0,0.0197091102600097,0,0.0,0,0,0,0,43295,63277,2.970428228378296,0.9110633,5.22,6.78,,,,,,,BendRegOCT,2026-07-09 13:51:13,ann-thyroid,Quantile Thresholds,5.0,21,15,6,39,3,2,0.9058333333333176,0.9058333333333176,0.0,12.865439891815186,1.0,1988731215,0.260917832,True,True,WorstCaseBaseline,False,3,0.02,303,23549190[].aqua,3600,1,0,0,0.05,-1,-1,0,-1,inf,True,True,False,1,False,True,False,False,False,False,False,True,False,Lazy,True,True,Samples,False,LP,Lazy,False,LP,True,2,Recursive,True,True,True,True,True,0.311308,22,20
92.58333333333331,0.0,0.0,0,1,0.8458333333333333,0.0545375347137451,6798,0.2775571346282959,0,0,0,0.0241882801055908,0,0.0,0,0,0,0,43295,63277,3.108736515045166,0.8510633,0.32,0.02,,,,,,,BendRegOCT,2026-07-09 13:52:24,ann-thyroid,Quantile Thresholds,5.0,21,15,6,39,3,2,0.8458333333333183,0.8458333333333183,0.0,2.6586661338806152,1.0,52846360,0.118979856,True,True,WorstCaseBaseline,False,3,0.08,300,23549190[].aqua,3600,1,0,0,0.05,-1,-1,0,-1,inf,True,True,False,1,False,True,False,False,False,False,False,True,False,Lazy,True,True,Samples,False,LP,Lazy,False,LP,True,2,Recursive,True,True,True,True,True,0.127844,84,19
92.58333333333331,0.0,0.0,0,1,0.8458333333333333,0.0536651611328125,6798,0.2251482009887695,0,0,0,0.0205590724945068,0,0.0,0,0,0,0,85007,125845,4.507246255874634,0.8510633,0.02,0.02,,,,,,,BendRegOCT,2026-07-09 13:52:37,ann-thyroid,Quantile Thresholds,5.0,21,15,6,39,3,2,0.8458333333333183,0.8458333333333183,0.0,2.059903144836426,1.0,489727555,0.249806832,True,True,WorstCaseBaseline,False,4,0.08,315,23549190[].aqua,3600,1,0,0,0.05,-1,-1,0,-1,inf,True,True,False,1,False,True,False,False,False,False,False,True,False,Lazy,True,True,Samples,False,LP,Lazy,False,LP,True,2,Recursive,True,True,True,True,True,0.356668,13,10
92.58333333333331,0.0,0.0,0,1,0.8658333333333332,0.0551691055297851,6800,0.2502098083496094,0,0,0,0.020777940750122,0,0.0,0,0,0,0,85007,125845,4.346254587173462,0.8710633,1.95,2.19,,,,,,,BendRegOCT,2026-07-09 13:52:37,ann-thyroid,Quantile Thresholds,5.0,21,15,6,39,3,2,0.8658333333333192,0.8658333333333192,0.0,10.401763916015623,1.0,147715088,0.53268612,True,True,WorstCaseBaseline,False,4,0.06,316,23549190[].aqua,3600,1,0,0,0.05,-1,-1,0,-1,inf,True,True,False,1,False,True,False,False,False,False,False,True,False,Lazy,True,True,Samples,False,LP,Lazy,False,LP,True,2,Recursive,True,True,True,True,True,0.463976,21,19
92.58333333333331,0.0,0.0,0,1,0.8858333333333333,0.0542125701904296,6801,0.2398152351379394,0,0,0,0.0198872089385986,0,0.0,0,0,0,0,85007,125845,3.9651384353637695,0.8910633,10.3,15.65,,,,,,,BendRegOCT,2026-07-09 13:52:36,ann-thyroid,Quantile Thresholds,5.0,21,15,6,39,3,2,0.8858333333333186,0.8858333333333186,0.0,18.891843795776367,1.0,-617075093,0.532686136,True,True,WorstCaseBaseline,False,4,0.04,317,23549190[].aqua,3600,1,0,0,0.05,-1,-1,0,-1,inf,True,True,False,1,False,True,False,False,False,False,False,True,False,Lazy,True,True,Samples,False,LP,Lazy,False,LP,True,2,Recursive,True,True,True,True,True,0.48338,29,27
83.33333333333333,0.0,3.1666666666666665,4,6,0.7733333333333334,0.013707160949707,0,0.0347380638122558,0,0,0,0.0018317699432373,1984,2.401198387145996,0,0,0,0,69961,103541,1.5810964107513428,0.8136806,57.7,98.42,0.8136805555555698,75.34732294082642,134.16499276144577,0.8136805555555698,291.3017768859863,582.2160441663182,BendRegOCT,2026-07-09 12:54:38,car_evaluation,,,6,6,0,19,4,9,0.7733333333333353,0.8053587962963101,0.0414122365900535,3600.032681941986,945.0,263678620,0.890266576,True,True,WorstCaseBaseline,False,4,0.01,109,23549190[].aqua,3600,1,0,0,0.05,-1,-1,0,-1,inf,True,True,False,1,False,True,False,False,False,False,False,True,False,Lazy,True,True,Samples,False,LP,Lazy,False,LP,True,2,Recursive,True,True,True,True,True,0.878732,3606,3582
83.33333333333333,0.0,3.1666666666666665,4,6,0.8285333333333333,0.0131506919860839,0,0.0307493209838867,0,0,0,0.001739501953125,4490,4.115392923355103,0,0,0,0,69961,103541,1.4841761589050293,0.8911269,33.41,60.98,0.8911268518518675,87.40275812149048,187.48411099234053,0.8911268518518668,451.3465900421143,981.303416434808,BendRegOCT,2026-07-09 12:54:38,car_evaluation,,,6,6,0,19,4,9,0.8285333333333356,0.8900403292181226,0.0742359943894273,3600.024178981781,1319.0,-1786397558,1.001062376,True,True,WorstCaseBaseline,False,4,0.0008,115,23549190[].aqua,3600,1,0,0,0.05,-1,-1,0,-1,inf,True,True,False,1,False,True,False,False,False,False,False,True,False,Lazy,True,True,Samples,False,LP,Lazy,False,LP,True,2,Recursive,True,True,True,True,True,0.88258,3606,3582
83.33333333333333,0.0,3.1666666666666665,4,6,0.7973333333333333,0.0136761665344238,0,0.0373337268829345,0,0,0,0.0018367767333984,2996,3.041189670562744,0,0,0,0,69961,103541,1.6476314067840576,0.8450694,58.39,96.27,0.8450694444444586,116.72578716278076,178.43088815712815,0.8450694444444578,359.1727020740509,542.7224057814828,BendRegOCT,2026-07-09 12:54:38,car_evaluation,,,6,6,0,19,4,9,0.7973333333333354,0.8405277777777928,0.0541736343366937,3600.003909111023,966.0,1551913560,1.0072978,True,True,WorstCaseBaseline,False,4,0.006,111,23549190[].aqua,3600,1,0,0,0.05,-1,-1,0,-1,inf,True,True,False,1,False,True,False,False,False,False,False,True,False,Lazy,True,True,Samples,False,LP,Lazy,False,LP,True,2,Recursive,True,True,True,True,True,0.947108,3607,3579
83.33333333333333,0.0,3.1666666666666665,4,6,0.7853333333333333,0.0141687393188476,0,0.0378174781799316,0,0,0,0.0019161701202392,2256,2.499241590499878,0,0,0,0,69961,103541,1.707736253738403,0.8289398,39.88,65.33,0.8289398148148291,71.99458312988281,119.32714729107175,0.8289398148148285,339.63402795791626,574.2420798038738,BendRegOCT,2026-07-09 12:54:38,car_evaluation,,,6,6,0,19,4,9,0.7853333333333354,0.8253736508789787,0.050985124209223,3600.0089960098267,902.0,1628085722,0.985351504,True,True,WorstCaseBaseline,False,4,0.008,110,23549190[].aqua,3600,1,0,0,0.05,-1,-1,0,-1,inf,True,True,False,1,False,True,False,False,False,False,False,True,False,Lazy,True,True,Samples,False,LP,Lazy,False,LP,True,2,Recursive,True,True,True,True,True,0.956544,3607,3581
83.33333333333333,0.0,3.1666666666666665,4,6,0.8093333333333333,0.0138282775878906,0,0.0373215675354003,0,0,0,0.0018682479858398,3360,3.6568899154663086,0,0,0,0,69961,103541,1.71648907661438,0.8625694,31.78,54.91,0.862569444444459,67.72674894332886,112.3980625081505,0.8625694444444577,297.7210478782654,487.0521197117453,BendRegOCT,2026-07-09 12:54:38,car_evaluation,,,6,6,0,19,4,9,0.8093333333333355,0.8608757122507276,0.0636849821878813,3600.0254378318787,1083.0,2101490569,0.984271072,True,True,WorstCaseBaseline,False,4,0.004,112,23549190[].aqua,3600,1,0,0,0.05,-1,-1,0,-1,inf,True,True,False,1,False,True,False,False,False,False,False,True,False,Lazy,True,True,Samples,False,LP,Lazy,False,LP,True,2,Recursive,True,True,True,True,True,0.894384,3607,3581
83.33333333333333,0.0,3.1666666666666665,4,6,0.8213333333333334,0.0136432647705078,0,0.0370054244995117,0,0,0,0.0018420219421386,3548,3.7487151622772217,0,0,0,0,69961,103541,1.6580095291137695,0.8800694,43.65,73.98,0.880069444444459,123.71953797340392,230.3630161113309,0.8800694444444573,380.14355397224426,613.703547339359,BendRegOCT,2026-07-09 12:54:38,car_evaluation,,,6,6,0,19,4,9,0.8213333333333356,0.8786633304940532,0.0698011329067177,3600.0527160167694,1038.0,-593041803,0.974516272,True,True,WorstCaseBaseline,False,4,0.002,113,23549190[].aqua,3600,1,0,0,0.05,-1,-1,0,-1,inf,True,True,False,1,False,True,False,False,False,False,False,True,False,Lazy,True,True,Samples,False,LP,Lazy,False,LP,True,2,Recursive,True,True,True,True,True,0.938748,3607,3582
83.33333333333333,0.0,3.1666666666666665,4,6,0.8273333333333334,0.0136544704437255,0,0.0376102924346923,0,0,0,0.0018861293792724,3828,3.428633213043213,0,0,0,0,69961,103541,1.694877862930298,0.8892269,42.32,72.54,0.8892268518518671,76.05752491950989,130.7475532017448,0.8892268518518661,595.5692718029022,1161.674620193225,BendRegOCT,2026-07-09 12:54:39,car_evaluation,,,6,6,0,19,4,9,0.8273333333333356,0.8855665509259412,0.070386644954801,3600.027757167816,1016.0,242992787,0.990836744,True,True,WorstCaseBaseline,False,4,0.001,114,23549190[].aqua,3600,1,0,0,0.05,-1,-1,0,-1,inf,True,True,False,1,False,True,False,False,False,False,False,True,False,Lazy,True,True,Samples,False,LP,Lazy,False,LP,True,2,Recursive,True,True,True,True,True,0.893204,3607,3580
92.58333333333331,0.0,0.0,0,1,0.9058333333333332,0.0518038272857666,6795,0.2339744567871093,0,0,0,0.0191078186035156,0,0.0,0,0,0,0,85007,125845,3.765536546707153,0.9110633,24.26,39.11,,,,,,,BendRegOCT,2026-07-09 13:53:15,ann-thyroid,Quantile Thresholds,5.0,21,15,6,39,3,2,0.9058333333333176,0.9058333333333176,0.0,85.66392302513123,1.0,402891093,0.532384232,True,True,WorstCaseBaseline,False,4,0.02,318,23549190[].aqua,3600,1,0,0,0.05,-1,-1,0,-1,inf,True,True,False,1,False,True,False,False,False,False,False,True,False,Lazy,True,True,Samples,False,LP,Lazy,False,LP,True,2,Recursive,True,True,True,True,True,0.503472,95,92
92.58333333333331,0.0,0.0,0,1,0.9158333333333332,0.0469031333923339,6683,0.220853567123413,0,0,0,0.018557071685791,34,0.0849571228027343,0,0,0,0,43295,63277,3.430386066436768,0.9210639,24.82,32.61,0.9210638745115612,26.79041314125061,34.12613227629651,0.9159540050510618,263.5066590309143,413.27131473725433,BendRegOCT,2026-07-09 13:51:13,ann-thyroid,Quantile Thresholds,5.0,21,15,6,39,3,2,0.9158333333333172,0.9158333333333172,0.0,263.8195309638977,1.0,1240755414,0.515399432,True,True,WorstCaseBaseline,False,3,0.01,304,23549190[].aqua,3600,1,0,0,0.05,-1,-1,0,-1,inf,True,True,False,1,False,True,False,False,False,False,False,True,False,Lazy,True,True,Samples,False,LP,Lazy,False,LP,True,2,Recursive,True,True,True,True,True,0.435188,273,269
92.58333333333331,0.0,0.0,0,1,0.9178333333333332,0.0482487678527832,6683,0.2249538898468017,0,0,0,0.0181894302368164,44,0.106821060180664,0,0,0,0,43295,63277,3.423814058303833,0.9231088,26.23,35.34,0.9231088424883068,28.259387969970703,36.8797140723665,0.918254412732268,258.5475189685821,406.7793573677011,BendRegOCT,2026-07-09 13:51:13,ann-thyroid,Quantile Thresholds,5.0,21,15,6,39,3,2,0.9178333333333172,0.9178333333333172,0.0,267.60442304611206,3.0,-1402678348,0.483984544,True,True,WorstCaseBaseline,False,3,0.008,305,23549190[].aqua,3600,1,0,0,0.05,-1,-1,0,-1,inf,True,True,False,1,False,True,False,False,False,False,False,True,False,Lazy,True,True,Samples,False,LP,Lazy,False,LP,True,2,Recursive,True,True,True,True,True,0.43612,277,273
83.33333333333333,0.0,3.1666666666666665,4,6,0.8297333333333333,0.0132603645324707,0,0.0338594913482666,0,0,0,0.0018160343170166,2890,2.4513726234436035,0,0,0,0,69961,103541,1.5576202869415283,0.8930269,32.53,59.89,0.8930268518518677,49.96736693382263,92.89769678647409,0.8930268518518666,504.2502670288086,1087.131476948727,BendRegOCT,2026-07-09 12:56:09,car_evaluation,,,6,6,0,19,4,9,0.8297333333333355,0.8930005791245946,0.0762500953614722,3600.004591941833,751.0,-523252588,1.039864648,True,True,WorstCaseBaseline,False,4,0.0006,116,23549190[].aqua,3600,1,0,0,0.05,-1,-1,0,-1,inf,True,True,False,1,False,True,False,False,False,False,False,True,False,Lazy,True,True,Samples,False,LP,Lazy,False,LP,True,2,Recursive,True,True,True,True,True,0.983876,3606,3579
83.33333333333333,0.0,3.1666666666666665,4,6,0.8321333333333334,0.013291597366333,610,0.0953519344329834,0,0,0,0.0027072429656982,3528,3.3531370162963867,0,0,0,0,69961,103541,1.556236982345581,0.8968269,28.83,55.97,0.8968268518518677,44.74404406547546,81.91387017313004,0.8968268518518667,555.676246881485,1133.814183450164,BendRegOCT,2026-07-09 12:56:09,car_evaluation,,,6,6,0,19,4,9,0.8321333333333356,0.8966919681309375,0.0775820799522533,3600.0223848819733,1030.0,1145901172,1.000343992,True,True,WorstCaseBaseline,False,4,0.0002,118,23549190[].aqua,3600,1,0,0,0.05,-1,-1,0,-1,inf,True,True,False,1,False,True,False,False,False,False,False,True,False,Lazy,True,True,Samples,False,LP,Lazy,False,LP,True,2,Recursive,True,True,True,True,True,0.869776,3606,3575
83.33333333333333,0.0,3.1666666666666665,4,6,0.8309333333333334,0.0132086277008056,579,0.077310562133789,0,0,0,0.0025539398193359,3326,3.407609224319458,0,0,0,0,69961,103541,1.557084560394287,0.8949269,34.96,66.93,0.8949268518518679,98.88987803459167,206.6087170746322,0.8949268518518664,630.4939241409302,1306.0655865129752,BendRegOCT,2026-07-09 12:56:09,car_evaluation,,,6,6,0,19,4,9,0.8309333333333356,0.8943703301127377,0.0763442676260452,3600.004077196121,1064.0,-408592653,0.97144104,True,True,WorstCaseBaseline,False,4,0.0004,117,23549190[].aqua,3600,1,0,0,0.05,-1,-1,0,-1,inf,True,True,False,1,False,True,False,False,False,False,False,True,False,Lazy,True,True,Samples,False,LP,Lazy,False,LP,True,2,Recursive,True,True,True,True,True,0.864108,3606,3579
83.33333333333333,0.0,3.1666666666666665,4,6,0.8327333333333333,0.0161106586456298,0,0.0556163787841796,0,0,0,0.0019254684448242,2138,2.948462009429932,0,0,0,0,69961,103541,2.0271167755126958,0.8977769,53.07,64.13,0.8977768518518682,142.63567209243774,206.1659340913873,0.8977768518518664,946.3044230937958,1295.09063175003,BendRegOCT,2026-07-09 12:56:13,car_evaluation,,,6,6,0,19,4,9,0.8327333333333355,0.8977268518518675,0.0780484170825375,3600.0049929618835,530.0,-76848132,0.694450432,True,True,WorstCaseBaseline,False,4,0.0001,119,23549190[].aqua,3600,1,0,0,0.05,-1,-1,0,-1,inf,True,True,False,1,False,True,False,False,False,False,False,True,False,Lazy,True,True,Samples,False,LP,Lazy,False,LP,True,2,Recursive,True,True,True,True,True,0.690688,3611,3582
76.28865979381443,0.0,0.0,0,1,0.7428865979381443,0.0516924858093261,3951,1.1932380199432373,0,0,0,0.1671376228332519,301928,94.37291288375854,0,0,0,0,0,0,0.0061626434326171,0.98,0.0,0.0,0.9521851344531734,0.1184511184692382,0.0222164688948348,0.946372543836459,0.1589291095733642,0.0620045267301537,BendRegOCT,2026-07-09 12:57:35,wpbc,Quantile Thresholds,5.0,32,0,32,127,2,9,0.7428865979381443,0.8574226804125719,0.1541770746602758,3600.001760959625,112154.0,1766020327,0.648515616,True,True,WorstCaseBaseline,False,4,0.02,168,23549190[].aqua,3600,1,0,0,0.05,-1,-1,0,-1,inf,True,True,False,1,False,True,False,False,False,False,False,True,False,Lazy,True,True,Samples,False,LP,Lazy,False,LP,True,2,Recursive,True,True,True,True,True,0.70652,3604,3574
83.50515463917526,36.95652173913044,2.6666666666666665,3,6,0.7586597938144329,0.0522584915161132,3608,1.3286676406860352,0,0,2,0.1509673595428466,178212,82.92870593070984,0,0,0,0,0,0,0.0071732997894287,0.99,0.0,0.0,0.9752246490207772,0.1109759807586669,0.0201463366440281,0.9728940875445466,0.1523239612579345,0.0592823460225894,BendRegOCT,2026-07-09 12:57:36,wpbc,Quantile Thresholds,5.0,32,0,32,127,2,9,0.7750515463917524,0.9398333333333312,0.212607519730422,3600.019865989685,57245.0,459212313,0.905654536,True,True,WorstCaseBaseline,False,4,0.01,169,23549190[].aqua,3600,1,0,0,0.05,-1,-1,0,-1,inf,True,True,False,1,False,True,False,False,False,False,False,True,False,Lazy,True,True,Samples,False,LP,Lazy,False,LP,True,2,Recursive,True,True,True,True,True,0.845692,3606,3577
93.42105263157896,0.0,0.0,0,1,0.9302105263157896,0.0318114757537841,10397,0.7554056644439697,0,0,0,0.0513770580291748,4512,4.36297869682312,0,0,0,0,22832,33891,0.792320728302002,0.9418204,7.53,11.25,0.940117936140858,10.458741188049316,14.52344165556018,0.936444519107135,23.237653017044067,32.294807806450656,BendRegOCT,2026-07-09 13:48:35,seismic-bumps,Quantile Thresholds,5.0,15,5,10,39,2,2,0.9302105263157932,0.9302105263157932,0.0,617.5329871177673,2459.0,-1327971311,0.557145584,True,True,WorstCaseBaseline,False,4,0.004,292,23549190[].aqua,3600,1,0,0,0.05,-1,-1,0,-1,inf,True,True,False,1,False,True,False,False,False,False,False,True,False,Lazy,True,True,Samples,False,LP,Lazy,False,LP,True,2,Recursive,True,True,True,True,True,0.564056,622,617
88.65979381443299,60.869565217391305,3.75,4,12,0.8111340206185567,0.0532653331756591,3934,1.8636434078216555,0,0,2,0.2207238674163818,165928,83.4514491558075,0,0,0,0,0,0,0.0562024116516113,0.994,0.0,0.0,0.984916201117316,0.1573259830474853,0.0193687984605952,0.980736452526727,0.2396011352539062,0.0633174663654379,BendRegOCT,2026-07-09 12:58:53,wpbc,Quantile Thresholds,5.0,32,0,32,127,2,9,0.8145979381443297,0.9648881540429411,0.1844961899129963,3600.0073959827423,52367.0,382455584,0.4534472,True,True,WorstCaseBaseline,False,4,0.006,171,23549190[].aqua,3600,1,0,0,0.05,-1,-1,0,-1,inf,True,True,False,1,False,True,False,False,False,False,False,True,False,Lazy,True,True,Samples,False,LP,Lazy,False,LP,True,2,Recursive,True,True,True,True,True,0.495624,3684,3574
89.17525773195877,69.56521739130434,3.933333333333333,4,15,0.8605979381443298,0.0535917282104492,2859,1.103529691696167,0,0,2,0.122215986251831,203984,113.57458758354188,0,0,0,0,0,0,0.0491976737976074,0.998,0.0,0.0,0.9949720670391038,0.1662659645080566,0.0194208745938992,0.9945788175089074,0.2127218246459961,0.0621412315434807,BendRegOCT,2026-07-09 12:58:53,wpbc,Quantile Thresholds,5.0,32,0,32,127,2,9,0.8617525773195873,0.9892254884160891,0.1479228660887749,3600.008824825287,51255.0,112742762,0.795875,True,True,WorstCaseBaseline,False,4,0.002,173,23549190[].aqua,3600,1,0,0,0.05,-1,-1,0,-1,inf,True,True,False,1,False,True,False,False,False,False,False,True,False,Lazy,True,True,Samples,False,LP,Lazy,False,LP,True,2,Recursive,True,True,True,True,True,1.028048,3684,3574
90.20618556701032,69.56521739130434,4.0,4,16,0.8735979381443298,0.0523171424865722,4063,1.7548775672912598,0,0,4,0.2086780071258545,177496,92.26183843612672,0,0,0,0,0,0,0.065519094467163,0.999,0.0,0.0,0.9974860335195508,0.1683170795440673,0.0194208155938992,0.9972894087544524,0.2144629955291748,0.0621965703006835,BendRegOCT,2026-07-09 12:58:53,wpbc,Quantile Thresholds,5.0,32,0,32,127,2,9,0.8860618556701028,0.9946910528434528,0.1225977582470211,3600.006556034088,52794.0,219821136,0.512845672,True,True,WorstCaseBaseline,False,4,0.001,174,23549190[].aqua,3600,1,0,0,0.05,-1,-1,0,-1,inf,True,True,False,1,False,True,False,False,False,False,False,True,False,Lazy,True,True,Samples,False,LP,Lazy,False,LP,True,2,Recursive,True,True,True,True,True,0.465876,3684,3575
90.7216504830675,69.56521739130434,3.933333333333333,4,15,0.8761979381443299,0.0549597740173339,3339,1.5924255847930908,0,0,6,0.1626358032226562,68400,41.373310565948486,0,0,0,0,0,0,0.0515921115875244,0.9992,0.0,0.0,0.99798882681564,0.1595368385314941,0.0194076629296975,0.9978315270035614,0.2069950103759765,0.0622585007563178,BendRegOCT,2026-07-09 12:58:53,wpbc,Quantile Thresholds,5.0,32,0,32,127,2,9,0.8952165048306746,0.9959577211216732,0.1125327959743695,3600.0143959522247,20390.0,779583479,1.200551736,True,True,WorstCaseBaseline,False,4,0.0008,175,23549190[].aqua,3600,1,0,0,0.05,-1,-1,0,-1,inf,True,True,False,1,False,True,False,False,False,False,False,True,False,Lazy,True,True,Samples,False,LP,Lazy,False,LP,True,2,Recursive,True,True,True,True,True,0.704604,3684,3577
88.65979381443299,63.04347826086956,3.769230769230769,4,13,0.8345979381443298,0.0590801239013671,2777,1.0777995586395264,0,0,0,0.130380630493164,136780,87.7022774219513,0,0,0,0,0,0,0.0530188083648681,0.996,0.0,0.0,0.9899441340782098,0.1531660556793213,0.0194207905938992,0.9891576350178172,0.2065179347991943,0.0624733292360394,BendRegOCT,2026-07-09 12:58:53,wpbc,Quantile Thresholds,5.0,32,0,32,127,2,9,0.8345979381443296,0.9788302691817512,0.172816543685828,3600.0261809825897,44266.0,-23539558,0.793949136,True,True,WorstCaseBaseline,False,4,0.004,172,23549190[].aqua,3600,1,0,0,0.05,-1,-1,0,-1,inf,True,True,False,1,False,True,False,False,False,False,False,True,False,Lazy,True,True,Samples,False,LP,Lazy,False,LP,True,2,Recursive,True,True,True,True,True,0.844932,3684,3573
89.69072164948453,67.3913043478261,3.933333333333333,4,15,0.8787979381443298,0.0529236793518066,4045,1.683173656463623,0,0,2,0.2137329578399658,160690,87.53731918334961,0,0,0,0,0,0,0.05666184425354,0.9994,0.0,0.0,0.9984916201117292,0.1849620342254638,0.0193950271518286,0.9983736452526704,0.2339961528778076,0.0616112396088987,BendRegOCT,2026-07-09 12:58:53,wpbc,Quantile Thresholds,5.0,32,0,32,127,2,9,0.8879072164948452,0.9968957500178366,0.1227476604517766,3600.0122430324554,46197.0,-1916255708,0.539909048,True,True,WorstCaseBaseline,False,4,0.0006,176,23549190[].aqua,3600,1,0,0,0.05,-1,-1,0,-1,inf,True,True,False,1,False,True,False,False,False,False,False,True,False,Lazy,True,True,Samples,False,LP,Lazy,False,LP,True,2,Recursive,True,True,True,True,True,0.498876,3684,3576
85.56701030927834,45.65217391304348,3.5,4,8,0.7916701030927835,0.0550570487976074,4121,2.06170916557312,0,0,0,0.2599368095397949,122088,77.99005699157715,0,0,0,0,0,0,0.0669405460357666,0.992,0.0,0.0,0.980021971134018,0.2054610252380371,0.0202107168169555,0.9743152700356368,0.2777678966522217,0.0596606421874122,BendRegOCT,2026-07-09 12:58:53,wpbc,Quantile Thresholds,5.0,32,0,32,127,2,9,0.7916701030927834,0.9517782909930692,0.2022410436806923,3600.00212097168,45134.0,-2037840258,0.464193568,True,True,WorstCaseBaseline,False,4,0.008,170,23549190[].aqua,3600,1,0,0,0.05,-1,-1,0,-1,inf,True,True,False,1,False,True,False,False,False,False,False,True,False,Lazy,True,True,Samples,False,LP,Lazy,False,LP,True,2,Recursive,True,True,True,True,True,0.516632,3684,3575
90.7216524340444,69.56521739130434,3.933333333333333,4,15,0.8852979381443299,0.0520219802856445,3899,1.8455982208251955,0,0,4,0.182281494140625,96670,50.52559804916382,0,0,0,0,0,0,0.0059974193572998,0.9999,0.0,0.0,0.999749492017414,0.1247589588165283,0.0196702637736538,0.9997290604562108,0.1712310314178466,0.065220355014414,BendRegOCT,2026-07-09 12:59:02,wpbc,Quantile Thresholds,5.0,32,0,32,127,2,9,0.9057165243404426,0.9994958677685926,0.1035416059085833,3600.0268449783325,32803.0,-377986627,1.112291264,True,True,WorstCaseBaseline,False,4,0.0001,179,23549190[].aqua,3600,1,0,0,0.05,-1,-1,0,-1,inf,True,True,False,1,False,True,False,False,False,False,False,True,False,Lazy,True,True,Samples,False,LP,Lazy,False,LP,True,2,Recursive,True,True,True,True,True,0.786892,3604,3575
88.65979381443299,63.04347826086956,3.769230769230769,4,13,0.8839979381443298,0.0603904724121093,2590,1.0140979290008545,0,0,0,0.1199796199798584,76200,56.12026572227478,0,0,0,0,0,0,1.410617113113403,0.9998,0.0,0.0,0.9994989840348306,0.1635990142822265,0.0195116302527654,0.9994578817508886,0.2256920337677002,0.0695927376605377,BendRegOCT,2026-07-09 12:59:05,wpbc,Quantile Thresholds,5.0,32,0,32,127,2,9,0.8839979381443297,0.998995694764316,0.1300882633972962,3600.0144081115723,27009.0,-584079071,0.816697776,True,True,WorstCaseBaseline,False,4,0.0002,178,23549190[].aqua,3600,1,0,0,0.05,-1,-1,0,-1,inf,True,True,False,1,False,True,False,False,False,False,False,True,False,Lazy,True,True,Samples,False,LP,Lazy,False,LP,True,2,Recursive,True,True,True,True,True,0.776992,3607,3574
92.58333333333331,0.0,0.0,0,1,0.9198333333333332,0.0623562335968017,6683,0.2606930732727051,0,0,0,0.0187439918518066,126,0.3254191875457763,0,0,0,0,43295,63277,3.421564102172852,0.9253522,29.26,38.15,0.925352200758523,57.374351024627686,47.86130026651045,0.92279948416705,227.6389319896698,304.93502773949945,BendRegOCT,2026-07-09 13:52:58,ann-thyroid,Quantile Thresholds,5.0,21,15,6,39,3,2,0.9198333333333172,0.9198333333333172,0.0,378.6248638629913,91.0,-25338913,0.552443112,True,True,WorstCaseBaseline,False,3,0.006,306,23549190[].aqua,3600,1,0,0,0.05,-1,-1,0,-1,inf,True,True,False,1,False,True,False,False,False,False,False,True,False,Lazy,True,True,Samples,False,LP,Lazy,False,LP,True,2,Recursive,True,True,True,True,True,0.467904,454,387
92.58333333333331,0.0,0.0,0,1,0.9158333333333332,0.0563704967498779,6683,0.2178270816802978,0,0,0,0.0185081958770751,22,0.0616288185119628,0,0,0,0,85007,125845,4.031849384307861,0.9210639,205.42,292.86,0.9210638745115616,208.96597409248352,296.2744607333971,0.9162597941743232,790.0784392356873,967.1635580128232,BendRegOCT,2026-07-09 13:53:16,ann-thyroid,Quantile Thresholds,5.0,21,15,6,39,3,2,0.9158333333333172,0.9158333333333172,0.0,817.1348640918732,1.0,-2090416364,0.985021584,True,True,WorstCaseBaseline,False,4,0.01,319,23549190[].aqua,3600,1,0,0,0.05,-1,-1,0,-1,inf,True,True,False,1,False,True,False,False,False,False,False,True,False,Lazy,True,True,Samples,False,LP,Lazy,False,LP,True,2,Recursive,True,True,True,True,True,0.709404,827,820
92.58333333333331,0.0,0.0,0,1,0.9178333333333332,0.0704832077026367,6683,0.2551443576812744,0,0,0,0.0204174518585205,10,0.0319714546203613,0,0,0,0,85007,125845,4.944485425949097,0.9231088,262.73,287.84,0.9231088424883068,268.6346869468689,291.2511946204703,0.9196876604434444,742.4255940914154,762.7635445313856,BendRegOCT,2026-07-09 13:53:58,ann-thyroid,Quantile Thresholds,5.0,21,15,6,39,3,2,0.9178333333333172,0.9178333333333172,0.0,865.160984992981,1.0,-827018997,0.885726744,True,True,WorstCaseBaseline,False,4,0.008,320,23549190[].aqua,3600,1,0,0,0.05,-1,-1,0,-1,inf,True,True,False,1,False,True,False,False,False,False,False,True,False,Lazy,True,True,Samples,False,LP,Lazy,False,LP,True,2,Recursive,True,True,True,True,True,0.731764,878,869
93.47222222222224,0.0,2.25,3,4,0.9315222222222224,0.0434730052947998,7671,1.0197412967681885,0,0,0,0.0369012355804443,872,2.303023099899292,0,0,0,0,43295,63277,3.090158224105835,0.9504427,74.43,111.37,0.950442657343094,97.05151796340942,125.6321161893058,0.949552601904165,277.2294409275055,416.4599448004048,BendRegOCT,2026-07-09 13:53:04,ann-thyroid,Quantile Thresholds,5.0,21,15,6,39,3,2,0.9315222222222056,0.9315222222222056,0.0,1022.998055934906,734.0,1513206601,0.644904088,True,True,WorstCaseBaseline,False,3,0.0008,310,23549190[].aqua,3600,1,0,0,0.05,-1,-1,0,-1,inf,True,True,False,1,False,True,False,False,False,False,False,True,False,Lazy,True,True,Samples,False,LP,Lazy,False,LP,True,2,Recursive,True,True,True,True,True,0.632232,1061,1022
93.47222222222224,0.0,2.25,3,4,0.9307222222222222,0.0440576076507568,7086,1.100688934326172,0,0,0,0.0545790195465087,828,2.1855297088623047,0,0,0,0,43295,63277,3.0681264400482178,0.9488427,72.71,109.15,0.9488426670570668,93.44049096107484,122.04852838414496,0.9479330251729112,306.7327311038971,460.7906940901992,BendRegOCT,2026-07-09 13:53:04,ann-thyroid,Quantile Thresholds,5.0,21,15,6,39,3,2,0.9307222222222056,0.9307222222222056,0.0,1040.6496560573578,680.0,1541517224,0.604757136,True,True,WorstCaseBaseline,False,3,0.001,309,23549190[].aqua,3600,1,0,0,0.05,-1,-1,0,-1,inf,True,True,False,1,False,True,False,False,False,False,False,True,False,Lazy,True,True,Samples,False,LP,Lazy,False,LP,True,2,Recursive,True,True,True,True,True,0.59436,1078,1039
93.47222222222224,0.0,2.25,3,4,0.9267222222222222,0.0429856777191162,3925,0.6143085956573486,0,0,0,0.0652196407318115,820,2.1469485759735107,0,0,0,0,43295,63277,3.0840301513671875,0.9408427,54.77,84.67,0.9408426656424294,77.99006009101868,99.96118657669464,0.939992862368246,342.89294695854187,492.2670423599024,BendRegOCT,2026-07-09 13:53:04,ann-thyroid,Quantile Thresholds,5.0,21,15,6,39,3,2,0.9267222222222056,0.9267222222222056,0.0,1168.2117500305176,650.0,-2133768438,0.484702352,True,True,WorstCaseBaseline,False,3,0.002,308,23549190[].aqua,3600,1,0,0,0.05,-1,-1,0,-1,inf,True,True,False,1,False,True,False,False,False,False,False,True,False,Lazy,True,True,Samples,False,LP,Lazy,False,LP,True,2,Recursive,True,True,True,True,True,0.500504,1206,1166
97.24025974025976,12.280701754385966,2.6,3,5,0.9691792207792208,0.2993736267089844,14682,10.998831033706663,0,0,3,4.903745889663696,4262,36.97605705261231,0,0,0,0,0,0,0.4377994537353515,0.9996,0.0,0.0,0.999025046015411,1.6916651725769043,0.6045561940676493,0.9990246998300248,1.908491134643555,0.8647519328918446,BendRegOCT,2026-07-09 13:14:05,ozone-one,Quantile Thresholds,5.0,72,0,72,286,2,9,0.9704025974025944,0.9983999999881432,0.0288513269239874,3600.0122730731964,2247.0,-2072428384,1.60027108,True,True,WorstCaseBaseline,False,3,0.0004,222,23549190[].aqua,3600,1,0,0,0.05,-1,-1,0,-1,inf,True,True,False,1,False,True,False,False,False,False,False,True,False,Lazy,True,True,Samples,False,LP,Lazy,False,LP,True,2,Recursive,True,True,True,True,True,0.93452,3607,3581
93.47222222222224,0.0,2.25,3,4,0.9339222222222222,0.0447022914886474,8092,1.649810552597046,0,0,0,0.0604944229125976,1050,2.976562023162842,0,0,0,0,43295,63277,3.511713743209839,0.9552427,59.12,81.42,0.9552426632869142,84.11865210533142,95.85527803972695,0.954337017443939,343.5209631919861,480.0750029079871,BendRegOCT,2026-07-09 13:53:04,ann-thyroid,Quantile Thresholds,5.0,21,15,6,39,3,2,0.9339222222222052,0.9339222222222052,0.0,1420.5195531845093,871.0,-1368527962,0.649267904,True,True,WorstCaseBaseline,False,3,0.0002,313,23549190[].aqua,3600,1,0,0,0.05,-1,-1,0,-1,inf,True,True,False,1,False,True,False,False,False,False,False,True,False,Lazy,True,True,Samples,False,LP,Lazy,False,LP,True,2,Recursive,True,True,True,True,True,0.6263,1461,1418
97.13203463203465,7.017543859649122,2.6666666666666665,3,6,0.9701203463203464,0.2437431812286377,13710,7.424437284469604,0,0,0,4.004047393798828,2640,18.055448293685917,0,0,0,0,0,0,0.3725869655609131,0.9998,0.0,0.0,0.9995125230076952,1.6303269863128662,0.8317886848803346,0.9992999999999796,2.467513084411621,1.875237150779851,BendRegOCT,2026-07-09 13:17:28,ozone-one,Quantile Thresholds,5.0,72,0,72,286,2,9,0.9701203463203432,0.9991998920703454,0.0299751941708063,3600.0069692134857,1538.0,-1079734457,1.557105968,True,True,WorstCaseBaseline,False,3,0.0002,223,23549190[].aqua,3600,1,0,0,0.05,-1,-1,0,-1,inf,True,True,False,1,False,True,False,False,False,False,False,True,False,Lazy,True,True,Samples,False,LP,Lazy,False,LP,True,2,Recursive,True,True,True,True,True,1.012268,3605,3581
92.58333333333331,0.0,0.0,0,1,0.9218333333333332,0.0517091751098632,7862,0.4664561748504638,0,0,0,0.0419750213623046,1344,3.88927173614502,0,0,0,0,43295,63277,3.4236199855804443,0.9294729,44.61,63.49,0.9294728670369384,56.50616097450256,73.9883664234592,0.928628575738515,198.64099311828613,281.20236651382027,BendRegOCT,2026-07-09 13:52:58,ann-thyroid,Quantile Thresholds,5.0,21,15,6,39,3,2,0.921833333333317,0.921833333333317,0.0,1592.252408027649,1194.0,-413266840,0.56089592,True,True,WorstCaseBaseline,False,3,0.004,307,23549190[].aqua,3600,1,0,0,0.05,-1,-1,0,-1,inf,True,True,False,1,False,True,False,False,False,False,False,True,False,Lazy,True,True,Samples,False,LP,Lazy,False,LP,True,2,Recursive,True,True,True,True,True,0.593512,1668,1591
92.58333333333331,0.0,0.0,0,1,0.9198333333333332,0.0575647354125976,6683,0.2307913303375244,0,0,0,0.0195066928863525,300,0.9569354057312012,0,0,0,0,85007,125845,4.279286861419678,0.9253522,261.97,358.73,0.925352200758522,398.90280318260193,406.1082398056749,0.92156519877522,1532.4891149997711,1876.9629474415576,BendRegOCT,2026-07-09 13:53:58,ann-thyroid,Quantile Thresholds,5.0,21,15,6,39,3,2,0.9198333333333172,0.9198333333333172,0.0,1668.8616859912872,168.0,-1154592096,1.060442584,True,True,WorstCaseBaseline,False,4,0.006,321,23549190[].aqua,3600,1,0,0,0.05,-1,-1,0,-1,inf,True,True,False,1,False,True,False,False,False,False,False,True,False,Lazy,True,True,Samples,False,LP,Lazy,False,LP,True,2,Recursive,True,True,True,True,True,0.912228,1680,1667
93.48611111111111,2.1739130434782608,2.6,3,5,0.9343611111111112,0.0510535240173339,11719,1.7070047855377195,0,0,0,0.0612599849700927,1322,3.225547313690185,0,0,0,0,43295,63277,2.934936761856079,0.9560427,64.76,100.8,0.9560426631995312,86.99774885177612,114.07534320193125,0.95514177590904,295.0135309696197,462.6373628722937,BendRegOCT,2026-07-09 13:53:05,ann-thyroid,Quantile Thresholds,5.0,21,15,6,39,3,2,0.9343611111110944,0.9343611111110944,0.0,1818.7133860588076,1140.0,889109254,0.690135448,True,True,WorstCaseBaseline,False,3,0.0001,314,23549190[].aqua,3600,1,0,0,0.05,-1,-1,0,-1,inf,True,True,False,1,False,True,False,False,False,False,False,True,False,Lazy,True,True,Samples,False,LP,Lazy,False,LP,True,2,Recursive,True,True,True,True,True,0.666888,1859,1820
96.91558441558442,0.0,0.0,0,1,0.963155844155844,0.351602554321289,16260,8.472482442855835,0,0,0,3.513865232467652,9424,41.41548013687134,0,0,0,0,0,0,0.3865249156951904,0.994,0.0,0.0,0.9856497722585564,1.4462461471557615,0.5712261560123185,0.9855977190684936,1.674778938293457,0.8488195200167021,BendRegOCT,2026-07-09 13:24:07,ozone-one,Quantile Thresholds,5.0,72,0,72,286,2,9,0.9631558441558412,0.9751659263288748,0.0124695107711877,3600.02834391594,5238.0,-1276493361,1.419188888,True,True,WorstCaseBaseline,False,4,0.006,231,23549190[].aqua,3600,1,0,0,0.05,-1,-1,0,-1,inf,True,True,False,1,False,True,False,False,False,False,False,True,False,Lazy,True,True,Samples,False,LP,Lazy,False,LP,True,2,Recursive,True,True,True,True,True,0.947788,3606,3581
93.47222222222224,0.0,2.25,3,4,0.9323222222222224,0.0435469150543212,9881,2.506274938583374,0,0,0,0.0618031024932861,1322,3.3097293376922607,0,0,0,0,43295,63277,3.081343173980713,0.9520427,67.42,99.37,0.9520426666753552,102.949285030365,148.5169036136821,0.951122153000523,273.721302986145,432.2437330460658,BendRegOCT,2026-07-09 13:53:04,ann-thyroid,Quantile Thresholds,5.0,21,15,6,39,3,2,0.9323222222222054,0.9323222222222054,0.0,1871.4253289699557,780.0,-80277160,1.000534408,True,True,WorstCaseBaseline,False,3,0.0006,311,23549190[].aqua,3600,1,0,0,0.05,-1,-1,0,-1,inf,True,True,False,1,False,True,False,False,False,False,False,True,False,Lazy,True,True,Samples,False,LP,Lazy,False,LP,True,2,Recursive,True,True,True,True,True,0.83568,1909,1863
85.1063829787234,0.0,0.0,0,1,0.841063829787234,0.018228530883789,4159,0.544274091720581,0,0,0,0.0358874797821044,162668,73.42386436462402,0,0,0,0,4706,6985,0.1200652122497558,0.8945745,0.54,0.72,0.8945744680850971,0.7938990592956543,0.9428517835467968,0.8848274329672324,3.580198049545288,3.318396324911248,BendRegOCT,2026-07-09 13:36:14,thoracic,Quantile Thresholds,5.0,16,13,3,36,2,2,0.8410638297872348,0.8410638297872348,0.0,3013.6779160499573,125731.0,1031440395,0.261474456,True,True,WorstCaseBaseline,False,4,0.01,259,23549190[].aqua,3600,1,0,0,0.05,-1,-1,0,-1,inf,True,True,False,1,False,True,False,False,False,False,False,True,False,Lazy,True,True,Samples,False,LP,Lazy,False,LP,True,2,Recursive,True,True,True,True,True,0.419136,3019,2992
97.13203463203465,7.017543859649122,2.6666666666666665,3,6,0.9707203463203464,0.6820764541625977,12242,9.655713319778442,0,0,0,6.384067535400391,3960,83.6867163181305,0,0,0,0,0,0,0.4521059989929199,0.9999,0.0,0.0,0.9997562572873366,7.271022081375122,0.6443686508849066,0.9997019999999796,10.141385078430176,1.5090189416971531,BendRegOCT,2026-07-09 13:34:02,ozone-one,Quantile Thresholds,5.0,72,0,72,286,2,9,0.9707203463203432,0.9995999999999796,0.0297507451956775,3600.179624080658,1160.0,-1889084681,1.496806776,True,True,WorstCaseBaseline,False,4,0.0001,239,23549190[].aqua,3600,1,0,0,0.05,-1,-1,0,-1,inf,True,True,False,1,False,True,False,False,False,False,False,True,False,Lazy,True,True,Samples,False,LP,Lazy,False,LP,True,2,Recursive,True,True,True,True,True,1.002968,3700,3603
93.47222222222224,0.0,2.25,3,4,0.9331222222222222,0.0435669422149658,11284,1.2329132556915283,0,0,0,0.0533838272094726,2196,5.361066818237305,0,0,0,0,43295,63277,3.098096370697021,0.9536427,69.98,104.64,0.953642660265561,91.91766405105592,118.3179004482412,0.9527384240559232,312.89379501342773,477.7950168658579,BendRegOCT,2026-07-09 13:53:04,ann-thyroid,Quantile Thresholds,5.0,21,15,6,39,3,2,0.9331222222222052,0.9331222222222052,0.0,2553.7225489616394,1605.0,-168691664,0.995120776,True,True,WorstCaseBaseline,False,3,0.0004,312,23549190[].aqua,3600,1,0,0,0.05,-1,-1,0,-1,inf,True,True,False,1,False,True,False,False,False,False,False,True,False,Lazy,True,True,Samples,False,LP,Lazy,False,LP,True,2,Recursive,True,True,True,True,True,0.9067,2597,2541
85.1063829787234,0.0,0.0,0,1,0.843063829787234,0.0169374942779541,5028,0.6423499584197998,0,0,0,0.0405123233795166,205584,71.31470131874084,0,0,0,0,4706,6985,0.1117632389068603,0.8978298,0.58,0.8,0.8978297872340336,0.7955961227416992,1.0124551920155125,0.892949011789769,7.888170957565308,10.810949697835747,BendRegOCT,2026-07-09 13:37:04,thoracic,Quantile Thresholds,5.0,16,13,3,36,2,9,0.8430638297872348,0.8572751283932423,0.0168567291157467,3600.001822948456,104628.0,-1707349594,0.339131696,True,True,WorstCaseBaseline,False,4,0.008,260,23549190[].aqua,3600,1,0,0,0.05,-1,-1,0,-1,inf,True,True,False,1,False,True,False,False,False,False,False,True,False,Lazy,True,True,Samples,False,LP,Lazy,False,LP,True,2,Recursive,True,True,True,True,True,0.548004,3605,3576
85.1063829787234,0.0,0.0,0,1,0.847063829787234,0.0178136825561523,4930,0.9518449306488036,0,0,0,0.0805153846740722,155894,58.2003653049469,0,0,0,0,4706,6985,0.1138029098510742,0.9178298,0.98,1.31,0.9178297872340332,1.7273950576782229,2.0894136313040805,0.9173475177304866,4.682276964187622,5.6784523307897175,BendRegOCT,2026-07-09 13:37:04,thoracic,Quantile Thresholds,5.0,16,13,3,36,2,9,0.8470638297872348,0.9138224617394458,0.0788118080416435,3600.0039179325104,46720.0,-2122549101,0.353349576,True,True,WorstCaseBaseline,False,4,0.004,262,23549190[].aqua,3600,1,0,0,0.05,-1,-1,0,-1,inf,True,True,False,1,False,True,False,False,False,False,False,True,False,Lazy,True,True,Samples,False,LP,Lazy,False,LP,True,2,Recursive,True,True,True,True,True,0.542732,3605,3574
85.1063829787234,0.0,0.0,0,1,0.845063829787234,0.0186645984649658,3821,0.8020086288452148,0,0,0,0.0611636638641357,156592,74.1856324672699,0,0,0,0,4706,6985,0.1206579208374023,0.9035298,0.78,0.93,0.903529787234034,1.227031946182251,1.2174784072428846,0.9026098381099028,3.2256431579589844,3.007641414642368,BendRegOCT,2026-07-09 13:37:05,thoracic,Quantile Thresholds,5.0,16,13,3,36,2,9,0.8450638297872348,0.8875778759999229,0.0503086804974152,3600.005474090576,59882.0,45451906,0.326586056,True,True,WorstCaseBaseline,False,4,0.006,261,23549190[].aqua,3600,1,0,0,0.05,-1,-1,0,-1,inf,True,True,False,1,False,True,False,False,False,False,False,True,False,Lazy,True,True,Samples,False,LP,Lazy,False,LP,True,2,Recursive,True,True,True,True,True,0.532032,3606,3575
88.93617021276596,30.0,3.933333333333333,4,15,0.8678680851063829,0.0172188282012939,4286,1.440019607543945,0,0,6,0.0821161270141601,263610,103.17272686958312,0,0,0,0,4706,6985,0.1110179424285888,0.9669957,0.92,1.39,0.9669957446808404,1.9580199718475344,2.803571610535404,0.9669957446808404,6.332463979721069,10.109791846803184,BendRegOCT,2026-07-09 13:38:47,thoracic,Quantile Thresholds,5.0,16,13,3,36,2,9,0.8803617021276604,0.9525982978723302,0.0820533146433882,3600.0018570423126,65835.0,-1962806223,0.415124872,True,True,WorstCaseBaseline,False,4,0.0006,266,23549190[].aqua,3600,1,0,0,0.05,-1,-1,0,-1,inf,True,True,False,1,False,True,False,False,False,False,False,True,False,Lazy,True,True,Samples,False,LP,Lazy,False,LP,True,2,Recursive,True,True,True,True,True,0.5663,3607,3573
88.93617021276596,28.571428571428573,3.857142857142857,4,14,0.863468085106383,0.0179581642150878,3887,3.932558536529541,0,0,11,0.1054627895355224,328338,116.97962069511414,0,0,0,0,4706,6985,0.1128559112548828,0.9605957,0.83,1.22,0.9605957446808406,2.328619956970215,3.3225258917285814,0.9605957446808404,6.847357988357544,9.973356415878076,BendRegOCT,2026-07-09 13:38:47,thoracic,Quantile Thresholds,5.0,16,13,3,36,2,9,0.8753617021276604,0.9421185410334252,0.0762620054584352,3600.0376908779144,82953.0,952050002,0.40826808,True,True,WorstCaseBaseline,False,4,0.001,264,23549190[].aqua,3600,1,0,0,0.05,-1,-1,0,-1,inf,True,True,False,1,False,True,False,False,False,False,False,True,False,Lazy,True,True,Samples,False,LP,Lazy,False,LP,True,2,Recursive,True,True,True,True,True,0.585012,3622,3576
88.93617021276596,30.0,3.933333333333333,4,15,0.8656680851063829,0.0179555416107177,3780,1.5273044109344482,0,0,10,0.1004493236541748,265944,121.4653377532959,0,0,0,0,4706,6985,0.1170597076416015,0.9637957,1.0,1.31,0.9637957446808404,2.3112030029296875,2.924893936740548,0.9637957446808402,5.847677946090698,7.93306270508471,BendRegOCT,2026-07-09 13:38:58,thoracic,Quantile Thresholds,5.0,16,13,3,36,2,9,0.8773617021276604,0.9459715313116984,0.0782001642169412,3600.0046269893646,75671.0,-36364590,0.377898968,True,True,WorstCaseBaseline,False,4,0.0008,265,23549190[].aqua,3600,1,0,0,0.05,-1,-1,0,-1,inf,True,True,False,1,False,True,False,False,False,False,False,True,False,Lazy,True,True,Samples,False,LP,Lazy,False,LP,True,2,Recursive,True,True,True,True,True,0.54984,3617,3575
88.51063860409735,25.714285714285715,3.769230769230769,4,13,0.852468085106383,0.0179128646850585,4582,1.9013466835021973,0,0,3,0.09814453125,172022,82.26518368721008,0,0,0,0,4706,6985,0.1183345317840576,0.9445957,0.89,1.27,0.9445957446808408,2.1500210762023926,2.7590635881155228,0.9445957446808408,5.006651163101196,7.014734827683574,BendRegOCT,2026-07-09 13:39:23,thoracic,Quantile Thresholds,5.0,16,13,3,36,2,9,0.8591063860409742,0.9400744680850968,0.0942468632054388,3600.02934718132,50968.0,-395219957,0.340298936,True,True,WorstCaseBaseline,False,4,0.002,263,23549190[].aqua,3600,1,0,0,0.05,-1,-1,0,-1,inf,True,True,False,1,False,True,False,False,False,False,False,True,False,Lazy,True,True,Samples,False,LP,Lazy,False,LP,True,2,Recursive,True,True,True,True,True,0.442332,3645,3579
88.93617021276596,35.714285714285715,4.0,4,16,0.870068085106383,0.0169847011566162,4031,1.1631004810333252,0,0,4,0.0632789134979248,452498,117.87576174736024,0,0,0,0,4706,6985,0.1092355251312255,0.9701957,0.81,1.21,0.9701957446808404,1.7940731048583984,2.5875294256368995,0.9701957446808402,6.691681146621704,10.820860378358937,BendRegOCT,2026-07-09 13:39:35,thoracic,Quantile Thresholds,5.0,16,13,3,36,2,9,0.8829617021276605,0.9500615602836784,0.0759940753877866,3600.0013411045074,111005.0,397452555,0.509738256,True,True,WorstCaseBaseline,False,4,0.0004,267,23549190[].aqua,3600,1,0,0,0.05,-1,-1,0,-1,inf,True,True,False,1,False,True,False,False,False,False,False,True,False,Lazy,True,True,Samples,False,LP,Lazy,False,LP,True,2,Recursive,True,True,True,True,True,0.7109,3604,3581
88.72340425531915,27.142857142857142,3.933333333333333,4,15,0.873368085106383,0.0440289974212646,4282,1.7117321491241455,0,0,6,0.0844209194183349,318388,121.0838978290558,0,0,0,0,4706,6985,0.1521520614624023,0.9749957,1.57,1.45,0.9749957446808404,7.025990009307861,3.283405173916627,0.9745086142542754,9.86602783203125,6.191776390088417,BendRegOCT,2026-07-09 13:40:42,thoracic,Quantile Thresholds,5.0,16,13,3,36,2,9,0.8857340425531923,0.9640170212765856,0.0883820367767925,3600.002166986465,76484.0,756501244,0.408117296,True,True,WorstCaseBaseline,False,4,0.0001,269,23549190[].aqua,3600,1,0,0,0.05,-1,-1,0,-1,inf,True,True,False,1,False,True,False,False,False,False,False,True,False,Lazy,True,True,Samples,False,LP,Lazy,False,LP,True,2,Recursive,True,True,True,True,True,0.56324,3672,3589
89.14893617021276,31.428571428571427,3.933333333333333,4,15,0.872268085106383,0.047525405883789,4304,2.2753024101257324,0,0,9,0.1231768131256103,202192,108.14145588874815,0,0,0,0,4706,6985,0.1515734195709228,0.9733957,2.38,1.26,0.97339574468084,10.670184135437012,2.898399115810129,0.97339574468084,16.63676619529724,8.33398133827533,BendRegOCT,2026-07-09 13:40:42,thoracic,Quantile Thresholds,5.0,16,13,3,36,2,9,0.8884893617021286,0.9549053466328716,0.0747515814972802,3600.042575120926,50850.0,-1519905006,0.323515336,True,True,WorstCaseBaseline,False,4,0.0002,268,23549190[].aqua,3600,1,0,0,0.05,-1,-1,0,-1,inf,True,True,False,1,False,True,False,False,False,False,False,True,False,Lazy,True,True,Samples,False,LP,Lazy,False,LP,True,2,Recursive,True,True,True,True,True,0.455516,3673,3598
93.42105263157896,0.0,0.0,0,1,0.9332105263157896,0.0302107334136962,11552,1.9295074939727783,0,0,0,0.1255826950073242,22334,16.187824964523315,0,0,0,0,22832,33891,0.7862727642059326,0.9585815,21.55,33.59,0.9585815379718392,26.64721179008484,37.39497887427911,0.9584847535473404,53.23131680488586,76.15837333195773,BendRegOCT,2026-07-09 13:49:13,seismic-bumps,Quantile Thresholds,5.0,15,5,10,39,2,9,0.9332105263157932,0.9575247676855164,0.0260544011068039,3600.013377904892,5175.0,-968824704,0.639933208,True,True,WorstCaseBaseline,False,4,0.001,294,23549190[].aqua,3600,1,0,0,0.05,-1,-1,0,-1,inf,True,True,False,1,False,True,False,False,False,False,False,True,False,Lazy,True,True,Samples,False,LP,Lazy,False,LP,True,2,Recursive,True,True,True,True,True,0.692704,3605,3577
93.42105263157896,0.0,0.0,0,1,0.9322105263157896,0.0298283100128173,8815,1.4069857597351074,0,0,0,0.0907599925994873,29176,22.429688215255737,0,0,0,0,22832,33891,0.8373146057128906,0.9453046,13.54,22.45,0.9453046439628572,21.706233978271484,30.220629775327165,0.9452308642185354,40.55096292495728,58.67126674172728,BendRegOCT,2026-07-09 13:49:13,seismic-bumps,Quantile Thresholds,5.0,15,5,10,39,2,9,0.9322105263157932,0.943661070510685,0.0122832170112322,3600.0038578510284,8200.0,-2141424966,0.675443352,True,True,WorstCaseBaseline,False,4,0.002,293,23549190[].aqua,3600,1,0,0,0.05,-1,-1,0,-1,inf,True,True,False,1,False,True,False,False,False,False,False,True,False,Lazy,True,True,Samples,False,LP,Lazy,False,LP,True,2,Recursive,True,True,True,True,True,0.721776,3605,3577
93.73065015479877,5.882352941176471,3.6666666666666665,4,9,0.9355065015479876,0.0301733016967773,11588,4.035749673843384,0,0,0,0.1747660636901855,18578,13.946167469024658,0,0,0,0,22832,33891,0.7718040943145752,0.9713816,25.32,38.03,0.9713815577125102,36.978683948516846,54.9494344757309,0.9713326796533336,48.856096029281616,72.9034902692039,BendRegOCT,2026-07-09 13:49:51,seismic-bumps,Quantile Thresholds,5.0,15,5,10,39,2,9,0.9355065015479912,0.9700444413172068,0.0369189735315202,3600.003559112549,3995.0,-548742738,0.651321,True,True,WorstCaseBaseline,False,4,0.0002,298,23549190[].aqua,3600,1,0,0,0.05,-1,-1,0,-1,inf,True,True,False,1,False,True,False,False,False,False,False,True,False,Lazy,True,True,Samples,False,LP,Lazy,False,LP,True,2,Recursive,True,True,True,True,True,0.718856,3605,3578
93.61455108359134,4.117647058823529,2.8,4,5,0.9341455108359134,0.0310165882110595,13709,3.990156173706055,0,0,0,0.1923005580902099,15160,11.028576850891112,0,0,0,0,22832,33891,0.8651137351989746,0.9681815,21.64,32.94,0.96818154719704,27.297993183135983,37.43137041257028,0.9681326705165052,52.914560079574585,78.54761238821585,BendRegOCT,2026-07-09 13:49:51,seismic-bumps,Quantile Thresholds,5.0,15,5,10,39,2,9,0.9341455108359168,0.9670848524678384,0.0352614675656321,3600.004039049149,3045.0,715573662,0.664882512,True,True,WorstCaseBaseline,False,4,0.0004,297,23549190[].aqua,3600,1,0,0,0.05,-1,-1,0,-1,inf,True,True,False,1,False,True,False,False,False,False,False,True,False,Lazy,True,True,Samples,False,LP,Lazy,False,LP,True,2,Recursive,True,True,True,True,True,0.757432,3605,3578
93.42105263157896,0.0,0.0,0,1,0.9336105263157894,0.0304963588714599,13883,2.631218433380127,0,0,0,0.1528501510620117,13876,10.556970119476318,0,0,0,0,22832,33891,0.8589966297149658,0.9649816,21.79,33.16,0.9649815524081116,27.12317514419556,37.30277738771962,0.9648157371132444,51.73496603965759,72.0904123587997,BendRegOCT,2026-07-09 13:49:51,seismic-bumps,Quantile Thresholds,5.0,15,5,10,39,2,9,0.9336105263157932,0.9638428838060435,0.0323821943284563,3600.0083220005035,3061.0,-2062998316,0.696504928,True,True,WorstCaseBaseline,False,4,0.0006,296,23549190[].aqua,3600,1,0,0,0.05,-1,-1,0,-1,inf,True,True,False,1,False,True,False,False,False,False,False,True,False,Lazy,True,True,Samples,False,LP,Lazy,False,LP,True,2,Recursive,True,True,True,True,True,0.739664,3605,3578
93.42105263157896,0.0,0.0,0,1,0.9334105263157896,0.0313720703125,11961,2.441253423690796,0,0,0,0.1677305698394775,14104,11.21832013130188,0,0,0,0,22832,33891,0.9240593910217284,0.9617816,23.04,35.5,0.9617815577125104,32.37871193885803,47.49844540708198,0.96173267876865,45.10210800170898,64.72686116831605,BendRegOCT,2026-07-09 13:49:51,seismic-bumps,Quantile Thresholds,5.0,15,5,10,39,2,9,0.9334105263157932,0.9606990964964334,0.0292353358048674,3600.0033779144287,3311.0,-1643242648,0.622535512,True,True,WorstCaseBaseline,False,4,0.0008,295,23549190[].aqua,3600,1,0,0,0.05,-1,-1,0,-1,inf,True,True,False,1,False,True,False,False,False,False,False,True,False,Lazy,True,True,Samples,False,LP,Lazy,False,LP,True,2,Recursive,True,True,True,True,True,0.658596,3606,3578
93.73065015479877,5.882352941176471,3.6666666666666665,4,9,0.9364065015479875,0.0636875629425048,11650,6.008925914764404,0,0,0,0.2536356449127197,13468,12.979697227478027,0,0,0,0,22832,33891,1.0756502151489258,0.9729815,31.27,35.38,0.9729815411369636,44.546303033828735,41.97281498983872,0.9728499716787378,90.77837204933168,97.07476485795148,BendRegOCT,2026-07-09 13:52:22,seismic-bumps,Quantile Thresholds,5.0,15,5,10,39,2,9,0.9364065015479912,0.9720338064999308,0.0380468363825363,3600.0836930274963,2518.0,1343328758,0.642606384,True,True,WorstCaseBaseline,False,4,0.0001,299,23549190[].aqua,3600,1,0,0,0.05,-1,-1,0,-1,inf,True,True,False,1,False,True,False,False,False,False,False,True,False,Lazy,True,True,Samples,False,LP,Lazy,False,LP,True,2,Recursive,True,True,True,True,True,0.628712,3680,3591
94.06944444444444,17.66304347826087,3.1666666666666665,4,6,0.9286944444444444,0.0513367652893066,5976,0.3938055038452148,0,0,0,0.0170166492462158,272,0.9143517017364502,0,0,0,0,85007,125845,3.925657987594605,0.9415127,313.98,510.12,0.9415126940064166,554.6913311481476,976.5436050956764,0.9412674045720684,1626.8177239894867,2856.31510907855,BendRegOCT,2026-07-09 13:53:56,ann-thyroid,Quantile Thresholds,5.0,21,15,6,39,3,9,0.9286944444444278,0.9412674045720684,0.0135383173689189,3600.0100140571594,99.0,-1797226609,1.058878912,True,True,WorstCaseBaseline,False,4,0.002,323,23549190[].aqua,3600,1,0,0,0.05,-1,-1,0,-1,inf,True,True,False,1,False,True,False,False,False,False,False,True,False,Lazy,True,True,Samples,False,LP,Lazy,False,LP,True,2,Recursive,True,True,True,True,True,0.783276,3610,3583
94.06944444444444,17.66304347826087,3.1666666666666665,4,6,0.9346944444444444,0.0569739341735839,203,0.2399554252624511,0,0,0,0.0179758071899414,180,0.6646268367767334,0,0,0,0,85007,125845,4.470325708389282,0.9558619,410.65,589.74,0.9558619054104116,535.0681250095367,750.6091545821762,0.9556532393817224,1454.924933195114,2182.2073839239906,BendRegOCT,2026-07-09 13:54:38,ann-thyroid,Quantile Thresholds,5.0,21,15,6,39,3,9,0.9346944444444276,0.9552810155437456,0.0220249207874071,3600.0118370056152,48.0,-14035491,0.995308592,True,True,WorstCaseBaseline,False,4,0.001,324,23549190[].aqua,3600,1,0,0,0.05,-1,-1,0,-1,inf,True,True,False,1,False,True,False,False,False,False,False,True,False,Lazy,True,True,Samples,False,LP,Lazy,False,LP,True,2,Recursive,True,True,True,True,True,0.742372,3611,3580
94.06944444444444,17.66304347826087,3.1666666666666665,4,6,0.9370944444444445,0.0541822910308837,1021,0.3437216281890869,0,0,0,0.021519660949707,170,0.5587713718414307,0,0,0,0,85007,125845,4.141782999038696,0.9622619,407.9,614.36,0.9622619054104128,583.5108850002289,864.8753005172107,0.9621090167304668,1362.4953689575195,2163.7226121020813,BendRegOCT,2026-07-09 13:55:26,ann-thyroid,Quantile Thresholds,5.0,21,15,6,39,3,9,0.9370944444444276,0.9617409401188044,0.0263009729920968,3600.010591030121,42.0,-1791807983,1.365879096,True,True,WorstCaseBaseline,False,4,0.0006,326,23549190[].aqua,3600,1,0,0,0.05,-1,-1,0,-1,inf,True,True,False,1,False,True,False,False,False,False,False,True,False,Lazy,True,True,Samples,False,LP,Lazy,False,LP,True,2,Recursive,True,True,True,True,True,0.876252,3610,3579
94.06944444444444,17.66304347826087,3.1666666666666665,4,6,0.9358944444444444,0.1096446514129638,0,0.2381141185760498,0,0,0,0.0417215824127197,18,0.1477553844451904,0,0,0,0,85007,125845,7.585183620452881,0.9590619,1718.59,581.35,0.959061905410412,2609.346112966537,1000.8076551450652,0.9590092399413136,3587.1429829597478,1355.6881769577358,BendRegOCT,2026-07-09 13:55:36,ann-thyroid,Quantile Thresholds,5.0,21,15,6,39,3,9,0.9358944444444276,0.9590092399413136,0.0246980796115396,3600.03764796257,1.0,-95070257,0.807358848,True,True,WorstCaseBaseline,False,4,0.0008,325,23549190[].aqua,3600,1,0,0,0.05,-1,-1,0,-1,inf,True,True,False,1,False,True,False,False,False,False,False,True,False,Lazy,True,True,Samples,False,LP,Lazy,False,LP,True,2,Recursive,True,True,True,True,True,0.71386,3621,3587
94.06944444444444,17.66304347826087,3.1666666666666665,4,6,0.9382944444444444,0.0570175647735595,851,0.3315587043762207,0,0,0,0.0218188762664794,128,0.4481768608093261,0,0,0,0,85007,125845,4.275709867477417,0.9654619,504.9,634.91,0.9654619054104128,701.6748399734497,926.469878851406,0.9652871376602844,1751.8623549938202,2404.490443960131,BendRegOCT,2026-07-09 13:56:04,ann-thyroid,Quantile Thresholds,5.0,21,15,6,39,3,9,0.9382944444444272,0.9625687279581564,0.0258706461041682,3600.012757062912,24.0,-735076847,1.029014272,True,True,WorstCaseBaseline,False,4,0.0004,327,23549190[].aqua,3600,1,0,0,0.05,-1,-1,0,-1,inf,True,True,False,1,False,True,False,False,False,False,False,True,False,Lazy,True,True,Samples,False,LP,Lazy,False,LP,True,2,Recursive,True,True,True,True,True,0.77274,3611,3580
94.125,18.75,3.5,4,8,0.93965,0.0574102401733398,5473,0.7927050590515137,0,0,0,0.0386624336242675,128,0.4509050846099853,0,0,0,0,85007,125845,4.619301795959473,0.9686619,460.42,609.28,0.968661905410414,678.923919916153,948.1882874268484,0.9685062484084228,1754.096533060074,2595.557453248696,BendRegOCT,2026-07-09 13:56:04,ann-thyroid,Quantile Thresholds,5.0,21,15,6,39,3,9,0.9396499999999828,0.9667280987607773,0.0288172178585588,3600.010740995407,27.0,165694523,1.123767392,True,True,WorstCaseBaseline,False,4,0.0002,328,23549190[].aqua,3600,1,0,0,0.05,-1,-1,0,-1,inf,True,True,False,1,False,True,False,False,False,False,False,True,False,Lazy,True,True,Samples,False,LP,Lazy,False,LP,True,2,Recursive,True,True,True,True,True,0.860724,3611,3581
94.125,18.75,3.5,4,8,0.94045,0.0494730472564697,8308,0.9594335556030272,0,0,0,0.050386905670166,154,0.4472963809967041,0,0,0,0,85007,125845,3.8318629264831534,0.9702619,349.87,591.81,0.9702619054104138,615.1682250499725,1195.643026947916,0.9699806958444492,1999.6008529663088,3682.573124121287,BendRegOCT,2026-07-09 13:56:16,ann-thyroid,Quantile Thresholds,5.0,21,15,6,39,3,9,0.9404499999999828,0.9683079323519368,0.0296219175415538,3600.009401082993,23.0,-1666626915,1.157372512,True,True,WorstCaseBaseline,False,4,0.0001,329,23549190[].aqua,3600,1,0,0,0.05,-1,-1,0,-1,inf,True,True,False,1,False,True,False,False,False,False,False,True,False,Lazy,True,True,Samples,False,LP,Lazy,False,LP,True,2,Recursive,True,True,True,True,True,0.9057,3622,3582
89.17525773195877,63.04347826086956,3.857142857142857,4,14,0.8813979381443299,0.0511915683746337,2676,0.9289519786834716,0,0,2,0.1137788295745849,100468,58.35705304145813,0,0,0,0,0,0,0.0058128833770751,0.9996,0.0,0.0,0.9989944134078188,0.1274561882019043,0.0193099044706128,0.9989162431658752,0.1712391376495361,0.0592272289811055,BendRegOCT,2026-07-09 15:12:08,wpbc,Quantile Thresholds,5.0,32,0,32,127,2,9,0.8861525773195874,0.9979887236465949,0.1262041652751117,3600.0312101840973,31668.0,-834028550,0.917028696,True,True,WorstCaseBaseline,False,4,0.0004,8,23555416[].aqua,3600,1,0,0,0.05,-1,-1,0,-1,inf,True,True,False,1,False,True,False,False,False,False,False,True,False,Lazy,True,True,Samples,False,LP,Lazy,False,LP,True,2,Recursive,True,True,True,True,True,1.14094,3610,3580
96.91558441558442,0.0,0.0,0,1,0.968555844155844,0.3767120838165283,18290,11.8497474193573,0,0,0,5.609994173049927,3454,40.67787528038025,0,0,0,0,0,0,0.387653112411499,0.9994,0.0,0.0,0.9985375608606633,1.6083991527557373,0.7126277126622288,0.9985359986917084,1.8778090476989744,1.0180143900507492,BendRegOCT,2026-07-09 15:12:31,ozone-one,Quantile Thresholds,5.0,72,0,72,286,2,9,0.9685558441558412,0.9975999999999796,0.0299870740746521,3600.0063560009003,1058.0,1682343148,1.830290072,True,True,WorstCaseBaseline,False,4,0.0006,1,23555416[].aqua,3600,1,0,0,0.05,-1,-1,0,-1,inf,True,True,False,1,False,True,False,False,False,False,False,True,False,Lazy,True,True,Samples,False,LP,Lazy,False,LP,True,2,Recursive,True,True,True,True,True,1.129156,3634,3581
92.58333333333331,0.0,0.0,0,1,0.9218333333333332,0.0614216327667236,7549,0.5069131851196289,0,0,0,0.034801959991455,1394,3.526038646697998,0,0,0,0,85007,125845,4.252175331115723,0.9294729,289.24,408.62,0.9294728670369382,365.40071201324463,460.2854789891283,0.9289660439290311,854.1917250156403,1032.8249506697146,BendRegOCT,2026-07-09 15:12:34,ann-thyroid,Quantile Thresholds,5.0,21,15,6,39,3,9,0.921833333333317,0.928488588894905,0.0072195865791952,3600.0166981220245,668.0,-1234346935,1.63432156,True,True,WorstCaseBaseline,False,4,0.004,0,23555416[].aqua,3600,1,0,0,0.05,-1,-1,0,-1,inf,True,True,False,1,False,True,False,False,False,False,False,True,False,Lazy,True,True,Samples,False,LP,Lazy,False,LP,True,2,Recursive,True,True,True,True,True,1.25928,3636,3583
96.91558441558442,0.0,0.0,0,1,0.967155844155844,0.324697732925415,20403,12.536577939987184,0,0,0,5.631206035614014,9366,76.81043100357056,0,0,0,0,0,0,0.3808972835540771,0.998,0.0,0.0,0.9951226796011274,1.588197946548462,0.5627435644007983,0.9951225822484232,1.8633091449737549,0.8458212418159123,BendRegOCT,2026-07-09 15:12:59,ozone-one,Quantile Thresholds,5.0,72,0,72,286,2,9,0.9671558441558412,0.9919729678141742,0.0256599014608593,3600.054207086563,3353.0,-1755497650,2.731386024,True,True,WorstCaseBaseline,False,4,0.002,2,23555416[].aqua,3600,1,0,0,0.05,-1,-1,0,-1,inf,True,True,False,1,False,True,False,False,False,False,False,True,False,Lazy,True,True,Samples,False,LP,Lazy,False,LP,True,2,Recursive,True,True,True,True,True,1.14918,3662,3578
97.34848484848484,15.789473684210526,2.857142857142857,3,7,0.9707203463203464,0.2559092044830322,13273,9.745477676391602,0,0,2,4.726442098617554,7220,51.70665144920349,0,0,0,0,0,0,0.3765566349029541,0.9999,0.0,0.0,0.9997562573683012,1.5727591514587402,0.5980691384875644,0.9996499999999796,2.293612003326416,1.4081256977770202,BendRegOCT,2026-07-09 15:12:59,ozone-one,Quantile Thresholds,5.0,72,0,72,286,2,9,0.9727848484848454,0.999180714067778,0.0271343304987173,3600.1327509880066,4034.0,-506854434,1.93524956,True,True,WorstCaseBaseline,False,3,0.0001,6,23555416[].aqua,3600,1,0,0,0.05,-1,-1,0,-1,inf,True,True,False,1,False,True,False,False,False,False,False,True,False,Lazy,True,True,Samples,False,LP,Lazy,False,LP,True,2,Recursive,True,True,True,True,True,1.090632,3671,3581
96.91558441558442,0.0,0.0,0,1,0.965155844155844,0.312091588973999,19214,11.402066707611084,0,0,0,4.646078586578369,14900,91.58063197135924,0,0,0,0,0,0,0.3789687156677246,0.996,0.0,0.0,0.9902932915170644,1.5720410346984863,0.5817756625497841,0.9902932915170644,2.6311609745025635,0.9805662071659176,BendRegOCT,2026-07-09 15:12:59,ozone-one,Quantile Thresholds,5.0,72,0,72,286,2,9,0.9651558441558412,0.983985669966695,0.0195096221246249,3600.0160081386566,5870.0,1943473686,2.522506904,True,True,WorstCaseBaseline,False,4,0.004,5,23555416[].aqua,3600,1,0,0,0.05,-1,-1,0,-1,inf,True,True,False,1,False,True,False,False,False,False,False,True,False,Lazy,True,True,Samples,False,LP,Lazy,False,LP,True,2,Recursive,True,True,True,True,True,1.257688,3671,3578
97.2943722943723,19.29824561403509,3.333333333333333,4,9,0.9701203463203464,0.3208556175231933,20065,11.667311429977415,0,0,2,4.771453380584717,11758,92.57123613357544,0,0,0,0,0,0,0.3812544345855713,0.9998,0.0,0.0,0.9995125202868742,1.5776679515838623,0.5377063578319841,0.9994125230076952,2.124145984649658,0.9479176082221564,BendRegOCT,2026-07-09 15:12:59,ozone-one,Quantile Thresholds,5.0,72,0,72,286,2,9,0.97114372294372,0.999184615384595,0.0288740912167745,3600.096212863922,2863.0,1520151568,2.033791952,True,True,WorstCaseBaseline,False,4,0.0002,3,23555416[].aqua,3600,1,0,0,0.05,-1,-1,0,-1,inf,True,True,False,1,False,True,False,False,False,False,False,True,False,Lazy,True,True,Samples,False,LP,Lazy,False,LP,True,2,Recursive,True,True,True,True,True,1.491948,3662,3578
96.91558441558442,0.0,0.0,0,1,0.968355844155844,0.3391788005828857,16984,14.335527420043944,0,0,0,7.525742769241333,11294,112.9181797504425,0,0,0,0,0,0,0.3733019828796386,0.9992,0.26,0.0,0.9980500920308424,2.7356419563293457,0.5666411358244622,0.9980500920308424,4.196603775024414,1.0198452555773814,BendRegOCT,2026-07-09 15:12:59,ozone-one,Quantile Thresholds,5.0,72,0,72,286,2,9,0.9683558441558412,0.99669481010022,0.0292650332162586,3600.131366968155,3888.0,-325696476,2.504470568,True,True,WorstCaseBaseline,False,4,0.0008,9,23555416[].aqua,3600,1,0,0,0.05,-1,-1,0,-1,inf,True,True,False,1,False,True,False,False,False,False,False,True,False,Lazy,True,True,Samples,False,LP,Lazy,False,LP,True,2,Recursive,True,True,True,True,True,1.239576,3662,3585
97.07792207792208,5.2631578947368425,2.25,3,4,0.9691792207792208,0.3229422569274902,20662,13.588992357254028,0,0,0,6.1063618659973145,19242,158.30559277534485,0,0,0,0,0,0,0.3822236061096191,0.9996,0.0,0.0,0.9990250405737688,1.515491008758545,0.6006806375987852,0.9990239991277988,1.730057954788208,0.8724676943146112,BendRegOCT,2026-07-09 15:12:59,ozone-one,Quantile Thresholds,5.0,72,0,72,286,2,9,0.9691792207792176,0.9983863140805128,0.0301359053878731,3600.112489938736,5693.0,-1555709876,1.40091916,True,True,WorstCaseBaseline,False,4,0.0004,4,23555416[].aqua,3600,1,0,0,0.05,-1,-1,0,-1,inf,True,True,False,1,False,True,False,False,False,False,False,True,False,Lazy,True,True,Samples,False,LP,Lazy,False,LP,True,2,Recursive,True,True,True,True,True,1.26742,3662,3579
96.91558441558442,0.0,0.0,0,1,0.968155844155844,0.3458485603332519,16737,13.395442724227903,0,0,0,6.524099588394165,9778,81.93276190757751,0,0,0,0,0,0,0.4039816856384277,0.999,0.0,0.0,0.9975626014344524,1.593761920928955,0.5732224757605519,0.997559997819528,1.8688740730285645,0.8781149924046032,BendRegOCT,2026-07-09 15:12:59,ozone-one,Quantile Thresholds,5.0,72,0,72,286,2,9,0.9681558441558412,0.9959999999999796,0.0287599935611776,3600.1553909778595,3122.0,-614446688,2.193213704,True,True,WorstCaseBaseline,False,4,0.001,7,23555416[].aqua,3600,1,0,0,0.05,-1,-1,0,-1,inf,True,True,False,1,False,True,False,False,False,False,False,True,False,Lazy,True,True,Samples,False,LP,Lazy,False,LP,True,2,Recursive,True,True,True,True,True,1.223124,3671,3580
